ActivationID,ActivationDate,KAM_ID,Product_ID,Customer_PID,PortIn,Quantity,Points,PointsEligible
ACT-2026-000001,2026-07-01,K01,P-MOB-GSM,PID823255,MNP,1,2.21,True
ACT-2026-000002,2026-07-01,K01,P-MOB-GSM,PID396358,None,1,1.11,True
ACT-2026-000003,2026-07-01,K01,P-MOB-GSM,PID600593,MNP,1,2.21,True
ACT-2026-000004,2026-07-01,K01,P-MOB-GSM,PID244340,None,1,1.11,True
ACT-2026-000005,2026-07-01,K01,P-MOB-OTH,PID387844,None,1,1.66,True
ACT-2026-000006,2026-07-01,K01,P-FIX-BIB,PID102108,None,1,16.52,True
ACT-2026-000007,2026-07-01,K01,P-MOB-GSM,PID727662,None,1,1.11,True
ACT-2026-000008,2026-07-01,K01,P-MOB-GSM,PID419068,MNP,1,2.21,True
ACT-2026-000009,2026-07-01,K01,P-MOB-GSM,PID376896,None,1,1.11,True
ACT-2026-000010,2026-07-01,K01,P-MOB-GSM,PID609375,MNP,1,2.21,True
ACT-2026-000011,2026-07-01,K01,P-MOB-GSM,PID107536,None,1,1.11,True
ACT-2026-000012,2026-07-01,K01,P-MOB-GSM,PID179492,None,1,1.11,True
ACT-2026-000013,2026-07-01,K01,P-MOB-GSM,PID419100,None,1,1.11,True
ACT-2026-000014,2026-07-01,K01,P-MOB-GSM,PID841407,None,1,1.11,True
ACT-2026-000015,2026-07-01,K01,P-MOB-GSM,PID111911,None,1,1.11,True
ACT-2026-000016,2026-07-01,K01,P-MOB-GSM,PID828397,None,1,1.11,True
ACT-2026-000017,2026-07-01,K01,P-MOB-GSM,PID139158,None,1,1.11,True
ACT-2026-000018,2026-07-01,K01,P-MOB-GSM,PID433459,None,1,1.11,True
ACT-2026-000019,2026-07-01,K01,P-MOB-GSM,PID859124,None,1,1.11,True
ACT-2026-000020,2026-07-01,K01,P-MOB-GSM,PID933744,None,1,1.11,True
ACT-2026-000021,2026-07-01,K01,P-MOB-GSM,PID216054,None,1,1.11,True
ACT-2026-000022,2026-07-01,K01,P-MOB-GSM,PID119556,None,1,1.11,True
ACT-2026-000023,2026-07-01,K01,P-MOB-GSM,PID655904,None,1,1.11,True
ACT-2026-000024,2026-07-01,K01,P-MOB-GSM,PID883818,MNP,1,2.21,True
ACT-2026-000025,2026-07-01,K01,P-MOB-GSM,PID526861,None,1,1.11,True
ACT-2026-000026,2026-07-01,K01,P-MOB-GSM,PID417577,None,1,1.11,True
ACT-2026-000027,2026-07-01,K01,P-MOB-GSM,PID796971,None,1,1.11,True
ACT-2026-000028,2026-07-01,K01,P-MOB-GSM,PID503769,None,1,1.11,True
ACT-2026-000029,2026-07-01,K01,P-MOB-GSM,PID302900,MNP,1,2.21,True
ACT-2026-000030,2026-07-01,K01,P-MOB-GSM,PID207756,None,1,1.11,True
ACT-2026-000031,2026-07-01,K01,P-MOB-GSM,PID230741,None,1,1.11,True
ACT-2026-000032,2026-07-01,K01,P-MOB-GSM,PID319202,None,1,1.11,True
ACT-2026-000033,2026-07-01,K01,P-MOB-OTH,PID368517,None,1,1.66,True
ACT-2026-000034,2026-07-01,K01,P-MOB-GSM,PID845128,None,1,1.11,True
ACT-2026-000035,2026-07-01,K01,P-MOB-GSM,PID537658,None,1,1.11,True
ACT-2026-000036,2026-07-01,K01,P-MOB-GSM,PID498864,None,1,1.11,True
ACT-2026-000037,2026-07-01,K01,P-MOB-GSM,PID197690,None,1,1.11,True
ACT-2026-000038,2026-07-01,K01,P-MOB-GSM,PID928285,MNP,1,2.21,True
ACT-2026-000039,2026-07-01,K01,P-MOB-GSM,PID947033,None,1,1.11,True
ACT-2026-000040,2026-07-01,K01,P-MOB-OTH,PID990179,None,1,1.66,True
ACT-2026-000041,2026-07-01,K01,P-MOB-GSM,PID232483,None,1,1.11,True
ACT-2026-000042,2026-07-01,K01,P-MOB-GSM,PID100072,None,1,1.11,True
ACT-2026-000043,2026-07-01,K01,P-MOB-GSM,PID768319,None,1,1.11,True
ACT-2026-000044,2026-07-01,K01,P-MOB-OTH,PID335188,None,1,1.66,True
ACT-2026-000045,2026-07-01,K01,P-MOB-GSM,PID167627,MNP,1,2.21,True
ACT-2026-000046,2026-07-01,K01,P-MOB-GSM,PID840948,None,1,1.11,True
ACT-2026-000047,2026-07-01,K01,P-MOB-GSM,PID304362,None,1,1.11,True
ACT-2026-000048,2026-07-01,K01,P-MOB-GSM,PID689828,None,1,1.11,True
ACT-2026-000049,2026-07-01,K01,P-MOB-GSM,PID715422,MNP,1,2.21,True
ACT-2026-000050,2026-07-01,K01,P-MOB-GSM,PID220239,MNP,1,2.21,True
ACT-2026-000051,2026-07-01,K01,P-MOB-GSM,PID864278,None,1,1.11,True
ACT-2026-000052,2026-07-01,K01,P-MOB-GSM,PID142998,None,1,1.11,True
ACT-2026-000053,2026-07-01,K02,P-MOB-GSM,PID192750,None,1,1.11,True
ACT-2026-000054,2026-07-01,K02,P-MOB-GSM,PID810338,None,1,1.11,True
ACT-2026-000055,2026-07-01,K02,P-MOB-GSM,PID379131,None,1,1.11,True
ACT-2026-000056,2026-07-01,K02,P-MOB-OTH,PID437470,None,1,1.66,True
ACT-2026-000057,2026-07-01,K02,P-MOB-GSM,PID274062,None,1,1.11,True
ACT-2026-000058,2026-07-01,K02,P-MOB-GSM,PID921422,None,1,1.11,True
ACT-2026-000059,2026-07-01,K02,P-MOB-GSM,PID179563,MNP,1,2.21,True
ACT-2026-000060,2026-07-01,K02,P-MOB-GSM,PID373615,MNP,1,2.21,True
ACT-2026-000061,2026-07-01,K02,P-MOB-GSM,PID947655,None,1,1.11,True
ACT-2026-000062,2026-07-01,K02,P-MOB-GSM,PID553719,None,1,1.11,True
ACT-2026-000063,2026-07-01,K02,P-MOB-GSM,PID285034,None,1,1.11,True
ACT-2026-000064,2026-07-01,K02,P-MOB-GSM,PID926296,None,1,1.11,True
ACT-2026-000065,2026-07-01,K02,P-MOB-GSM,PID589681,None,1,1.11,True
ACT-2026-000066,2026-07-01,K02,P-MOB-GSM,PID628836,None,1,1.11,True
ACT-2026-000067,2026-07-01,K02,P-MOB-GSM,PID517383,None,1,1.11,True
ACT-2026-000068,2026-07-01,K02,P-MOB-GSM,PID906033,None,1,1.11,True
ACT-2026-000069,2026-07-01,K02,P-MOB-GSM,PID583625,None,1,1.11,True
ACT-2026-000070,2026-07-01,K02,P-FIX-FBR,PID794545,None,1,11.02,True
ACT-2026-000071,2026-07-01,K02,P-MOB-GSM,PID944811,None,1,1.11,True
ACT-2026-000072,2026-07-01,K02,P-MOB-OTH,PID865314,None,1,1.66,True
ACT-2026-000073,2026-07-01,K02,P-MOB-GSM,PID230666,None,1,1.11,True
ACT-2026-000074,2026-07-01,K02,P-MOB-GSM,PID248375,None,1,1.11,True
ACT-2026-000075,2026-07-01,K02,P-MOB-GSM,PID999860,None,1,1.11,True
ACT-2026-000076,2026-07-01,K02,P-MOB-GSM,PID266819,None,1,1.11,True
ACT-2026-000077,2026-07-01,K02,P-MOB-GSM,PID831169,None,1,1.11,True
ACT-2026-000078,2026-07-01,K02,P-MOB-GSM,PID255526,MNP,1,2.21,True
ACT-2026-000079,2026-07-01,K02,P-MOB-GSM,PID234972,None,1,1.11,True
ACT-2026-000080,2026-07-01,K02,P-MOB-GSM,PID115497,None,1,1.11,True
ACT-2026-000081,2026-07-01,K02,P-MOB-GSM,PID480343,None,1,1.11,True
ACT-2026-000082,2026-07-01,K02,P-MOB-GSM,PID373553,None,1,1.11,True
ACT-2026-000083,2026-07-01,K02,P-MOB-GSM,PID101753,None,1,1.11,True
ACT-2026-000084,2026-07-01,K02,P-MOB-GSM,PID389641,None,1,0.0,False
ACT-2026-000085,2026-07-01,K02,P-MOB-GSM,PID936464,None,1,1.11,True
ACT-2026-000086,2026-07-01,K02,P-MOB-GSM,PID255642,None,1,1.11,True
ACT-2026-000087,2026-07-01,K02,P-MOB-GSM,PID884349,None,1,1.11,True
ACT-2026-000088,2026-07-01,K02,P-MOB-GSM,PID917988,None,1,1.11,True
ACT-2026-000089,2026-07-01,K02,P-MOB-GSM,PID844568,None,1,1.11,True
ACT-2026-000090,2026-07-01,K02,P-MOB-OTH,PID839068,None,1,1.66,True
ACT-2026-000091,2026-07-01,K02,P-MOB-GSM,PID313704,None,1,1.11,True
ACT-2026-000092,2026-07-01,K02,P-MOB-GSM,PID712670,None,1,1.11,True
ACT-2026-000093,2026-07-01,K02,P-MOB-GSM,PID221171,None,1,1.11,True
ACT-2026-000094,2026-07-01,K02,P-MOB-OTH,PID495335,None,1,1.66,True
ACT-2026-000095,2026-07-01,K02,P-MOB-GSM,PID385963,MNP,1,2.21,True
ACT-2026-000096,2026-07-01,K02,P-MOB-OTH,PID477419,None,1,1.66,True
ACT-2026-000097,2026-07-01,K02,P-FIX-FBR,PID525365,None,1,11.02,True
ACT-2026-000098,2026-07-01,K02,P-MOB-GSM,PID302707,None,1,1.11,True
ACT-2026-000099,2026-07-01,K02,P-MOB-GSM,PID856048,None,1,1.11,True
ACT-2026-000100,2026-07-01,K02,P-MOB-GSM,PID370051,None,1,1.11,True
ACT-2026-000101,2026-07-01,K02,P-MOB-GSM,PID123877,None,1,1.11,True
ACT-2026-000102,2026-07-01,K02,P-MOB-GSM,PID392912,None,1,1.11,True
ACT-2026-000103,2026-07-01,K02,P-MOB-GSM,PID211120,None,1,1.11,True
ACT-2026-000104,2026-07-01,K03,P-MOB-GSM,PID501185,None,1,1.11,True
ACT-2026-000105,2026-07-01,K03,P-MOB-GSM,PID683433,None,1,1.11,True
ACT-2026-000106,2026-07-01,K03,P-FIX-WFA,PID529199,None,1,6.61,True
ACT-2026-000107,2026-07-01,K03,P-MOB-GSM,PID827051,None,1,1.11,True
ACT-2026-000108,2026-07-01,K03,P-MOB-GSM,PID761114,None,1,1.11,True
ACT-2026-000109,2026-07-01,K03,P-MOB-GSM,PID862548,None,1,1.11,True
ACT-2026-000110,2026-07-01,K03,P-MOB-GSM,PID769738,None,1,1.11,True
ACT-2026-000111,2026-07-01,K03,P-MOB-GSM,PID616288,None,1,1.11,True
ACT-2026-000112,2026-07-01,K03,P-MOB-OTH,PID701740,None,1,1.66,True
ACT-2026-000113,2026-07-01,K03,P-MOB-GSM,PID400122,None,1,1.11,True
ACT-2026-000114,2026-07-01,K03,P-MOB-GSM,PID493574,None,1,1.11,True
ACT-2026-000115,2026-07-01,K03,P-MOB-GSM,PID352870,MNP,1,2.21,True
ACT-2026-000116,2026-07-01,K03,P-MOB-GSM,PID777285,MNP,1,2.21,True
ACT-2026-000117,2026-07-01,K03,P-MOB-GSM,PID283938,None,1,1.11,True
ACT-2026-000118,2026-07-01,K03,P-MOB-GSM,PID579285,None,1,1.11,True
ACT-2026-000119,2026-07-01,K03,P-MOB-GSM,PID126775,None,1,1.11,True
ACT-2026-000120,2026-07-01,K03,P-MOB-GSM,PID392110,MNP,1,2.21,True
ACT-2026-000121,2026-07-01,K03,P-MOB-GSM,PID404483,MNP,1,2.21,True
ACT-2026-000122,2026-07-01,K03,P-FIX-FBR,PID677337,None,1,11.02,True
ACT-2026-000123,2026-07-01,K03,P-MOB-GSM,PID412310,MNP,1,2.21,True
ACT-2026-000124,2026-07-01,K03,P-MOB-GSM,PID665820,None,1,1.11,True
ACT-2026-000125,2026-07-01,K03,P-MOB-GSM,PID114471,None,1,1.11,True
ACT-2026-000126,2026-07-01,K03,P-MOB-GSM,PID640245,None,1,1.11,True
ACT-2026-000127,2026-07-01,K03,P-MOB-GSM,PID416058,None,1,1.11,True
ACT-2026-000128,2026-07-01,K03,P-MOB-GSM,PID524558,None,1,0.0,False
ACT-2026-000129,2026-07-01,K03,P-MOB-OTH,PID234077,None,1,1.66,True
ACT-2026-000130,2026-07-01,K03,P-MOB-GSM,PID174203,None,1,1.11,True
ACT-2026-000131,2026-07-01,K03,P-MOB-GSM,PID151410,None,1,1.11,True
ACT-2026-000132,2026-07-01,K03,P-MOB-OTH,PID575197,None,1,1.66,True
ACT-2026-000133,2026-07-01,K03,P-MOB-GSM,PID899750,MNP,1,2.21,True
ACT-2026-000134,2026-07-01,K03,P-MOB-GSM,PID606552,None,1,1.11,True
ACT-2026-000135,2026-07-01,K03,P-MOB-GSM,PID435805,None,1,1.11,True
ACT-2026-000136,2026-07-01,K03,P-MOB-GSM,PID232133,None,1,1.11,True
ACT-2026-000137,2026-07-01,K03,P-MOB-GSM,PID827319,None,1,1.11,True
ACT-2026-000138,2026-07-01,K03,P-FIX-BIB,PID613518,None,1,16.52,True
ACT-2026-000139,2026-07-01,K04,P-MOB-GSM,PID705061,None,1,1.11,True
ACT-2026-000140,2026-07-01,K04,P-MOB-OTH,PID571299,None,1,1.66,True
ACT-2026-000141,2026-07-01,K04,P-MOB-GSM,PID691859,None,1,1.11,True
ACT-2026-000142,2026-07-01,K04,P-MOB-GSM,PID116649,None,1,1.11,True
ACT-2026-000143,2026-07-01,K04,P-MOB-GSM,PID710688,None,1,1.11,True
ACT-2026-000144,2026-07-01,K04,P-MOB-GSM,PID457347,None,1,1.11,True
ACT-2026-000145,2026-07-01,K04,P-DEV-DEV,PID250602,None,1,4.28,True
ACT-2026-000146,2026-07-01,K04,P-MOB-GSM,PID690906,None,1,1.11,True
ACT-2026-000147,2026-07-01,K04,P-MOB-GSM,PID466892,None,1,1.11,True
ACT-2026-000148,2026-07-01,K04,P-MOB-GSM,PID588428,MNP,1,2.21,True
ACT-2026-000149,2026-07-01,K04,P-MOB-GSM,PID287991,MNP,1,2.21,True
ACT-2026-000150,2026-07-01,K04,P-MOB-GSM,PID151946,None,1,1.11,True
ACT-2026-000151,2026-07-01,K04,P-MOB-GSM,PID407561,None,1,1.11,True
ACT-2026-000152,2026-07-01,K04,P-MOB-GSM,PID265402,None,1,1.11,True
ACT-2026-000153,2026-07-01,K04,P-MOB-GSM,PID217983,None,1,1.11,True
ACT-2026-000154,2026-07-01,K04,P-MOB-GSM,PID166993,None,1,1.11,True
ACT-2026-000155,2026-07-01,K04,P-MOB-GSM,PID835753,None,1,1.11,True
ACT-2026-000156,2026-07-01,K04,P-FIX-BIB,PID672412,None,1,16.52,True
ACT-2026-000157,2026-07-01,K04,P-MOB-GSM,PID859915,None,1,1.11,True
ACT-2026-000158,2026-07-01,K04,P-MOB-GSM,PID133083,None,1,1.11,True
ACT-2026-000159,2026-07-01,K04,P-MOB-GSM,PID553851,MNP,1,2.21,True
ACT-2026-000160,2026-07-01,K04,P-FIX-FBR,PID604338,None,1,11.02,True
ACT-2026-000161,2026-07-01,K04,P-MOB-OTH,PID915256,None,1,1.66,True
ACT-2026-000162,2026-07-01,K04,P-FIX-FBR,PID207641,None,1,11.02,True
ACT-2026-000163,2026-07-01,K04,P-MOB-GSM,PID315515,MNP,1,2.21,True
ACT-2026-000164,2026-07-01,K04,P-MOB-OTH,PID259424,None,1,1.66,True
ACT-2026-000165,2026-07-01,K05,P-MOB-GSM,PID158625,None,1,1.11,True
ACT-2026-000166,2026-07-01,K05,P-MOB-GSM,PID289480,None,1,1.11,True
ACT-2026-000167,2026-07-01,K05,P-FIX-BIB,PID107851,None,1,16.52,True
ACT-2026-000168,2026-07-01,K05,P-MOB-GSM,PID920005,None,1,1.11,True
ACT-2026-000169,2026-07-01,K05,P-MOB-GSM,PID873493,None,1,1.11,True
ACT-2026-000170,2026-07-01,K05,P-MOB-GSM,PID545387,None,1,1.11,True
ACT-2026-000171,2026-07-01,K05,P-MOB-GSM,PID772177,None,1,1.11,True
ACT-2026-000172,2026-07-01,K05,P-MOB-GSM,PID903177,None,1,1.11,True
ACT-2026-000173,2026-07-01,K05,P-MOB-GSM,PID781964,None,1,1.11,True
ACT-2026-000174,2026-07-01,K05,P-MOB-GSM,PID700507,None,1,1.11,True
ACT-2026-000175,2026-07-01,K05,P-MOB-GSM,PID439816,None,1,1.11,True
ACT-2026-000176,2026-07-01,K05,P-FIX-FBR,PID122666,None,1,11.02,True
ACT-2026-000177,2026-07-01,K05,P-MOB-GSM,PID536851,None,1,1.11,True
ACT-2026-000178,2026-07-01,K05,P-MOB-OTH,PID999245,None,1,1.66,True
ACT-2026-000179,2026-07-01,K05,P-MOB-GSM,PID192239,None,1,1.11,True
ACT-2026-000180,2026-07-01,K05,P-MOB-GSM,PID392851,None,1,1.11,True
ACT-2026-000181,2026-07-01,K05,P-FIX-WFA,PID209625,None,1,6.61,True
ACT-2026-000182,2026-07-01,K05,P-MOB-GSM,PID848191,None,1,1.11,True
ACT-2026-000183,2026-07-01,K05,P-MOB-GSM,PID231138,None,1,1.11,True
ACT-2026-000184,2026-07-01,K05,P-MOB-GSM,PID469569,None,1,1.11,True
ACT-2026-000185,2026-07-01,K05,P-MOB-OTH,PID215017,None,1,1.66,True
ACT-2026-000186,2026-07-01,K05,P-MOB-GSM,PID889684,None,1,1.11,True
ACT-2026-000187,2026-07-01,K06,P-MOB-GSM,PID994882,None,1,1.11,True
ACT-2026-000188,2026-07-01,K06,P-MOB-GSM,PID738027,None,1,1.11,True
ACT-2026-000189,2026-07-01,K06,P-MOB-GSM,PID857112,None,1,1.11,True
ACT-2026-000190,2026-07-01,K06,P-MOB-GSM,PID396074,None,1,1.11,True
ACT-2026-000191,2026-07-01,K06,P-MOB-GSM,PID307652,None,1,1.11,True
ACT-2026-000192,2026-07-01,K06,P-MOB-GSM,PID431240,None,1,1.11,True
ACT-2026-000193,2026-07-01,K06,P-MOB-OTH,PID445848,None,1,1.66,True
ACT-2026-000194,2026-07-01,K06,P-MOB-GSM,PID708364,None,1,1.11,True
ACT-2026-000195,2026-07-01,K06,P-MOB-GSM,PID319002,None,1,1.11,True
ACT-2026-000196,2026-07-01,K06,P-MOB-GSM,PID146413,None,1,1.11,True
ACT-2026-000197,2026-07-01,K06,P-MOB-GSM,PID503960,None,1,1.11,True
ACT-2026-000198,2026-07-01,K06,P-MOB-GSM,PID526798,None,1,1.11,True
ACT-2026-000199,2026-07-01,K06,P-MOB-GSM,PID921304,None,1,1.11,True
ACT-2026-000200,2026-07-01,K06,P-MOB-GSM,PID640450,None,1,1.11,True
ACT-2026-000201,2026-07-01,K06,P-MOB-GSM,PID145360,None,1,1.11,True
ACT-2026-000202,2026-07-01,K07,P-MOB-GSM,PID247218,None,1,0.97,True
ACT-2026-000203,2026-07-01,K07,P-MOB-GSM,PID989919,MNP,1,1.94,True
ACT-2026-000204,2026-07-01,K07,P-MOB-GSM,PID352527,None,1,0.97,True
ACT-2026-000205,2026-07-01,K07,P-MOB-GSM,PID389812,None,1,0.97,True
ACT-2026-000206,2026-07-01,K07,P-MOB-GSM,PID167878,None,1,0.97,True
ACT-2026-000207,2026-07-01,K07,P-MOB-GSM,PID115999,None,1,0.97,True
ACT-2026-000208,2026-07-01,K07,P-MOB-GSM,PID561257,None,1,0.97,True
ACT-2026-000209,2026-07-01,K07,P-MOB-GSM,PID763136,None,1,0.97,True
ACT-2026-000210,2026-07-01,K07,P-MOB-GSM,PID191713,MNP,1,1.94,True
ACT-2026-000211,2026-07-01,K07,P-MOB-GSM,PID751229,None,1,0.97,True
ACT-2026-000212,2026-07-01,K07,P-MOB-GSM,PID544238,None,1,0.97,True
ACT-2026-000213,2026-07-01,K07,P-MOB-GSM,PID589697,None,1,0.97,True
ACT-2026-000214,2026-07-01,K07,P-DIG-SVC,PID987967,None,1,5.57,True
ACT-2026-000215,2026-07-01,K07,P-MOB-GSM,PID367680,None,1,0.97,True
ACT-2026-000216,2026-07-01,K07,P-MOB-GSM,PID496489,None,1,0.97,True
ACT-2026-000217,2026-07-01,K07,P-MOB-GSM,PID456837,None,1,0.97,True
ACT-2026-000218,2026-07-01,K07,P-DIG-SVC,PID294632,None,1,5.57,True
ACT-2026-000219,2026-07-01,K07,P-MOB-GSM,PID651813,None,1,0.97,True
ACT-2026-000220,2026-07-01,K07,P-MOB-GSM,PID729698,None,1,0.97,True
ACT-2026-000221,2026-07-01,K07,P-MOB-GSM,PID332454,None,1,0.97,True
ACT-2026-000222,2026-07-01,K07,P-MOB-GSM,PID843684,None,1,0.97,True
ACT-2026-000223,2026-07-01,K07,P-MOB-GSM,PID837897,None,1,0.97,True
ACT-2026-000224,2026-07-01,K07,P-MOB-GSM,PID768893,None,1,0.97,True
ACT-2026-000225,2026-07-01,K07,P-MOB-GSM,PID746776,None,1,0.97,True
ACT-2026-000226,2026-07-01,K07,P-MOB-GSM,PID226773,MNP,1,1.94,True
ACT-2026-000227,2026-07-01,K07,P-DEV-DEV,PID193188,None,1,6.08,True
ACT-2026-000228,2026-07-01,K07,P-MOB-GSM,PID494524,None,1,0.97,True
ACT-2026-000229,2026-07-01,K07,P-MOB-GSM,PID842866,None,1,0.97,True
ACT-2026-000230,2026-07-01,K07,P-MOB-GSM,PID160006,None,1,0.97,True
ACT-2026-000231,2026-07-01,K07,P-FIX-FBR,PID455310,None,1,9.71,True
ACT-2026-000232,2026-07-01,K07,P-MOB-GSM,PID275354,None,1,0.97,True
ACT-2026-000233,2026-07-01,K07,P-MOB-GSM,PID428019,None,1,0.97,True
ACT-2026-000234,2026-07-01,K07,P-MOB-GSM,PID113562,MNP,1,1.94,True
ACT-2026-000235,2026-07-01,K07,P-MOB-GSM,PID491069,None,1,0.97,True
ACT-2026-000236,2026-07-01,K07,P-MOB-GSM,PID226718,None,1,0.97,True
ACT-2026-000237,2026-07-01,K07,P-MOB-OTH,PID705566,None,1,1.45,True
ACT-2026-000238,2026-07-01,K07,P-MOB-GSM,PID462304,MNP,1,1.94,True
ACT-2026-000239,2026-07-01,K07,P-MOB-GSM,PID242916,MNP,1,1.94,True
ACT-2026-000240,2026-07-01,K07,P-MOB-OTH,PID262416,None,1,1.45,True
ACT-2026-000241,2026-07-01,K07,P-MOB-GSM,PID545294,None,1,0.97,True
ACT-2026-000242,2026-07-01,K07,P-MOB-GSM,PID510861,None,1,0.97,True
ACT-2026-000243,2026-07-01,K07,P-MOB-GSM,PID247257,None,1,0.97,True
ACT-2026-000244,2026-07-01,K07,P-MOB-GSM,PID239992,None,1,0.97,True
ACT-2026-000245,2026-07-01,K07,P-MOB-OTH,PID829377,None,1,1.45,True
ACT-2026-000246,2026-07-01,K07,P-MOB-OTH,PID263769,None,1,1.45,True
ACT-2026-000247,2026-07-01,K07,P-MOB-GSM,PID897254,None,1,0.97,True
ACT-2026-000248,2026-07-01,K07,P-MOB-GSM,PID238515,None,1,0.97,True
ACT-2026-000249,2026-07-01,K08,P-DIG-SVC,PID939691,None,1,5.57,True
ACT-2026-000250,2026-07-01,K08,P-MOB-GSM,PID992490,None,1,0.97,True
ACT-2026-000251,2026-07-01,K08,P-MOB-GSM,PID700970,None,1,0.97,True
ACT-2026-000252,2026-07-01,K08,P-MOB-GSM,PID967608,MNP,1,1.94,True
ACT-2026-000253,2026-07-01,K08,P-MOB-GSM,PID636256,MNP,1,1.94,True
ACT-2026-000254,2026-07-01,K08,P-MOB-GSM,PID719695,None,1,0.97,True
ACT-2026-000255,2026-07-01,K08,P-MOB-GSM,PID372311,None,1,0.97,True
ACT-2026-000256,2026-07-01,K08,P-MOB-GSM,PID729428,None,1,0.97,True
ACT-2026-000257,2026-07-01,K08,P-MOB-GSM,PID511796,None,1,0.97,True
ACT-2026-000258,2026-07-01,K08,P-MOB-GSM,PID390873,None,1,0.97,True
ACT-2026-000259,2026-07-01,K08,P-MOB-GSM,PID967183,None,1,0.97,True
ACT-2026-000260,2026-07-01,K08,P-MOB-GSM,PID411275,None,1,0.97,True
ACT-2026-000261,2026-07-01,K08,P-MOB-GSM,PID924259,MNP,1,1.94,True
ACT-2026-000262,2026-07-01,K08,P-MOB-GSM,PID868891,None,1,0.97,True
ACT-2026-000263,2026-07-01,K08,P-MOB-GSM,PID377884,None,1,0.97,True
ACT-2026-000264,2026-07-01,K08,P-MOB-GSM,PID220298,None,1,0.0,False
ACT-2026-000265,2026-07-01,K08,P-MOB-GSM,PID657644,None,1,0.97,True
ACT-2026-000266,2026-07-01,K08,P-MOB-GSM,PID864430,None,1,0.97,True
ACT-2026-000267,2026-07-01,K08,P-MOB-GSM,PID183263,MNP,1,1.94,True
ACT-2026-000268,2026-07-01,K08,P-MOB-GSM,PID553450,None,1,0.97,True
ACT-2026-000269,2026-07-01,K08,P-MOB-GSM,PID150033,None,1,0.97,True
ACT-2026-000270,2026-07-01,K08,P-MOB-GSM,PID641493,None,1,0.97,True
ACT-2026-000271,2026-07-01,K08,P-DIG-SVC,PID576070,None,1,5.57,True
ACT-2026-000272,2026-07-01,K08,P-MOB-GSM,PID618779,None,1,0.97,True
ACT-2026-000273,2026-07-01,K08,P-MOB-GSM,PID894519,MNP,1,1.94,True
ACT-2026-000274,2026-07-01,K08,P-MOB-OTH,PID904533,None,1,1.45,True
ACT-2026-000275,2026-07-01,K09,P-FIX-FBR,PID579135,None,1,9.71,True
ACT-2026-000276,2026-07-01,K09,P-MOB-GSM,PID974834,None,1,0.97,True
ACT-2026-000277,2026-07-01,K09,P-MOB-GSM,PID852659,None,1,0.97,True
ACT-2026-000278,2026-07-01,K09,P-MOB-GSM,PID439882,None,1,0.97,True
ACT-2026-000279,2026-07-01,K09,P-MOB-OTH,PID689974,None,1,1.45,True
ACT-2026-000280,2026-07-01,K09,P-MOB-GSM,PID593894,MNP,1,1.94,True
ACT-2026-000281,2026-07-01,K09,P-MOB-GSM,PID550125,None,1,0.97,True
ACT-2026-000282,2026-07-01,K09,P-MOB-OTH,PID718056,None,1,1.45,True
ACT-2026-000283,2026-07-01,K09,P-MOB-GSM,PID185325,None,1,0.97,True
ACT-2026-000284,2026-07-01,K09,P-MOB-GSM,PID378415,None,1,0.97,True
ACT-2026-000285,2026-07-01,K09,P-MOB-OTH,PID212210,None,1,1.45,True
ACT-2026-000286,2026-07-01,K09,P-MOB-GSM,PID280066,None,1,0.97,True
ACT-2026-000287,2026-07-01,K09,P-MOB-GSM,PID421606,None,1,0.97,True
ACT-2026-000288,2026-07-01,K09,P-MOB-GSM,PID289972,None,1,0.97,True
ACT-2026-000289,2026-07-01,K09,P-MOB-GSM,PID956493,None,1,0.97,True
ACT-2026-000290,2026-07-01,K09,P-FIX-BIB,PID244928,None,1,14.56,True
ACT-2026-000291,2026-07-01,K10,P-MOB-GSM,PID968559,MNP,1,1.94,True
ACT-2026-000292,2026-07-01,K10,P-MOB-OTH,PID304984,None,1,1.45,True
ACT-2026-000293,2026-07-01,K10,P-MOB-GSM,PID924011,None,1,0.97,True
ACT-2026-000294,2026-07-01,K10,P-MOB-GSM,PID243538,MNP,1,1.94,True
ACT-2026-000295,2026-07-01,K10,P-MOB-GSM,PID550282,None,1,0.97,True
ACT-2026-000296,2026-07-01,K10,P-MOB-GSM,PID694377,None,1,0.97,True
ACT-2026-000297,2026-07-01,K10,P-MOB-OTH,PID259830,None,1,1.45,True
ACT-2026-000298,2026-07-01,K10,P-MOB-GSM,PID827486,None,1,0.97,True
ACT-2026-000299,2026-07-01,K10,P-MOB-GSM,PID827326,None,1,0.97,True
ACT-2026-000300,2026-07-01,K10,P-FIX-FBR,PID529586,None,1,9.71,True
ACT-2026-000301,2026-07-01,K10,P-MOB-GSM,PID792906,MNP,1,1.94,True
ACT-2026-000302,2026-07-01,K10,P-MOB-GSM,PID594064,None,1,0.97,True
ACT-2026-000303,2026-07-01,K10,P-MOB-GSM,PID295395,None,1,0.97,True
ACT-2026-000304,2026-07-01,K10,P-MOB-GSM,PID819619,None,1,0.97,True
ACT-2026-000305,2026-07-01,K10,P-MOB-GSM,PID340420,None,1,0.97,True
ACT-2026-000306,2026-07-01,K10,P-MOB-GSM,PID128423,None,1,0.97,True
ACT-2026-000307,2026-07-01,K10,P-MOB-GSM,PID957786,None,1,0.97,True
ACT-2026-000308,2026-07-01,K10,P-FIX-FBR,PID571142,None,1,9.71,True
ACT-2026-000309,2026-07-01,K10,P-MOB-GSM,PID637401,None,1,0.97,True
ACT-2026-000310,2026-07-01,K11,P-MOB-GSM,PID100017,None,1,0.97,True
ACT-2026-000311,2026-07-01,K11,P-MOB-GSM,PID364190,None,1,0.97,True
ACT-2026-000312,2026-07-01,K11,P-MOB-GSM,PID596861,None,1,0.97,True
ACT-2026-000313,2026-07-01,K11,P-MOB-OTH,PID514246,None,1,1.45,True
ACT-2026-000314,2026-07-01,K11,P-MOB-GSM,PID605633,MNP,1,1.94,True
ACT-2026-000315,2026-07-01,K11,P-MOB-GSM,PID547490,MNP,1,1.94,True
ACT-2026-000316,2026-07-01,K11,P-DIG-SVC,PID716461,None,1,5.57,True
ACT-2026-000317,2026-07-01,K12,P-MOB-GSM,PID522756,None,1,0.97,True
ACT-2026-000318,2026-07-01,K12,P-MOB-GSM,PID544573,None,1,0.97,True
ACT-2026-000319,2026-07-01,K12,P-MOB-GSM,PID249458,None,1,0.97,True
ACT-2026-000320,2026-07-01,K12,P-MOB-GSM,PID709557,None,1,0.97,True
ACT-2026-000321,2026-07-01,K12,P-MOB-GSM,PID702705,None,1,0.97,True
ACT-2026-000322,2026-07-01,K12,P-FIX-WFA,PID807054,None,1,5.82,True
ACT-2026-000323,2026-07-01,K12,P-MOB-GSM,PID767975,MNP,1,1.94,True
ACT-2026-000324,2026-07-01,K12,P-MOB-GSM,PID958862,None,1,0.97,True
ACT-2026-000325,2026-07-01,K13,P-MOB-GSM,PID809717,None,1,1.03,True
ACT-2026-000326,2026-07-01,K13,P-MOB-GSM,PID494709,None,1,1.03,True
ACT-2026-000327,2026-07-01,K13,P-MOB-GSM,PID606391,None,1,1.03,True
ACT-2026-000328,2026-07-01,K13,P-MOB-GSM,PID951466,MNP,1,2.07,True
ACT-2026-000329,2026-07-01,K13,P-MOB-GSM,PID208493,None,1,1.03,True
ACT-2026-000330,2026-07-01,K13,P-MOB-GSM,PID834388,None,1,1.03,True
ACT-2026-000331,2026-07-01,K13,P-DEV-DEV,PID123930,None,1,6.58,True
ACT-2026-000332,2026-07-01,K13,P-MOB-GSM,PID461170,None,1,1.03,True
ACT-2026-000333,2026-07-01,K13,P-FIX-BIB,PID427411,None,1,9.72,True
ACT-2026-000334,2026-07-01,K13,P-MOB-GSM,PID829422,None,1,1.03,True
ACT-2026-000335,2026-07-01,K13,P-MOB-GSM,PID592931,None,1,1.03,True
ACT-2026-000336,2026-07-01,K13,P-DIG-SVC,PID442585,None,1,4.92,True
ACT-2026-000337,2026-07-01,K13,P-DEV-DEV,PID575190,None,1,6.58,True
ACT-2026-000338,2026-07-01,K13,P-MOB-GSM,PID122715,None,1,1.03,True
ACT-2026-000339,2026-07-01,K13,P-MOB-OTH,PID328471,None,1,1.55,True
ACT-2026-000340,2026-07-01,K13,P-MOB-GSM,PID845720,None,1,1.03,True
ACT-2026-000341,2026-07-01,K13,P-MOB-GSM,PID836685,None,1,1.03,True
ACT-2026-000342,2026-07-01,K13,P-MOB-GSM,PID605856,None,1,1.03,True
ACT-2026-000343,2026-07-01,K13,P-MOB-GSM,PID146523,None,1,1.03,True
ACT-2026-000344,2026-07-01,K13,P-MOB-GSM,PID952345,None,1,1.03,True
ACT-2026-000345,2026-07-01,K13,P-MOB-GSM,PID186602,MNP,1,2.07,True
ACT-2026-000346,2026-07-01,K13,P-MOB-OTH,PID380156,None,1,1.55,True
ACT-2026-000347,2026-07-01,K13,P-FIX-WFA,PID280454,None,1,3.89,True
ACT-2026-000348,2026-07-01,K13,P-MOB-GSM,PID695762,None,1,1.03,True
ACT-2026-000349,2026-07-01,K13,P-MOB-GSM,PID830704,None,1,1.03,True
ACT-2026-000350,2026-07-01,K13,P-MOB-OTH,PID432780,None,1,1.55,True
ACT-2026-000351,2026-07-01,K13,P-MOB-GSM,PID783785,None,1,1.03,True
ACT-2026-000352,2026-07-01,K13,P-MOB-GSM,PID533439,None,1,1.03,True
ACT-2026-000353,2026-07-01,K13,P-MOB-GSM,PID194176,MNP,1,2.07,True
ACT-2026-000354,2026-07-01,K13,P-FIX-FBR,PID555580,None,1,6.48,True
ACT-2026-000355,2026-07-01,K13,P-MOB-GSM,PID997919,MNP,1,2.07,True
ACT-2026-000356,2026-07-01,K13,P-MOB-OTH,PID579708,None,1,1.55,True
ACT-2026-000357,2026-07-01,K13,P-MOB-GSM,PID262742,None,1,1.03,True
ACT-2026-000358,2026-07-01,K13,P-MOB-GSM,PID587963,None,1,1.03,True
ACT-2026-000359,2026-07-01,K13,P-MOB-GSM,PID124835,None,1,1.03,True
ACT-2026-000360,2026-07-01,K13,P-MOB-GSM,PID578667,None,1,1.03,True
ACT-2026-000361,2026-07-01,K13,P-MOB-GSM,PID407213,MNP,1,2.07,True
ACT-2026-000362,2026-07-01,K14,P-MOB-GSM,PID641968,None,1,1.03,True
ACT-2026-000363,2026-07-01,K14,P-MOB-GSM,PID567250,None,1,1.03,True
ACT-2026-000364,2026-07-01,K14,P-MOB-GSM,PID564184,None,1,1.03,True
ACT-2026-000365,2026-07-01,K14,P-MOB-OTH,PID813907,None,1,1.55,True
ACT-2026-000366,2026-07-01,K14,P-MOB-GSM,PID503003,MNP,1,2.07,True
ACT-2026-000367,2026-07-01,K14,P-FIX-WFA,PID669850,None,1,3.89,True
ACT-2026-000368,2026-07-01,K14,P-MOB-GSM,PID343400,None,1,1.03,True
ACT-2026-000369,2026-07-01,K14,P-MOB-GSM,PID640916,None,1,1.03,True
ACT-2026-000370,2026-07-01,K14,P-MOB-GSM,PID928076,None,1,1.03,True
ACT-2026-000371,2026-07-01,K14,P-MOB-OTH,PID224001,None,1,1.55,True
ACT-2026-000372,2026-07-01,K14,P-MOB-GSM,PID966433,None,1,1.03,True
ACT-2026-000373,2026-07-01,K14,P-MOB-GSM,PID721229,MNP,1,2.07,True
ACT-2026-000374,2026-07-01,K14,P-DEV-DEV,PID323681,None,1,6.58,True
ACT-2026-000375,2026-07-01,K14,P-MOB-GSM,PID603125,None,1,1.03,True
ACT-2026-000376,2026-07-01,K14,P-MOB-GSM,PID568742,None,1,1.03,True
ACT-2026-000377,2026-07-01,K14,P-MOB-GSM,PID915717,None,1,1.03,True
ACT-2026-000378,2026-07-01,K14,P-MOB-GSM,PID823065,None,1,1.03,True
ACT-2026-000379,2026-07-01,K14,P-MOB-GSM,PID360579,None,1,1.03,True
ACT-2026-000380,2026-07-01,K14,P-MOB-GSM,PID967509,None,1,1.03,True
ACT-2026-000381,2026-07-01,K14,P-MOB-GSM,PID535008,MNP,1,2.07,True
ACT-2026-000382,2026-07-01,K14,P-DEV-DEV,PID204878,None,1,6.58,True
ACT-2026-000383,2026-07-01,K14,P-MOB-GSM,PID875607,None,1,1.03,True
ACT-2026-000384,2026-07-01,K14,P-MOB-GSM,PID315034,None,1,1.03,True
ACT-2026-000385,2026-07-01,K14,P-MOB-GSM,PID830204,None,1,1.03,True
ACT-2026-000386,2026-07-01,K14,P-MOB-GSM,PID588234,None,1,1.03,True
ACT-2026-000387,2026-07-01,K14,P-MOB-GSM,PID690119,None,1,1.03,True
ACT-2026-000388,2026-07-01,K14,P-MOB-GSM,PID988903,None,1,1.03,True
ACT-2026-000389,2026-07-01,K14,P-MOB-GSM,PID166633,None,1,1.03,True
ACT-2026-000390,2026-07-01,K14,P-MOB-GSM,PID700007,None,1,1.03,True
ACT-2026-000391,2026-07-01,K14,P-MOB-GSM,PID789020,None,1,1.03,True
ACT-2026-000392,2026-07-01,K15,P-MOB-GSM,PID925029,None,1,1.03,True
ACT-2026-000393,2026-07-01,K15,P-MOB-GSM,PID996045,None,1,1.03,True
ACT-2026-000394,2026-07-01,K15,P-MOB-GSM,PID922943,None,1,1.03,True
ACT-2026-000395,2026-07-01,K15,P-MOB-GSM,PID267956,None,1,1.03,True
ACT-2026-000396,2026-07-01,K15,P-MOB-GSM,PID449725,None,1,1.03,True
ACT-2026-000397,2026-07-01,K15,P-MOB-GSM,PID911793,None,1,1.03,True
ACT-2026-000398,2026-07-01,K15,P-MOB-OTH,PID487680,None,1,1.55,True
ACT-2026-000399,2026-07-01,K15,P-MOB-GSM,PID123271,MNP,1,2.07,True
ACT-2026-000400,2026-07-01,K15,P-DIG-SVC,PID905999,None,1,4.92,True
ACT-2026-000401,2026-07-01,K15,P-MOB-GSM,PID626505,None,1,1.03,True
ACT-2026-000402,2026-07-01,K15,P-FIX-FBR,PID198620,None,1,6.48,True
ACT-2026-000403,2026-07-01,K15,P-MOB-GSM,PID571204,None,1,1.03,True
ACT-2026-000404,2026-07-01,K15,P-MOB-GSM,PID700493,None,1,1.03,True
ACT-2026-000405,2026-07-01,K15,P-MOB-GSM,PID281695,None,1,1.03,True
ACT-2026-000406,2026-07-01,K15,P-MOB-GSM,PID654336,None,1,1.03,True
ACT-2026-000407,2026-07-01,K15,P-MOB-GSM,PID814840,MNP,1,2.07,True
ACT-2026-000408,2026-07-01,K15,P-MOB-GSM,PID607991,None,1,1.03,True
ACT-2026-000409,2026-07-01,K15,P-MOB-GSM,PID981288,MNP,1,2.07,True
ACT-2026-000410,2026-07-01,K15,P-MOB-GSM,PID659991,None,1,1.03,True
ACT-2026-000411,2026-07-01,K15,P-MOB-GSM,PID823437,MNP,1,2.07,True
ACT-2026-000412,2026-07-01,K15,P-MOB-GSM,PID968900,None,1,1.03,True
ACT-2026-000413,2026-07-01,K15,P-MOB-GSM,PID817823,None,1,1.03,True
ACT-2026-000414,2026-07-01,K15,P-MOB-GSM,PID335161,None,1,1.03,True
ACT-2026-000415,2026-07-01,K15,P-MOB-GSM,PID839342,None,1,1.03,True
ACT-2026-000416,2026-07-01,K15,P-MOB-GSM,PID282093,None,1,1.03,True
ACT-2026-000417,2026-07-01,K15,P-MOB-GSM,PID787322,None,1,1.03,True
ACT-2026-000418,2026-07-01,K15,P-MOB-GSM,PID354066,MNP,1,2.07,True
ACT-2026-000419,2026-07-01,K15,P-MOB-GSM,PID325420,None,1,1.03,True
ACT-2026-000420,2026-07-01,K16,P-MOB-GSM,PID961986,MNP,1,2.07,True
ACT-2026-000421,2026-07-01,K16,P-MOB-GSM,PID327709,None,1,1.03,True
ACT-2026-000422,2026-07-01,K16,P-MOB-GSM,PID430948,None,1,1.03,True
ACT-2026-000423,2026-07-01,K16,P-MOB-GSM,PID412485,None,1,1.03,True
ACT-2026-000424,2026-07-01,K16,P-MOB-GSM,PID343068,None,1,1.03,True
ACT-2026-000425,2026-07-01,K16,P-MOB-GSM,PID811690,None,1,1.03,True
ACT-2026-000426,2026-07-01,K16,P-MOB-GSM,PID411798,None,1,1.03,True
ACT-2026-000427,2026-07-01,K16,P-MOB-GSM,PID460875,MNP,1,2.07,True
ACT-2026-000428,2026-07-01,K16,P-MOB-GSM,PID458974,None,1,1.03,True
ACT-2026-000429,2026-07-01,K16,P-FIX-WFA,PID161838,FNP,1,3.89,True
ACT-2026-000430,2026-07-01,K16,P-MOB-GSM,PID169404,MNP,1,2.07,True
ACT-2026-000431,2026-07-01,K16,P-FIX-WFA,PID991552,None,1,3.89,True
ACT-2026-000432,2026-07-01,K16,P-MOB-GSM,PID425951,None,1,1.03,True
ACT-2026-000433,2026-07-01,K16,P-MOB-GSM,PID784048,None,1,1.03,True
ACT-2026-000434,2026-07-01,K16,P-MOB-GSM,PID410559,None,1,1.03,True
ACT-2026-000435,2026-07-01,K16,P-MOB-GSM,PID903561,MNP,1,2.07,True
ACT-2026-000436,2026-07-01,K16,P-MOB-GSM,PID944259,MNP,1,2.07,True
ACT-2026-000437,2026-07-01,K16,P-MOB-GSM,PID333209,MNP,1,2.07,True
ACT-2026-000438,2026-07-01,K17,P-MOB-GSM,PID294183,None,1,1.03,True
ACT-2026-000439,2026-07-01,K17,P-MOB-GSM,PID358571,MNP,1,2.07,True
ACT-2026-000440,2026-07-01,K17,P-MOB-GSM,PID282929,MNP,1,2.07,True
ACT-2026-000441,2026-07-01,K17,P-MOB-GSM,PID408418,MNP,1,2.07,True
ACT-2026-000442,2026-07-01,K17,P-MOB-GSM,PID384286,None,1,1.03,True
ACT-2026-000443,2026-07-01,K17,P-MOB-GSM,PID758073,None,1,1.03,True
ACT-2026-000444,2026-07-01,K17,P-MOB-GSM,PID561870,None,1,1.03,True
ACT-2026-000445,2026-07-01,K17,P-FIX-FBR,PID956199,None,1,6.48,True
ACT-2026-000446,2026-07-01,K17,P-MOB-GSM,PID999043,None,1,1.03,True
ACT-2026-000447,2026-07-01,K17,P-MOB-GSM,PID852843,None,1,1.03,True
ACT-2026-000448,2026-07-01,K17,P-MOB-GSM,PID542221,MNP,1,2.07,True
ACT-2026-000449,2026-07-01,K17,P-MOB-GSM,PID788203,MNP,1,2.07,True
ACT-2026-000450,2026-07-01,K17,P-FIX-FBR,PID778906,None,1,6.48,True
ACT-2026-000451,2026-07-01,K17,P-MOB-GSM,PID846092,MNP,1,2.07,True
ACT-2026-000452,2026-07-01,K17,P-MOB-GSM,PID111089,None,1,1.03,True
ACT-2026-000453,2026-07-01,K17,P-MOB-GSM,PID268737,None,1,1.03,True
ACT-2026-000454,2026-07-01,K18,P-MOB-GSM,PID216064,None,1,1.03,True
ACT-2026-000455,2026-07-01,K18,P-MOB-GSM,PID294515,None,1,1.03,True
ACT-2026-000456,2026-07-01,K18,P-MOB-GSM,PID160112,None,1,1.03,True
ACT-2026-000457,2026-07-01,K18,P-MOB-GSM,PID239207,None,1,1.03,True
ACT-2026-000458,2026-07-01,K18,P-MOB-GSM,PID575852,None,1,1.03,True
ACT-2026-000459,2026-07-01,K18,P-MOB-GSM,PID131544,None,1,1.03,True
ACT-2026-000460,2026-07-01,K18,P-MOB-GSM,PID503913,None,1,1.03,True
ACT-2026-000461,2026-07-01,K18,P-MOB-GSM,PID991219,None,1,0.0,False
ACT-2026-000462,2026-07-02,K01,P-FIX-FBR,PID359716,None,1,11.02,True
ACT-2026-000463,2026-07-02,K01,P-MOB-GSM,PID922485,MNP,1,2.21,True
ACT-2026-000464,2026-07-02,K01,P-FIX-WFA,PID375147,None,1,6.61,True
ACT-2026-000465,2026-07-02,K01,P-MOB-GSM,PID908899,None,1,1.11,True
ACT-2026-000466,2026-07-02,K01,P-MOB-GSM,PID256899,MNP,1,2.21,True
ACT-2026-000467,2026-07-02,K01,P-MOB-GSM,PID458235,None,1,1.11,True
ACT-2026-000468,2026-07-02,K01,P-MOB-GSM,PID784165,None,1,1.11,True
ACT-2026-000469,2026-07-02,K01,P-MOB-GSM,PID111739,None,1,1.11,True
ACT-2026-000470,2026-07-02,K01,P-DEV-DEV,PID204314,None,1,4.28,True
ACT-2026-000471,2026-07-02,K01,P-MOB-GSM,PID596808,None,1,1.11,True
ACT-2026-000472,2026-07-02,K01,P-MOB-GSM,PID218091,None,1,1.11,True
ACT-2026-000473,2026-07-02,K01,P-MOB-GSM,PID943396,None,1,1.11,True
ACT-2026-000474,2026-07-02,K01,P-DEV-DEV,PID900796,None,1,4.28,True
ACT-2026-000475,2026-07-02,K01,P-MOB-GSM,PID284358,MNP,1,2.21,True
ACT-2026-000476,2026-07-02,K02,P-MOB-GSM,PID534260,None,1,1.11,True
ACT-2026-000477,2026-07-02,K02,P-MOB-GSM,PID219538,MNP,1,2.21,True
ACT-2026-000478,2026-07-02,K02,P-MOB-GSM,PID691373,MNP,1,2.21,True
ACT-2026-000479,2026-07-02,K02,P-MOB-GSM,PID140178,None,1,1.11,True
ACT-2026-000480,2026-07-02,K02,P-DEV-DEV,PID287982,None,1,4.28,True
ACT-2026-000481,2026-07-02,K02,P-MOB-GSM,PID830695,None,1,1.11,True
ACT-2026-000482,2026-07-02,K02,P-MOB-GSM,PID795511,None,1,1.11,True
ACT-2026-000483,2026-07-02,K02,P-MOB-GSM,PID920508,None,1,1.11,True
ACT-2026-000484,2026-07-02,K02,P-MOB-GSM,PID747165,MNP,1,2.21,True
ACT-2026-000485,2026-07-02,K02,P-MOB-GSM,PID910036,None,1,1.11,True
ACT-2026-000486,2026-07-02,K02,P-MOB-GSM,PID625220,None,1,1.11,True
ACT-2026-000487,2026-07-02,K02,P-MOB-GSM,PID199703,None,1,1.11,True
ACT-2026-000488,2026-07-02,K03,P-MOB-GSM,PID477022,MNP,1,2.21,True
ACT-2026-000489,2026-07-02,K03,P-MOB-OTH,PID457658,None,1,1.66,True
ACT-2026-000490,2026-07-02,K03,P-MOB-GSM,PID122932,None,1,1.11,True
ACT-2026-000491,2026-07-02,K03,P-MOB-GSM,PID114207,None,1,1.11,True
ACT-2026-000492,2026-07-02,K03,P-MOB-GSM,PID777781,None,1,1.11,True
ACT-2026-000493,2026-07-02,K03,P-MOB-GSM,PID846582,None,1,1.11,True
ACT-2026-000494,2026-07-02,K03,P-MOB-GSM,PID260270,None,1,1.11,True
ACT-2026-000495,2026-07-02,K03,P-MOB-GSM,PID615993,None,1,1.11,True
ACT-2026-000496,2026-07-02,K03,P-MOB-GSM,PID262599,None,1,1.11,True
ACT-2026-000497,2026-07-02,K03,P-MOB-GSM,PID338183,None,1,1.11,True
ACT-2026-000498,2026-07-02,K03,P-MOB-GSM,PID424732,None,1,1.11,True
ACT-2026-000499,2026-07-02,K03,P-DEV-DEV,PID946768,None,1,4.28,True
ACT-2026-000500,2026-07-02,K03,P-MOB-GSM,PID252648,None,1,1.11,True
ACT-2026-000501,2026-07-02,K03,P-MOB-GSM,PID282338,None,1,1.11,True
ACT-2026-000502,2026-07-02,K03,P-MOB-GSM,PID635294,None,1,1.11,True
ACT-2026-000503,2026-07-02,K03,P-MOB-GSM,PID264463,None,1,1.11,True
ACT-2026-000504,2026-07-02,K04,P-MOB-GSM,PID489188,MNP,1,2.21,True
ACT-2026-000505,2026-07-02,K04,P-MOB-GSM,PID256257,None,1,1.11,True
ACT-2026-000506,2026-07-02,K04,P-MOB-GSM,PID585365,None,1,1.11,True
ACT-2026-000507,2026-07-02,K04,P-MOB-GSM,PID944967,MNP,1,2.21,True
ACT-2026-000508,2026-07-02,K04,P-MOB-GSM,PID782697,None,1,1.11,True
ACT-2026-000509,2026-07-02,K04,P-MOB-GSM,PID758815,None,1,1.11,True
ACT-2026-000510,2026-07-02,K04,P-DEV-DEV,PID548213,None,1,4.28,True
ACT-2026-000511,2026-07-02,K04,P-MOB-GSM,PID290549,None,1,1.11,True
ACT-2026-000512,2026-07-02,K04,P-MOB-GSM,PID431227,MNP,1,2.21,True
ACT-2026-000513,2026-07-02,K04,P-MOB-GSM,PID276694,MNP,1,2.21,True
ACT-2026-000514,2026-07-02,K04,P-MOB-GSM,PID917406,MNP,1,2.21,True
ACT-2026-000515,2026-07-02,K04,P-MOB-GSM,PID645307,None,1,1.11,True
ACT-2026-000516,2026-07-02,K04,P-FIX-FBR,PID793560,None,1,11.02,True
ACT-2026-000517,2026-07-02,K05,P-MOB-GSM,PID204538,None,1,1.11,True
ACT-2026-000518,2026-07-02,K05,P-MOB-GSM,PID937506,None,1,1.11,True
ACT-2026-000519,2026-07-02,K05,P-MOB-GSM,PID261803,None,1,1.11,True
ACT-2026-000520,2026-07-02,K05,P-DIG-SVC,PID885760,None,1,5.6,True
ACT-2026-000521,2026-07-02,K06,P-MOB-GSM,PID105556,None,1,1.11,True
ACT-2026-000522,2026-07-02,K07,P-MOB-GSM,PID665815,None,1,0.97,True
ACT-2026-000523,2026-07-02,K07,P-FIX-BIB,PID914412,None,1,14.56,True
ACT-2026-000524,2026-07-02,K07,P-MOB-GSM,PID612745,None,1,0.97,True
ACT-2026-000525,2026-07-02,K07,P-MOB-GSM,PID909616,None,1,0.97,True
ACT-2026-000526,2026-07-02,K07,P-MOB-GSM,PID227307,None,1,0.97,True
ACT-2026-000527,2026-07-02,K07,P-MOB-GSM,PID606316,MNP,1,1.94,True
ACT-2026-000528,2026-07-02,K07,P-MOB-GSM,PID221223,None,1,0.97,True
ACT-2026-000529,2026-07-02,K08,P-MOB-OTH,PID112547,None,1,1.45,True
ACT-2026-000530,2026-07-02,K08,P-MOB-GSM,PID740469,MNP,1,1.94,True
ACT-2026-000531,2026-07-02,K08,P-MOB-GSM,PID211193,None,1,0.97,True
ACT-2026-000532,2026-07-02,K08,P-MOB-GSM,PID634449,MNP,1,1.94,True
ACT-2026-000533,2026-07-02,K08,P-MOB-GSM,PID198978,MNP,1,1.94,True
ACT-2026-000534,2026-07-02,K08,P-MOB-GSM,PID608855,None,1,0.97,True
ACT-2026-000535,2026-07-02,K08,P-MOB-GSM,PID777072,None,1,0.97,True
ACT-2026-000536,2026-07-02,K08,P-MOB-GSM,PID933939,None,1,0.97,True
ACT-2026-000537,2026-07-02,K08,P-MOB-GSM,PID384685,None,1,0.97,True
ACT-2026-000538,2026-07-02,K08,P-MOB-GSM,PID844846,None,1,0.97,True
ACT-2026-000539,2026-07-02,K08,P-MOB-GSM,PID363448,None,1,0.97,True
ACT-2026-000540,2026-07-02,K08,P-MOB-GSM,PID805839,MNP,1,1.94,True
ACT-2026-000541,2026-07-02,K09,P-MOB-GSM,PID225100,MNP,1,1.94,True
ACT-2026-000542,2026-07-02,K09,P-MOB-GSM,PID680922,None,1,0.97,True
ACT-2026-000543,2026-07-02,K09,P-MOB-GSM,PID232960,None,1,0.97,True
ACT-2026-000544,2026-07-02,K09,P-MOB-GSM,PID829400,None,1,0.97,True
ACT-2026-000545,2026-07-02,K09,P-MOB-GSM,PID881154,None,1,0.97,True
ACT-2026-000546,2026-07-02,K10,P-MOB-GSM,PID774817,None,1,0.97,True
ACT-2026-000547,2026-07-02,K10,P-MOB-GSM,PID163812,None,1,0.97,True
ACT-2026-000548,2026-07-02,K10,P-MOB-GSM,PID620814,None,1,0.97,True
ACT-2026-000549,2026-07-02,K10,P-MOB-GSM,PID633793,None,1,0.97,True
ACT-2026-000550,2026-07-02,K10,P-MOB-GSM,PID508941,None,1,0.97,True
ACT-2026-000551,2026-07-02,K10,P-MOB-GSM,PID801617,MNP,1,1.94,True
ACT-2026-000552,2026-07-02,K10,P-MOB-GSM,PID325502,None,1,0.97,True
ACT-2026-000553,2026-07-02,K10,P-MOB-GSM,PID419008,None,1,0.97,True
ACT-2026-000554,2026-07-02,K10,P-MOB-GSM,PID463978,None,1,0.97,True
ACT-2026-000555,2026-07-02,K10,P-DIG-SVC,PID838008,None,1,5.57,True
ACT-2026-000556,2026-07-02,K11,P-MOB-GSM,PID292705,MNP,1,1.94,True
ACT-2026-000557,2026-07-02,K11,P-MOB-GSM,PID858559,None,1,0.97,True
ACT-2026-000558,2026-07-02,K11,P-MOB-GSM,PID800997,MNP,1,1.94,True
ACT-2026-000559,2026-07-02,K11,P-FIX-WFA,PID611281,None,1,5.82,True
ACT-2026-000560,2026-07-02,K11,P-MOB-GSM,PID693393,None,1,0.97,True
ACT-2026-000561,2026-07-02,K11,P-MOB-GSM,PID614410,None,1,0.97,True
ACT-2026-000562,2026-07-02,K12,P-MOB-GSM,PID353584,MNP,1,1.94,True
ACT-2026-000563,2026-07-02,K12,P-MOB-GSM,PID871547,None,1,0.97,True
ACT-2026-000564,2026-07-02,K12,P-DIG-SVC,PID476862,None,1,5.74,True
ACT-2026-000565,2026-07-02,K12,P-MOB-GSM,PID349156,None,1,0.97,True
ACT-2026-000566,2026-07-02,K12,P-MOB-GSM,PID938962,None,1,-1.59,True
ACT-2026-000567,2026-07-02,K12,P-MOB-GSM,PID671602,None,1,0.97,True
ACT-2026-000568,2026-07-02,K13,P-MOB-GSM,PID697144,None,1,1.03,True
ACT-2026-000569,2026-07-02,K13,P-MOB-GSM,PID385798,None,1,1.03,True
ACT-2026-000570,2026-07-02,K13,P-MOB-GSM,PID265328,None,1,0.0,False
ACT-2026-000571,2026-07-02,K13,P-MOB-GSM,PID541267,None,1,1.03,True
ACT-2026-000572,2026-07-02,K13,P-MOB-GSM,PID491929,None,1,1.03,True
ACT-2026-000573,2026-07-02,K13,P-MOB-GSM,PID727652,None,1,1.03,True
ACT-2026-000574,2026-07-02,K13,P-MOB-GSM,PID285650,None,1,1.03,True
ACT-2026-000575,2026-07-02,K13,P-FIX-FBR,PID235850,None,1,6.48,True
ACT-2026-000576,2026-07-02,K13,P-MOB-GSM,PID527459,MNP,1,2.07,True
ACT-2026-000577,2026-07-02,K13,P-MOB-GSM,PID368515,None,1,1.03,True
ACT-2026-000578,2026-07-02,K13,P-MOB-GSM,PID992529,MNP,1,2.07,True
ACT-2026-000579,2026-07-02,K13,P-MOB-OTH,PID994028,None,1,1.55,True
ACT-2026-000580,2026-07-02,K14,P-MOB-GSM,PID863750,MNP,1,2.07,True
ACT-2026-000581,2026-07-02,K14,P-FIX-FBR,PID406461,None,1,6.48,True
ACT-2026-000582,2026-07-02,K14,P-MOB-GSM,PID902186,MNP,1,2.07,True
ACT-2026-000583,2026-07-02,K14,P-FIX-FBR,PID840406,None,1,6.48,True
ACT-2026-000584,2026-07-02,K14,P-MOB-GSM,PID170367,None,1,1.03,True
ACT-2026-000585,2026-07-02,K14,P-MOB-GSM,PID615142,None,1,1.03,True
ACT-2026-000586,2026-07-02,K14,P-MOB-GSM,PID156014,None,1,1.03,True
ACT-2026-000587,2026-07-02,K14,P-MOB-GSM,PID738020,None,1,1.03,True
ACT-2026-000588,2026-07-02,K14,P-FIX-FBR,PID228243,None,1,6.48,True
ACT-2026-000589,2026-07-02,K14,P-MOB-GSM,PID670137,None,1,1.03,True
ACT-2026-000590,2026-07-02,K14,P-MOB-OTH,PID652614,None,1,1.55,True
ACT-2026-000591,2026-07-02,K14,P-MOB-GSM,PID901746,MNP,1,2.07,True
ACT-2026-000592,2026-07-02,K14,P-FIX-WFA,PID933710,None,1,3.89,True
ACT-2026-000593,2026-07-02,K14,P-MOB-GSM,PID510419,None,1,1.03,True
ACT-2026-000594,2026-07-02,K14,P-MOB-GSM,PID705235,MNP,1,2.07,True
ACT-2026-000595,2026-07-02,K14,P-MOB-GSM,PID341248,None,1,1.03,True
ACT-2026-000596,2026-07-02,K15,P-MOB-GSM,PID127032,None,1,1.03,True
ACT-2026-000597,2026-07-02,K15,P-MOB-GSM,PID791848,MNP,1,2.07,True
ACT-2026-000598,2026-07-02,K15,P-MOB-GSM,PID832003,None,1,1.03,True
ACT-2026-000599,2026-07-02,K15,P-MOB-GSM,PID700040,MNP,1,2.07,True
ACT-2026-000600,2026-07-02,K15,P-MOB-GSM,PID635026,None,1,1.03,True
ACT-2026-000601,2026-07-02,K15,P-FIX-BIB,PID539869,None,1,9.72,True
ACT-2026-000602,2026-07-02,K16,P-MOB-OTH,PID479813,None,1,1.55,True
ACT-2026-000603,2026-07-02,K16,P-MOB-GSM,PID742656,None,1,1.03,True
ACT-2026-000604,2026-07-02,K16,P-MOB-GSM,PID818554,None,1,1.03,True
ACT-2026-000605,2026-07-02,K16,P-MOB-GSM,PID305965,None,1,1.03,True
ACT-2026-000606,2026-07-02,K16,P-MOB-GSM,PID729010,None,1,1.03,True
ACT-2026-000607,2026-07-02,K17,P-MOB-OTH,PID737197,None,1,1.55,True
ACT-2026-000608,2026-07-02,K17,P-FIX-WFA,PID261146,None,1,3.89,True
ACT-2026-000609,2026-07-02,K17,P-MOB-GSM,PID801496,None,1,1.03,True
ACT-2026-000610,2026-07-02,K17,P-MOB-GSM,PID885767,None,1,1.03,True
ACT-2026-000611,2026-07-02,K17,P-MOB-GSM,PID783459,None,1,1.03,True
ACT-2026-000612,2026-07-02,K17,P-DIG-SVC,PID880905,None,1,4.92,True
ACT-2026-000613,2026-07-02,K18,P-MOB-GSM,PID536318,None,1,1.03,True
ACT-2026-000614,2026-07-02,K18,P-MOB-GSM,PID776788,None,1,1.03,True
ACT-2026-000615,2026-07-02,K18,P-MOB-GSM,PID388226,None,1,1.03,True
ACT-2026-000616,2026-07-03,K01,P-MOB-GSM,PID486909,MNP,1,2.21,True
ACT-2026-000617,2026-07-03,K01,P-MOB-GSM,PID648162,None,1,1.11,True
ACT-2026-000618,2026-07-03,K01,P-FIX-FBR,PID658165,None,1,11.02,True
ACT-2026-000619,2026-07-03,K01,P-MOB-GSM,PID855555,None,1,1.11,True
ACT-2026-000620,2026-07-03,K01,P-MOB-GSM,PID230486,None,1,1.11,True
ACT-2026-000621,2026-07-03,K01,P-MOB-GSM,PID550215,None,1,1.11,True
ACT-2026-000622,2026-07-03,K01,P-MOB-GSM,PID528778,None,1,1.11,True
ACT-2026-000623,2026-07-03,K01,P-MOB-GSM,PID359145,None,1,1.11,True
ACT-2026-000624,2026-07-03,K01,P-MOB-GSM,PID864032,None,1,1.11,True
ACT-2026-000625,2026-07-03,K01,P-MOB-GSM,PID934632,None,1,1.11,True
ACT-2026-000626,2026-07-03,K01,P-MOB-GSM,PID232302,None,1,1.11,True
ACT-2026-000627,2026-07-03,K01,P-MOB-GSM,PID169396,MNP,1,2.21,True
ACT-2026-000628,2026-07-03,K01,P-MOB-GSM,PID701701,None,1,1.11,True
ACT-2026-000629,2026-07-03,K01,P-MOB-GSM,PID352742,MNP,1,2.21,True
ACT-2026-000630,2026-07-03,K01,P-MOB-GSM,PID992002,None,1,1.11,True
ACT-2026-000631,2026-07-03,K01,P-MOB-GSM,PID823757,None,1,1.11,True
ACT-2026-000632,2026-07-03,K02,P-MOB-GSM,PID526268,None,1,1.11,True
ACT-2026-000633,2026-07-03,K02,P-MOB-GSM,PID679299,MNP,1,2.21,True
ACT-2026-000634,2026-07-03,K02,P-MOB-GSM,PID419386,None,1,1.11,True
ACT-2026-000635,2026-07-03,K02,P-MOB-GSM,PID351732,None,1,1.11,True
ACT-2026-000636,2026-07-03,K02,P-MOB-GSM,PID895434,None,1,1.11,True
ACT-2026-000637,2026-07-03,K02,P-MOB-GSM,PID219902,None,1,1.11,True
ACT-2026-000638,2026-07-03,K02,P-MOB-GSM,PID573275,None,1,1.11,True
ACT-2026-000639,2026-07-03,K02,P-MOB-GSM,PID608975,MNP,1,2.21,True
ACT-2026-000640,2026-07-03,K02,P-MOB-GSM,PID411779,None,1,1.11,True
ACT-2026-000641,2026-07-03,K02,P-MOB-GSM,PID576895,MNP,1,2.21,True
ACT-2026-000642,2026-07-03,K02,P-MOB-OTH,PID440951,None,1,1.66,True
ACT-2026-000643,2026-07-03,K03,P-MOB-GSM,PID914231,None,1,1.11,True
ACT-2026-000644,2026-07-03,K03,P-MOB-GSM,PID601252,None,1,1.11,True
ACT-2026-000645,2026-07-03,K03,P-MOB-GSM,PID839619,None,1,1.11,True
ACT-2026-000646,2026-07-03,K03,P-MOB-GSM,PID433520,MNP,1,2.21,True
ACT-2026-000647,2026-07-03,K03,P-MOB-GSM,PID199002,None,1,1.11,True
ACT-2026-000648,2026-07-03,K03,P-MOB-GSM,PID960024,None,1,1.11,True
ACT-2026-000649,2026-07-03,K03,P-MOB-OTH,PID408941,None,1,1.66,True
ACT-2026-000650,2026-07-03,K03,P-MOB-GSM,PID957475,None,1,1.11,True
ACT-2026-000651,2026-07-03,K03,P-MOB-OTH,PID848096,None,1,1.66,True
ACT-2026-000652,2026-07-03,K04,P-MOB-GSM,PID464481,None,1,1.11,True
ACT-2026-000653,2026-07-03,K04,P-MOB-GSM,PID256393,None,1,1.11,True
ACT-2026-000654,2026-07-03,K04,P-FIX-WFA,PID955310,None,1,6.61,True
ACT-2026-000655,2026-07-03,K04,P-MOB-GSM,PID680615,None,1,1.11,True
ACT-2026-000656,2026-07-03,K04,P-MOB-GSM,PID496929,None,1,1.11,True
ACT-2026-000657,2026-07-03,K04,P-MOB-GSM,PID288303,None,1,1.11,True
ACT-2026-000658,2026-07-03,K04,P-MOB-GSM,PID978137,None,1,1.11,True
ACT-2026-000659,2026-07-03,K04,P-MOB-GSM,PID305828,None,1,1.11,True
ACT-2026-000660,2026-07-03,K04,P-MOB-GSM,PID412337,None,1,1.11,True
ACT-2026-000661,2026-07-03,K04,P-MOB-GSM,PID359848,None,1,1.11,True
ACT-2026-000662,2026-07-03,K04,P-MOB-GSM,PID819856,None,1,1.11,True
ACT-2026-000663,2026-07-03,K05,P-MOB-GSM,PID494842,None,1,1.11,True
ACT-2026-000664,2026-07-03,K05,P-MOB-GSM,PID715077,None,1,1.11,True
ACT-2026-000665,2026-07-03,K05,P-MOB-OTH,PID254977,None,1,1.66,True
ACT-2026-000666,2026-07-03,K05,P-MOB-GSM,PID561400,None,1,1.11,True
ACT-2026-000667,2026-07-03,K05,P-MOB-GSM,PID848387,None,1,1.11,True
ACT-2026-000668,2026-07-03,K05,P-MOB-GSM,PID223959,None,1,1.11,True
ACT-2026-000669,2026-07-03,K06,P-MOB-GSM,PID604724,MNP,1,2.21,True
ACT-2026-000670,2026-07-03,K06,P-MOB-GSM,PID963445,None,1,1.11,True
ACT-2026-000671,2026-07-03,K06,P-MOB-GSM,PID804106,None,1,1.11,True
ACT-2026-000672,2026-07-03,K06,P-MOB-GSM,PID157542,None,1,1.11,True
ACT-2026-000673,2026-07-03,K07,P-MOB-GSM,PID169741,None,1,0.97,True
ACT-2026-000674,2026-07-03,K07,P-MOB-GSM,PID701331,None,1,0.97,True
ACT-2026-000675,2026-07-03,K07,P-MOB-GSM,PID217799,None,1,0.97,True
ACT-2026-000676,2026-07-03,K07,P-MOB-GSM,PID271306,None,1,0.97,True
ACT-2026-000677,2026-07-03,K07,P-MOB-OTH,PID684463,None,1,1.45,True
ACT-2026-000678,2026-07-03,K07,P-FIX-WFA,PID276368,None,1,5.82,True
ACT-2026-000679,2026-07-03,K07,P-DIG-SVC,PID685826,None,1,5.57,True
ACT-2026-000680,2026-07-03,K07,P-MOB-GSM,PID572412,None,1,0.97,True
ACT-2026-000681,2026-07-03,K07,P-MOB-GSM,PID682122,None,1,0.97,True
ACT-2026-000682,2026-07-03,K07,P-MOB-GSM,PID318749,None,1,0.97,True
ACT-2026-000683,2026-07-03,K07,P-FIX-FBR,PID657130,None,1,9.71,True
ACT-2026-000684,2026-07-03,K07,P-MOB-GSM,PID724526,None,1,0.97,True
ACT-2026-000685,2026-07-03,K07,P-MOB-GSM,PID341614,None,1,0.97,True
ACT-2026-000686,2026-07-03,K07,P-MOB-GSM,PID283317,None,1,0.97,True
ACT-2026-000687,2026-07-03,K07,P-MOB-GSM,PID511387,None,1,0.97,True
ACT-2026-000688,2026-07-03,K07,P-DIG-SVC,PID686494,None,1,5.57,True
ACT-2026-000689,2026-07-03,K07,P-MOB-OTH,PID173418,None,1,1.45,True
ACT-2026-000690,2026-07-03,K08,P-DIG-SVC,PID548813,None,1,5.57,True
ACT-2026-000691,2026-07-03,K08,P-MOB-GSM,PID167265,None,1,0.97,True
ACT-2026-000692,2026-07-03,K08,P-MOB-GSM,PID135182,None,1,0.97,True
ACT-2026-000693,2026-07-03,K08,P-MOB-GSM,PID960624,None,1,0.97,True
ACT-2026-000694,2026-07-03,K08,P-MOB-GSM,PID497208,None,1,0.97,True
ACT-2026-000695,2026-07-03,K08,P-MOB-GSM,PID989639,None,1,0.97,True
ACT-2026-000696,2026-07-03,K08,P-DIG-SVC,PID772860,None,1,5.57,True
ACT-2026-000697,2026-07-03,K08,P-MOB-GSM,PID654306,None,1,0.97,True
ACT-2026-000698,2026-07-03,K08,P-FIX-FBR,PID925605,None,1,9.71,True
ACT-2026-000699,2026-07-03,K08,P-MOB-GSM,PID931011,MNP,1,1.94,True
ACT-2026-000700,2026-07-03,K08,P-MOB-GSM,PID234307,None,1,0.97,True
ACT-2026-000701,2026-07-03,K08,P-DIG-SVC,PID390420,None,1,5.57,True
ACT-2026-000702,2026-07-03,K08,P-MOB-OTH,PID895147,None,1,1.45,True
ACT-2026-000703,2026-07-03,K09,P-MOB-GSM,PID221499,None,1,0.97,True
ACT-2026-000704,2026-07-03,K09,P-MOB-GSM,PID119293,MNP,1,1.94,True
ACT-2026-000705,2026-07-03,K09,P-MOB-GSM,PID575110,None,1,0.97,True
ACT-2026-000706,2026-07-03,K09,P-MOB-GSM,PID157494,None,1,0.97,True
ACT-2026-000707,2026-07-03,K09,P-MOB-GSM,PID496473,None,1,0.97,True
ACT-2026-000708,2026-07-03,K09,P-MOB-OTH,PID713576,None,1,1.45,True
ACT-2026-000709,2026-07-03,K09,P-FIX-WFA,PID589109,None,1,5.82,True
ACT-2026-000710,2026-07-03,K09,P-MOB-OTH,PID461955,None,1,1.45,True
ACT-2026-000711,2026-07-03,K09,P-DIG-SVC,PID294802,None,1,5.57,True
ACT-2026-000712,2026-07-03,K09,P-MOB-GSM,PID676775,None,1,0.97,True
ACT-2026-000713,2026-07-03,K09,P-MOB-GSM,PID457015,None,1,0.97,True
ACT-2026-000714,2026-07-03,K10,P-DEV-DEV,PID484641,None,1,6.08,True
ACT-2026-000715,2026-07-03,K10,P-MOB-GSM,PID202274,MNP,1,1.94,True
ACT-2026-000716,2026-07-03,K11,P-MOB-GSM,PID171901,None,1,0.97,True
ACT-2026-000717,2026-07-03,K11,P-MOB-GSM,PID805348,MNP,1,1.94,True
ACT-2026-000718,2026-07-03,K11,P-MOB-GSM,PID909088,None,1,0.97,True
ACT-2026-000719,2026-07-03,K12,P-MOB-GSM,PID616670,None,1,0.97,True
ACT-2026-000720,2026-07-03,K12,P-MOB-GSM,PID963165,None,1,0.97,True
ACT-2026-000721,2026-07-03,K13,P-MOB-GSM,PID925607,MNP,1,2.07,True
ACT-2026-000722,2026-07-03,K13,P-MOB-GSM,PID165386,None,1,1.03,True
ACT-2026-000723,2026-07-03,K13,P-MOB-GSM,PID738880,None,1,1.03,True
ACT-2026-000724,2026-07-03,K13,P-MOB-GSM,PID962707,None,1,1.03,True
ACT-2026-000725,2026-07-03,K13,P-MOB-GSM,PID806471,None,1,1.03,True
ACT-2026-000726,2026-07-03,K13,P-MOB-GSM,PID889934,None,1,1.03,True
ACT-2026-000727,2026-07-03,K13,P-DIG-SVC,PID307466,None,1,4.92,True
ACT-2026-000728,2026-07-03,K13,P-MOB-GSM,PID463801,None,1,1.03,True
ACT-2026-000729,2026-07-03,K13,P-MOB-GSM,PID821150,None,1,1.03,True
ACT-2026-000730,2026-07-03,K13,P-MOB-GSM,PID698655,None,1,1.03,True
ACT-2026-000731,2026-07-03,K13,P-FIX-FBR,PID565867,None,1,6.48,True
ACT-2026-000732,2026-07-03,K13,P-MOB-OTH,PID724350,None,1,1.55,True
ACT-2026-000733,2026-07-03,K13,P-MOB-OTH,PID887844,None,1,1.55,True
ACT-2026-000734,2026-07-03,K13,P-MOB-GSM,PID361670,None,1,1.03,True
ACT-2026-000735,2026-07-03,K13,P-FIX-BIB,PID870363,None,1,9.72,True
ACT-2026-000736,2026-07-03,K13,P-MOB-OTH,PID602614,None,1,1.55,True
ACT-2026-000737,2026-07-03,K13,P-MOB-GSM,PID971451,MNP,1,2.07,True
ACT-2026-000738,2026-07-03,K13,P-DEV-DEV,PID789600,None,1,6.58,True
ACT-2026-000739,2026-07-03,K14,P-DIG-SVC,PID713019,None,1,4.92,True
ACT-2026-000740,2026-07-03,K14,P-FIX-BIB,PID824944,None,1,9.72,True
ACT-2026-000741,2026-07-03,K14,P-MOB-OTH,PID569715,None,1,1.55,True
ACT-2026-000742,2026-07-03,K14,P-MOB-GSM,PID916005,None,1,1.03,True
ACT-2026-000743,2026-07-03,K14,P-MOB-GSM,PID831588,None,1,1.03,True
ACT-2026-000744,2026-07-03,K14,P-MOB-GSM,PID157552,None,1,1.03,True
ACT-2026-000745,2026-07-03,K14,P-MOB-GSM,PID366288,MNP,1,2.07,True
ACT-2026-000746,2026-07-03,K14,P-MOB-GSM,PID653053,None,1,1.03,True
ACT-2026-000747,2026-07-03,K14,P-MOB-GSM,PID313431,None,1,1.03,True
ACT-2026-000748,2026-07-03,K14,P-MOB-GSM,PID285331,None,1,1.03,True
ACT-2026-000749,2026-07-03,K14,P-MOB-GSM,PID530829,None,1,1.03,True
ACT-2026-000750,2026-07-03,K14,P-MOB-GSM,PID812850,MNP,1,2.07,True
ACT-2026-000751,2026-07-03,K15,P-MOB-GSM,PID988488,None,1,1.03,True
ACT-2026-000752,2026-07-03,K15,P-MOB-GSM,PID735048,None,1,1.03,True
ACT-2026-000753,2026-07-03,K15,P-MOB-OTH,PID750468,None,1,1.55,True
ACT-2026-000754,2026-07-03,K15,P-MOB-GSM,PID966359,None,1,1.03,True
ACT-2026-000755,2026-07-03,K15,P-MOB-GSM,PID623910,None,1,1.03,True
ACT-2026-000756,2026-07-03,K15,P-MOB-GSM,PID428765,None,1,1.03,True
ACT-2026-000757,2026-07-03,K16,P-FIX-FBR,PID375918,FNP,1,6.48,True
ACT-2026-000758,2026-07-03,K16,P-FIX-FBR,PID148094,None,1,6.48,True
ACT-2026-000759,2026-07-03,K16,P-MOB-GSM,PID193785,None,1,1.03,True
ACT-2026-000760,2026-07-03,K16,P-MOB-GSM,PID447045,None,1,1.03,True
ACT-2026-000761,2026-07-03,K16,P-MOB-GSM,PID986212,None,1,1.03,True
ACT-2026-000762,2026-07-03,K16,P-MOB-GSM,PID621730,None,1,1.03,True
ACT-2026-000763,2026-07-03,K16,P-MOB-GSM,PID382961,None,1,1.03,True
ACT-2026-000764,2026-07-03,K16,P-MOB-GSM,PID872062,None,1,1.03,True
ACT-2026-000765,2026-07-03,K17,P-MOB-GSM,PID724365,None,1,1.03,True
ACT-2026-000766,2026-07-03,K17,P-MOB-GSM,PID613892,None,1,1.03,True
ACT-2026-000767,2026-07-03,K17,P-MOB-GSM,PID348800,None,1,1.03,True
ACT-2026-000768,2026-07-03,K18,P-FIX-FBR,PID539696,None,1,6.48,True
ACT-2026-000769,2026-07-03,K18,P-FIX-FBR,PID642917,None,1,6.48,True
ACT-2026-000770,2026-07-04,K01,P-MOB-GSM,PID162734,None,1,1.11,True
ACT-2026-000771,2026-07-04,K01,P-MOB-OTH,PID952690,None,1,1.66,True
ACT-2026-000772,2026-07-04,K01,P-MOB-GSM,PID387031,MNP,1,2.21,True
ACT-2026-000773,2026-07-04,K01,P-MOB-GSM,PID410910,MNP,1,2.21,True
ACT-2026-000774,2026-07-04,K01,P-MOB-OTH,PID750897,None,1,1.66,True
ACT-2026-000775,2026-07-04,K01,P-MOB-GSM,PID607153,None,1,1.11,True
ACT-2026-000776,2026-07-04,K02,P-MOB-GSM,PID574837,None,1,1.11,True
ACT-2026-000777,2026-07-04,K02,P-MOB-GSM,PID146148,None,1,1.11,True
ACT-2026-000778,2026-07-04,K03,P-MOB-GSM,PID434036,None,1,1.11,True
ACT-2026-000779,2026-07-04,K03,P-MOB-GSM,PID582549,None,1,1.11,True
ACT-2026-000780,2026-07-04,K03,P-MOB-GSM,PID317895,None,1,1.11,True
ACT-2026-000781,2026-07-04,K03,P-MOB-GSM,PID709634,MNP,1,2.21,True
ACT-2026-000782,2026-07-04,K04,P-MOB-GSM,PID405242,None,1,1.11,True
ACT-2026-000783,2026-07-04,K05,P-MOB-GSM,PID167774,None,1,1.11,True
ACT-2026-000784,2026-07-04,K05,P-MOB-GSM,PID752996,None,1,1.11,True
ACT-2026-000785,2026-07-04,K05,P-DEV-DEV,PID700898,None,1,4.28,True
ACT-2026-000786,2026-07-04,K06,P-FIX-WFA,PID237715,None,1,6.61,True
ACT-2026-000787,2026-07-04,K07,P-MOB-GSM,PID704535,None,1,0.97,True
ACT-2026-000788,2026-07-04,K08,P-MOB-GSM,PID120095,MNP,1,1.94,True
ACT-2026-000789,2026-07-04,K08,P-MOB-GSM,PID391259,None,1,0.97,True
ACT-2026-000790,2026-07-04,K10,P-MOB-GSM,PID645095,None,1,0.97,True
ACT-2026-000791,2026-07-04,K10,P-MOB-GSM,PID165735,None,1,0.97,True
ACT-2026-000792,2026-07-04,K10,P-MOB-GSM,PID161456,MNP,1,1.94,True
ACT-2026-000793,2026-07-04,K11,P-MOB-GSM,PID263377,None,1,0.97,True
ACT-2026-000794,2026-07-04,K11,P-MOB-OTH,PID613292,None,1,1.45,True
ACT-2026-000795,2026-07-04,K12,P-MOB-GSM,PID430582,None,1,0.97,True
ACT-2026-000796,2026-07-04,K13,P-FIX-WFA,PID757341,None,1,3.89,True
ACT-2026-000797,2026-07-04,K13,P-MOB-GSM,PID316334,None,1,1.03,True
ACT-2026-000798,2026-07-04,K13,P-MOB-GSM,PID471542,None,1,1.03,True
ACT-2026-000799,2026-07-04,K14,P-MOB-GSM,PID263882,None,1,1.03,True
ACT-2026-000800,2026-07-04,K14,P-MOB-GSM,PID849169,MNP,1,2.07,True
ACT-2026-000801,2026-07-04,K14,P-MOB-GSM,PID538529,MNP,1,2.07,True
ACT-2026-000802,2026-07-04,K15,P-MOB-GSM,PID228390,MNP,1,2.07,True
ACT-2026-000803,2026-07-04,K15,P-MOB-GSM,PID483035,None,1,1.03,True
ACT-2026-000804,2026-07-04,K17,P-MOB-GSM,PID965493,None,1,1.03,True
ACT-2026-000805,2026-07-04,K17,P-MOB-GSM,PID957732,None,1,1.03,True
ACT-2026-000806,2026-07-04,K17,P-MOB-OTH,PID211061,None,1,1.55,True
ACT-2026-000807,2026-07-04,K17,P-MOB-GSM,PID421431,None,1,1.03,True
ACT-2026-000808,2026-07-05,K01,P-MOB-GSM,PID363148,None,1,1.11,True
ACT-2026-000809,2026-07-05,K01,P-FIX-WFA,PID956107,None,1,6.61,True
ACT-2026-000810,2026-07-05,K01,P-MOB-GSM,PID941627,None,1,1.11,True
ACT-2026-000811,2026-07-05,K01,P-MOB-GSM,PID671772,None,1,1.11,True
ACT-2026-000812,2026-07-05,K01,P-MOB-GSM,PID989803,None,1,1.11,True
ACT-2026-000813,2026-07-05,K01,P-MOB-GSM,PID855824,None,1,1.11,True
ACT-2026-000814,2026-07-05,K02,P-MOB-GSM,PID431686,None,1,1.11,True
ACT-2026-000815,2026-07-05,K02,P-MOB-GSM,PID234693,MNP,1,2.21,True
ACT-2026-000816,2026-07-05,K02,P-MOB-GSM,PID693046,MNP,1,2.21,True
ACT-2026-000817,2026-07-05,K02,P-MOB-OTH,PID824759,None,1,1.66,True
ACT-2026-000818,2026-07-05,K03,P-MOB-GSM,PID783389,None,1,1.11,True
ACT-2026-000819,2026-07-05,K03,P-MOB-GSM,PID569892,MNP,1,2.21,True
ACT-2026-000820,2026-07-05,K04,P-MOB-GSM,PID976334,None,1,1.11,True
ACT-2026-000821,2026-07-05,K04,P-MOB-GSM,PID114918,None,1,1.11,True
ACT-2026-000822,2026-07-05,K04,P-MOB-GSM,PID225222,None,1,1.11,True
ACT-2026-000823,2026-07-05,K05,P-MOB-GSM,PID476307,None,1,1.11,True
ACT-2026-000824,2026-07-05,K05,P-MOB-GSM,PID726872,MNP,1,2.21,True
ACT-2026-000825,2026-07-05,K06,P-MOB-GSM,PID193304,None,1,1.11,True
ACT-2026-000826,2026-07-05,K06,P-MOB-GSM,PID946301,None,1,0.0,False
ACT-2026-000827,2026-07-05,K08,P-MOB-GSM,PID190744,MNP,1,1.94,True
ACT-2026-000828,2026-07-05,K09,P-DIG-SVC,PID705918,None,1,5.57,True
ACT-2026-000829,2026-07-05,K11,P-MOB-GSM,PID663477,MNP,1,1.94,True
ACT-2026-000830,2026-07-05,K12,P-MOB-GSM,PID605173,MNP,1,1.94,True
ACT-2026-000831,2026-07-05,K13,P-MOB-GSM,PID638321,None,1,1.03,True
ACT-2026-000832,2026-07-05,K13,P-MOB-GSM,PID779383,MNP,1,2.07,True
ACT-2026-000833,2026-07-05,K13,P-MOB-GSM,PID647697,None,1,1.03,True
ACT-2026-000834,2026-07-05,K13,P-MOB-GSM,PID646243,None,1,1.03,True
ACT-2026-000835,2026-07-05,K13,P-MOB-GSM,PID377853,None,1,1.03,True
ACT-2026-000836,2026-07-05,K14,P-MOB-GSM,PID808033,None,1,1.03,True
ACT-2026-000837,2026-07-05,K14,P-MOB-GSM,PID582541,None,1,1.03,True
ACT-2026-000838,2026-07-05,K15,P-MOB-GSM,PID985098,None,1,1.03,True
ACT-2026-000839,2026-07-05,K15,P-MOB-OTH,PID494220,None,1,1.55,True
ACT-2026-000840,2026-07-05,K15,P-MOB-GSM,PID445510,None,1,1.03,True
ACT-2026-000841,2026-07-05,K16,P-MOB-GSM,PID508100,None,1,1.03,True
ACT-2026-000842,2026-07-05,K16,P-MOB-GSM,PID576025,None,1,1.03,True
ACT-2026-000843,2026-07-05,K16,P-MOB-GSM,PID857133,MNP,1,2.07,True
ACT-2026-000844,2026-07-05,K17,P-MOB-GSM,PID914661,MNP,1,2.07,True
ACT-2026-000845,2026-07-05,K18,P-DIG-SVC,PID161522,None,1,4.9,True
ACT-2026-000846,2026-07-06,K01,P-MOB-GSM,PID887964,None,1,1.11,True
ACT-2026-000847,2026-07-06,K01,P-MOB-GSM,PID575482,None,1,1.11,True
ACT-2026-000848,2026-07-06,K01,P-MOB-GSM,PID182906,None,1,1.11,True
ACT-2026-000849,2026-07-06,K01,P-MOB-GSM,PID662822,MNP,1,2.21,True
ACT-2026-000850,2026-07-06,K01,P-FIX-FBR,PID327138,None,1,11.02,True
ACT-2026-000851,2026-07-06,K01,P-MOB-GSM,PID164606,None,1,1.11,True
ACT-2026-000852,2026-07-06,K01,P-MOB-OTH,PID836267,None,1,1.66,True
ACT-2026-000853,2026-07-06,K01,P-MOB-GSM,PID667142,None,1,1.11,True
ACT-2026-000854,2026-07-06,K01,P-MOB-GSM,PID226574,None,1,1.11,True
ACT-2026-000855,2026-07-06,K01,P-MOB-GSM,PID318690,None,1,1.11,True
ACT-2026-000856,2026-07-06,K01,P-MOB-GSM,PID251248,None,1,1.11,True
ACT-2026-000857,2026-07-06,K01,P-MOB-GSM,PID706686,MNP,1,2.21,True
ACT-2026-000858,2026-07-06,K01,P-MOB-GSM,PID153547,None,1,1.11,True
ACT-2026-000859,2026-07-06,K01,P-MOB-GSM,PID851297,None,1,1.11,True
ACT-2026-000860,2026-07-06,K01,P-MOB-GSM,PID773172,None,1,1.11,True
ACT-2026-000861,2026-07-06,K01,P-MOB-GSM,PID875748,MNP,1,2.21,True
ACT-2026-000862,2026-07-06,K01,P-MOB-GSM,PID315883,None,1,1.11,True
ACT-2026-000863,2026-07-06,K01,P-MOB-GSM,PID365033,None,1,1.11,True
ACT-2026-000864,2026-07-06,K01,P-MOB-GSM,PID336995,None,1,1.11,True
ACT-2026-000865,2026-07-06,K01,P-MOB-GSM,PID735776,MNP,1,2.21,True
ACT-2026-000866,2026-07-06,K02,P-DIG-SVC,PID204085,None,1,5.6,True
ACT-2026-000867,2026-07-06,K02,P-MOB-GSM,PID778558,MNP,1,2.21,True
ACT-2026-000868,2026-07-06,K02,P-MOB-GSM,PID335285,MNP,1,2.21,True
ACT-2026-000869,2026-07-06,K02,P-MOB-GSM,PID810684,None,1,1.11,True
ACT-2026-000870,2026-07-06,K02,P-MOB-GSM,PID641941,None,1,1.11,True
ACT-2026-000871,2026-07-06,K02,P-FIX-FBR,PID401614,None,1,11.02,True
ACT-2026-000872,2026-07-06,K02,P-MOB-GSM,PID899947,None,1,1.11,True
ACT-2026-000873,2026-07-06,K02,P-DEV-DEV,PID198701,None,1,4.28,True
ACT-2026-000874,2026-07-06,K02,P-MOB-GSM,PID232896,None,1,1.11,True
ACT-2026-000875,2026-07-06,K02,P-MOB-GSM,PID108634,None,1,1.11,True
ACT-2026-000876,2026-07-06,K02,P-MOB-GSM,PID420434,None,1,1.11,True
ACT-2026-000877,2026-07-06,K02,P-MOB-GSM,PID845843,None,1,1.11,True
ACT-2026-000878,2026-07-06,K02,P-MOB-GSM,PID770856,None,1,1.11,True
ACT-2026-000879,2026-07-06,K02,P-MOB-GSM,PID458750,None,1,1.11,True
ACT-2026-000880,2026-07-06,K02,P-MOB-GSM,PID249407,MNP,1,2.21,True
ACT-2026-000881,2026-07-06,K02,P-MOB-GSM,PID705699,None,1,1.11,True
ACT-2026-000882,2026-07-06,K03,P-MOB-GSM,PID676201,None,1,1.11,True
ACT-2026-000883,2026-07-06,K03,P-MOB-GSM,PID158987,None,1,1.11,True
ACT-2026-000884,2026-07-06,K03,P-MOB-GSM,PID724167,MNP,1,2.21,True
ACT-2026-000885,2026-07-06,K03,P-MOB-GSM,PID697426,MNP,1,2.21,True
ACT-2026-000886,2026-07-06,K03,P-MOB-GSM,PID764849,MNP,1,2.21,True
ACT-2026-000887,2026-07-06,K03,P-MOB-GSM,PID195804,None,1,1.11,True
ACT-2026-000888,2026-07-06,K03,P-MOB-GSM,PID111883,None,1,1.11,True
ACT-2026-000889,2026-07-06,K03,P-MOB-GSM,PID890058,None,1,1.11,True
ACT-2026-000890,2026-07-06,K03,P-MOB-GSM,PID154362,None,1,1.11,True
ACT-2026-000891,2026-07-06,K03,P-MOB-GSM,PID371885,None,1,1.11,True
ACT-2026-000892,2026-07-06,K03,P-MOB-GSM,PID191639,None,1,1.11,True
ACT-2026-000893,2026-07-06,K03,P-MOB-GSM,PID507567,None,1,1.11,True
ACT-2026-000894,2026-07-06,K03,P-MOB-GSM,PID367172,None,1,1.11,True
ACT-2026-000895,2026-07-06,K03,P-MOB-GSM,PID244424,None,1,1.11,True
ACT-2026-000896,2026-07-06,K03,P-FIX-WFA,PID222386,None,1,6.61,True
ACT-2026-000897,2026-07-06,K04,P-MOB-GSM,PID813119,None,1,1.11,True
ACT-2026-000898,2026-07-06,K04,P-MOB-GSM,PID600326,None,1,1.11,True
ACT-2026-000899,2026-07-06,K04,P-MOB-GSM,PID564623,None,1,1.11,True
ACT-2026-000900,2026-07-06,K04,P-MOB-GSM,PID643749,None,1,1.11,True
ACT-2026-000901,2026-07-06,K04,P-MOB-OTH,PID453848,None,1,1.66,True
ACT-2026-000902,2026-07-06,K04,P-MOB-GSM,PID466468,None,1,1.11,True
ACT-2026-000903,2026-07-06,K04,P-MOB-GSM,PID178003,None,1,1.11,True
ACT-2026-000904,2026-07-06,K04,P-MOB-GSM,PID477678,None,1,1.11,True
ACT-2026-000905,2026-07-06,K04,P-MOB-GSM,PID599999,None,1,1.11,True
ACT-2026-000906,2026-07-06,K04,P-MOB-GSM,PID742436,None,1,1.11,True
ACT-2026-000907,2026-07-06,K04,P-MOB-GSM,PID889733,None,1,1.11,True
ACT-2026-000908,2026-07-06,K04,P-MOB-GSM,PID381185,MNP,1,2.21,True
ACT-2026-000909,2026-07-06,K05,P-MOB-GSM,PID870339,None,1,1.11,True
ACT-2026-000910,2026-07-06,K05,P-MOB-GSM,PID289530,None,1,1.11,True
ACT-2026-000911,2026-07-06,K05,P-MOB-GSM,PID907129,None,1,1.11,True
ACT-2026-000912,2026-07-06,K06,P-FIX-WFA,PID443352,FNP,1,6.61,True
ACT-2026-000913,2026-07-06,K06,P-MOB-GSM,PID741954,None,1,1.11,True
ACT-2026-000914,2026-07-06,K07,P-MOB-GSM,PID193454,None,1,0.97,True
ACT-2026-000915,2026-07-06,K07,P-MOB-GSM,PID246417,None,1,0.97,True
ACT-2026-000916,2026-07-06,K07,P-MOB-GSM,PID305181,None,1,0.97,True
ACT-2026-000917,2026-07-06,K07,P-MOB-GSM,PID640376,None,1,0.97,True
ACT-2026-000918,2026-07-06,K07,P-MOB-GSM,PID476041,None,1,0.97,True
ACT-2026-000919,2026-07-06,K07,P-MOB-GSM,PID567186,None,1,0.97,True
ACT-2026-000920,2026-07-06,K07,P-MOB-GSM,PID217726,None,1,0.97,True
ACT-2026-000921,2026-07-06,K07,P-MOB-GSM,PID752459,MNP,1,1.94,True
ACT-2026-000922,2026-07-06,K07,P-MOB-GSM,PID844859,None,1,0.97,True
ACT-2026-000923,2026-07-06,K07,P-MOB-GSM,PID125067,None,1,0.97,True
ACT-2026-000924,2026-07-06,K07,P-MOB-GSM,PID862526,None,1,0.97,True
ACT-2026-000925,2026-07-06,K07,P-MOB-GSM,PID287085,None,1,0.97,True
ACT-2026-000926,2026-07-06,K07,P-MOB-GSM,PID396213,None,1,0.97,True
ACT-2026-000927,2026-07-06,K08,P-MOB-GSM,PID441154,None,1,0.97,True
ACT-2026-000928,2026-07-06,K08,P-MOB-GSM,PID746480,MNP,1,1.94,True
ACT-2026-000929,2026-07-06,K08,P-MOB-GSM,PID639524,None,1,0.97,True
ACT-2026-000930,2026-07-06,K08,P-MOB-GSM,PID909493,None,1,0.97,True
ACT-2026-000931,2026-07-06,K08,P-MOB-GSM,PID335457,None,1,0.97,True
ACT-2026-000932,2026-07-06,K08,P-MOB-GSM,PID980589,None,1,0.97,True
ACT-2026-000933,2026-07-06,K08,P-MOB-GSM,PID670661,None,1,0.97,True
ACT-2026-000934,2026-07-06,K08,P-MOB-GSM,PID976153,MNP,1,1.94,True
ACT-2026-000935,2026-07-06,K09,P-MOB-OTH,PID848187,None,1,1.45,True
ACT-2026-000936,2026-07-06,K09,P-DIG-SVC,PID151661,None,1,5.57,True
ACT-2026-000937,2026-07-06,K09,P-MOB-GSM,PID304523,None,1,0.0,False
ACT-2026-000938,2026-07-06,K09,P-MOB-GSM,PID114579,None,1,0.97,True
ACT-2026-000939,2026-07-06,K09,P-MOB-GSM,PID290596,None,1,0.97,True
ACT-2026-000940,2026-07-06,K09,P-MOB-GSM,PID711888,None,1,0.97,True
ACT-2026-000941,2026-07-06,K09,P-MOB-GSM,PID141796,None,1,0.97,True
ACT-2026-000942,2026-07-06,K09,P-MOB-GSM,PID368141,None,1,0.97,True
ACT-2026-000943,2026-07-06,K09,P-MOB-GSM,PID882170,None,1,0.97,True
ACT-2026-000944,2026-07-06,K09,P-DEV-DEV,PID435449,None,1,6.08,True
ACT-2026-000945,2026-07-06,K09,P-MOB-GSM,PID377279,None,1,0.97,True
ACT-2026-000946,2026-07-06,K09,P-MOB-GSM,PID652735,None,1,0.97,True
ACT-2026-000947,2026-07-06,K10,P-MOB-GSM,PID187017,None,1,0.97,True
ACT-2026-000948,2026-07-06,K10,P-MOB-OTH,PID597704,None,1,1.45,True
ACT-2026-000949,2026-07-06,K10,P-MOB-GSM,PID577456,None,1,0.97,True
ACT-2026-000950,2026-07-06,K11,P-MOB-GSM,PID892974,None,1,0.97,True
ACT-2026-000951,2026-07-06,K11,P-MOB-GSM,PID622092,None,1,0.97,True
ACT-2026-000952,2026-07-06,K11,P-MOB-GSM,PID290428,MNP,1,1.94,True
ACT-2026-000953,2026-07-06,K11,P-MOB-GSM,PID377858,None,1,0.97,True
ACT-2026-000954,2026-07-06,K11,P-MOB-GSM,PID552693,None,1,0.97,True
ACT-2026-000955,2026-07-06,K12,P-MOB-GSM,PID554963,None,1,0.97,True
ACT-2026-000956,2026-07-06,K12,P-MOB-GSM,PID929721,MNP,1,1.94,True
ACT-2026-000957,2026-07-06,K13,P-MOB-GSM,PID320103,MNP,1,2.07,True
ACT-2026-000958,2026-07-06,K13,P-MOB-GSM,PID618954,None,1,1.03,True
ACT-2026-000959,2026-07-06,K13,P-MOB-GSM,PID267132,None,1,1.03,True
ACT-2026-000960,2026-07-06,K13,P-MOB-GSM,PID521757,None,1,1.03,True
ACT-2026-000961,2026-07-06,K13,P-FIX-WFA,PID339173,None,1,3.89,True
ACT-2026-000962,2026-07-06,K13,P-MOB-GSM,PID898752,None,1,1.03,True
ACT-2026-000963,2026-07-06,K13,P-MOB-GSM,PID958407,MNP,1,2.07,True
ACT-2026-000964,2026-07-06,K13,P-MOB-OTH,PID774680,None,1,1.55,True
ACT-2026-000965,2026-07-06,K13,P-MOB-GSM,PID135348,None,1,1.03,True
ACT-2026-000966,2026-07-06,K13,P-MOB-GSM,PID398913,None,1,1.03,True
ACT-2026-000967,2026-07-06,K13,P-MOB-OTH,PID927583,None,1,1.55,True
ACT-2026-000968,2026-07-06,K13,P-MOB-GSM,PID518936,MNP,1,2.07,True
ACT-2026-000969,2026-07-06,K13,P-MOB-GSM,PID402107,MNP,1,2.07,True
ACT-2026-000970,2026-07-06,K13,P-MOB-GSM,PID980796,None,1,1.03,True
ACT-2026-000971,2026-07-06,K13,P-MOB-GSM,PID642569,None,1,1.03,True
ACT-2026-000972,2026-07-06,K14,P-MOB-GSM,PID532489,None,1,1.03,True
ACT-2026-000973,2026-07-06,K14,P-MOB-GSM,PID669481,MNP,1,2.07,True
ACT-2026-000974,2026-07-06,K14,P-MOB-GSM,PID942754,MNP,1,2.07,True
ACT-2026-000975,2026-07-06,K14,P-MOB-GSM,PID728964,MNP,1,2.07,True
ACT-2026-000976,2026-07-06,K14,P-MOB-GSM,PID106446,None,1,1.03,True
ACT-2026-000977,2026-07-06,K14,P-MOB-OTH,PID460127,None,1,1.55,True
ACT-2026-000978,2026-07-06,K14,P-MOB-GSM,PID720904,MNP,1,2.07,True
ACT-2026-000979,2026-07-06,K15,P-MOB-GSM,PID642404,None,1,1.03,True
ACT-2026-000980,2026-07-06,K15,P-MOB-GSM,PID184882,None,1,1.03,True
ACT-2026-000981,2026-07-06,K15,P-MOB-GSM,PID799871,None,1,1.03,True
ACT-2026-000982,2026-07-06,K15,P-MOB-GSM,PID178963,None,1,1.03,True
ACT-2026-000983,2026-07-06,K16,P-MOB-GSM,PID863480,None,1,1.03,True
ACT-2026-000984,2026-07-06,K16,P-MOB-GSM,PID492312,None,1,1.03,True
ACT-2026-000985,2026-07-06,K16,P-MOB-GSM,PID392691,MNP,1,2.07,True
ACT-2026-000986,2026-07-06,K16,P-MOB-GSM,PID446198,None,1,1.03,True
ACT-2026-000987,2026-07-06,K16,P-DEV-DEV,PID127439,None,1,6.58,True
ACT-2026-000988,2026-07-06,K16,P-MOB-GSM,PID466296,None,1,1.03,True
ACT-2026-000989,2026-07-06,K16,P-MOB-GSM,PID580762,None,1,1.03,True
ACT-2026-000990,2026-07-06,K17,P-MOB-GSM,PID518984,None,1,1.03,True
ACT-2026-000991,2026-07-06,K17,P-MOB-GSM,PID648073,None,1,1.03,True
ACT-2026-000992,2026-07-06,K17,P-MOB-GSM,PID860320,None,1,1.03,True
ACT-2026-000993,2026-07-06,K17,P-FIX-FBR,PID544608,None,1,6.48,True
ACT-2026-000994,2026-07-06,K17,P-MOB-GSM,PID971584,None,1,1.03,True
ACT-2026-000995,2026-07-06,K18,P-MOB-GSM,PID819734,MNP,1,2.07,True
ACT-2026-000996,2026-07-06,K18,P-MOB-OTH,PID107058,None,1,1.55,True
ACT-2026-000997,2026-07-06,K18,P-MOB-GSM,PID628495,None,1,1.03,True
ACT-2026-000998,2026-07-06,K18,P-MOB-GSM,PID241780,None,1,1.03,True
ACT-2026-000999,2026-07-06,K18,P-MOB-GSM,PID449221,MNP,1,2.07,True
ACT-2026-001000,2026-07-07,K01,P-MOB-GSM,PID908006,None,1,1.11,True
ACT-2026-001001,2026-07-07,K01,P-MOB-GSM,PID787098,None,1,1.11,True
ACT-2026-001002,2026-07-07,K01,P-MOB-GSM,PID877511,None,1,1.11,True
ACT-2026-001003,2026-07-07,K01,P-MOB-OTH,PID890355,None,1,1.66,True
ACT-2026-001004,2026-07-07,K01,P-MOB-GSM,PID861237,None,1,1.11,True
ACT-2026-001005,2026-07-07,K01,P-MOB-GSM,PID701776,None,1,1.11,True
ACT-2026-001006,2026-07-07,K01,P-MOB-GSM,PID964120,None,1,1.11,True
ACT-2026-001007,2026-07-07,K01,P-MOB-GSM,PID374247,None,1,1.11,True
ACT-2026-001008,2026-07-07,K01,P-MOB-GSM,PID332170,None,1,1.11,True
ACT-2026-001009,2026-07-07,K01,P-MOB-GSM,PID996882,None,1,1.11,True
ACT-2026-001010,2026-07-07,K01,P-MOB-GSM,PID378004,None,1,1.11,True
ACT-2026-001011,2026-07-07,K01,P-MOB-GSM,PID375457,None,1,1.11,True
ACT-2026-001012,2026-07-07,K01,P-MOB-GSM,PID294401,None,1,1.11,True
ACT-2026-001013,2026-07-07,K01,P-MOB-GSM,PID871223,MNP,1,2.21,True
ACT-2026-001014,2026-07-07,K01,P-MOB-GSM,PID333709,None,1,1.11,True
ACT-2026-001015,2026-07-07,K01,P-MOB-GSM,PID358866,None,1,1.11,True
ACT-2026-001016,2026-07-07,K01,P-MOB-GSM,PID509422,None,1,1.11,True
ACT-2026-001017,2026-07-07,K02,P-MOB-OTH,PID510045,None,1,1.66,True
ACT-2026-001018,2026-07-07,K02,P-MOB-OTH,PID670366,None,1,1.66,True
ACT-2026-001019,2026-07-07,K02,P-MOB-GSM,PID742115,None,1,1.11,True
ACT-2026-001020,2026-07-07,K02,P-MOB-GSM,PID196844,None,1,1.11,True
ACT-2026-001021,2026-07-07,K02,P-MOB-GSM,PID951216,None,1,1.11,True
ACT-2026-001022,2026-07-07,K02,P-MOB-GSM,PID681601,None,1,1.11,True
ACT-2026-001023,2026-07-07,K02,P-MOB-GSM,PID517766,None,1,1.11,True
ACT-2026-001024,2026-07-07,K02,P-MOB-GSM,PID939397,None,1,1.11,True
ACT-2026-001025,2026-07-07,K02,P-MOB-GSM,PID640093,None,1,1.11,True
ACT-2026-001026,2026-07-07,K03,P-DEV-DEV,PID463903,None,1,4.28,True
ACT-2026-001027,2026-07-07,K03,P-MOB-GSM,PID796932,None,1,1.11,True
ACT-2026-001028,2026-07-07,K03,P-MOB-GSM,PID238471,None,1,1.11,True
ACT-2026-001029,2026-07-07,K03,P-MOB-GSM,PID283021,None,1,1.11,True
ACT-2026-001030,2026-07-07,K03,P-MOB-OTH,PID170765,None,1,0.0,False
ACT-2026-001031,2026-07-07,K03,P-MOB-GSM,PID693527,None,1,1.11,True
ACT-2026-001032,2026-07-07,K03,P-MOB-GSM,PID299612,None,1,1.11,True
ACT-2026-001033,2026-07-07,K03,P-MOB-GSM,PID345621,None,1,1.11,True
ACT-2026-001034,2026-07-07,K03,P-MOB-GSM,PID458644,MNP,1,2.21,True
ACT-2026-001035,2026-07-07,K03,P-MOB-GSM,PID340943,None,1,1.11,True
ACT-2026-001036,2026-07-07,K03,P-MOB-GSM,PID332024,None,1,1.11,True
ACT-2026-001037,2026-07-07,K03,P-MOB-GSM,PID795861,None,1,1.11,True
ACT-2026-001038,2026-07-07,K03,P-MOB-GSM,PID223591,None,1,1.11,True
ACT-2026-001039,2026-07-07,K04,P-DIG-SVC,PID286654,None,1,5.6,True
ACT-2026-001040,2026-07-07,K04,P-MOB-GSM,PID855791,MNP,1,2.21,True
ACT-2026-001041,2026-07-07,K04,P-MOB-GSM,PID307197,MNP,1,2.21,True
ACT-2026-001042,2026-07-07,K04,P-MOB-GSM,PID381172,None,1,1.11,True
ACT-2026-001043,2026-07-07,K04,P-MOB-GSM,PID370301,None,1,1.11,True
ACT-2026-001044,2026-07-07,K04,P-MOB-GSM,PID339873,None,1,1.11,True
ACT-2026-001045,2026-07-07,K04,P-MOB-GSM,PID389937,None,1,1.11,True
ACT-2026-001046,2026-07-07,K04,P-MOB-GSM,PID493457,None,1,1.11,True
ACT-2026-001047,2026-07-07,K04,P-MOB-GSM,PID501895,None,1,1.11,True
ACT-2026-001048,2026-07-07,K05,P-MOB-GSM,PID137125,None,1,1.11,True
ACT-2026-001049,2026-07-07,K05,P-MOB-GSM,PID969708,MNP,1,2.21,True
ACT-2026-001050,2026-07-07,K05,P-MOB-GSM,PID788745,None,1,1.11,True
ACT-2026-001051,2026-07-07,K05,P-MOB-GSM,PID285781,None,1,1.11,True
ACT-2026-001052,2026-07-07,K05,P-MOB-GSM,PID146774,None,1,1.11,True
ACT-2026-001053,2026-07-07,K05,P-MOB-GSM,PID579905,MNP,1,2.21,True
ACT-2026-001054,2026-07-07,K05,P-MOB-GSM,PID881708,None,1,1.11,True
ACT-2026-001055,2026-07-07,K05,P-MOB-GSM,PID589843,None,1,1.11,True
ACT-2026-001056,2026-07-07,K05,P-MOB-GSM,PID324755,None,1,1.11,True
ACT-2026-001057,2026-07-07,K05,P-MOB-GSM,PID625744,None,1,1.11,True
ACT-2026-001058,2026-07-07,K06,P-MOB-GSM,PID136768,None,1,1.11,True
ACT-2026-001059,2026-07-07,K06,P-MOB-GSM,PID327707,None,1,1.11,True
ACT-2026-001060,2026-07-07,K06,P-MOB-GSM,PID298117,None,1,1.11,True
ACT-2026-001061,2026-07-07,K06,P-MOB-GSM,PID659510,MNP,1,2.21,True
ACT-2026-001062,2026-07-07,K06,P-MOB-GSM,PID970864,None,1,1.11,True
ACT-2026-001063,2026-07-07,K06,P-MOB-GSM,PID406545,MNP,1,2.21,True
ACT-2026-001064,2026-07-07,K07,P-MOB-GSM,PID778007,None,1,0.97,True
ACT-2026-001065,2026-07-07,K07,P-MOB-GSM,PID554750,None,1,0.97,True
ACT-2026-001066,2026-07-07,K07,P-MOB-OTH,PID688945,None,1,1.45,True
ACT-2026-001067,2026-07-07,K07,P-MOB-GSM,PID346609,None,1,0.97,True
ACT-2026-001068,2026-07-07,K07,P-MOB-GSM,PID864824,None,1,0.97,True
ACT-2026-001069,2026-07-07,K07,P-MOB-GSM,PID804363,None,1,0.97,True
ACT-2026-001070,2026-07-07,K07,P-MOB-GSM,PID523867,None,1,0.97,True
ACT-2026-001071,2026-07-07,K07,P-MOB-GSM,PID361645,None,1,0.97,True
ACT-2026-001072,2026-07-07,K07,P-MOB-GSM,PID930208,None,1,0.97,True
ACT-2026-001073,2026-07-07,K07,P-MOB-GSM,PID122976,MNP,1,1.94,True
ACT-2026-001074,2026-07-07,K07,P-FIX-FBR,PID236114,None,1,9.71,True
ACT-2026-001075,2026-07-07,K07,P-MOB-GSM,PID763684,None,1,0.97,True
ACT-2026-001076,2026-07-07,K07,P-MOB-GSM,PID234376,None,1,0.97,True
ACT-2026-001077,2026-07-07,K07,P-DIG-SVC,PID694185,None,1,5.57,True
ACT-2026-001078,2026-07-07,K07,P-MOB-GSM,PID862669,None,1,0.97,True
ACT-2026-001079,2026-07-07,K07,P-MOB-GSM,PID314215,None,1,0.97,True
ACT-2026-001080,2026-07-07,K07,P-FIX-FBR,PID651031,FNP,1,9.71,True
ACT-2026-001081,2026-07-07,K08,P-MOB-GSM,PID713949,None,1,0.97,True
ACT-2026-001082,2026-07-07,K08,P-MOB-GSM,PID958358,None,1,0.97,True
ACT-2026-001083,2026-07-07,K08,P-FIX-FBR,PID469528,FNP,1,9.71,True
ACT-2026-001084,2026-07-07,K08,P-MOB-GSM,PID660072,None,1,0.97,True
ACT-2026-001085,2026-07-07,K08,P-MOB-OTH,PID254329,None,1,1.45,True
ACT-2026-001086,2026-07-07,K08,P-MOB-GSM,PID822208,None,1,0.97,True
ACT-2026-001087,2026-07-07,K08,P-MOB-GSM,PID480761,None,1,0.97,True
ACT-2026-001088,2026-07-07,K08,P-MOB-GSM,PID340299,None,1,0.97,True
ACT-2026-001089,2026-07-07,K08,P-MOB-GSM,PID430142,None,1,0.97,True
ACT-2026-001090,2026-07-07,K09,P-MOB-GSM,PID992207,None,1,0.97,True
ACT-2026-001091,2026-07-07,K09,P-MOB-GSM,PID605752,MNP,1,1.94,True
ACT-2026-001092,2026-07-07,K09,P-MOB-GSM,PID846383,None,1,0.97,True
ACT-2026-001093,2026-07-07,K09,P-MOB-GSM,PID832260,None,1,0.97,True
ACT-2026-001094,2026-07-07,K09,P-FIX-BIB,PID999384,None,1,14.56,True
ACT-2026-001095,2026-07-07,K09,P-MOB-OTH,PID671421,None,1,1.45,True
ACT-2026-001096,2026-07-07,K09,P-FIX-WFA,PID849000,None,1,5.82,True
ACT-2026-001097,2026-07-07,K09,P-MOB-GSM,PID217401,None,1,0.97,True
ACT-2026-001098,2026-07-07,K10,P-FIX-BIB,PID390676,None,1,14.56,True
ACT-2026-001099,2026-07-07,K10,P-MOB-GSM,PID729039,None,1,0.97,True
ACT-2026-001100,2026-07-07,K10,P-FIX-FBR,PID593192,None,1,9.71,True
ACT-2026-001101,2026-07-07,K10,P-MOB-GSM,PID878043,None,1,0.97,True
ACT-2026-001102,2026-07-07,K10,P-MOB-OTH,PID921657,None,1,1.45,True
ACT-2026-001103,2026-07-07,K10,P-MOB-GSM,PID458281,None,1,0.97,True
ACT-2026-001104,2026-07-07,K10,P-MOB-GSM,PID115896,None,1,0.97,True
ACT-2026-001105,2026-07-07,K11,P-MOB-GSM,PID270440,MNP,1,1.94,True
ACT-2026-001106,2026-07-07,K11,P-MOB-GSM,PID129161,None,1,0.97,True
ACT-2026-001107,2026-07-07,K11,P-MOB-GSM,PID756101,None,1,0.97,True
ACT-2026-001108,2026-07-07,K11,P-MOB-GSM,PID999010,None,1,0.97,True
ACT-2026-001109,2026-07-07,K11,P-MOB-OTH,PID710962,None,1,1.45,True
ACT-2026-001110,2026-07-07,K12,P-MOB-GSM,PID393828,None,1,0.97,True
ACT-2026-001111,2026-07-07,K13,P-MOB-OTH,PID314654,None,1,1.55,True
ACT-2026-001112,2026-07-07,K13,P-MOB-OTH,PID339850,None,1,1.55,True
ACT-2026-001113,2026-07-07,K13,P-MOB-GSM,PID335010,None,1,1.03,True
ACT-2026-001114,2026-07-07,K13,P-MOB-GSM,PID239480,None,1,1.03,True
ACT-2026-001115,2026-07-07,K13,P-MOB-GSM,PID249806,None,1,1.03,True
ACT-2026-001116,2026-07-07,K13,P-MOB-GSM,PID398648,None,1,1.03,True
ACT-2026-001117,2026-07-07,K13,P-MOB-GSM,PID398122,None,1,1.03,True
ACT-2026-001118,2026-07-07,K13,P-MOB-GSM,PID522359,None,1,1.03,True
ACT-2026-001119,2026-07-07,K13,P-MOB-GSM,PID702161,MNP,1,2.07,True
ACT-2026-001120,2026-07-07,K13,P-MOB-GSM,PID257991,None,1,1.03,True
ACT-2026-001121,2026-07-07,K13,P-MOB-GSM,PID587689,None,1,1.03,True
ACT-2026-001122,2026-07-07,K14,P-MOB-GSM,PID135108,MNP,1,2.07,True
ACT-2026-001123,2026-07-07,K14,P-MOB-GSM,PID804019,None,1,1.03,True
ACT-2026-001124,2026-07-07,K14,P-FIX-WFA,PID826884,None,1,3.89,True
ACT-2026-001125,2026-07-07,K14,P-FIX-FBR,PID597654,None,1,6.48,True
ACT-2026-001126,2026-07-07,K14,P-FIX-WFA,PID928153,None,1,3.89,True
ACT-2026-001127,2026-07-07,K14,P-MOB-GSM,PID532696,None,1,1.03,True
ACT-2026-001128,2026-07-07,K14,P-MOB-GSM,PID356728,None,1,1.03,True
ACT-2026-001129,2026-07-07,K14,P-MOB-GSM,PID577587,None,1,1.03,True
ACT-2026-001130,2026-07-07,K14,P-MOB-GSM,PID839114,None,1,1.03,True
ACT-2026-001131,2026-07-07,K14,P-MOB-GSM,PID522586,None,1,1.03,True
ACT-2026-001132,2026-07-07,K14,P-MOB-GSM,PID647663,None,1,1.03,True
ACT-2026-001133,2026-07-07,K14,P-MOB-GSM,PID923015,None,1,1.03,True
ACT-2026-001134,2026-07-07,K14,P-MOB-GSM,PID860144,None,1,1.03,True
ACT-2026-001135,2026-07-07,K14,P-MOB-GSM,PID962732,None,1,1.03,True
ACT-2026-001136,2026-07-07,K15,P-MOB-GSM,PID699508,None,1,1.03,True
ACT-2026-001137,2026-07-07,K15,P-MOB-GSM,PID240784,None,1,1.03,True
ACT-2026-001138,2026-07-07,K15,P-MOB-GSM,PID662300,None,1,1.03,True
ACT-2026-001139,2026-07-07,K15,P-MOB-OTH,PID948624,None,1,1.55,True
ACT-2026-001140,2026-07-07,K15,P-MOB-GSM,PID585796,None,1,1.03,True
ACT-2026-001141,2026-07-07,K16,P-MOB-OTH,PID941042,None,1,1.55,True
ACT-2026-001142,2026-07-07,K16,P-MOB-GSM,PID540187,None,1,1.03,True
ACT-2026-001143,2026-07-07,K16,P-MOB-GSM,PID449104,MNP,1,2.07,True
ACT-2026-001144,2026-07-07,K16,P-MOB-GSM,PID306982,MNP,1,2.07,True
ACT-2026-001145,2026-07-07,K16,P-MOB-GSM,PID158314,None,1,1.03,True
ACT-2026-001146,2026-07-07,K16,P-MOB-GSM,PID108312,None,1,1.03,True
ACT-2026-001147,2026-07-07,K16,P-MOB-GSM,PID173208,None,1,1.03,True
ACT-2026-001148,2026-07-07,K17,P-MOB-GSM,PID881321,None,1,1.03,True
ACT-2026-001149,2026-07-07,K17,P-MOB-GSM,PID700279,None,1,1.03,True
ACT-2026-001150,2026-07-07,K17,P-FIX-WFA,PID773520,None,1,3.89,True
ACT-2026-001151,2026-07-07,K17,P-MOB-GSM,PID987175,None,1,1.03,True
ACT-2026-001152,2026-07-07,K18,P-MOB-GSM,PID819877,MNP,1,2.07,True
ACT-2026-001153,2026-07-07,K18,P-MOB-GSM,PID657058,MNP,1,2.07,True
ACT-2026-001154,2026-07-08,K01,P-MOB-GSM,PID727877,None,1,1.11,True
ACT-2026-001155,2026-07-08,K01,P-MOB-GSM,PID175948,MNP,1,2.21,True
ACT-2026-001156,2026-07-08,K01,P-MOB-GSM,PID170483,None,1,1.11,True
ACT-2026-001157,2026-07-08,K01,P-MOB-GSM,PID569462,None,1,1.11,True
ACT-2026-001158,2026-07-08,K01,P-MOB-GSM,PID129290,None,1,1.11,True
ACT-2026-001159,2026-07-08,K01,P-MOB-GSM,PID881957,None,1,1.11,True
ACT-2026-001160,2026-07-08,K01,P-MOB-GSM,PID918189,None,1,1.11,True
ACT-2026-001161,2026-07-08,K01,P-MOB-GSM,PID328827,MNP,1,2.21,True
ACT-2026-001162,2026-07-08,K01,P-MOB-GSM,PID677951,None,1,1.11,True
ACT-2026-001163,2026-07-08,K01,P-MOB-GSM,PID144660,None,1,1.11,True
ACT-2026-001164,2026-07-08,K01,P-DIG-SVC,PID406496,None,1,5.6,True
ACT-2026-001165,2026-07-08,K01,P-MOB-GSM,PID472817,None,1,1.11,True
ACT-2026-001166,2026-07-08,K01,P-MOB-GSM,PID541237,MNP,1,2.21,True
ACT-2026-001167,2026-07-08,K01,P-MOB-GSM,PID738122,MNP,1,2.21,True
ACT-2026-001168,2026-07-08,K01,P-MOB-GSM,PID751292,None,1,1.11,True
ACT-2026-001169,2026-07-08,K01,P-MOB-GSM,PID278772,None,1,1.11,True
ACT-2026-001170,2026-07-08,K01,P-MOB-GSM,PID494254,MNP,1,2.21,True
ACT-2026-001171,2026-07-08,K02,P-MOB-GSM,PID332269,None,1,1.11,True
ACT-2026-001172,2026-07-08,K02,P-MOB-GSM,PID824589,None,1,1.11,True
ACT-2026-001173,2026-07-08,K02,P-MOB-GSM,PID626813,None,1,1.11,True
ACT-2026-001174,2026-07-08,K02,P-MOB-GSM,PID501413,None,1,1.11,True
ACT-2026-001175,2026-07-08,K02,P-MOB-GSM,PID102209,MNP,1,2.21,True
ACT-2026-001176,2026-07-08,K02,P-MOB-GSM,PID674249,None,1,1.11,True
ACT-2026-001177,2026-07-08,K02,P-MOB-GSM,PID797630,None,1,1.11,True
ACT-2026-001178,2026-07-08,K02,P-FIX-FBR,PID704831,None,1,11.02,True
ACT-2026-001179,2026-07-08,K02,P-MOB-GSM,PID896818,None,1,1.11,True
ACT-2026-001180,2026-07-08,K02,P-MOB-GSM,PID701047,None,1,1.11,True
ACT-2026-001181,2026-07-08,K02,P-MOB-OTH,PID252506,None,1,1.66,True
ACT-2026-001182,2026-07-08,K03,P-MOB-GSM,PID928241,None,1,1.11,True
ACT-2026-001183,2026-07-08,K03,P-DIG-SVC,PID375297,None,1,5.6,True
ACT-2026-001184,2026-07-08,K03,P-FIX-FBR,PID396974,FNP,1,11.02,True
ACT-2026-001185,2026-07-08,K03,P-MOB-GSM,PID282782,None,1,1.11,True
ACT-2026-001186,2026-07-08,K03,P-MOB-GSM,PID244183,None,1,1.11,True
ACT-2026-001187,2026-07-08,K03,P-MOB-GSM,PID680508,None,1,1.11,True
ACT-2026-001188,2026-07-08,K04,P-MOB-GSM,PID470670,None,1,1.11,True
ACT-2026-001189,2026-07-08,K04,P-MOB-GSM,PID691277,None,1,1.11,True
ACT-2026-001190,2026-07-08,K04,P-MOB-GSM,PID630719,None,1,1.11,True
ACT-2026-001191,2026-07-08,K04,P-FIX-FBR,PID575834,None,1,11.02,True
ACT-2026-001192,2026-07-08,K04,P-MOB-OTH,PID768319,None,1,1.66,True
ACT-2026-001193,2026-07-08,K04,P-MOB-GSM,PID807510,None,1,1.11,True
ACT-2026-001194,2026-07-08,K05,P-DIG-SVC,PID301563,None,1,5.6,True
ACT-2026-001195,2026-07-08,K05,P-DIG-SVC,PID196044,None,1,5.6,True
ACT-2026-001196,2026-07-08,K05,P-MOB-GSM,PID937196,None,1,1.11,True
ACT-2026-001197,2026-07-08,K05,P-MOB-OTH,PID885085,None,1,1.66,True
ACT-2026-001198,2026-07-08,K05,P-MOB-GSM,PID586662,None,1,1.11,True
ACT-2026-001199,2026-07-08,K06,P-MOB-OTH,PID670212,None,1,1.66,True
ACT-2026-001200,2026-07-08,K07,P-MOB-GSM,PID404665,MNP,1,1.94,True
ACT-2026-001201,2026-07-08,K07,P-MOB-GSM,PID713788,None,1,0.97,True
ACT-2026-001202,2026-07-08,K07,P-MOB-GSM,PID295217,MNP,1,1.94,True
ACT-2026-001203,2026-07-08,K07,P-MOB-GSM,PID676827,None,1,0.97,True
ACT-2026-001204,2026-07-08,K07,P-MOB-GSM,PID533655,None,1,0.97,True
ACT-2026-001205,2026-07-08,K07,P-MOB-GSM,PID147345,None,1,0.97,True
ACT-2026-001206,2026-07-08,K07,P-MOB-GSM,PID772111,None,1,0.97,True
ACT-2026-001207,2026-07-08,K07,P-MOB-GSM,PID976639,None,1,0.97,True
ACT-2026-001208,2026-07-08,K07,P-FIX-FBR,PID301719,None,1,9.71,True
ACT-2026-001209,2026-07-08,K07,P-MOB-GSM,PID211836,MNP,1,1.94,True
ACT-2026-001210,2026-07-08,K07,P-MOB-GSM,PID899309,None,1,0.97,True
ACT-2026-001211,2026-07-08,K07,P-MOB-GSM,PID975550,MNP,1,1.94,True
ACT-2026-001212,2026-07-08,K07,P-MOB-GSM,PID347325,None,1,0.97,True
ACT-2026-001213,2026-07-08,K08,P-MOB-OTH,PID273135,None,1,1.45,True
ACT-2026-001214,2026-07-08,K08,P-DIG-SVC,PID635138,None,1,5.57,True
ACT-2026-001215,2026-07-08,K08,P-MOB-GSM,PID446980,MNP,1,1.94,True
ACT-2026-001216,2026-07-08,K08,P-MOB-GSM,PID971788,None,1,0.97,True
ACT-2026-001217,2026-07-08,K08,P-MOB-OTH,PID142560,None,1,1.45,True
ACT-2026-001218,2026-07-08,K08,P-MOB-GSM,PID626513,None,1,0.97,True
ACT-2026-001219,2026-07-08,K08,P-MOB-GSM,PID233737,None,1,0.97,True
ACT-2026-001220,2026-07-08,K08,P-MOB-GSM,PID821344,MNP,1,1.94,True
ACT-2026-001221,2026-07-08,K08,P-MOB-GSM,PID794240,MNP,1,1.94,True
ACT-2026-001222,2026-07-08,K08,P-MOB-GSM,PID594811,None,1,0.97,True
ACT-2026-001223,2026-07-08,K08,P-MOB-GSM,PID930226,None,1,0.97,True
ACT-2026-001224,2026-07-08,K08,P-MOB-GSM,PID891167,None,1,0.97,True
ACT-2026-001225,2026-07-08,K09,P-MOB-GSM,PID577291,None,1,0.97,True
ACT-2026-001226,2026-07-08,K09,P-FIX-FBR,PID870851,None,1,9.71,True
ACT-2026-001227,2026-07-08,K09,P-MOB-GSM,PID484255,MNP,1,1.94,True
ACT-2026-001228,2026-07-08,K09,P-MOB-GSM,PID180119,MNP,1,1.94,True
ACT-2026-001229,2026-07-08,K09,P-MOB-GSM,PID136371,None,1,0.97,True
ACT-2026-001230,2026-07-08,K09,P-MOB-GSM,PID552466,None,1,0.97,True
ACT-2026-001231,2026-07-08,K09,P-MOB-GSM,PID134764,MNP,1,1.94,True
ACT-2026-001232,2026-07-08,K09,P-DIG-SVC,PID620237,None,1,5.57,True
ACT-2026-001233,2026-07-08,K09,P-MOB-GSM,PID126365,None,1,0.97,True
ACT-2026-001234,2026-07-08,K09,P-MOB-GSM,PID760959,None,1,0.97,True
ACT-2026-001235,2026-07-08,K10,P-MOB-GSM,PID271348,None,1,0.97,True
ACT-2026-001236,2026-07-08,K10,P-MOB-GSM,PID105726,None,1,0.97,True
ACT-2026-001237,2026-07-08,K10,P-MOB-GSM,PID694629,None,1,0.97,True
ACT-2026-001238,2026-07-08,K10,P-MOB-GSM,PID980495,None,1,0.97,True
ACT-2026-001239,2026-07-08,K10,P-MOB-GSM,PID826771,None,1,0.97,True
ACT-2026-001240,2026-07-08,K10,P-MOB-GSM,PID969674,MNP,1,1.94,True
ACT-2026-001241,2026-07-08,K10,P-MOB-GSM,PID204965,None,1,0.97,True
ACT-2026-001242,2026-07-08,K11,P-MOB-GSM,PID928945,None,1,0.97,True
ACT-2026-001243,2026-07-08,K11,P-MOB-GSM,PID406685,MNP,1,1.94,True
ACT-2026-001244,2026-07-08,K11,P-MOB-GSM,PID658806,None,1,0.97,True
ACT-2026-001245,2026-07-08,K12,P-MOB-GSM,PID343133,None,1,0.97,True
ACT-2026-001246,2026-07-08,K12,P-MOB-GSM,PID228627,None,1,0.97,True
ACT-2026-001247,2026-07-08,K12,P-FIX-FBR,PID992035,None,1,9.59,True
ACT-2026-001248,2026-07-08,K12,P-MOB-GSM,PID856881,None,1,0.97,True
ACT-2026-001249,2026-07-08,K12,P-MOB-OTH,PID351508,None,1,1.45,True
ACT-2026-001250,2026-07-08,K12,P-MOB-GSM,PID984525,None,1,0.97,True
ACT-2026-001251,2026-07-08,K13,P-MOB-GSM,PID322894,None,1,1.03,True
ACT-2026-001252,2026-07-08,K13,P-MOB-GSM,PID602528,None,1,1.03,True
ACT-2026-001253,2026-07-08,K13,P-MOB-GSM,PID879610,None,1,1.03,True
ACT-2026-001254,2026-07-08,K13,P-MOB-OTH,PID250724,None,1,1.55,True
ACT-2026-001255,2026-07-08,K13,P-MOB-GSM,PID124624,None,1,1.03,True
ACT-2026-001256,2026-07-08,K13,P-MOB-GSM,PID647040,None,1,1.03,True
ACT-2026-001257,2026-07-08,K13,P-MOB-GSM,PID900192,MNP,1,2.07,True
ACT-2026-001258,2026-07-08,K13,P-MOB-GSM,PID446382,MNP,1,2.07,True
ACT-2026-001259,2026-07-08,K13,P-FIX-FBR,PID667805,None,1,6.48,True
ACT-2026-001260,2026-07-08,K13,P-MOB-GSM,PID670460,None,1,1.03,True
ACT-2026-001261,2026-07-08,K14,P-FIX-FBR,PID910802,None,1,6.48,True
ACT-2026-001262,2026-07-08,K14,P-MOB-GSM,PID298915,MNP,1,2.07,True
ACT-2026-001263,2026-07-08,K14,P-MOB-GSM,PID827369,None,1,1.03,True
ACT-2026-001264,2026-07-08,K14,P-MOB-OTH,PID672178,None,1,1.55,True
ACT-2026-001265,2026-07-08,K14,P-MOB-GSM,PID889079,None,1,1.03,True
ACT-2026-001266,2026-07-08,K14,P-MOB-GSM,PID963773,None,1,1.03,True
ACT-2026-001267,2026-07-08,K14,P-MOB-GSM,PID398083,None,1,1.03,True
ACT-2026-001268,2026-07-08,K14,P-MOB-GSM,PID488131,MNP,1,2.07,True
ACT-2026-001269,2026-07-08,K14,P-MOB-GSM,PID990293,None,1,1.03,True
ACT-2026-001270,2026-07-08,K14,P-MOB-OTH,PID878275,None,1,1.55,True
ACT-2026-001271,2026-07-08,K14,P-MOB-GSM,PID485383,MNP,1,2.07,True
ACT-2026-001272,2026-07-08,K14,P-MOB-GSM,PID508023,MNP,1,2.07,True
ACT-2026-001273,2026-07-08,K14,P-DIG-SVC,PID880085,None,1,4.92,True
ACT-2026-001274,2026-07-08,K15,P-MOB-GSM,PID319703,None,1,1.03,True
ACT-2026-001275,2026-07-08,K15,P-MOB-GSM,PID284374,MNP,1,2.07,True
ACT-2026-001276,2026-07-08,K15,P-MOB-GSM,PID678551,None,1,1.03,True
ACT-2026-001277,2026-07-08,K15,P-MOB-GSM,PID818471,None,1,1.03,True
ACT-2026-001278,2026-07-08,K15,P-MOB-GSM,PID277988,None,1,1.03,True
ACT-2026-001279,2026-07-08,K15,P-MOB-GSM,PID598744,None,1,1.03,True
ACT-2026-001280,2026-07-08,K15,P-MOB-GSM,PID394285,MNP,1,2.07,True
ACT-2026-001281,2026-07-08,K15,P-MOB-GSM,PID570215,None,1,1.03,True
ACT-2026-001282,2026-07-08,K15,P-FIX-WFA,PID214498,None,1,3.89,True
ACT-2026-001283,2026-07-08,K16,P-MOB-GSM,PID705726,None,1,1.03,True
ACT-2026-001284,2026-07-08,K16,P-MOB-GSM,PID368138,None,1,1.03,True
ACT-2026-001285,2026-07-08,K16,P-MOB-GSM,PID782933,None,1,1.03,True
ACT-2026-001286,2026-07-08,K16,P-MOB-GSM,PID870646,None,1,1.03,True
ACT-2026-001287,2026-07-08,K16,P-FIX-FBR,PID797631,None,1,6.48,True
ACT-2026-001288,2026-07-08,K16,P-MOB-GSM,PID384022,None,1,1.03,True
ACT-2026-001289,2026-07-08,K16,P-MOB-GSM,PID634153,None,1,1.03,True
ACT-2026-001290,2026-07-08,K16,P-MOB-GSM,PID306768,MNP,1,2.07,True
ACT-2026-001291,2026-07-08,K16,P-DIG-SVC,PID191633,None,1,4.92,True
ACT-2026-001292,2026-07-08,K16,P-MOB-GSM,PID469119,None,1,1.03,True
ACT-2026-001293,2026-07-08,K16,P-MOB-GSM,PID924682,None,1,1.03,True
ACT-2026-001294,2026-07-08,K16,P-MOB-GSM,PID462397,None,1,1.03,True
ACT-2026-001295,2026-07-08,K16,P-DIG-SVC,PID754861,None,1,4.92,True
ACT-2026-001296,2026-07-08,K16,P-MOB-GSM,PID803960,None,1,1.03,True
ACT-2026-001297,2026-07-08,K17,P-MOB-GSM,PID272852,None,1,1.03,True
ACT-2026-001298,2026-07-08,K17,P-MOB-OTH,PID486795,None,1,1.55,True
ACT-2026-001299,2026-07-08,K17,P-MOB-GSM,PID206365,None,1,1.03,True
ACT-2026-001300,2026-07-08,K17,P-MOB-GSM,PID487522,None,1,1.03,True
ACT-2026-001301,2026-07-08,K17,P-MOB-GSM,PID725175,MNP,1,2.07,True
ACT-2026-001302,2026-07-08,K17,P-MOB-GSM,PID241764,None,1,1.03,True
ACT-2026-001303,2026-07-08,K17,P-MOB-GSM,PID822683,MNP,1,2.07,True
ACT-2026-001304,2026-07-08,K17,P-MOB-OTH,PID500762,None,1,1.55,True
ACT-2026-001305,2026-07-08,K17,P-MOB-GSM,PID281216,MNP,1,2.07,True
ACT-2026-001306,2026-07-08,K18,P-MOB-GSM,PID566464,None,1,1.03,True
ACT-2026-001307,2026-07-08,K18,P-MOB-GSM,PID112260,None,1,1.03,True
ACT-2026-001308,2026-07-09,K01,P-MOB-GSM,PID841690,None,1,1.11,True
ACT-2026-001309,2026-07-09,K01,P-MOB-GSM,PID572628,MNP,1,2.21,True
ACT-2026-001310,2026-07-09,K01,P-MOB-GSM,PID557015,None,1,1.11,True
ACT-2026-001311,2026-07-09,K01,P-MOB-GSM,PID805424,None,1,1.11,True
ACT-2026-001312,2026-07-09,K01,P-FIX-WFA,PID910196,None,1,6.61,True
ACT-2026-001313,2026-07-09,K01,P-MOB-GSM,PID812763,None,1,1.11,True
ACT-2026-001314,2026-07-09,K01,P-MOB-OTH,PID931084,None,1,1.66,True
ACT-2026-001315,2026-07-09,K01,P-MOB-GSM,PID772576,None,1,1.11,True
ACT-2026-001316,2026-07-09,K01,P-FIX-WFA,PID996195,None,1,6.61,True
ACT-2026-001317,2026-07-09,K01,P-MOB-GSM,PID921422,None,1,1.11,True
ACT-2026-001318,2026-07-09,K01,P-MOB-GSM,PID700356,None,1,1.11,True
ACT-2026-001319,2026-07-09,K01,P-MOB-GSM,PID886923,MNP,1,2.21,True
ACT-2026-001320,2026-07-09,K01,P-MOB-GSM,PID971785,None,1,1.11,True
ACT-2026-001321,2026-07-09,K01,P-MOB-GSM,PID501236,None,1,1.11,True
ACT-2026-001322,2026-07-09,K01,P-MOB-GSM,PID472404,MNP,1,2.21,True
ACT-2026-001323,2026-07-09,K01,P-MOB-GSM,PID468397,MNP,1,2.21,True
ACT-2026-001324,2026-07-09,K02,P-MOB-GSM,PID737209,None,1,1.11,True
ACT-2026-001325,2026-07-09,K02,P-MOB-GSM,PID870472,None,1,1.11,True
ACT-2026-001326,2026-07-09,K02,P-MOB-GSM,PID624422,MNP,1,2.21,True
ACT-2026-001327,2026-07-09,K02,P-MOB-OTH,PID789056,None,1,1.66,True
ACT-2026-001328,2026-07-09,K02,P-FIX-BIB,PID673432,None,1,16.52,True
ACT-2026-001329,2026-07-09,K02,P-MOB-GSM,PID286788,MNP,1,2.21,True
ACT-2026-001330,2026-07-09,K02,P-MOB-GSM,PID106885,None,1,1.11,True
ACT-2026-001331,2026-07-09,K02,P-MOB-GSM,PID388288,MNP,1,2.21,True
ACT-2026-001332,2026-07-09,K03,P-MOB-GSM,PID168203,None,1,1.11,True
ACT-2026-001333,2026-07-09,K03,P-MOB-GSM,PID295507,None,1,1.11,True
ACT-2026-001334,2026-07-09,K03,P-MOB-GSM,PID969509,MNP,1,2.21,True
ACT-2026-001335,2026-07-09,K03,P-MOB-OTH,PID612221,None,1,1.66,True
ACT-2026-001336,2026-07-09,K03,P-MOB-OTH,PID837796,None,1,1.66,True
ACT-2026-001337,2026-07-09,K03,P-MOB-GSM,PID617314,None,1,1.11,True
ACT-2026-001338,2026-07-09,K03,P-MOB-GSM,PID557478,None,1,1.11,True
ACT-2026-001339,2026-07-09,K03,P-MOB-GSM,PID361745,None,1,1.11,True
ACT-2026-001340,2026-07-09,K03,P-DIG-SVC,PID614704,None,1,5.6,True
ACT-2026-001341,2026-07-09,K03,P-MOB-GSM,PID175184,None,1,1.11,True
ACT-2026-001342,2026-07-09,K03,P-DEV-DEV,PID200574,None,1,4.28,True
ACT-2026-001343,2026-07-09,K04,P-MOB-GSM,PID447248,None,1,1.11,True
ACT-2026-001344,2026-07-09,K04,P-MOB-GSM,PID747309,None,1,1.11,True
ACT-2026-001345,2026-07-09,K04,P-MOB-GSM,PID915117,MNP,1,2.21,True
ACT-2026-001346,2026-07-09,K04,P-MOB-GSM,PID471354,None,1,1.11,True
ACT-2026-001347,2026-07-09,K04,P-FIX-WFA,PID305691,None,1,6.61,True
ACT-2026-001348,2026-07-09,K04,P-DEV-DEV,PID544260,None,1,4.28,True
ACT-2026-001349,2026-07-09,K04,P-MOB-GSM,PID748829,MNP,1,2.21,True
ACT-2026-001350,2026-07-09,K04,P-MOB-GSM,PID205774,None,1,1.11,True
ACT-2026-001351,2026-07-09,K04,P-MOB-GSM,PID997621,None,1,1.11,True
ACT-2026-001352,2026-07-09,K04,P-MOB-GSM,PID481765,None,1,1.11,True
ACT-2026-001353,2026-07-09,K05,P-MOB-GSM,PID126575,None,1,1.11,True
ACT-2026-001354,2026-07-09,K05,P-MOB-GSM,PID488346,None,1,1.11,True
ACT-2026-001355,2026-07-09,K05,P-MOB-GSM,PID766475,None,1,1.11,True
ACT-2026-001356,2026-07-09,K06,P-FIX-WFA,PID219399,None,1,6.61,True
ACT-2026-001357,2026-07-09,K06,P-MOB-GSM,PID864563,None,1,1.11,True
ACT-2026-001358,2026-07-09,K06,P-MOB-GSM,PID225418,MNP,1,2.21,True
ACT-2026-001359,2026-07-09,K06,P-MOB-GSM,PID859001,MNP,1,2.21,True
ACT-2026-001360,2026-07-09,K06,P-MOB-GSM,PID531754,None,1,1.11,True
ACT-2026-001361,2026-07-09,K07,P-MOB-GSM,PID687721,None,1,0.97,True
ACT-2026-001362,2026-07-09,K07,P-MOB-GSM,PID204332,None,1,0.97,True
ACT-2026-001363,2026-07-09,K07,P-MOB-GSM,PID775954,None,1,0.97,True
ACT-2026-001364,2026-07-09,K07,P-DIG-SVC,PID810640,None,1,5.57,True
ACT-2026-001365,2026-07-09,K07,P-MOB-GSM,PID872217,None,1,0.97,True
ACT-2026-001366,2026-07-09,K07,P-MOB-GSM,PID420661,None,1,0.97,True
ACT-2026-001367,2026-07-09,K07,P-MOB-GSM,PID828094,MNP,1,1.94,True
ACT-2026-001368,2026-07-09,K07,P-MOB-GSM,PID534104,MNP,1,1.94,True
ACT-2026-001369,2026-07-09,K07,P-MOB-GSM,PID612509,MNP,1,1.94,True
ACT-2026-001370,2026-07-09,K07,P-MOB-GSM,PID813844,MNP,1,0.0,False
ACT-2026-001371,2026-07-09,K07,P-MOB-GSM,PID978702,None,1,0.97,True
ACT-2026-001372,2026-07-09,K07,P-MOB-GSM,PID670500,None,1,0.97,True
ACT-2026-001373,2026-07-09,K07,P-MOB-GSM,PID863615,None,1,0.97,True
ACT-2026-001374,2026-07-09,K07,P-MOB-GSM,PID418110,None,1,0.97,True
ACT-2026-001375,2026-07-09,K07,P-MOB-GSM,PID773296,None,1,0.97,True
ACT-2026-001376,2026-07-09,K07,P-MOB-OTH,PID723283,None,1,1.45,True
ACT-2026-001377,2026-07-09,K07,P-MOB-GSM,PID990922,None,1,0.97,True
ACT-2026-001378,2026-07-09,K07,P-MOB-GSM,PID778232,None,1,0.97,True
ACT-2026-001379,2026-07-09,K07,P-MOB-GSM,PID354684,None,1,0.97,True
ACT-2026-001380,2026-07-09,K08,P-MOB-GSM,PID525735,None,1,0.97,True
ACT-2026-001381,2026-07-09,K08,P-MOB-GSM,PID609602,None,1,0.97,True
ACT-2026-001382,2026-07-09,K08,P-FIX-WFA,PID181572,None,1,5.82,True
ACT-2026-001383,2026-07-09,K08,P-MOB-GSM,PID578505,None,1,0.97,True
ACT-2026-001384,2026-07-09,K08,P-MOB-GSM,PID548747,None,1,0.97,True
ACT-2026-001385,2026-07-09,K08,P-MOB-GSM,PID311691,None,1,0.97,True
ACT-2026-001386,2026-07-09,K08,P-MOB-GSM,PID640461,MNP,1,1.94,True
ACT-2026-001387,2026-07-09,K08,P-DIG-SVC,PID374588,None,1,5.57,True
ACT-2026-001388,2026-07-09,K08,P-FIX-WFA,PID639926,FNP,1,5.82,True
ACT-2026-001389,2026-07-09,K08,P-MOB-OTH,PID820563,None,1,1.45,True
ACT-2026-001390,2026-07-09,K08,P-MOB-GSM,PID868757,MNP,1,1.94,True
ACT-2026-001391,2026-07-09,K08,P-MOB-GSM,PID630175,None,1,0.97,True
ACT-2026-001392,2026-07-09,K08,P-MOB-GSM,PID145538,None,1,0.97,True
ACT-2026-001393,2026-07-09,K08,P-MOB-GSM,PID612200,None,1,0.97,True
ACT-2026-001394,2026-07-09,K08,P-MOB-GSM,PID415714,MNP,1,1.94,True
ACT-2026-001395,2026-07-09,K08,P-MOB-GSM,PID506668,None,1,0.97,True
ACT-2026-001396,2026-07-09,K08,P-MOB-GSM,PID965228,None,1,0.97,True
ACT-2026-001397,2026-07-09,K09,P-MOB-GSM,PID443459,MNP,1,1.94,True
ACT-2026-001398,2026-07-09,K09,P-MOB-OTH,PID271141,None,1,1.45,True
ACT-2026-001399,2026-07-09,K09,P-MOB-GSM,PID157630,None,1,0.97,True
ACT-2026-001400,2026-07-09,K09,P-MOB-GSM,PID844009,MNP,1,1.94,True
ACT-2026-001401,2026-07-09,K09,P-MOB-GSM,PID775607,None,1,0.97,True
ACT-2026-001402,2026-07-09,K09,P-MOB-GSM,PID224905,None,1,0.97,True
ACT-2026-001403,2026-07-09,K09,P-MOB-GSM,PID567044,None,1,0.97,True
ACT-2026-001404,2026-07-09,K09,P-MOB-GSM,PID678041,None,1,0.97,True
ACT-2026-001405,2026-07-09,K09,P-MOB-GSM,PID263973,MNP,1,1.94,True
ACT-2026-001406,2026-07-09,K10,P-MOB-GSM,PID379225,None,1,0.97,True
ACT-2026-001407,2026-07-09,K10,P-MOB-GSM,PID678537,MNP,1,1.94,True
ACT-2026-001408,2026-07-09,K10,P-MOB-GSM,PID340436,MNP,1,1.94,True
ACT-2026-001409,2026-07-09,K10,P-MOB-GSM,PID867820,None,1,0.97,True
ACT-2026-001410,2026-07-09,K10,P-MOB-GSM,PID270068,None,1,0.97,True
ACT-2026-001411,2026-07-09,K10,P-MOB-GSM,PID958940,MNP,1,1.94,True
ACT-2026-001412,2026-07-09,K10,P-MOB-GSM,PID183107,MNP,1,1.94,True
ACT-2026-001413,2026-07-09,K10,P-MOB-GSM,PID898728,MNP,1,1.94,True
ACT-2026-001414,2026-07-09,K11,P-MOB-GSM,PID163901,MNP,1,1.94,True
ACT-2026-001415,2026-07-09,K11,P-FIX-BIB,PID697821,None,1,14.56,True
ACT-2026-001416,2026-07-09,K11,P-MOB-GSM,PID238409,None,1,0.97,True
ACT-2026-001417,2026-07-09,K11,P-MOB-GSM,PID692889,MNP,1,1.94,True
ACT-2026-001418,2026-07-09,K12,P-MOB-GSM,PID271894,None,1,0.97,True
ACT-2026-001419,2026-07-09,K12,P-MOB-GSM,PID569797,None,1,0.97,True
ACT-2026-001420,2026-07-09,K12,P-MOB-GSM,PID678123,MNP,1,1.94,True
ACT-2026-001421,2026-07-09,K13,P-MOB-GSM,PID593416,None,1,1.03,True
ACT-2026-001422,2026-07-09,K13,P-MOB-GSM,PID854985,None,1,1.03,True
ACT-2026-001423,2026-07-09,K13,P-MOB-GSM,PID157963,None,1,1.03,True
ACT-2026-001424,2026-07-09,K13,P-MOB-GSM,PID930145,None,1,1.03,True
ACT-2026-001425,2026-07-09,K13,P-MOB-GSM,PID915139,None,1,1.03,True
ACT-2026-001426,2026-07-09,K13,P-MOB-GSM,PID211377,None,1,1.03,True
ACT-2026-001427,2026-07-09,K13,P-MOB-GSM,PID334018,None,1,1.03,True
ACT-2026-001428,2026-07-09,K13,P-MOB-GSM,PID174373,None,1,1.03,True
ACT-2026-001429,2026-07-09,K13,P-MOB-OTH,PID719327,None,1,1.55,True
ACT-2026-001430,2026-07-09,K13,P-MOB-GSM,PID598583,MNP,1,2.07,True
ACT-2026-001431,2026-07-09,K13,P-MOB-GSM,PID753783,None,1,1.03,True
ACT-2026-001432,2026-07-09,K14,P-MOB-GSM,PID633973,None,1,1.03,True
ACT-2026-001433,2026-07-09,K14,P-MOB-GSM,PID236199,None,1,1.03,True
ACT-2026-001434,2026-07-09,K14,P-MOB-GSM,PID517841,None,1,1.03,True
ACT-2026-001435,2026-07-09,K14,P-MOB-GSM,PID602130,None,1,1.03,True
ACT-2026-001436,2026-07-09,K14,P-MOB-GSM,PID614999,None,1,1.03,True
ACT-2026-001437,2026-07-09,K14,P-MOB-GSM,PID178018,None,1,1.03,True
ACT-2026-001438,2026-07-09,K14,P-MOB-GSM,PID813348,None,1,1.03,True
ACT-2026-001439,2026-07-09,K14,P-MOB-GSM,PID466692,None,1,1.03,True
ACT-2026-001440,2026-07-09,K14,P-MOB-GSM,PID627821,None,1,1.03,True
ACT-2026-001441,2026-07-09,K14,P-MOB-GSM,PID885969,MNP,1,2.07,True
ACT-2026-001442,2026-07-09,K14,P-MOB-GSM,PID975451,MNP,1,2.07,True
ACT-2026-001443,2026-07-09,K15,P-MOB-GSM,PID925669,None,1,1.03,True
ACT-2026-001444,2026-07-09,K15,P-MOB-GSM,PID655907,None,1,1.03,True
ACT-2026-001445,2026-07-09,K15,P-MOB-GSM,PID660421,None,1,1.03,True
ACT-2026-001446,2026-07-09,K15,P-MOB-OTH,PID696542,None,1,1.55,True
ACT-2026-001447,2026-07-09,K15,P-MOB-GSM,PID207169,None,1,1.03,True
ACT-2026-001448,2026-07-09,K15,P-MOB-GSM,PID400832,MNP,1,2.07,True
ACT-2026-001449,2026-07-09,K16,P-MOB-OTH,PID839608,None,1,1.55,True
ACT-2026-001450,2026-07-09,K16,P-FIX-FBR,PID900432,None,1,6.48,True
ACT-2026-001451,2026-07-09,K16,P-MOB-GSM,PID844382,None,1,1.03,True
ACT-2026-001452,2026-07-09,K16,P-MOB-GSM,PID941326,None,1,1.03,True
ACT-2026-001453,2026-07-09,K16,P-MOB-GSM,PID717136,None,1,1.03,True
ACT-2026-001454,2026-07-09,K16,P-MOB-GSM,PID778481,None,1,1.03,True
ACT-2026-001455,2026-07-09,K16,P-MOB-GSM,PID695577,None,1,1.03,True
ACT-2026-001456,2026-07-09,K16,P-MOB-GSM,PID508442,MNP,1,2.07,True
ACT-2026-001457,2026-07-09,K17,P-MOB-GSM,PID481623,MNP,1,0.0,False
ACT-2026-001458,2026-07-09,K17,P-MOB-GSM,PID682736,None,1,1.03,True
ACT-2026-001459,2026-07-09,K17,P-FIX-BIB,PID171142,None,1,9.72,True
ACT-2026-001460,2026-07-09,K18,P-MOB-GSM,PID773836,None,1,1.03,True
ACT-2026-001461,2026-07-09,K18,P-MOB-GSM,PID649768,None,1,1.03,True
ACT-2026-001462,2026-07-10,K01,P-MOB-GSM,PID159657,None,1,1.11,True
ACT-2026-001463,2026-07-10,K01,P-MOB-GSM,PID299097,None,1,1.11,True
ACT-2026-001464,2026-07-10,K01,P-MOB-GSM,PID968288,MNP,1,2.21,True
ACT-2026-001465,2026-07-10,K01,P-MOB-GSM,PID529148,None,1,1.11,True
ACT-2026-001466,2026-07-10,K01,P-MOB-GSM,PID727514,None,1,1.11,True
ACT-2026-001467,2026-07-10,K01,P-MOB-GSM,PID175949,None,1,1.11,True
ACT-2026-001468,2026-07-10,K01,P-MOB-GSM,PID340270,None,1,1.11,True
ACT-2026-001469,2026-07-10,K01,P-MOB-GSM,PID616665,None,1,1.11,True
ACT-2026-001470,2026-07-10,K01,P-MOB-GSM,PID113852,None,1,1.11,True
ACT-2026-001471,2026-07-10,K01,P-MOB-GSM,PID810636,None,1,1.11,True
ACT-2026-001472,2026-07-10,K01,P-MOB-GSM,PID136848,None,1,1.11,True
ACT-2026-001473,2026-07-10,K01,P-MOB-GSM,PID179784,None,1,1.11,True
ACT-2026-001474,2026-07-10,K01,P-MOB-GSM,PID438943,None,1,1.11,True
ACT-2026-001475,2026-07-10,K01,P-MOB-GSM,PID772517,None,1,1.11,True
ACT-2026-001476,2026-07-10,K01,P-MOB-GSM,PID115235,MNP,1,2.21,True
ACT-2026-001477,2026-07-10,K01,P-MOB-OTH,PID292491,None,1,1.66,True
ACT-2026-001478,2026-07-10,K01,P-MOB-GSM,PID543979,None,1,1.11,True
ACT-2026-001479,2026-07-10,K01,P-MOB-GSM,PID472448,None,1,1.11,True
ACT-2026-001480,2026-07-10,K02,P-MOB-GSM,PID350956,MNP,1,2.21,True
ACT-2026-001481,2026-07-10,K02,P-MOB-GSM,PID163064,MNP,1,2.21,True
ACT-2026-001482,2026-07-10,K02,P-MOB-GSM,PID665883,None,1,1.11,True
ACT-2026-001483,2026-07-10,K02,P-MOB-GSM,PID181140,None,1,1.11,True
ACT-2026-001484,2026-07-10,K02,P-MOB-GSM,PID449572,None,1,1.11,True
ACT-2026-001485,2026-07-10,K02,P-MOB-GSM,PID732567,None,1,1.11,True
ACT-2026-001486,2026-07-10,K02,P-MOB-GSM,PID420968,None,1,1.11,True
ACT-2026-001487,2026-07-10,K02,P-MOB-GSM,PID783255,None,1,1.11,True
ACT-2026-001488,2026-07-10,K02,P-MOB-GSM,PID975359,None,1,1.11,True
ACT-2026-001489,2026-07-10,K02,P-FIX-FBR,PID353034,None,1,11.02,True
ACT-2026-001490,2026-07-10,K02,P-MOB-GSM,PID834182,MNP,1,2.21,True
ACT-2026-001491,2026-07-10,K02,P-MOB-GSM,PID629342,None,1,1.11,True
ACT-2026-001492,2026-07-10,K02,P-MOB-GSM,PID754792,None,1,1.11,True
ACT-2026-001493,2026-07-10,K03,P-MOB-GSM,PID914445,None,1,1.11,True
ACT-2026-001494,2026-07-10,K03,P-MOB-GSM,PID532254,None,1,1.11,True
ACT-2026-001495,2026-07-10,K03,P-MOB-GSM,PID196044,MNP,1,2.21,True
ACT-2026-001496,2026-07-10,K03,P-MOB-GSM,PID670492,MNP,1,2.21,True
ACT-2026-001497,2026-07-10,K03,P-MOB-OTH,PID293630,None,1,1.66,True
ACT-2026-001498,2026-07-10,K03,P-MOB-GSM,PID968348,None,1,1.11,True
ACT-2026-001499,2026-07-10,K03,P-MOB-GSM,PID695886,None,1,1.11,True
ACT-2026-001500,2026-07-10,K03,P-MOB-OTH,PID654009,None,1,1.66,True
ACT-2026-001501,2026-07-10,K03,P-MOB-GSM,PID221879,None,1,1.11,True
ACT-2026-001502,2026-07-10,K03,P-MOB-GSM,PID536853,None,1,1.11,True
ACT-2026-001503,2026-07-10,K03,P-MOB-GSM,PID178533,None,1,1.11,True
ACT-2026-001504,2026-07-10,K04,P-MOB-GSM,PID801784,None,1,1.11,True
ACT-2026-001505,2026-07-10,K04,P-MOB-GSM,PID436653,None,1,1.11,True
ACT-2026-001506,2026-07-10,K04,P-MOB-GSM,PID438308,None,1,1.11,True
ACT-2026-001507,2026-07-10,K04,P-FIX-BIB,PID970710,None,1,16.52,True
ACT-2026-001508,2026-07-10,K04,P-MOB-GSM,PID347006,None,1,1.11,True
ACT-2026-001509,2026-07-10,K05,P-DEV-DEV,PID654209,None,1,4.28,True
ACT-2026-001510,2026-07-10,K05,P-MOB-GSM,PID998239,None,1,1.11,True
ACT-2026-001511,2026-07-10,K05,P-MOB-GSM,PID975476,None,1,1.11,True
ACT-2026-001512,2026-07-10,K05,P-MOB-GSM,PID407918,None,1,1.11,True
ACT-2026-001513,2026-07-10,K05,P-MOB-GSM,PID729407,None,1,1.11,True
ACT-2026-001514,2026-07-10,K05,P-MOB-GSM,PID586305,None,1,1.11,True
ACT-2026-001515,2026-07-10,K05,P-MOB-GSM,PID839583,None,1,1.11,True
ACT-2026-001516,2026-07-10,K05,P-MOB-GSM,PID667013,None,1,1.11,True
ACT-2026-001517,2026-07-10,K05,P-MOB-GSM,PID646251,None,1,1.11,True
ACT-2026-001518,2026-07-10,K06,P-MOB-GSM,PID351793,None,1,1.11,True
ACT-2026-001519,2026-07-10,K07,P-MOB-GSM,PID813202,None,1,0.97,True
ACT-2026-001520,2026-07-10,K07,P-FIX-WFA,PID783791,FNP,1,5.82,True
ACT-2026-001521,2026-07-10,K07,P-MOB-GSM,PID267136,None,1,0.97,True
ACT-2026-001522,2026-07-10,K07,P-MOB-GSM,PID580415,MNP,1,1.94,True
ACT-2026-001523,2026-07-10,K07,P-FIX-BIB,PID608274,None,1,14.56,True
ACT-2026-001524,2026-07-10,K07,P-MOB-GSM,PID987200,None,1,0.97,True
ACT-2026-001525,2026-07-10,K07,P-MOB-GSM,PID963295,MNP,1,1.94,True
ACT-2026-001526,2026-07-10,K07,P-MOB-GSM,PID296125,None,1,0.97,True
ACT-2026-001527,2026-07-10,K07,P-MOB-GSM,PID191975,None,1,0.97,True
ACT-2026-001528,2026-07-10,K07,P-MOB-GSM,PID110537,None,1,0.97,True
ACT-2026-001529,2026-07-10,K07,P-MOB-GSM,PID201063,None,1,0.97,True
ACT-2026-001530,2026-07-10,K07,P-MOB-GSM,PID494460,MNP,1,1.94,True
ACT-2026-001531,2026-07-10,K08,P-MOB-GSM,PID972261,None,1,0.97,True
ACT-2026-001532,2026-07-10,K08,P-MOB-GSM,PID566949,None,1,0.97,True
ACT-2026-001533,2026-07-10,K08,P-MOB-GSM,PID975435,MNP,1,1.94,True
ACT-2026-001534,2026-07-10,K08,P-MOB-GSM,PID447688,MNP,1,1.94,True
ACT-2026-001535,2026-07-10,K08,P-MOB-GSM,PID521718,None,1,0.97,True
ACT-2026-001536,2026-07-10,K08,P-MOB-GSM,PID703464,None,1,0.97,True
ACT-2026-001537,2026-07-10,K08,P-FIX-BIB,PID501088,None,1,14.56,True
ACT-2026-001538,2026-07-10,K08,P-MOB-GSM,PID698895,None,1,0.97,True
ACT-2026-001539,2026-07-10,K08,P-MOB-GSM,PID607217,None,1,0.97,True
ACT-2026-001540,2026-07-10,K08,P-MOB-GSM,PID181649,MNP,1,1.94,True
ACT-2026-001541,2026-07-10,K08,P-MOB-GSM,PID736652,None,1,0.97,True
ACT-2026-001542,2026-07-10,K08,P-MOB-OTH,PID330812,None,1,1.45,True
ACT-2026-001543,2026-07-10,K09,P-MOB-GSM,PID300010,None,1,0.97,True
ACT-2026-001544,2026-07-10,K09,P-MOB-GSM,PID775301,None,1,0.97,True
ACT-2026-001545,2026-07-10,K09,P-MOB-GSM,PID503214,None,1,0.97,True
ACT-2026-001546,2026-07-10,K09,P-MOB-GSM,PID144596,None,1,0.97,True
ACT-2026-001547,2026-07-10,K09,P-MOB-GSM,PID826829,None,1,0.97,True
ACT-2026-001548,2026-07-10,K09,P-MOB-GSM,PID192698,None,1,0.97,True
ACT-2026-001549,2026-07-10,K09,P-MOB-GSM,PID966904,None,1,0.97,True
ACT-2026-001550,2026-07-10,K09,P-MOB-GSM,PID342674,None,1,0.97,True
ACT-2026-001551,2026-07-10,K10,P-MOB-GSM,PID211306,None,1,0.97,True
ACT-2026-001552,2026-07-10,K10,P-MOB-GSM,PID268585,None,1,0.97,True
ACT-2026-001553,2026-07-10,K10,P-MOB-GSM,PID990837,None,1,0.97,True
ACT-2026-001554,2026-07-10,K10,P-MOB-GSM,PID764328,None,1,0.97,True
ACT-2026-001555,2026-07-10,K10,P-MOB-GSM,PID188101,MNP,1,1.94,True
ACT-2026-001556,2026-07-10,K10,P-MOB-GSM,PID440960,None,1,0.97,True
ACT-2026-001557,2026-07-10,K10,P-MOB-GSM,PID871923,None,1,0.97,True
ACT-2026-001558,2026-07-10,K10,P-MOB-GSM,PID171315,None,1,0.97,True
ACT-2026-001559,2026-07-10,K11,P-MOB-GSM,PID496796,MNP,1,1.94,True
ACT-2026-001560,2026-07-10,K11,P-DIG-SVC,PID884501,None,1,5.57,True
ACT-2026-001561,2026-07-10,K11,P-MOB-GSM,PID619900,None,1,0.97,True
ACT-2026-001562,2026-07-10,K11,P-MOB-GSM,PID905860,None,1,0.97,True
ACT-2026-001563,2026-07-10,K11,P-MOB-GSM,PID195718,MNP,1,1.94,True
ACT-2026-001564,2026-07-10,K11,P-MOB-GSM,PID129343,None,1,0.97,True
ACT-2026-001565,2026-07-10,K11,P-MOB-GSM,PID739808,None,1,0.97,True
ACT-2026-001566,2026-07-10,K11,P-MOB-GSM,PID516256,None,1,0.97,True
ACT-2026-001567,2026-07-10,K12,P-MOB-GSM,PID771831,MNP,1,1.94,True
ACT-2026-001568,2026-07-10,K12,P-MOB-GSM,PID173319,None,1,0.97,True
ACT-2026-001569,2026-07-10,K13,P-MOB-GSM,PID567363,MNP,1,2.07,True
ACT-2026-001570,2026-07-10,K13,P-MOB-GSM,PID250027,None,1,1.03,True
ACT-2026-001571,2026-07-10,K13,P-MOB-GSM,PID442448,None,1,1.03,True
ACT-2026-001572,2026-07-10,K13,P-MOB-GSM,PID954975,None,1,1.03,True
ACT-2026-001573,2026-07-10,K13,P-MOB-GSM,PID904544,None,1,1.03,True
ACT-2026-001574,2026-07-10,K13,P-MOB-GSM,PID934314,None,1,1.03,True
ACT-2026-001575,2026-07-10,K13,P-MOB-GSM,PID496727,None,1,1.03,True
ACT-2026-001576,2026-07-10,K13,P-MOB-GSM,PID343092,MNP,1,2.07,True
ACT-2026-001577,2026-07-10,K13,P-MOB-GSM,PID230485,None,1,1.03,True
ACT-2026-001578,2026-07-10,K13,P-MOB-GSM,PID600025,None,1,1.03,True
ACT-2026-001579,2026-07-10,K13,P-MOB-OTH,PID124813,None,1,1.55,True
ACT-2026-001580,2026-07-10,K13,P-MOB-GSM,PID975702,None,1,1.03,True
ACT-2026-001581,2026-07-10,K13,P-MOB-GSM,PID365926,None,1,1.03,True
ACT-2026-001582,2026-07-10,K13,P-FIX-WFA,PID816460,None,1,3.89,True
ACT-2026-001583,2026-07-10,K13,P-MOB-GSM,PID710303,None,1,1.03,True
ACT-2026-001584,2026-07-10,K13,P-MOB-OTH,PID624455,None,1,1.55,True
ACT-2026-001585,2026-07-10,K13,P-MOB-GSM,PID650768,None,1,1.03,True
ACT-2026-001586,2026-07-10,K13,P-MOB-GSM,PID171535,None,1,1.03,True
ACT-2026-001587,2026-07-10,K13,P-FIX-FBR,PID925762,None,1,6.48,True
ACT-2026-001588,2026-07-10,K14,P-MOB-GSM,PID422815,MNP,1,2.07,True
ACT-2026-001589,2026-07-10,K14,P-MOB-GSM,PID106652,None,1,1.03,True
ACT-2026-001590,2026-07-10,K14,P-MOB-GSM,PID755703,None,1,1.03,True
ACT-2026-001591,2026-07-10,K14,P-MOB-GSM,PID666883,None,1,1.03,True
ACT-2026-001592,2026-07-10,K14,P-MOB-GSM,PID642105,None,1,1.03,True
ACT-2026-001593,2026-07-10,K14,P-MOB-GSM,PID364617,None,1,1.03,True
ACT-2026-001594,2026-07-10,K14,P-MOB-GSM,PID927177,None,1,1.03,True
ACT-2026-001595,2026-07-10,K15,P-MOB-GSM,PID465330,None,1,1.03,True
ACT-2026-001596,2026-07-10,K15,P-MOB-GSM,PID844996,None,1,1.03,True
ACT-2026-001597,2026-07-10,K15,P-MOB-GSM,PID369709,None,1,1.03,True
ACT-2026-001598,2026-07-10,K15,P-MOB-GSM,PID579454,None,1,1.03,True
ACT-2026-001599,2026-07-10,K15,P-MOB-GSM,PID905302,None,1,1.03,True
ACT-2026-001600,2026-07-10,K15,P-MOB-GSM,PID361830,None,1,1.03,True
ACT-2026-001601,2026-07-10,K15,P-MOB-GSM,PID655301,None,1,1.03,True
ACT-2026-001602,2026-07-10,K15,P-MOB-GSM,PID450842,None,1,1.03,True
ACT-2026-001603,2026-07-10,K15,P-MOB-GSM,PID555663,None,1,1.03,True
ACT-2026-001604,2026-07-10,K15,P-MOB-GSM,PID557712,MNP,1,2.07,True
ACT-2026-001605,2026-07-10,K15,P-DEV-DEV,PID691192,None,1,6.58,True
ACT-2026-001606,2026-07-10,K16,P-MOB-GSM,PID442590,None,1,1.03,True
ACT-2026-001607,2026-07-10,K16,P-MOB-GSM,PID780405,None,1,1.03,True
ACT-2026-001608,2026-07-10,K16,P-MOB-GSM,PID673245,None,1,1.03,True
ACT-2026-001609,2026-07-10,K16,P-FIX-FBR,PID229863,FNP,1,6.48,True
ACT-2026-001610,2026-07-10,K16,P-MOB-GSM,PID867493,None,1,1.03,True
ACT-2026-001611,2026-07-10,K17,P-MOB-GSM,PID591497,None,1,1.03,True
ACT-2026-001612,2026-07-10,K17,P-MOB-GSM,PID563306,MNP,1,2.07,True
ACT-2026-001613,2026-07-10,K17,P-FIX-FBR,PID323260,None,1,6.48,True
ACT-2026-001614,2026-07-10,K18,P-MOB-OTH,PID281551,None,1,1.55,True
ACT-2026-001615,2026-07-10,K18,P-MOB-GSM,PID745624,MNP,1,2.07,True
ACT-2026-001616,2026-07-11,K01,P-MOB-GSM,PID690548,None,1,1.11,True
ACT-2026-001617,2026-07-11,K01,P-MOB-GSM,PID435854,None,1,1.11,True
ACT-2026-001618,2026-07-11,K02,P-MOB-GSM,PID731746,MNP,1,2.21,True
ACT-2026-001619,2026-07-11,K02,P-MOB-GSM,PID385289,None,1,1.11,True
ACT-2026-001620,2026-07-11,K03,P-MOB-OTH,PID323057,None,1,1.66,True
ACT-2026-001621,2026-07-11,K03,P-MOB-GSM,PID419638,None,1,1.11,True
ACT-2026-001622,2026-07-11,K03,P-MOB-GSM,PID121510,None,1,1.11,True
ACT-2026-001623,2026-07-11,K04,P-MOB-GSM,PID914845,None,1,1.11,True
ACT-2026-001624,2026-07-11,K04,P-MOB-GSM,PID172687,None,1,1.11,True
ACT-2026-001625,2026-07-11,K04,P-MOB-GSM,PID409008,None,1,1.11,True
ACT-2026-001626,2026-07-11,K04,P-MOB-GSM,PID897121,None,1,1.11,True
ACT-2026-001627,2026-07-11,K04,P-MOB-GSM,PID757172,MNP,1,2.21,True
ACT-2026-001628,2026-07-11,K06,P-MOB-GSM,PID664748,None,1,1.11,True
ACT-2026-001629,2026-07-11,K07,P-MOB-GSM,PID620859,None,1,0.97,True
ACT-2026-001630,2026-07-11,K08,P-MOB-GSM,PID511959,None,1,0.0,False
ACT-2026-001631,2026-07-11,K08,P-FIX-BIB,PID117487,None,1,14.56,True
ACT-2026-001632,2026-07-11,K08,P-MOB-GSM,PID992220,MNP,1,1.94,True
ACT-2026-001633,2026-07-11,K08,P-MOB-GSM,PID224728,MNP,1,1.94,True
ACT-2026-001634,2026-07-11,K09,P-DIG-SVC,PID518726,None,1,5.57,True
ACT-2026-001635,2026-07-11,K09,P-FIX-BIB,PID913510,None,1,14.56,True
ACT-2026-001636,2026-07-11,K10,P-MOB-GSM,PID568563,None,1,0.97,True
ACT-2026-001637,2026-07-11,K10,P-MOB-GSM,PID227510,None,1,0.97,True
ACT-2026-001638,2026-07-11,K10,P-MOB-GSM,PID470033,None,1,0.97,True
ACT-2026-001639,2026-07-11,K10,P-MOB-GSM,PID147446,MNP,1,1.94,True
ACT-2026-001640,2026-07-11,K10,P-MOB-GSM,PID882272,None,1,0.97,True
ACT-2026-001641,2026-07-11,K11,P-MOB-GSM,PID692505,None,1,0.97,True
ACT-2026-001642,2026-07-11,K11,P-FIX-WFA,PID491177,None,1,5.82,True
ACT-2026-001643,2026-07-11,K11,P-MOB-GSM,PID911812,None,1,0.97,True
ACT-2026-001644,2026-07-11,K11,P-MOB-GSM,PID612469,None,1,0.97,True
ACT-2026-001645,2026-07-11,K13,P-MOB-GSM,PID118257,None,1,1.03,True
ACT-2026-001646,2026-07-11,K13,P-MOB-GSM,PID852700,None,1,1.03,True
ACT-2026-001647,2026-07-11,K14,P-MOB-GSM,PID386477,None,1,1.03,True
ACT-2026-001648,2026-07-11,K14,P-MOB-GSM,PID762982,None,1,1.03,True
ACT-2026-001649,2026-07-11,K15,P-MOB-GSM,PID218042,MNP,1,2.07,True
ACT-2026-001650,2026-07-11,K15,P-MOB-GSM,PID429098,None,1,1.03,True
ACT-2026-001651,2026-07-11,K16,P-DEV-DEV,PID507850,None,1,6.58,True
ACT-2026-001652,2026-07-11,K17,P-MOB-GSM,PID593810,None,1,1.03,True
ACT-2026-001653,2026-07-11,K18,P-MOB-GSM,PID970452,None,1,1.03,True
ACT-2026-001654,2026-07-12,K01,P-MOB-OTH,PID997801,None,1,1.66,True
ACT-2026-001655,2026-07-12,K01,P-MOB-GSM,PID390261,None,1,1.11,True
ACT-2026-001656,2026-07-12,K01,P-MOB-OTH,PID843838,None,1,1.66,True
ACT-2026-001657,2026-07-12,K01,P-MOB-GSM,PID831076,None,1,1.11,True
ACT-2026-001658,2026-07-12,K01,P-MOB-GSM,PID125472,None,1,1.11,True
ACT-2026-001659,2026-07-12,K01,P-MOB-GSM,PID370014,None,1,1.11,True
ACT-2026-001660,2026-07-12,K02,P-MOB-OTH,PID170863,None,1,1.66,True
ACT-2026-001661,2026-07-12,K02,P-MOB-GSM,PID738990,None,1,1.11,True
ACT-2026-001662,2026-07-12,K02,P-MOB-GSM,PID715258,None,1,1.11,True
ACT-2026-001663,2026-07-12,K02,P-MOB-GSM,PID357425,None,1,1.11,True
ACT-2026-001664,2026-07-12,K02,P-MOB-GSM,PID454408,None,1,1.11,True
ACT-2026-001665,2026-07-12,K03,P-MOB-GSM,PID573758,None,1,1.11,True
ACT-2026-001666,2026-07-12,K03,P-MOB-GSM,PID566963,None,1,1.11,True
ACT-2026-001667,2026-07-12,K03,P-MOB-GSM,PID353289,MNP,1,2.21,True
ACT-2026-001668,2026-07-12,K04,P-MOB-GSM,PID920924,None,1,1.11,True
ACT-2026-001669,2026-07-12,K05,P-MOB-GSM,PID624571,None,1,1.11,True
ACT-2026-001670,2026-07-12,K05,P-MOB-GSM,PID299327,None,1,1.11,True
ACT-2026-001671,2026-07-12,K05,P-MOB-GSM,PID314801,MNP,1,2.21,True
ACT-2026-001672,2026-07-12,K06,P-MOB-GSM,PID662784,None,1,1.11,True
ACT-2026-001673,2026-07-12,K07,P-MOB-GSM,PID465141,None,1,0.97,True
ACT-2026-001674,2026-07-12,K07,P-MOB-GSM,PID452013,None,1,0.97,True
ACT-2026-001675,2026-07-12,K08,P-MOB-GSM,PID418913,MNP,1,1.94,True
ACT-2026-001676,2026-07-12,K10,P-MOB-GSM,PID658021,None,1,0.97,True
ACT-2026-001677,2026-07-12,K10,P-MOB-GSM,PID497474,None,1,0.97,True
ACT-2026-001678,2026-07-12,K10,P-MOB-GSM,PID793238,None,1,0.97,True
ACT-2026-001679,2026-07-12,K10,P-MOB-OTH,PID702270,None,1,1.45,True
ACT-2026-001680,2026-07-12,K11,P-MOB-OTH,PID968806,None,1,1.45,True
ACT-2026-001681,2026-07-12,K13,P-MOB-GSM,PID477109,None,1,1.03,True
ACT-2026-001682,2026-07-12,K13,P-MOB-GSM,PID165587,None,1,1.03,True
ACT-2026-001683,2026-07-12,K13,P-MOB-GSM,PID340949,None,1,1.03,True
ACT-2026-001684,2026-07-12,K13,P-MOB-GSM,PID544358,None,1,1.03,True
ACT-2026-001685,2026-07-12,K13,P-MOB-GSM,PID651333,None,1,1.03,True
ACT-2026-001686,2026-07-12,K14,P-MOB-GSM,PID310747,None,1,1.03,True
ACT-2026-001687,2026-07-12,K14,P-DIG-SVC,PID337002,None,1,4.92,True
ACT-2026-001688,2026-07-12,K15,P-DIG-SVC,PID835073,None,1,4.92,True
ACT-2026-001689,2026-07-12,K15,P-FIX-BIB,PID847543,None,1,9.72,True
ACT-2026-001690,2026-07-12,K15,P-FIX-FBR,PID270122,None,1,6.48,True
ACT-2026-001691,2026-07-12,K17,P-MOB-GSM,PID894076,MNP,1,2.07,True
ACT-2026-001692,2026-07-13,K01,P-MOB-GSM,PID880186,None,1,1.11,True
ACT-2026-001693,2026-07-13,K01,P-MOB-GSM,PID577178,MNP,1,2.21,True
ACT-2026-001694,2026-07-13,K01,P-MOB-GSM,PID857137,None,1,1.11,True
ACT-2026-001695,2026-07-13,K01,P-MOB-GSM,PID481155,None,1,1.11,True
ACT-2026-001696,2026-07-13,K01,P-MOB-GSM,PID262772,MNP,1,2.21,True
ACT-2026-001697,2026-07-13,K01,P-MOB-GSM,PID625130,None,1,1.11,True
ACT-2026-001698,2026-07-13,K01,P-MOB-GSM,PID839782,None,1,1.11,True
ACT-2026-001699,2026-07-13,K01,P-DEV-DEV,PID333322,None,1,4.28,True
ACT-2026-001700,2026-07-13,K01,P-MOB-GSM,PID817679,None,1,1.11,True
ACT-2026-001701,2026-07-13,K01,P-MOB-GSM,PID355688,None,1,1.11,True
ACT-2026-001702,2026-07-13,K01,P-MOB-GSM,PID479875,None,1,1.11,True
ACT-2026-001703,2026-07-13,K01,P-MOB-GSM,PID135548,None,1,1.11,True
ACT-2026-001704,2026-07-13,K01,P-MOB-GSM,PID445993,MNP,1,2.21,True
ACT-2026-001705,2026-07-13,K02,P-FIX-BIB,PID904789,None,1,16.52,True
ACT-2026-001706,2026-07-13,K02,P-FIX-FBR,PID115613,None,1,11.02,True
ACT-2026-001707,2026-07-13,K02,P-MOB-GSM,PID352161,None,1,1.11,True
ACT-2026-001708,2026-07-13,K02,P-DEV-DEV,PID117707,None,1,4.28,True
ACT-2026-001709,2026-07-13,K02,P-MOB-GSM,PID834640,None,1,1.11,True
ACT-2026-001710,2026-07-13,K02,P-MOB-GSM,PID898589,None,1,1.11,True
ACT-2026-001711,2026-07-13,K02,P-MOB-GSM,PID291700,None,1,1.11,True
ACT-2026-001712,2026-07-13,K02,P-MOB-GSM,PID871270,None,1,1.11,True
ACT-2026-001713,2026-07-13,K02,P-MOB-GSM,PID800370,None,1,1.11,True
ACT-2026-001714,2026-07-13,K02,P-MOB-GSM,PID110675,None,1,1.11,True
ACT-2026-001715,2026-07-13,K02,P-MOB-GSM,PID895221,None,1,1.11,True
ACT-2026-001716,2026-07-13,K02,P-MOB-GSM,PID874799,None,1,1.11,True
ACT-2026-001717,2026-07-13,K02,P-MOB-GSM,PID668902,None,1,1.11,True
ACT-2026-001718,2026-07-13,K02,P-MOB-GSM,PID262328,MNP,1,2.21,True
ACT-2026-001719,2026-07-13,K02,P-MOB-GSM,PID216699,None,1,1.11,True
ACT-2026-001720,2026-07-13,K03,P-MOB-GSM,PID450501,None,1,1.11,True
ACT-2026-001721,2026-07-13,K03,P-MOB-GSM,PID421169,None,1,1.11,True
ACT-2026-001722,2026-07-13,K03,P-MOB-GSM,PID118882,MNP,1,2.21,True
ACT-2026-001723,2026-07-13,K03,P-MOB-GSM,PID629537,None,1,1.11,True
ACT-2026-001724,2026-07-13,K03,P-MOB-GSM,PID599420,None,1,1.11,True
ACT-2026-001725,2026-07-13,K04,P-MOB-GSM,PID694677,None,1,1.11,True
ACT-2026-001726,2026-07-13,K04,P-MOB-GSM,PID106794,None,1,1.11,True
ACT-2026-001727,2026-07-13,K04,P-MOB-GSM,PID962344,None,1,1.11,True
ACT-2026-001728,2026-07-13,K04,P-MOB-GSM,PID810968,MNP,1,2.21,True
ACT-2026-001729,2026-07-13,K04,P-DEV-DEV,PID869925,None,1,4.28,True
ACT-2026-001730,2026-07-13,K04,P-MOB-GSM,PID673379,MNP,1,2.21,True
ACT-2026-001731,2026-07-13,K04,P-MOB-GSM,PID202355,None,1,1.11,True
ACT-2026-001732,2026-07-13,K05,P-FIX-WFA,PID132338,None,1,6.61,True
ACT-2026-001733,2026-07-13,K05,P-MOB-GSM,PID124313,None,1,1.11,True
ACT-2026-001734,2026-07-13,K05,P-MOB-GSM,PID117275,MNP,1,2.21,True
ACT-2026-001735,2026-07-13,K05,P-MOB-GSM,PID582975,MNP,1,2.21,True
ACT-2026-001736,2026-07-13,K05,P-MOB-GSM,PID372759,None,1,1.11,True
ACT-2026-001737,2026-07-13,K05,P-MOB-GSM,PID330803,None,1,1.11,True
ACT-2026-001738,2026-07-13,K05,P-MOB-GSM,PID494315,None,1,1.11,True
ACT-2026-001739,2026-07-13,K05,P-MOB-GSM,PID857056,MNP,1,2.21,True
ACT-2026-001740,2026-07-13,K05,P-MOB-GSM,PID727292,None,1,1.11,True
ACT-2026-001741,2026-07-13,K05,P-MOB-OTH,PID823632,None,1,1.66,True
ACT-2026-001742,2026-07-13,K06,P-MOB-GSM,PID501206,None,1,1.11,True
ACT-2026-001743,2026-07-13,K06,P-MOB-OTH,PID398863,None,1,1.66,True
ACT-2026-001744,2026-07-13,K06,P-MOB-OTH,PID167296,None,1,1.66,True
ACT-2026-001745,2026-07-13,K06,P-MOB-GSM,PID931629,None,1,1.11,True
ACT-2026-001746,2026-07-13,K07,P-DIG-SVC,PID460249,None,1,5.57,True
ACT-2026-001747,2026-07-13,K07,P-FIX-WFA,PID806762,FNP,1,5.82,True
ACT-2026-001748,2026-07-13,K07,P-MOB-GSM,PID957475,None,1,0.97,True
ACT-2026-001749,2026-07-13,K07,P-MOB-GSM,PID128694,None,1,0.97,True
ACT-2026-001750,2026-07-13,K07,P-MOB-OTH,PID961028,None,1,1.45,True
ACT-2026-001751,2026-07-13,K07,P-MOB-GSM,PID589020,None,1,0.97,True
ACT-2026-001752,2026-07-13,K07,P-MOB-GSM,PID466463,None,1,0.97,True
ACT-2026-001753,2026-07-13,K08,P-FIX-FBR,PID934428,None,1,9.71,True
ACT-2026-001754,2026-07-13,K08,P-MOB-GSM,PID292318,None,1,0.97,True
ACT-2026-001755,2026-07-13,K08,P-MOB-GSM,PID416937,None,1,0.97,True
ACT-2026-001756,2026-07-13,K08,P-MOB-OTH,PID926582,None,1,1.45,True
ACT-2026-001757,2026-07-13,K08,P-MOB-GSM,PID153964,None,1,0.97,True
ACT-2026-001758,2026-07-13,K08,P-MOB-OTH,PID964790,None,1,1.45,True
ACT-2026-001759,2026-07-13,K09,P-MOB-GSM,PID294867,None,1,0.97,True
ACT-2026-001760,2026-07-13,K09,P-MOB-GSM,PID463875,None,1,0.97,True
ACT-2026-001761,2026-07-13,K09,P-MOB-GSM,PID177652,None,1,0.97,True
ACT-2026-001762,2026-07-13,K09,P-MOB-GSM,PID975869,MNP,1,1.94,True
ACT-2026-001763,2026-07-13,K09,P-MOB-GSM,PID814022,None,1,0.97,True
ACT-2026-001764,2026-07-13,K09,P-MOB-GSM,PID112056,None,1,0.97,True
ACT-2026-001765,2026-07-13,K09,P-MOB-GSM,PID419759,None,1,0.97,True
ACT-2026-001766,2026-07-13,K09,P-MOB-GSM,PID803896,None,1,0.97,True
ACT-2026-001767,2026-07-13,K09,P-MOB-GSM,PID975997,None,1,0.97,True
ACT-2026-001768,2026-07-13,K09,P-MOB-GSM,PID577462,None,1,0.97,True
ACT-2026-001769,2026-07-13,K09,P-MOB-GSM,PID592099,None,1,0.97,True
ACT-2026-001770,2026-07-13,K09,P-MOB-GSM,PID835604,None,1,0.97,True
ACT-2026-001771,2026-07-13,K09,P-FIX-FBR,PID808370,None,1,9.71,True
ACT-2026-001772,2026-07-13,K09,P-FIX-FBR,PID205612,None,1,9.71,True
ACT-2026-001773,2026-07-13,K09,P-MOB-GSM,PID100406,None,1,0.97,True
ACT-2026-001774,2026-07-13,K10,P-MOB-GSM,PID498081,None,1,0.97,True
ACT-2026-001775,2026-07-13,K10,P-MOB-GSM,PID499828,None,1,0.97,True
ACT-2026-001776,2026-07-13,K10,P-MOB-OTH,PID630944,None,1,1.45,True
ACT-2026-001777,2026-07-13,K10,P-MOB-GSM,PID406177,None,1,0.97,True
ACT-2026-001778,2026-07-13,K10,P-MOB-GSM,PID695399,MNP,1,1.94,True
ACT-2026-001779,2026-07-13,K11,P-MOB-GSM,PID105130,None,1,0.97,True
ACT-2026-001780,2026-07-13,K11,P-MOB-GSM,PID386169,None,1,0.97,True
ACT-2026-001781,2026-07-13,K11,P-MOB-GSM,PID232917,None,1,0.97,True
ACT-2026-001782,2026-07-13,K11,P-MOB-GSM,PID372985,None,1,0.97,True
ACT-2026-001783,2026-07-13,K11,P-MOB-GSM,PID131418,None,1,0.97,True
ACT-2026-001784,2026-07-13,K11,P-MOB-GSM,PID592955,None,1,0.97,True
ACT-2026-001785,2026-07-13,K12,P-MOB-GSM,PID248280,None,1,0.97,True
ACT-2026-001786,2026-07-13,K12,P-MOB-GSM,PID575402,MNP,1,1.94,True
ACT-2026-001787,2026-07-13,K12,P-MOB-GSM,PID464479,None,1,0.97,True
ACT-2026-001788,2026-07-13,K13,P-MOB-GSM,PID311070,None,1,1.03,True
ACT-2026-001789,2026-07-13,K13,P-MOB-GSM,PID194624,None,1,1.03,True
ACT-2026-001790,2026-07-13,K13,P-MOB-GSM,PID300990,None,1,1.03,True
ACT-2026-001791,2026-07-13,K13,P-MOB-GSM,PID651728,None,1,1.03,True
ACT-2026-001792,2026-07-13,K13,P-MOB-GSM,PID829635,MNP,1,2.07,True
ACT-2026-001793,2026-07-13,K13,P-FIX-FBR,PID535178,FNP,1,6.48,True
ACT-2026-001794,2026-07-13,K13,P-MOB-GSM,PID484053,MNP,1,2.07,True
ACT-2026-001795,2026-07-13,K13,P-MOB-GSM,PID584110,None,1,1.03,True
ACT-2026-001796,2026-07-13,K13,P-MOB-GSM,PID739132,None,1,1.03,True
ACT-2026-001797,2026-07-13,K13,P-MOB-GSM,PID963619,None,1,1.03,True
ACT-2026-001798,2026-07-13,K13,P-MOB-GSM,PID944013,None,1,1.03,True
ACT-2026-001799,2026-07-13,K13,P-MOB-GSM,PID134767,None,1,1.03,True
ACT-2026-001800,2026-07-13,K13,P-MOB-OTH,PID654068,None,1,0.0,False
ACT-2026-001801,2026-07-13,K13,P-MOB-GSM,PID545858,None,1,1.03,True
ACT-2026-001802,2026-07-13,K13,P-MOB-GSM,PID628989,None,1,1.03,True
ACT-2026-001803,2026-07-13,K13,P-MOB-GSM,PID941187,None,1,1.03,True
ACT-2026-001804,2026-07-13,K13,P-MOB-GSM,PID103889,None,1,1.03,True
ACT-2026-001805,2026-07-13,K13,P-MOB-GSM,PID903706,None,1,1.03,True
ACT-2026-001806,2026-07-13,K13,P-MOB-GSM,PID654124,MNP,1,2.07,True
ACT-2026-001807,2026-07-13,K13,P-MOB-GSM,PID652044,None,1,1.03,True
ACT-2026-001808,2026-07-13,K14,P-MOB-GSM,PID585591,None,1,1.03,True
ACT-2026-001809,2026-07-13,K14,P-MOB-GSM,PID190734,None,1,1.03,True
ACT-2026-001810,2026-07-13,K14,P-MOB-GSM,PID363915,None,1,1.03,True
ACT-2026-001811,2026-07-13,K14,P-MOB-OTH,PID532833,None,1,1.55,True
ACT-2026-001812,2026-07-13,K14,P-MOB-GSM,PID223604,None,1,1.03,True
ACT-2026-001813,2026-07-13,K14,P-MOB-GSM,PID972260,None,1,1.03,True
ACT-2026-001814,2026-07-13,K14,P-MOB-GSM,PID459340,None,1,1.03,True
ACT-2026-001815,2026-07-13,K14,P-MOB-GSM,PID584933,None,1,1.03,True
ACT-2026-001816,2026-07-13,K14,P-MOB-GSM,PID847397,MNP,1,2.07,True
ACT-2026-001817,2026-07-13,K14,P-MOB-GSM,PID493603,None,1,1.03,True
ACT-2026-001818,2026-07-13,K14,P-MOB-GSM,PID585691,None,1,1.03,True
ACT-2026-001819,2026-07-13,K14,P-MOB-GSM,PID522630,MNP,1,2.07,True
ACT-2026-001820,2026-07-13,K15,P-MOB-GSM,PID563255,MNP,1,2.07,True
ACT-2026-001821,2026-07-13,K15,P-MOB-GSM,PID210051,None,1,1.03,True
ACT-2026-001822,2026-07-13,K15,P-MOB-GSM,PID926152,None,1,1.03,True
ACT-2026-001823,2026-07-13,K15,P-MOB-GSM,PID336673,MNP,1,2.07,True
ACT-2026-001824,2026-07-13,K15,P-MOB-GSM,PID545089,None,1,1.03,True
ACT-2026-001825,2026-07-13,K15,P-MOB-GSM,PID460578,MNP,1,0.0,False
ACT-2026-001826,2026-07-13,K15,P-MOB-GSM,PID721341,MNP,1,2.07,True
ACT-2026-001827,2026-07-13,K15,P-MOB-GSM,PID972435,None,1,1.03,True
ACT-2026-001828,2026-07-13,K15,P-MOB-GSM,PID744003,MNP,1,2.07,True
ACT-2026-001829,2026-07-13,K16,P-MOB-GSM,PID362328,None,1,1.03,True
ACT-2026-001830,2026-07-13,K16,P-MOB-GSM,PID673306,MNP,1,2.07,True
ACT-2026-001831,2026-07-13,K16,P-MOB-GSM,PID264031,None,1,1.03,True
ACT-2026-001832,2026-07-13,K16,P-MOB-GSM,PID328118,None,1,1.03,True
ACT-2026-001833,2026-07-13,K16,P-MOB-GSM,PID147341,None,1,1.03,True
ACT-2026-001834,2026-07-13,K16,P-MOB-OTH,PID156019,None,1,1.55,True
ACT-2026-001835,2026-07-13,K16,P-MOB-GSM,PID975561,None,1,1.03,True
ACT-2026-001836,2026-07-13,K16,P-MOB-GSM,PID594191,None,1,1.03,True
ACT-2026-001837,2026-07-13,K17,P-MOB-GSM,PID528158,None,1,1.03,True
ACT-2026-001838,2026-07-13,K17,P-MOB-GSM,PID432522,None,1,1.03,True
ACT-2026-001839,2026-07-13,K17,P-MOB-GSM,PID390743,None,1,1.03,True
ACT-2026-001840,2026-07-13,K18,P-MOB-GSM,PID590370,None,1,1.03,True
ACT-2026-001841,2026-07-13,K18,P-MOB-GSM,PID732800,None,1,1.03,True
ACT-2026-001842,2026-07-13,K18,P-MOB-GSM,PID234142,None,1,3.2,True
ACT-2026-001843,2026-07-13,K18,P-MOB-GSM,PID342195,None,1,1.03,True
ACT-2026-001844,2026-07-13,K18,P-MOB-GSM,PID869945,None,1,1.03,True
ACT-2026-001845,2026-07-13,K18,P-MOB-GSM,PID339119,None,1,1.03,True
ACT-2026-001846,2026-07-14,K01,P-MOB-GSM,PID252776,MNP,1,2.21,True
ACT-2026-001847,2026-07-14,K01,P-MOB-GSM,PID357293,MNP,1,2.21,True
ACT-2026-001848,2026-07-14,K01,P-MOB-GSM,PID391862,None,1,1.11,True
ACT-2026-001849,2026-07-14,K01,P-MOB-GSM,PID817443,None,1,1.11,True
ACT-2026-001850,2026-07-14,K01,P-MOB-GSM,PID587755,None,1,1.11,True
ACT-2026-001851,2026-07-14,K01,P-MOB-GSM,PID996426,MNP,1,2.21,True
ACT-2026-001852,2026-07-14,K01,P-MOB-GSM,PID840665,None,1,1.11,True
ACT-2026-001853,2026-07-14,K01,P-MOB-GSM,PID178903,None,1,1.11,True
ACT-2026-001854,2026-07-14,K01,P-MOB-GSM,PID255112,None,1,1.11,True
ACT-2026-001855,2026-07-14,K01,P-MOB-GSM,PID495927,None,1,1.11,True
ACT-2026-001856,2026-07-14,K01,P-DEV-DEV,PID837360,None,1,4.28,True
ACT-2026-001857,2026-07-14,K01,P-MOB-GSM,PID796246,None,1,1.11,True
ACT-2026-001858,2026-07-14,K01,P-DEV-DEV,PID356969,None,1,4.28,True
ACT-2026-001859,2026-07-14,K01,P-MOB-GSM,PID478308,None,1,1.11,True
ACT-2026-001860,2026-07-14,K01,P-MOB-GSM,PID760051,None,1,1.11,True
ACT-2026-001861,2026-07-14,K01,P-MOB-GSM,PID594557,None,1,1.11,True
ACT-2026-001862,2026-07-14,K01,P-MOB-GSM,PID434736,None,1,1.11,True
ACT-2026-001863,2026-07-14,K01,P-MOB-GSM,PID503663,None,1,1.11,True
ACT-2026-001864,2026-07-14,K02,P-MOB-GSM,PID675714,MNP,1,2.21,True
ACT-2026-001865,2026-07-14,K02,P-MOB-GSM,PID381637,None,1,1.11,True
ACT-2026-001866,2026-07-14,K02,P-MOB-GSM,PID946935,None,1,1.11,True
ACT-2026-001867,2026-07-14,K02,P-MOB-GSM,PID109651,MNP,1,2.21,True
ACT-2026-001868,2026-07-14,K02,P-MOB-GSM,PID889523,None,1,1.11,True
ACT-2026-001869,2026-07-14,K02,P-MOB-GSM,PID877754,None,1,1.11,True
ACT-2026-001870,2026-07-14,K02,P-MOB-GSM,PID463224,None,1,1.11,True
ACT-2026-001871,2026-07-14,K02,P-MOB-GSM,PID833412,None,1,1.11,True
ACT-2026-001872,2026-07-14,K02,P-MOB-OTH,PID354787,None,1,1.66,True
ACT-2026-001873,2026-07-14,K02,P-MOB-GSM,PID700476,None,1,1.11,True
ACT-2026-001874,2026-07-14,K02,P-MOB-GSM,PID226356,None,1,1.11,True
ACT-2026-001875,2026-07-14,K02,P-MOB-GSM,PID601780,None,1,1.11,True
ACT-2026-001876,2026-07-14,K02,P-MOB-GSM,PID411196,None,1,1.11,True
ACT-2026-001877,2026-07-14,K02,P-MOB-GSM,PID929208,None,1,1.11,True
ACT-2026-001878,2026-07-14,K02,P-FIX-FBR,PID282292,None,1,11.02,True
ACT-2026-001879,2026-07-14,K02,P-MOB-GSM,PID627850,None,1,1.11,True
ACT-2026-001880,2026-07-14,K03,P-MOB-GSM,PID479190,None,1,1.11,True
ACT-2026-001881,2026-07-14,K03,P-MOB-GSM,PID959115,None,1,1.11,True
ACT-2026-001882,2026-07-14,K03,P-MOB-GSM,PID957467,MNP,1,2.21,True
ACT-2026-001883,2026-07-14,K03,P-MOB-GSM,PID640937,MNP,1,2.21,True
ACT-2026-001884,2026-07-14,K03,P-MOB-GSM,PID345474,None,1,1.11,True
ACT-2026-001885,2026-07-14,K03,P-MOB-GSM,PID893002,None,1,1.11,True
ACT-2026-001886,2026-07-14,K03,P-MOB-GSM,PID253499,MNP,1,2.21,True
ACT-2026-001887,2026-07-14,K03,P-MOB-GSM,PID467097,None,1,1.11,True
ACT-2026-001888,2026-07-14,K03,P-MOB-GSM,PID863128,MNP,1,2.21,True
ACT-2026-001889,2026-07-14,K04,P-MOB-GSM,PID309630,None,1,1.11,True
ACT-2026-001890,2026-07-14,K04,P-MOB-GSM,PID256025,None,1,1.11,True
ACT-2026-001891,2026-07-14,K04,P-MOB-GSM,PID520440,MNP,1,2.21,True
ACT-2026-001892,2026-07-14,K04,P-MOB-OTH,PID234766,None,1,1.66,True
ACT-2026-001893,2026-07-14,K04,P-MOB-GSM,PID152153,None,1,1.11,True
ACT-2026-001894,2026-07-14,K04,P-MOB-GSM,PID673756,None,1,1.11,True
ACT-2026-001895,2026-07-14,K04,P-MOB-OTH,PID420950,None,1,1.66,True
ACT-2026-001896,2026-07-14,K04,P-MOB-GSM,PID355899,None,1,1.11,True
ACT-2026-001897,2026-07-14,K04,P-MOB-OTH,PID463822,None,1,1.66,True
ACT-2026-001898,2026-07-14,K05,P-FIX-BIB,PID793825,None,1,16.52,True
ACT-2026-001899,2026-07-14,K05,P-MOB-GSM,PID540915,MNP,1,2.21,True
ACT-2026-001900,2026-07-14,K05,P-MOB-GSM,PID317753,None,1,1.11,True
ACT-2026-001901,2026-07-14,K05,P-MOB-GSM,PID736978,None,1,1.11,True
ACT-2026-001902,2026-07-14,K05,P-FIX-FBR,PID668930,None,1,11.02,True
ACT-2026-001903,2026-07-14,K05,P-MOB-GSM,PID571014,None,1,1.11,True
ACT-2026-001904,2026-07-14,K06,P-MOB-OTH,PID198607,None,1,1.66,True
ACT-2026-001905,2026-07-14,K06,P-MOB-GSM,PID546688,None,1,1.11,True
ACT-2026-001906,2026-07-14,K06,P-MOB-GSM,PID523314,None,1,1.11,True
ACT-2026-001907,2026-07-14,K06,P-MOB-GSM,PID304144,None,1,1.11,True
ACT-2026-001908,2026-07-14,K07,P-MOB-GSM,PID624854,None,1,0.97,True
ACT-2026-001909,2026-07-14,K07,P-MOB-GSM,PID867553,MNP,1,1.94,True
ACT-2026-001910,2026-07-14,K07,P-MOB-OTH,PID109501,None,1,1.45,True
ACT-2026-001911,2026-07-14,K07,P-FIX-WFA,PID228587,FNP,1,5.82,True
ACT-2026-001912,2026-07-14,K07,P-MOB-GSM,PID187153,MNP,1,1.94,True
ACT-2026-001913,2026-07-14,K07,P-MOB-GSM,PID322549,None,1,0.97,True
ACT-2026-001914,2026-07-14,K07,P-MOB-GSM,PID943922,MNP,1,1.94,True
ACT-2026-001915,2026-07-14,K07,P-MOB-GSM,PID149337,None,1,0.97,True
ACT-2026-001916,2026-07-14,K07,P-MOB-GSM,PID122726,None,1,0.97,True
ACT-2026-001917,2026-07-14,K07,P-MOB-GSM,PID126037,None,1,0.0,False
ACT-2026-001918,2026-07-14,K07,P-MOB-GSM,PID889920,None,1,0.97,True
ACT-2026-001919,2026-07-14,K07,P-FIX-FBR,PID975462,None,1,9.71,True
ACT-2026-001920,2026-07-14,K07,P-MOB-GSM,PID251680,None,1,0.97,True
ACT-2026-001921,2026-07-14,K07,P-MOB-GSM,PID717907,MNP,1,1.94,True
ACT-2026-001922,2026-07-14,K08,P-FIX-WFA,PID532636,None,1,5.82,True
ACT-2026-001923,2026-07-14,K08,P-MOB-GSM,PID797268,None,1,0.97,True
ACT-2026-001924,2026-07-14,K08,P-MOB-GSM,PID828033,MNP,1,1.94,True
ACT-2026-001925,2026-07-14,K08,P-MOB-GSM,PID264789,None,1,0.97,True
ACT-2026-001926,2026-07-14,K08,P-MOB-GSM,PID803280,None,1,0.97,True
ACT-2026-001927,2026-07-14,K08,P-MOB-GSM,PID272639,MNP,1,1.94,True
ACT-2026-001928,2026-07-14,K08,P-MOB-GSM,PID330316,MNP,1,1.94,True
ACT-2026-001929,2026-07-14,K08,P-MOB-GSM,PID277082,None,1,0.97,True
ACT-2026-001930,2026-07-14,K08,P-MOB-GSM,PID293929,MNP,1,1.94,True
ACT-2026-001931,2026-07-14,K08,P-DIG-SVC,PID990236,None,1,5.57,True
ACT-2026-001932,2026-07-14,K08,P-MOB-GSM,PID813066,None,1,0.97,True
ACT-2026-001933,2026-07-14,K09,P-MOB-GSM,PID884260,None,1,0.97,True
ACT-2026-001934,2026-07-14,K09,P-MOB-GSM,PID499968,None,1,0.97,True
ACT-2026-001935,2026-07-14,K09,P-MOB-GSM,PID138236,None,1,0.97,True
ACT-2026-001936,2026-07-14,K10,P-MOB-GSM,PID197968,MNP,1,1.94,True
ACT-2026-001937,2026-07-14,K10,P-FIX-FBR,PID946061,None,1,9.71,True
ACT-2026-001938,2026-07-14,K10,P-MOB-GSM,PID631233,None,1,0.97,True
ACT-2026-001939,2026-07-14,K10,P-MOB-GSM,PID568349,None,1,0.97,True
ACT-2026-001940,2026-07-14,K10,P-MOB-GSM,PID874932,None,1,0.97,True
ACT-2026-001941,2026-07-14,K10,P-MOB-GSM,PID828689,None,1,0.97,True
ACT-2026-001942,2026-07-14,K10,P-MOB-GSM,PID847350,None,1,0.97,True
ACT-2026-001943,2026-07-14,K11,P-MOB-GSM,PID307148,None,1,0.97,True
ACT-2026-001944,2026-07-14,K11,P-MOB-GSM,PID792324,None,1,0.97,True
ACT-2026-001945,2026-07-14,K11,P-MOB-GSM,PID417800,None,1,0.97,True
ACT-2026-001946,2026-07-14,K12,P-MOB-OTH,PID558484,None,1,1.45,True
ACT-2026-001947,2026-07-14,K13,P-MOB-GSM,PID126718,None,1,1.03,True
ACT-2026-001948,2026-07-14,K13,P-MOB-GSM,PID230202,None,1,1.03,True
ACT-2026-001949,2026-07-14,K13,P-FIX-FBR,PID921185,None,1,6.48,True
ACT-2026-001950,2026-07-14,K13,P-MOB-GSM,PID704800,None,1,1.03,True
ACT-2026-001951,2026-07-14,K13,P-MOB-GSM,PID224590,None,1,1.03,True
ACT-2026-001952,2026-07-14,K13,P-MOB-GSM,PID858923,None,1,1.03,True
ACT-2026-001953,2026-07-14,K13,P-MOB-GSM,PID705887,None,1,1.03,True
ACT-2026-001954,2026-07-14,K13,P-MOB-OTH,PID993026,None,1,1.55,True
ACT-2026-001955,2026-07-14,K13,P-MOB-GSM,PID463383,None,1,1.03,True
ACT-2026-001956,2026-07-14,K13,P-MOB-GSM,PID865248,MNP,1,2.07,True
ACT-2026-001957,2026-07-14,K13,P-FIX-FBR,PID268699,None,1,6.48,True
ACT-2026-001958,2026-07-14,K13,P-MOB-GSM,PID622611,MNP,1,2.07,True
ACT-2026-001959,2026-07-14,K13,P-MOB-GSM,PID463222,None,1,1.03,True
ACT-2026-001960,2026-07-14,K13,P-MOB-GSM,PID381110,None,1,1.03,True
ACT-2026-001961,2026-07-14,K13,P-MOB-GSM,PID724825,None,1,1.03,True
ACT-2026-001962,2026-07-14,K13,P-MOB-GSM,PID796122,None,1,1.03,True
ACT-2026-001963,2026-07-14,K13,P-MOB-GSM,PID723115,MNP,1,2.07,True
ACT-2026-001964,2026-07-14,K13,P-MOB-GSM,PID662946,None,1,1.03,True
ACT-2026-001965,2026-07-14,K13,P-MOB-GSM,PID335832,None,1,1.03,True
ACT-2026-001966,2026-07-14,K13,P-MOB-GSM,PID832286,None,1,1.03,True
ACT-2026-001967,2026-07-14,K14,P-MOB-GSM,PID185523,MNP,1,2.07,True
ACT-2026-001968,2026-07-14,K14,P-DIG-SVC,PID958888,None,1,4.92,True
ACT-2026-001969,2026-07-14,K14,P-MOB-GSM,PID922623,MNP,1,2.07,True
ACT-2026-001970,2026-07-14,K14,P-MOB-GSM,PID805930,None,1,1.03,True
ACT-2026-001971,2026-07-14,K14,P-MOB-GSM,PID651640,None,1,1.03,True
ACT-2026-001972,2026-07-14,K14,P-MOB-GSM,PID683470,None,1,1.03,True
ACT-2026-001973,2026-07-14,K14,P-MOB-GSM,PID886505,None,1,1.03,True
ACT-2026-001974,2026-07-14,K14,P-MOB-GSM,PID233041,None,1,1.03,True
ACT-2026-001975,2026-07-14,K15,P-FIX-BIB,PID255228,None,1,9.72,True
ACT-2026-001976,2026-07-14,K15,P-MOB-GSM,PID974501,MNP,1,2.07,True
ACT-2026-001977,2026-07-14,K15,P-MOB-GSM,PID801362,None,1,1.03,True
ACT-2026-001978,2026-07-14,K15,P-MOB-GSM,PID996962,None,1,1.03,True
ACT-2026-001979,2026-07-14,K15,P-MOB-GSM,PID736452,None,1,1.03,True
ACT-2026-001980,2026-07-14,K15,P-MOB-GSM,PID879829,None,1,1.03,True
ACT-2026-001981,2026-07-14,K15,P-MOB-GSM,PID164781,None,1,1.03,True
ACT-2026-001982,2026-07-14,K15,P-MOB-GSM,PID674010,None,1,1.03,True
ACT-2026-001983,2026-07-14,K15,P-MOB-GSM,PID517637,None,1,1.03,True
ACT-2026-001984,2026-07-14,K16,P-MOB-GSM,PID786875,None,1,1.03,True
ACT-2026-001985,2026-07-14,K16,P-MOB-GSM,PID493989,None,1,1.03,True
ACT-2026-001986,2026-07-14,K16,P-FIX-WFA,PID856857,None,1,3.89,True
ACT-2026-001987,2026-07-14,K16,P-MOB-GSM,PID231919,None,1,1.03,True
ACT-2026-001988,2026-07-14,K16,P-MOB-GSM,PID616999,None,1,1.03,True
ACT-2026-001989,2026-07-14,K16,P-MOB-GSM,PID480082,None,1,1.03,True
ACT-2026-001990,2026-07-14,K16,P-MOB-GSM,PID767220,None,1,1.03,True
ACT-2026-001991,2026-07-14,K16,P-MOB-OTH,PID972396,None,1,1.55,True
ACT-2026-001992,2026-07-14,K16,P-MOB-GSM,PID460864,None,1,1.03,True
ACT-2026-001993,2026-07-14,K17,P-MOB-GSM,PID314665,None,1,1.03,True
ACT-2026-001994,2026-07-14,K17,P-MOB-GSM,PID492868,None,1,1.03,True
ACT-2026-001995,2026-07-14,K17,P-MOB-GSM,PID500108,None,1,1.03,True
ACT-2026-001996,2026-07-14,K17,P-FIX-BIB,PID133336,None,1,9.72,True
ACT-2026-001997,2026-07-14,K17,P-MOB-GSM,PID948315,MNP,1,2.07,True
ACT-2026-001998,2026-07-14,K18,P-MOB-OTH,PID632023,None,1,1.55,True
ACT-2026-001999,2026-07-14,K18,P-MOB-GSM,PID455626,None,1,1.03,True
ACT-2026-002000,2026-07-15,K01,P-MOB-GSM,PID637243,None,1,1.11,True
ACT-2026-002001,2026-07-15,K01,P-MOB-GSM,PID749942,None,1,1.11,True
ACT-2026-002002,2026-07-15,K01,P-FIX-BIB,PID635834,None,1,16.52,True
ACT-2026-002003,2026-07-15,K01,P-MOB-GSM,PID973766,None,1,1.11,True
ACT-2026-002004,2026-07-15,K01,P-MOB-GSM,PID916770,None,1,1.11,True
ACT-2026-002005,2026-07-15,K01,P-MOB-GSM,PID473933,None,1,1.11,True
ACT-2026-002006,2026-07-15,K01,P-MOB-GSM,PID436660,MNP,1,2.21,True
ACT-2026-002007,2026-07-15,K01,P-MOB-GSM,PID108423,None,1,1.11,True
ACT-2026-002008,2026-07-15,K01,P-MOB-OTH,PID388517,None,1,1.66,True
ACT-2026-002009,2026-07-15,K01,P-MOB-GSM,PID725098,None,1,1.11,True
ACT-2026-002010,2026-07-15,K01,P-MOB-GSM,PID483128,None,1,1.11,True
ACT-2026-002011,2026-07-15,K01,P-MOB-GSM,PID119757,None,1,1.11,True
ACT-2026-002012,2026-07-15,K01,P-MOB-GSM,PID157322,None,1,1.11,True
ACT-2026-002013,2026-07-15,K01,P-MOB-GSM,PID526374,None,1,1.11,True
ACT-2026-002014,2026-07-15,K01,P-MOB-OTH,PID467698,None,1,1.66,True
ACT-2026-002015,2026-07-15,K01,P-DEV-DEV,PID601807,None,1,4.28,True
ACT-2026-002016,2026-07-15,K01,P-MOB-OTH,PID742851,None,1,1.66,True
ACT-2026-002017,2026-07-15,K01,P-MOB-GSM,PID310756,None,1,1.11,True
ACT-2026-002018,2026-07-15,K01,P-MOB-GSM,PID647216,None,1,1.11,True
ACT-2026-002019,2026-07-15,K01,P-MOB-GSM,PID239768,None,1,1.11,True
ACT-2026-002020,2026-07-15,K01,P-MOB-GSM,PID577520,None,1,1.11,True
ACT-2026-002021,2026-07-15,K01,P-MOB-GSM,PID928876,None,1,1.11,True
ACT-2026-002022,2026-07-15,K02,P-MOB-GSM,PID962760,MNP,1,2.21,True
ACT-2026-002023,2026-07-15,K02,P-MOB-OTH,PID821866,None,1,1.66,True
ACT-2026-002024,2026-07-15,K02,P-MOB-GSM,PID540909,None,1,1.11,True
ACT-2026-002025,2026-07-15,K02,P-MOB-GSM,PID611556,None,1,1.11,True
ACT-2026-002026,2026-07-15,K02,P-MOB-GSM,PID701566,None,1,1.11,True
ACT-2026-002027,2026-07-15,K02,P-MOB-GSM,PID351797,MNP,1,2.21,True
ACT-2026-002028,2026-07-15,K02,P-MOB-GSM,PID833010,MNP,1,2.21,True
ACT-2026-002029,2026-07-15,K02,P-FIX-FBR,PID823962,None,1,11.02,True
ACT-2026-002030,2026-07-15,K02,P-DIG-SVC,PID440708,None,1,5.6,True
ACT-2026-002031,2026-07-15,K02,P-DIG-SVC,PID404744,None,1,5.6,True
ACT-2026-002032,2026-07-15,K02,P-MOB-OTH,PID543482,None,1,1.66,True
ACT-2026-002033,2026-07-15,K02,P-MOB-GSM,PID478924,None,1,1.11,True
ACT-2026-002034,2026-07-15,K02,P-MOB-GSM,PID172599,None,1,1.11,True
ACT-2026-002035,2026-07-15,K02,P-MOB-GSM,PID397711,None,1,1.11,True
ACT-2026-002036,2026-07-15,K02,P-MOB-GSM,PID690825,None,1,0.0,False
ACT-2026-002037,2026-07-15,K03,P-MOB-GSM,PID845550,None,1,1.11,True
ACT-2026-002038,2026-07-15,K03,P-DIG-SVC,PID536364,None,1,5.6,True
ACT-2026-002039,2026-07-15,K03,P-MOB-OTH,PID532111,None,1,1.66,True
ACT-2026-002040,2026-07-15,K03,P-MOB-GSM,PID397121,None,1,1.11,True
ACT-2026-002041,2026-07-15,K03,P-MOB-GSM,PID998024,None,1,1.11,True
ACT-2026-002042,2026-07-15,K03,P-MOB-OTH,PID291364,None,1,1.66,True
ACT-2026-002043,2026-07-15,K03,P-MOB-GSM,PID424118,None,1,1.11,True
ACT-2026-002044,2026-07-15,K03,P-MOB-GSM,PID854091,None,1,1.11,True
ACT-2026-002045,2026-07-15,K03,P-MOB-GSM,PID878143,None,1,1.11,True
ACT-2026-002046,2026-07-15,K03,P-FIX-FBR,PID352440,None,1,11.02,True
ACT-2026-002047,2026-07-15,K04,P-MOB-GSM,PID404865,None,1,1.11,True
ACT-2026-002048,2026-07-15,K04,P-MOB-GSM,PID263325,None,1,1.11,True
ACT-2026-002049,2026-07-15,K04,P-MOB-GSM,PID145425,None,1,1.11,True
ACT-2026-002050,2026-07-15,K04,P-MOB-GSM,PID905704,None,1,1.11,True
ACT-2026-002051,2026-07-15,K04,P-MOB-GSM,PID850617,None,1,1.11,True
ACT-2026-002052,2026-07-15,K04,P-MOB-GSM,PID918868,MNP,1,2.21,True
ACT-2026-002053,2026-07-15,K05,P-MOB-OTH,PID867174,None,1,1.66,True
ACT-2026-002054,2026-07-15,K05,P-MOB-GSM,PID555508,None,1,1.11,True
ACT-2026-002055,2026-07-15,K05,P-MOB-GSM,PID954203,None,1,1.11,True
ACT-2026-002056,2026-07-15,K05,P-MOB-GSM,PID177324,None,1,1.11,True
ACT-2026-002057,2026-07-15,K05,P-MOB-GSM,PID321955,None,1,1.11,True
ACT-2026-002058,2026-07-15,K05,P-MOB-GSM,PID630459,None,1,1.11,True
ACT-2026-002059,2026-07-15,K05,P-MOB-GSM,PID998018,None,1,1.11,True
ACT-2026-002060,2026-07-15,K05,P-MOB-GSM,PID651481,None,1,1.11,True
ACT-2026-002061,2026-07-15,K06,P-MOB-GSM,PID858282,None,1,1.11,True
ACT-2026-002062,2026-07-15,K06,P-MOB-GSM,PID721808,None,1,1.11,True
ACT-2026-002063,2026-07-15,K06,P-MOB-GSM,PID851989,None,1,1.11,True
ACT-2026-002064,2026-07-15,K06,P-FIX-WFA,PID699699,None,1,6.39,True
ACT-2026-002065,2026-07-15,K07,P-MOB-OTH,PID239199,None,1,1.45,True
ACT-2026-002066,2026-07-15,K07,P-MOB-GSM,PID359094,None,1,0.97,True
ACT-2026-002067,2026-07-15,K07,P-MOB-GSM,PID486284,MNP,1,1.94,True
ACT-2026-002068,2026-07-15,K07,P-MOB-GSM,PID537827,None,1,0.97,True
ACT-2026-002069,2026-07-15,K07,P-MOB-GSM,PID137114,None,1,0.97,True
ACT-2026-002070,2026-07-15,K07,P-MOB-GSM,PID569495,None,1,0.97,True
ACT-2026-002071,2026-07-15,K07,P-FIX-WFA,PID470706,FNP,1,5.82,True
ACT-2026-002072,2026-07-15,K07,P-FIX-WFA,PID767575,None,1,5.82,True
ACT-2026-002073,2026-07-15,K07,P-MOB-GSM,PID586513,None,1,0.97,True
ACT-2026-002074,2026-07-15,K07,P-MOB-OTH,PID742725,None,1,1.45,True
ACT-2026-002075,2026-07-15,K07,P-MOB-GSM,PID926843,None,1,0.97,True
ACT-2026-002076,2026-07-15,K08,P-MOB-GSM,PID546447,MNP,1,1.94,True
ACT-2026-002077,2026-07-15,K08,P-MOB-GSM,PID582682,None,1,0.97,True
ACT-2026-002078,2026-07-15,K08,P-MOB-GSM,PID154964,None,1,0.97,True
ACT-2026-002079,2026-07-15,K08,P-MOB-GSM,PID516829,None,1,0.97,True
ACT-2026-002080,2026-07-15,K08,P-MOB-GSM,PID863147,None,1,0.97,True
ACT-2026-002081,2026-07-15,K08,P-MOB-GSM,PID119037,None,1,0.97,True
ACT-2026-002082,2026-07-15,K08,P-MOB-GSM,PID979098,None,1,0.97,True
ACT-2026-002083,2026-07-15,K08,P-MOB-GSM,PID865325,None,1,0.97,True
ACT-2026-002084,2026-07-15,K08,P-MOB-GSM,PID206853,None,1,0.97,True
ACT-2026-002085,2026-07-15,K09,P-FIX-BIB,PID746595,None,1,14.56,True
ACT-2026-002086,2026-07-15,K09,P-MOB-GSM,PID425423,MNP,1,1.94,True
ACT-2026-002087,2026-07-15,K09,P-MOB-GSM,PID842902,None,1,0.97,True
ACT-2026-002088,2026-07-15,K09,P-MOB-GSM,PID340518,None,1,0.97,True
ACT-2026-002089,2026-07-15,K09,P-MOB-GSM,PID533970,None,1,0.97,True
ACT-2026-002090,2026-07-15,K09,P-MOB-GSM,PID157160,None,1,0.97,True
ACT-2026-002091,2026-07-15,K09,P-MOB-GSM,PID769179,None,1,0.97,True
ACT-2026-002092,2026-07-15,K09,P-MOB-GSM,PID135890,None,1,0.97,True
ACT-2026-002093,2026-07-15,K09,P-MOB-GSM,PID877271,None,1,0.97,True
ACT-2026-002094,2026-07-15,K09,P-MOB-GSM,PID965194,MNP,1,1.94,True
ACT-2026-002095,2026-07-15,K09,P-MOB-OTH,PID569345,None,1,1.45,True
ACT-2026-002096,2026-07-15,K09,P-MOB-GSM,PID924728,None,1,0.97,True
ACT-2026-002097,2026-07-15,K09,P-MOB-OTH,PID756788,None,1,1.45,True
ACT-2026-002098,2026-07-15,K09,P-MOB-GSM,PID673086,None,1,0.97,True
ACT-2026-002099,2026-07-15,K10,P-MOB-GSM,PID146927,MNP,1,1.94,True
ACT-2026-002100,2026-07-15,K10,P-MOB-GSM,PID618414,None,1,0.97,True
ACT-2026-002101,2026-07-15,K10,P-MOB-GSM,PID145115,None,1,0.97,True
ACT-2026-002102,2026-07-15,K10,P-MOB-GSM,PID864716,None,1,0.97,True
ACT-2026-002103,2026-07-15,K11,P-MOB-GSM,PID672088,None,1,0.97,True
ACT-2026-002104,2026-07-15,K11,P-MOB-GSM,PID819779,None,1,0.97,True
ACT-2026-002105,2026-07-15,K11,P-MOB-GSM,PID106291,None,1,0.97,True
ACT-2026-002106,2026-07-15,K11,P-MOB-GSM,PID729577,None,1,0.97,True
ACT-2026-002107,2026-07-15,K11,P-MOB-GSM,PID360472,None,1,0.97,True
ACT-2026-002108,2026-07-15,K11,P-MOB-GSM,PID968778,MNP,1,1.94,True
ACT-2026-002109,2026-07-15,K12,P-MOB-GSM,PID857040,None,1,0.97,True
ACT-2026-002110,2026-07-15,K12,P-MOB-GSM,PID696257,None,1,0.97,True
ACT-2026-002111,2026-07-15,K12,P-MOB-GSM,PID227237,None,1,0.97,True
ACT-2026-002112,2026-07-15,K13,P-FIX-BIB,PID546978,None,1,9.72,True
ACT-2026-002113,2026-07-15,K13,P-MOB-GSM,PID321819,None,1,1.03,True
ACT-2026-002114,2026-07-15,K13,P-MOB-GSM,PID170291,None,1,1.03,True
ACT-2026-002115,2026-07-15,K13,P-MOB-OTH,PID563488,None,1,1.55,True
ACT-2026-002116,2026-07-15,K13,P-MOB-GSM,PID791263,None,1,1.03,True
ACT-2026-002117,2026-07-15,K13,P-MOB-GSM,PID433205,None,1,1.03,True
ACT-2026-002118,2026-07-15,K13,P-MOB-GSM,PID937565,None,1,1.03,True
ACT-2026-002119,2026-07-15,K13,P-MOB-GSM,PID357489,None,1,1.03,True
ACT-2026-002120,2026-07-15,K13,P-MOB-GSM,PID662266,None,1,1.03,True
ACT-2026-002121,2026-07-15,K13,P-MOB-GSM,PID877748,None,1,1.03,True
ACT-2026-002122,2026-07-15,K13,P-MOB-OTH,PID377750,None,1,1.55,True
ACT-2026-002123,2026-07-15,K13,P-MOB-OTH,PID499276,None,1,1.55,True
ACT-2026-002124,2026-07-15,K14,P-FIX-FBR,PID843587,None,1,6.48,True
ACT-2026-002125,2026-07-15,K14,P-MOB-GSM,PID847878,None,1,1.03,True
ACT-2026-002126,2026-07-15,K14,P-MOB-OTH,PID836319,None,1,1.55,True
ACT-2026-002127,2026-07-15,K14,P-MOB-GSM,PID917038,None,1,1.03,True
ACT-2026-002128,2026-07-15,K14,P-FIX-FBR,PID159980,None,1,6.48,True
ACT-2026-002129,2026-07-15,K14,P-MOB-GSM,PID710986,MNP,1,2.07,True
ACT-2026-002130,2026-07-15,K14,P-MOB-GSM,PID711133,None,1,1.03,True
ACT-2026-002131,2026-07-15,K14,P-MOB-GSM,PID914080,None,1,1.03,True
ACT-2026-002132,2026-07-15,K14,P-MOB-GSM,PID257271,None,1,1.03,True
ACT-2026-002133,2026-07-15,K14,P-MOB-GSM,PID278278,None,1,1.03,True
ACT-2026-002134,2026-07-15,K14,P-MOB-GSM,PID118079,None,1,1.03,True
ACT-2026-002135,2026-07-15,K14,P-MOB-GSM,PID107623,None,1,1.03,True
ACT-2026-002136,2026-07-15,K15,P-MOB-GSM,PID145408,None,1,1.03,True
ACT-2026-002137,2026-07-15,K15,P-MOB-GSM,PID309818,MNP,1,2.07,True
ACT-2026-002138,2026-07-15,K15,P-MOB-GSM,PID301819,None,1,1.03,True
ACT-2026-002139,2026-07-15,K15,P-MOB-GSM,PID738222,None,1,1.03,True
ACT-2026-002140,2026-07-15,K15,P-MOB-GSM,PID291227,None,1,1.03,True
ACT-2026-002141,2026-07-15,K15,P-MOB-GSM,PID459215,MNP,1,2.07,True
ACT-2026-002142,2026-07-15,K15,P-MOB-GSM,PID924788,None,1,1.03,True
ACT-2026-002143,2026-07-15,K15,P-MOB-OTH,PID108900,None,1,1.55,True
ACT-2026-002144,2026-07-15,K16,P-MOB-GSM,PID893654,MNP,1,2.07,True
ACT-2026-002145,2026-07-15,K16,P-MOB-OTH,PID151474,None,1,1.55,True
ACT-2026-002146,2026-07-15,K16,P-MOB-GSM,PID368672,None,1,1.03,True
ACT-2026-002147,2026-07-15,K16,P-MOB-GSM,PID856155,None,1,1.03,True
ACT-2026-002148,2026-07-15,K16,P-MOB-GSM,PID243579,None,1,1.03,True
ACT-2026-002149,2026-07-15,K16,P-MOB-GSM,PID189288,None,1,1.03,True
ACT-2026-002150,2026-07-15,K16,P-DEV-DEV,PID813332,None,1,6.58,True
ACT-2026-002151,2026-07-15,K17,P-MOB-GSM,PID461493,None,1,1.03,True
ACT-2026-002152,2026-07-15,K17,P-MOB-GSM,PID891128,None,1,1.03,True
ACT-2026-002153,2026-07-15,K18,P-FIX-WFA,PID833921,None,1,3.89,True
ACT-2026-002154,2026-07-16,K01,P-FIX-FBR,PID704575,None,1,11.02,True
ACT-2026-002155,2026-07-16,K01,P-MOB-GSM,PID978940,None,1,1.11,True
ACT-2026-002156,2026-07-16,K01,P-MOB-GSM,PID797405,None,1,1.11,True
ACT-2026-002157,2026-07-16,K01,P-MOB-GSM,PID319995,MNP,1,2.21,True
ACT-2026-002158,2026-07-16,K01,P-MOB-GSM,PID978210,None,1,1.11,True
ACT-2026-002159,2026-07-16,K01,P-MOB-GSM,PID618030,None,1,1.11,True
ACT-2026-002160,2026-07-16,K01,P-MOB-GSM,PID178618,None,1,1.11,True
ACT-2026-002161,2026-07-16,K01,P-MOB-GSM,PID336160,None,1,1.11,True
ACT-2026-002162,2026-07-16,K01,P-DIG-SVC,PID101778,None,1,5.6,True
ACT-2026-002163,2026-07-16,K01,P-MOB-GSM,PID469638,None,1,1.11,True
ACT-2026-002164,2026-07-16,K01,P-MOB-GSM,PID999964,None,1,1.11,True
ACT-2026-002165,2026-07-16,K01,P-MOB-GSM,PID751298,None,1,1.11,True
ACT-2026-002166,2026-07-16,K01,P-MOB-GSM,PID597513,None,1,1.11,True
ACT-2026-002167,2026-07-16,K01,P-MOB-GSM,PID542233,None,1,1.11,True
ACT-2026-002168,2026-07-16,K01,P-MOB-GSM,PID962959,None,1,1.11,True
ACT-2026-002169,2026-07-16,K01,P-FIX-FBR,PID860015,None,1,11.02,True
ACT-2026-002170,2026-07-16,K01,P-MOB-GSM,PID148248,MNP,1,2.21,True
ACT-2026-002171,2026-07-16,K02,P-MOB-GSM,PID686532,None,1,1.11,True
ACT-2026-002172,2026-07-16,K02,P-MOB-GSM,PID967179,MNP,1,2.21,True
ACT-2026-002173,2026-07-16,K02,P-MOB-GSM,PID432578,None,1,1.11,True
ACT-2026-002174,2026-07-16,K02,P-MOB-GSM,PID786723,None,1,1.11,True
ACT-2026-002175,2026-07-16,K02,P-MOB-GSM,PID935404,None,1,1.11,True
ACT-2026-002176,2026-07-16,K02,P-MOB-GSM,PID910041,None,1,1.11,True
ACT-2026-002177,2026-07-16,K02,P-MOB-GSM,PID747391,None,1,1.11,True
ACT-2026-002178,2026-07-16,K02,P-MOB-GSM,PID904850,None,1,1.11,True
ACT-2026-002179,2026-07-16,K02,P-MOB-GSM,PID107276,MNP,1,2.21,True
ACT-2026-002180,2026-07-16,K02,P-MOB-GSM,PID408807,None,1,1.11,True
ACT-2026-002181,2026-07-16,K02,P-MOB-GSM,PID569461,None,1,1.11,True
ACT-2026-002182,2026-07-16,K03,P-MOB-GSM,PID377117,None,1,1.11,True
ACT-2026-002183,2026-07-16,K03,P-DIG-SVC,PID192940,None,1,5.6,True
ACT-2026-002184,2026-07-16,K03,P-MOB-GSM,PID190000,None,1,1.11,True
ACT-2026-002185,2026-07-16,K03,P-MOB-OTH,PID319916,None,1,1.66,True
ACT-2026-002186,2026-07-16,K03,P-MOB-GSM,PID974245,MNP,1,2.21,True
ACT-2026-002187,2026-07-16,K03,P-MOB-GSM,PID860768,MNP,1,2.21,True
ACT-2026-002188,2026-07-16,K03,P-MOB-GSM,PID300483,MNP,1,2.21,True
ACT-2026-002189,2026-07-16,K03,P-MOB-GSM,PID641030,None,1,1.11,True
ACT-2026-002190,2026-07-16,K03,P-MOB-GSM,PID275074,None,1,1.11,True
ACT-2026-002191,2026-07-16,K03,P-FIX-FBR,PID590321,None,1,11.02,True
ACT-2026-002192,2026-07-16,K03,P-MOB-GSM,PID742520,None,1,1.11,True
ACT-2026-002193,2026-07-16,K04,P-DIG-SVC,PID651050,None,1,5.6,True
ACT-2026-002194,2026-07-16,K04,P-MOB-GSM,PID242686,None,1,1.11,True
ACT-2026-002195,2026-07-16,K04,P-MOB-GSM,PID370225,None,1,1.11,True
ACT-2026-002196,2026-07-16,K04,P-MOB-GSM,PID713833,None,1,1.11,True
ACT-2026-002197,2026-07-16,K04,P-MOB-OTH,PID594195,None,1,1.66,True
ACT-2026-002198,2026-07-16,K05,P-FIX-WFA,PID109971,FNP,1,6.61,True
ACT-2026-002199,2026-07-16,K05,P-MOB-GSM,PID963961,MNP,1,2.21,True
ACT-2026-002200,2026-07-16,K05,P-MOB-GSM,PID362528,None,1,1.11,True
ACT-2026-002201,2026-07-16,K05,P-MOB-GSM,PID178174,None,1,1.11,True
ACT-2026-002202,2026-07-16,K05,P-MOB-GSM,PID186279,None,1,1.11,True
ACT-2026-002203,2026-07-16,K05,P-MOB-GSM,PID342195,MNP,1,2.21,True
ACT-2026-002204,2026-07-16,K05,P-MOB-GSM,PID664227,None,1,1.11,True
ACT-2026-002205,2026-07-16,K05,P-MOB-OTH,PID115967,None,1,1.66,True
ACT-2026-002206,2026-07-16,K05,P-MOB-GSM,PID782630,None,1,1.11,True
ACT-2026-002207,2026-07-16,K05,P-MOB-GSM,PID438076,None,1,1.11,True
ACT-2026-002208,2026-07-16,K06,P-FIX-WFA,PID587897,None,1,6.61,True
ACT-2026-002209,2026-07-16,K06,P-MOB-GSM,PID447586,None,1,1.11,True
ACT-2026-002210,2026-07-16,K07,P-MOB-GSM,PID623418,None,1,0.97,True
ACT-2026-002211,2026-07-16,K07,P-MOB-GSM,PID152629,None,1,0.97,True
ACT-2026-002212,2026-07-16,K07,P-FIX-BIB,PID839174,None,1,14.56,True
ACT-2026-002213,2026-07-16,K07,P-FIX-BIB,PID884500,None,1,14.56,True
ACT-2026-002214,2026-07-16,K07,P-MOB-GSM,PID243022,None,1,0.97,True
ACT-2026-002215,2026-07-16,K07,P-MOB-GSM,PID752955,None,1,0.97,True
ACT-2026-002216,2026-07-16,K07,P-MOB-GSM,PID380918,None,1,0.97,True
ACT-2026-002217,2026-07-16,K07,P-MOB-GSM,PID727511,None,1,0.97,True
ACT-2026-002218,2026-07-16,K07,P-MOB-GSM,PID370507,None,1,0.97,True
ACT-2026-002219,2026-07-16,K07,P-MOB-OTH,PID730993,None,1,1.45,True
ACT-2026-002220,2026-07-16,K07,P-MOB-GSM,PID346438,None,1,0.97,True
ACT-2026-002221,2026-07-16,K07,P-MOB-GSM,PID323713,None,1,0.97,True
ACT-2026-002222,2026-07-16,K07,P-MOB-GSM,PID995331,None,1,0.97,True
ACT-2026-002223,2026-07-16,K08,P-MOB-GSM,PID227344,MNP,1,1.94,True
ACT-2026-002224,2026-07-16,K08,P-MOB-GSM,PID718991,None,1,0.97,True
ACT-2026-002225,2026-07-16,K08,P-MOB-GSM,PID654593,None,1,0.97,True
ACT-2026-002226,2026-07-16,K08,P-MOB-GSM,PID287991,None,1,0.97,True
ACT-2026-002227,2026-07-16,K08,P-FIX-BIB,PID107782,None,1,14.56,True
ACT-2026-002228,2026-07-16,K08,P-MOB-GSM,PID854532,MNP,1,1.94,True
ACT-2026-002229,2026-07-16,K08,P-MOB-GSM,PID956060,None,1,0.97,True
ACT-2026-002230,2026-07-16,K08,P-MOB-GSM,PID746877,None,1,0.97,True
ACT-2026-002231,2026-07-16,K08,P-MOB-GSM,PID443808,None,1,0.97,True
ACT-2026-002232,2026-07-16,K09,P-MOB-GSM,PID701949,None,1,0.97,True
ACT-2026-002233,2026-07-16,K09,P-MOB-GSM,PID140585,None,1,0.97,True
ACT-2026-002234,2026-07-16,K09,P-MOB-GSM,PID627730,None,1,0.97,True
ACT-2026-002235,2026-07-16,K09,P-MOB-GSM,PID356364,MNP,1,1.94,True
ACT-2026-002236,2026-07-16,K09,P-MOB-GSM,PID379380,None,1,0.97,True
ACT-2026-002237,2026-07-16,K09,P-FIX-WFA,PID702728,None,1,5.82,True
ACT-2026-002238,2026-07-16,K09,P-MOB-GSM,PID429381,None,1,0.97,True
ACT-2026-002239,2026-07-16,K09,P-MOB-GSM,PID705460,None,1,0.97,True
ACT-2026-002240,2026-07-16,K10,P-MOB-GSM,PID651091,None,1,0.97,True
ACT-2026-002241,2026-07-16,K10,P-MOB-GSM,PID577302,None,1,0.97,True
ACT-2026-002242,2026-07-16,K10,P-MOB-GSM,PID753877,None,1,0.97,True
ACT-2026-002243,2026-07-16,K10,P-MOB-GSM,PID248707,None,1,0.97,True
ACT-2026-002244,2026-07-16,K10,P-FIX-BIB,PID357641,None,1,14.56,True
ACT-2026-002245,2026-07-16,K10,P-MOB-GSM,PID839230,None,1,0.97,True
ACT-2026-002246,2026-07-16,K10,P-MOB-GSM,PID950358,None,1,0.97,True
ACT-2026-002247,2026-07-16,K10,P-DIG-SVC,PID477039,None,1,5.57,True
ACT-2026-002248,2026-07-16,K11,P-MOB-OTH,PID643802,None,1,1.45,True
ACT-2026-002249,2026-07-16,K11,P-DIG-SVC,PID473784,None,1,5.57,True
ACT-2026-002250,2026-07-16,K11,P-FIX-WFA,PID920885,FNP,1,5.82,True
ACT-2026-002251,2026-07-16,K12,P-MOB-GSM,PID910453,None,1,0.97,True
ACT-2026-002252,2026-07-16,K12,P-FIX-FBR,PID689108,None,1,9.71,True
ACT-2026-002253,2026-07-16,K12,P-MOB-GSM,PID569843,None,1,0.97,True
ACT-2026-002254,2026-07-16,K12,P-MOB-OTH,PID106616,None,1,1.45,True
ACT-2026-002255,2026-07-16,K12,P-MOB-GSM,PID770495,MNP,1,1.94,True
ACT-2026-002256,2026-07-16,K13,P-DEV-DEV,PID380840,None,1,6.58,True
ACT-2026-002257,2026-07-16,K13,P-MOB-GSM,PID692475,None,1,1.03,True
ACT-2026-002258,2026-07-16,K13,P-MOB-GSM,PID701376,None,1,1.03,True
ACT-2026-002259,2026-07-16,K13,P-DIG-SVC,PID958476,None,1,4.92,True
ACT-2026-002260,2026-07-16,K13,P-MOB-GSM,PID854714,None,1,1.03,True
ACT-2026-002261,2026-07-16,K13,P-MOB-GSM,PID238265,MNP,1,2.07,True
ACT-2026-002262,2026-07-16,K13,P-MOB-GSM,PID801208,None,1,1.03,True
ACT-2026-002263,2026-07-16,K13,P-MOB-GSM,PID308966,None,1,1.03,True
ACT-2026-002264,2026-07-16,K13,P-MOB-GSM,PID493670,None,1,1.03,True
ACT-2026-002265,2026-07-16,K13,P-MOB-GSM,PID872181,None,1,1.03,True
ACT-2026-002266,2026-07-16,K13,P-MOB-GSM,PID311462,MNP,1,2.07,True
ACT-2026-002267,2026-07-16,K13,P-MOB-OTH,PID194493,None,1,1.55,True
ACT-2026-002268,2026-07-16,K13,P-MOB-GSM,PID455444,None,1,1.03,True
ACT-2026-002269,2026-07-16,K13,P-MOB-GSM,PID490359,None,1,1.03,True
ACT-2026-002270,2026-07-16,K13,P-MOB-GSM,PID687837,None,1,1.03,True
ACT-2026-002271,2026-07-16,K13,P-MOB-GSM,PID936553,None,1,1.03,True
ACT-2026-002272,2026-07-16,K13,P-MOB-GSM,PID275040,None,1,1.03,True
ACT-2026-002273,2026-07-16,K14,P-MOB-GSM,PID448890,None,1,1.03,True
ACT-2026-002274,2026-07-16,K14,P-FIX-FBR,PID817193,None,1,6.48,True
ACT-2026-002275,2026-07-16,K14,P-MOB-GSM,PID378094,None,1,1.03,True
ACT-2026-002276,2026-07-16,K14,P-MOB-GSM,PID462051,MNP,1,2.07,True
ACT-2026-002277,2026-07-16,K14,P-MOB-GSM,PID568249,None,1,1.03,True
ACT-2026-002278,2026-07-16,K14,P-MOB-GSM,PID815197,None,1,1.03,True
ACT-2026-002279,2026-07-16,K14,P-MOB-GSM,PID877595,None,1,1.03,True
ACT-2026-002280,2026-07-16,K14,P-MOB-GSM,PID462869,None,1,1.03,True
ACT-2026-002281,2026-07-16,K14,P-DEV-DEV,PID370354,None,1,6.58,True
ACT-2026-002282,2026-07-16,K14,P-MOB-GSM,PID467471,None,1,1.03,True
ACT-2026-002283,2026-07-16,K14,P-MOB-GSM,PID922462,None,1,1.03,True
ACT-2026-002284,2026-07-16,K14,P-MOB-GSM,PID929737,None,1,1.03,True
ACT-2026-002285,2026-07-16,K15,P-MOB-GSM,PID115874,MNP,1,2.07,True
ACT-2026-002286,2026-07-16,K15,P-MOB-GSM,PID166583,None,1,1.03,True
ACT-2026-002287,2026-07-16,K15,P-MOB-GSM,PID752981,MNP,1,2.07,True
ACT-2026-002288,2026-07-16,K15,P-MOB-GSM,PID885374,MNP,1,2.07,True
ACT-2026-002289,2026-07-16,K15,P-MOB-GSM,PID434776,None,1,1.03,True
ACT-2026-002290,2026-07-16,K15,P-MOB-GSM,PID364456,None,1,1.03,True
ACT-2026-002291,2026-07-16,K15,P-MOB-GSM,PID128005,None,1,1.03,True
ACT-2026-002292,2026-07-16,K16,P-MOB-GSM,PID578801,None,1,1.03,True
ACT-2026-002293,2026-07-16,K16,P-MOB-GSM,PID806697,MNP,1,2.07,True
ACT-2026-002294,2026-07-16,K16,P-MOB-GSM,PID976546,MNP,1,2.07,True
ACT-2026-002295,2026-07-16,K16,P-MOB-GSM,PID446798,None,1,1.03,True
ACT-2026-002296,2026-07-16,K16,P-MOB-GSM,PID225434,MNP,1,2.07,True
ACT-2026-002297,2026-07-16,K16,P-MOB-GSM,PID209936,None,1,1.03,True
ACT-2026-002298,2026-07-16,K16,P-MOB-GSM,PID810523,MNP,1,2.07,True
ACT-2026-002299,2026-07-16,K16,P-DIG-SVC,PID330708,None,1,4.92,True
ACT-2026-002300,2026-07-16,K16,P-MOB-GSM,PID832623,None,1,1.03,True
ACT-2026-002301,2026-07-16,K17,P-MOB-GSM,PID440889,None,1,1.03,True
ACT-2026-002302,2026-07-16,K17,P-MOB-GSM,PID862026,None,1,1.03,True
ACT-2026-002303,2026-07-16,K17,P-MOB-GSM,PID873630,None,1,1.03,True
ACT-2026-002304,2026-07-16,K17,P-MOB-GSM,PID413752,None,1,1.03,True
ACT-2026-002305,2026-07-16,K18,P-MOB-GSM,PID754552,None,1,1.03,True
ACT-2026-002306,2026-07-16,K18,P-MOB-OTH,PID995793,None,1,1.55,True
ACT-2026-002307,2026-07-16,K18,P-MOB-GSM,PID779334,None,1,1.03,True
ACT-2026-002308,2026-07-17,K01,P-MOB-GSM,PID220230,None,1,1.11,True
ACT-2026-002309,2026-07-17,K01,P-MOB-GSM,PID381670,None,1,1.11,True
ACT-2026-002310,2026-07-17,K01,P-MOB-GSM,PID717910,MNP,1,2.21,True
ACT-2026-002311,2026-07-17,K01,P-MOB-GSM,PID695942,None,1,1.11,True
ACT-2026-002312,2026-07-17,K01,P-MOB-GSM,PID545529,None,1,1.11,True
ACT-2026-002313,2026-07-17,K01,P-MOB-GSM,PID997614,None,1,1.11,True
ACT-2026-002314,2026-07-17,K01,P-MOB-GSM,PID537847,None,1,1.11,True
ACT-2026-002315,2026-07-17,K01,P-MOB-GSM,PID910530,None,1,1.11,True
ACT-2026-002316,2026-07-17,K01,P-DEV-DEV,PID768191,None,1,4.28,True
ACT-2026-002317,2026-07-17,K01,P-DIG-SVC,PID195472,None,1,5.6,True
ACT-2026-002318,2026-07-17,K01,P-MOB-GSM,PID322989,None,1,1.11,True
ACT-2026-002319,2026-07-17,K01,P-MOB-GSM,PID109634,None,1,1.11,True
ACT-2026-002320,2026-07-17,K01,P-FIX-FBR,PID220537,None,1,11.02,True
ACT-2026-002321,2026-07-17,K01,P-MOB-GSM,PID831452,None,1,1.11,True
ACT-2026-002322,2026-07-17,K02,P-MOB-GSM,PID476197,None,1,1.11,True
ACT-2026-002323,2026-07-17,K02,P-MOB-GSM,PID775802,None,1,1.11,True
ACT-2026-002324,2026-07-17,K02,P-MOB-OTH,PID539651,None,1,1.66,True
ACT-2026-002325,2026-07-17,K02,P-MOB-GSM,PID128069,None,1,1.11,True
ACT-2026-002326,2026-07-17,K02,P-MOB-GSM,PID143714,MNP,1,2.21,True
ACT-2026-002327,2026-07-17,K02,P-MOB-GSM,PID569873,None,1,1.11,True
ACT-2026-002328,2026-07-17,K02,P-MOB-GSM,PID911941,MNP,1,2.21,True
ACT-2026-002329,2026-07-17,K02,P-MOB-GSM,PID275392,MNP,1,2.21,True
ACT-2026-002330,2026-07-17,K02,P-MOB-GSM,PID665570,None,1,1.11,True
ACT-2026-002331,2026-07-17,K02,P-MOB-GSM,PID431282,None,1,1.11,True
ACT-2026-002332,2026-07-17,K02,P-MOB-GSM,PID381018,None,1,1.11,True
ACT-2026-002333,2026-07-17,K02,P-DEV-DEV,PID780516,None,1,4.28,True
ACT-2026-002334,2026-07-17,K02,P-MOB-GSM,PID335086,None,1,1.11,True
ACT-2026-002335,2026-07-17,K02,P-MOB-GSM,PID412069,None,1,1.11,True
ACT-2026-002336,2026-07-17,K02,P-MOB-GSM,PID631335,None,1,1.11,True
ACT-2026-002337,2026-07-17,K02,P-MOB-GSM,PID548311,None,1,1.11,True
ACT-2026-002338,2026-07-17,K02,P-MOB-GSM,PID762182,MNP,1,2.21,True
ACT-2026-002339,2026-07-17,K03,P-MOB-GSM,PID379854,MNP,1,2.21,True
ACT-2026-002340,2026-07-17,K03,P-DEV-DEV,PID140024,None,1,4.28,True
ACT-2026-002341,2026-07-17,K03,P-MOB-GSM,PID413360,None,1,1.11,True
ACT-2026-002342,2026-07-17,K03,P-MOB-GSM,PID321136,None,1,1.11,True
ACT-2026-002343,2026-07-17,K03,P-FIX-FBR,PID774187,None,1,11.02,True
ACT-2026-002344,2026-07-17,K03,P-MOB-OTH,PID316776,None,1,1.66,True
ACT-2026-002345,2026-07-17,K03,P-MOB-GSM,PID773916,None,1,1.11,True
ACT-2026-002346,2026-07-17,K03,P-FIX-FBR,PID199017,None,1,11.02,True
ACT-2026-002347,2026-07-17,K03,P-MOB-GSM,PID683574,None,1,1.11,True
ACT-2026-002348,2026-07-17,K03,P-MOB-GSM,PID274105,MNP,1,2.21,True
ACT-2026-002349,2026-07-17,K03,P-MOB-GSM,PID981521,None,1,1.11,True
ACT-2026-002350,2026-07-17,K03,P-MOB-GSM,PID206752,None,1,1.11,True
ACT-2026-002351,2026-07-17,K04,P-MOB-GSM,PID506601,None,1,1.11,True
ACT-2026-002352,2026-07-17,K04,P-MOB-GSM,PID480783,None,1,1.11,True
ACT-2026-002353,2026-07-17,K04,P-DIG-SVC,PID543416,None,1,5.6,True
ACT-2026-002354,2026-07-17,K04,P-MOB-GSM,PID414424,None,1,1.11,True
ACT-2026-002355,2026-07-17,K04,P-MOB-GSM,PID949693,MNP,1,2.21,True
ACT-2026-002356,2026-07-17,K04,P-MOB-GSM,PID330252,None,1,1.11,True
ACT-2026-002357,2026-07-17,K04,P-MOB-GSM,PID878552,None,1,1.11,True
ACT-2026-002358,2026-07-17,K05,P-MOB-GSM,PID857059,None,1,1.11,True
ACT-2026-002359,2026-07-17,K05,P-MOB-GSM,PID920304,None,1,1.11,True
ACT-2026-002360,2026-07-17,K05,P-MOB-GSM,PID825143,MNP,1,2.21,True
ACT-2026-002361,2026-07-17,K05,P-MOB-GSM,PID941078,None,1,1.11,True
ACT-2026-002362,2026-07-17,K06,P-MOB-GSM,PID893421,MNP,1,2.21,True
ACT-2026-002363,2026-07-17,K06,P-MOB-GSM,PID461047,None,1,1.11,True
ACT-2026-002364,2026-07-17,K06,P-MOB-OTH,PID907751,None,1,-3.66,True
ACT-2026-002365,2026-07-17,K07,P-MOB-GSM,PID959508,None,1,0.97,True
ACT-2026-002366,2026-07-17,K07,P-MOB-GSM,PID709680,None,1,0.97,True
ACT-2026-002367,2026-07-17,K07,P-MOB-GSM,PID548687,None,1,0.97,True
ACT-2026-002368,2026-07-17,K07,P-MOB-GSM,PID227868,None,1,0.97,True
ACT-2026-002369,2026-07-17,K07,P-MOB-GSM,PID181733,None,1,0.97,True
ACT-2026-002370,2026-07-17,K07,P-MOB-GSM,PID374845,None,1,0.97,True
ACT-2026-002371,2026-07-17,K07,P-MOB-GSM,PID580374,None,1,0.97,True
ACT-2026-002372,2026-07-17,K07,P-MOB-GSM,PID692381,MNP,1,1.94,True
ACT-2026-002373,2026-07-17,K07,P-MOB-GSM,PID472010,None,1,0.97,True
ACT-2026-002374,2026-07-17,K07,P-MOB-GSM,PID697276,MNP,1,1.94,True
ACT-2026-002375,2026-07-17,K07,P-MOB-GSM,PID681099,None,1,0.97,True
ACT-2026-002376,2026-07-17,K07,P-MOB-GSM,PID918580,None,1,0.97,True
ACT-2026-002377,2026-07-17,K07,P-MOB-GSM,PID684767,None,1,0.97,True
ACT-2026-002378,2026-07-17,K07,P-MOB-GSM,PID347868,None,1,0.97,True
ACT-2026-002379,2026-07-17,K07,P-MOB-GSM,PID219183,MNP,1,1.94,True
ACT-2026-002380,2026-07-17,K08,P-MOB-GSM,PID449676,None,1,0.97,True
ACT-2026-002381,2026-07-17,K08,P-MOB-GSM,PID795689,MNP,1,1.94,True
ACT-2026-002382,2026-07-17,K08,P-MOB-GSM,PID735800,None,1,0.97,True
ACT-2026-002383,2026-07-17,K08,P-MOB-GSM,PID946612,None,1,0.97,True
ACT-2026-002384,2026-07-17,K08,P-MOB-GSM,PID911146,None,1,0.97,True
ACT-2026-002385,2026-07-17,K08,P-MOB-GSM,PID803127,None,1,0.97,True
ACT-2026-002386,2026-07-17,K08,P-MOB-GSM,PID780811,MNP,1,1.94,True
ACT-2026-002387,2026-07-17,K08,P-MOB-GSM,PID863066,None,1,0.97,True
ACT-2026-002388,2026-07-17,K08,P-MOB-GSM,PID224249,MNP,1,1.94,True
ACT-2026-002389,2026-07-17,K08,P-DEV-DEV,PID303024,None,1,6.08,True
ACT-2026-002390,2026-07-17,K09,P-MOB-GSM,PID292905,MNP,1,1.94,True
ACT-2026-002391,2026-07-17,K09,P-MOB-GSM,PID122576,None,1,0.97,True
ACT-2026-002392,2026-07-17,K09,P-MOB-GSM,PID781017,MNP,1,1.94,True
ACT-2026-002393,2026-07-17,K09,P-MOB-GSM,PID907369,MNP,1,1.94,True
ACT-2026-002394,2026-07-17,K09,P-MOB-OTH,PID581005,None,1,1.45,True
ACT-2026-002395,2026-07-17,K09,P-MOB-GSM,PID136376,None,1,0.97,True
ACT-2026-002396,2026-07-17,K09,P-MOB-GSM,PID296319,None,1,0.97,True
ACT-2026-002397,2026-07-17,K09,P-MOB-GSM,PID346597,MNP,1,1.94,True
ACT-2026-002398,2026-07-17,K09,P-MOB-GSM,PID543673,None,1,0.97,True
ACT-2026-002399,2026-07-17,K09,P-MOB-GSM,PID768460,None,1,0.97,True
ACT-2026-002400,2026-07-17,K09,P-MOB-GSM,PID988883,None,1,0.97,True
ACT-2026-002401,2026-07-17,K09,P-MOB-GSM,PID222170,None,1,0.97,True
ACT-2026-002402,2026-07-17,K10,P-DIG-SVC,PID260908,None,1,5.57,True
ACT-2026-002403,2026-07-17,K10,P-MOB-GSM,PID146921,None,1,0.97,True
ACT-2026-002404,2026-07-17,K10,P-MOB-GSM,PID711583,MNP,1,1.94,True
ACT-2026-002405,2026-07-17,K10,P-FIX-FBR,PID912549,None,1,9.71,True
ACT-2026-002406,2026-07-17,K10,P-MOB-GSM,PID255227,MNP,1,1.94,True
ACT-2026-002407,2026-07-17,K10,P-MOB-GSM,PID278723,None,1,0.97,True
ACT-2026-002408,2026-07-17,K11,P-MOB-GSM,PID431566,MNP,1,1.94,True
ACT-2026-002409,2026-07-17,K11,P-MOB-GSM,PID378492,None,1,0.97,True
ACT-2026-002410,2026-07-17,K11,P-MOB-GSM,PID177774,None,1,0.97,True
ACT-2026-002411,2026-07-17,K11,P-MOB-GSM,PID168224,MNP,1,1.94,True
ACT-2026-002412,2026-07-17,K11,P-MOB-GSM,PID181752,MNP,1,1.94,True
ACT-2026-002413,2026-07-17,K12,P-MOB-GSM,PID252184,MNP,1,1.94,True
ACT-2026-002414,2026-07-17,K12,P-MOB-OTH,PID142453,None,1,0.0,False
ACT-2026-002415,2026-07-17,K13,P-MOB-GSM,PID619863,None,1,1.03,True
ACT-2026-002416,2026-07-17,K13,P-MOB-GSM,PID858120,None,1,1.03,True
ACT-2026-002417,2026-07-17,K13,P-MOB-GSM,PID903876,None,1,1.03,True
ACT-2026-002418,2026-07-17,K13,P-FIX-WFA,PID827464,FNP,1,3.89,True
ACT-2026-002419,2026-07-17,K13,P-MOB-GSM,PID439531,MNP,1,2.07,True
ACT-2026-002420,2026-07-17,K13,P-MOB-GSM,PID131623,None,1,1.03,True
ACT-2026-002421,2026-07-17,K13,P-MOB-GSM,PID358456,None,1,1.03,True
ACT-2026-002422,2026-07-17,K13,P-MOB-GSM,PID762053,MNP,1,2.07,True
ACT-2026-002423,2026-07-17,K13,P-MOB-OTH,PID225442,None,1,1.55,True
ACT-2026-002424,2026-07-17,K13,P-MOB-GSM,PID854545,None,1,1.03,True
ACT-2026-002425,2026-07-17,K13,P-MOB-GSM,PID247660,None,1,1.03,True
ACT-2026-002426,2026-07-17,K13,P-MOB-GSM,PID192907,None,1,1.03,True
ACT-2026-002427,2026-07-17,K13,P-MOB-GSM,PID518478,None,1,1.03,True
ACT-2026-002428,2026-07-17,K13,P-MOB-GSM,PID419128,None,1,1.03,True
ACT-2026-002429,2026-07-17,K14,P-MOB-GSM,PID114317,None,1,1.03,True
ACT-2026-002430,2026-07-17,K14,P-DIG-SVC,PID890613,None,1,4.92,True
ACT-2026-002431,2026-07-17,K14,P-MOB-GSM,PID952540,MNP,1,2.07,True
ACT-2026-002432,2026-07-17,K14,P-MOB-GSM,PID810224,None,1,1.03,True
ACT-2026-002433,2026-07-17,K14,P-MOB-GSM,PID907528,MNP,1,0.0,False
ACT-2026-002434,2026-07-17,K14,P-MOB-GSM,PID599960,None,1,1.03,True
ACT-2026-002435,2026-07-17,K14,P-MOB-GSM,PID273114,None,1,1.03,True
ACT-2026-002436,2026-07-17,K14,P-MOB-GSM,PID221225,None,1,1.03,True
ACT-2026-002437,2026-07-17,K14,P-MOB-OTH,PID477272,None,1,1.55,True
ACT-2026-002438,2026-07-17,K14,P-MOB-GSM,PID784792,MNP,1,2.07,True
ACT-2026-002439,2026-07-17,K14,P-MOB-GSM,PID229482,None,1,1.03,True
ACT-2026-002440,2026-07-17,K15,P-MOB-GSM,PID136217,None,1,1.03,True
ACT-2026-002441,2026-07-17,K15,P-MOB-GSM,PID616993,None,1,1.03,True
ACT-2026-002442,2026-07-17,K15,P-MOB-GSM,PID318225,None,1,1.03,True
ACT-2026-002443,2026-07-17,K15,P-FIX-FBR,PID756322,None,1,6.48,True
ACT-2026-002444,2026-07-17,K15,P-MOB-GSM,PID880835,None,1,1.03,True
ACT-2026-002445,2026-07-17,K15,P-MOB-GSM,PID825386,None,1,1.03,True
ACT-2026-002446,2026-07-17,K15,P-MOB-GSM,PID574818,None,1,1.03,True
ACT-2026-002447,2026-07-17,K15,P-MOB-GSM,PID904701,None,1,1.03,True
ACT-2026-002448,2026-07-17,K15,P-MOB-GSM,PID923697,None,1,1.03,True
ACT-2026-002449,2026-07-17,K15,P-MOB-GSM,PID407923,None,1,1.03,True
ACT-2026-002450,2026-07-17,K16,P-MOB-GSM,PID906305,None,1,1.03,True
ACT-2026-002451,2026-07-17,K16,P-MOB-GSM,PID896531,None,1,1.03,True
ACT-2026-002452,2026-07-17,K16,P-MOB-GSM,PID343228,None,1,1.03,True
ACT-2026-002453,2026-07-17,K16,P-MOB-GSM,PID859934,MNP,1,2.07,True
ACT-2026-002454,2026-07-17,K16,P-MOB-OTH,PID296068,None,1,1.55,True
ACT-2026-002455,2026-07-17,K17,P-FIX-FBR,PID579584,None,1,6.48,True
ACT-2026-002456,2026-07-17,K17,P-MOB-GSM,PID573040,None,1,1.03,True
ACT-2026-002457,2026-07-17,K17,P-MOB-GSM,PID824143,None,1,1.03,True
ACT-2026-002458,2026-07-17,K17,P-MOB-GSM,PID175041,None,1,1.03,True
ACT-2026-002459,2026-07-17,K17,P-MOB-GSM,PID861648,None,1,1.03,True
ACT-2026-002460,2026-07-17,K18,P-FIX-WFA,PID370652,None,1,3.89,True
ACT-2026-002461,2026-07-17,K18,P-MOB-GSM,PID313154,None,1,1.03,True
ACT-2026-002462,2026-07-18,K01,P-DIG-SVC,PID706641,None,1,5.6,True
ACT-2026-002463,2026-07-18,K01,P-MOB-GSM,PID632881,MNP,1,2.21,True
ACT-2026-002464,2026-07-18,K01,P-MOB-GSM,PID359425,None,1,1.11,True
ACT-2026-002465,2026-07-18,K02,P-FIX-FBR,PID684585,None,1,11.02,True
ACT-2026-002466,2026-07-18,K02,P-MOB-GSM,PID756830,None,1,1.11,True
ACT-2026-002467,2026-07-18,K03,P-MOB-OTH,PID820031,None,1,1.66,True
ACT-2026-002468,2026-07-18,K04,P-MOB-GSM,PID439619,None,1,1.11,True
ACT-2026-002469,2026-07-18,K04,P-MOB-GSM,PID423882,None,1,1.11,True
ACT-2026-002470,2026-07-18,K04,P-MOB-GSM,PID905376,None,1,1.11,True
ACT-2026-002471,2026-07-18,K05,P-MOB-GSM,PID799311,None,1,1.11,True
ACT-2026-002472,2026-07-18,K05,P-MOB-GSM,PID776080,MNP,1,2.21,True
ACT-2026-002473,2026-07-18,K06,P-MOB-GSM,PID514327,MNP,1,2.21,True
ACT-2026-002474,2026-07-18,K07,P-FIX-FBR,PID711109,None,1,9.71,True
ACT-2026-002475,2026-07-18,K07,P-MOB-GSM,PID962758,None,1,0.97,True
ACT-2026-002476,2026-07-18,K07,P-MOB-GSM,PID269292,None,1,0.97,True
ACT-2026-002477,2026-07-18,K07,P-DIG-SVC,PID692915,None,1,5.57,True
ACT-2026-002478,2026-07-18,K07,P-MOB-GSM,PID581584,None,1,0.97,True
ACT-2026-002479,2026-07-18,K07,P-MOB-GSM,PID409337,None,1,0.97,True
ACT-2026-002480,2026-07-18,K07,P-MOB-GSM,PID143424,None,1,0.97,True
ACT-2026-002481,2026-07-18,K07,P-MOB-GSM,PID844125,MNP,1,1.94,True
ACT-2026-002482,2026-07-18,K09,P-MOB-GSM,PID683404,None,1,0.97,True
ACT-2026-002483,2026-07-18,K10,P-MOB-GSM,PID529633,None,1,0.97,True
ACT-2026-002484,2026-07-18,K11,P-MOB-GSM,PID912664,None,1,0.97,True
ACT-2026-002485,2026-07-18,K12,P-MOB-OTH,PID464367,None,1,1.45,True
ACT-2026-002486,2026-07-18,K13,P-MOB-GSM,PID659783,MNP,1,2.07,True
ACT-2026-002487,2026-07-18,K13,P-FIX-BIB,PID692689,None,1,9.72,True
ACT-2026-002488,2026-07-18,K13,P-MOB-GSM,PID619554,None,1,1.03,True
ACT-2026-002489,2026-07-18,K13,P-MOB-GSM,PID754665,None,1,1.03,True
ACT-2026-002490,2026-07-18,K13,P-MOB-GSM,PID963383,None,1,1.03,True
ACT-2026-002491,2026-07-18,K13,P-MOB-GSM,PID489268,None,1,1.03,True
ACT-2026-002492,2026-07-18,K13,P-MOB-GSM,PID565944,MNP,1,2.07,True
ACT-2026-002493,2026-07-18,K13,P-MOB-GSM,PID710917,None,1,1.03,True
ACT-2026-002494,2026-07-18,K13,P-MOB-GSM,PID328220,MNP,1,2.07,True
ACT-2026-002495,2026-07-18,K14,P-MOB-GSM,PID259687,MNP,1,2.07,True
ACT-2026-002496,2026-07-18,K14,P-MOB-GSM,PID169079,None,1,0.0,False
ACT-2026-002497,2026-07-18,K14,P-MOB-GSM,PID648264,None,1,1.03,True
ACT-2026-002498,2026-07-18,K16,P-MOB-GSM,PID513314,None,1,1.03,True
ACT-2026-002499,2026-07-18,K17,P-MOB-GSM,PID819971,MNP,1,2.07,True
ACT-2026-002500,2026-07-19,K01,P-MOB-GSM,PID184801,MNP,1,2.21,True
ACT-2026-002501,2026-07-19,K01,P-MOB-GSM,PID563565,None,1,1.11,True
ACT-2026-002502,2026-07-19,K01,P-MOB-GSM,PID912400,None,1,1.11,True
ACT-2026-002503,2026-07-19,K01,P-MOB-GSM,PID974946,None,1,1.11,True
ACT-2026-002504,2026-07-19,K01,P-MOB-GSM,PID482116,None,1,1.11,True
ACT-2026-002505,2026-07-19,K01,P-MOB-GSM,PID834159,None,1,1.11,True
ACT-2026-002506,2026-07-19,K01,P-MOB-GSM,PID386546,None,1,1.11,True
ACT-2026-002507,2026-07-19,K01,P-MOB-GSM,PID512193,None,1,1.11,True
ACT-2026-002508,2026-07-19,K01,P-MOB-GSM,PID336344,None,1,1.11,True
ACT-2026-002509,2026-07-19,K01,P-MOB-GSM,PID258129,MNP,1,2.21,True
ACT-2026-002510,2026-07-19,K02,P-MOB-GSM,PID102219,None,1,1.11,True
ACT-2026-002511,2026-07-19,K03,P-MOB-GSM,PID947456,None,1,1.11,True
ACT-2026-002512,2026-07-19,K03,P-MOB-GSM,PID499723,None,1,1.11,True
ACT-2026-002513,2026-07-19,K03,P-MOB-GSM,PID324502,None,1,1.11,True
ACT-2026-002514,2026-07-19,K03,P-MOB-GSM,PID970801,None,1,1.11,True
ACT-2026-002515,2026-07-19,K03,P-MOB-GSM,PID620100,None,1,1.11,True
ACT-2026-002516,2026-07-19,K03,P-MOB-GSM,PID562149,None,1,1.11,True
ACT-2026-002517,2026-07-19,K04,P-MOB-OTH,PID589714,None,1,1.66,True
ACT-2026-002518,2026-07-19,K04,P-FIX-FBR,PID760610,None,1,11.02,True
ACT-2026-002519,2026-07-19,K05,P-MOB-GSM,PID319010,None,1,1.11,True
ACT-2026-002520,2026-07-19,K07,P-MOB-OTH,PID333428,None,1,1.45,True
ACT-2026-002521,2026-07-19,K07,P-MOB-GSM,PID767310,MNP,1,1.94,True
ACT-2026-002522,2026-07-19,K07,P-MOB-GSM,PID743233,MNP,1,1.94,True
ACT-2026-002523,2026-07-19,K07,P-MOB-GSM,PID335150,None,1,0.97,True
ACT-2026-002524,2026-07-19,K07,P-MOB-GSM,PID276251,MNP,1,1.94,True
ACT-2026-002525,2026-07-19,K07,P-MOB-GSM,PID161498,None,1,0.97,True
ACT-2026-002526,2026-07-19,K08,P-MOB-GSM,PID424396,None,1,0.97,True
ACT-2026-002527,2026-07-19,K08,P-MOB-GSM,PID586017,MNP,1,1.94,True
ACT-2026-002528,2026-07-19,K08,P-MOB-GSM,PID700854,None,1,0.97,True
ACT-2026-002529,2026-07-19,K09,P-MOB-GSM,PID551464,None,1,0.97,True
ACT-2026-002530,2026-07-19,K09,P-MOB-GSM,PID601568,None,1,0.97,True
ACT-2026-002531,2026-07-19,K11,P-MOB-GSM,PID187264,None,1,0.0,False
ACT-2026-002532,2026-07-19,K13,P-MOB-GSM,PID271037,MNP,1,2.07,True
ACT-2026-002533,2026-07-19,K14,P-MOB-GSM,PID457813,None,1,1.03,True
ACT-2026-002534,2026-07-19,K14,P-MOB-GSM,PID785538,None,1,1.03,True
ACT-2026-002535,2026-07-19,K14,P-MOB-GSM,PID495406,None,1,1.03,True
ACT-2026-002536,2026-07-19,K16,P-MOB-OTH,PID354427,None,1,1.55,True
ACT-2026-002537,2026-07-19,K17,P-MOB-GSM,PID628681,None,1,1.03,True
ACT-2026-002538,2026-07-20,K01,P-FIX-BIB,PID559283,None,1,16.52,True
ACT-2026-002539,2026-07-20,K01,P-MOB-GSM,PID226840,None,1,1.11,True
ACT-2026-002540,2026-07-20,K01,P-MOB-GSM,PID356695,None,1,1.11,True
ACT-2026-002541,2026-07-20,K01,P-MOB-GSM,PID992151,None,1,1.11,True
ACT-2026-002542,2026-07-20,K01,P-MOB-GSM,PID794065,MNP,1,2.21,True
ACT-2026-002543,2026-07-20,K01,P-MOB-GSM,PID787086,None,1,1.11,True
ACT-2026-002544,2026-07-20,K01,P-MOB-GSM,PID789530,None,1,1.11,True
ACT-2026-002545,2026-07-20,K01,P-MOB-GSM,PID330229,None,1,1.11,True
ACT-2026-002546,2026-07-20,K01,P-DIG-SVC,PID483527,None,1,5.6,True
ACT-2026-002547,2026-07-20,K01,P-MOB-GSM,PID501229,None,1,1.11,True
ACT-2026-002548,2026-07-20,K01,P-MOB-OTH,PID163502,None,1,1.66,True
ACT-2026-002549,2026-07-20,K01,P-MOB-GSM,PID953409,None,1,0.0,False
ACT-2026-002550,2026-07-20,K01,P-DEV-DEV,PID684844,None,1,4.28,True
ACT-2026-002551,2026-07-20,K01,P-FIX-FBR,PID247364,None,1,11.02,True
ACT-2026-002552,2026-07-20,K01,P-MOB-GSM,PID878548,None,1,1.11,True
ACT-2026-002553,2026-07-20,K01,P-MOB-OTH,PID694059,None,1,1.66,True
ACT-2026-002554,2026-07-20,K01,P-MOB-GSM,PID316163,None,1,1.11,True
ACT-2026-002555,2026-07-20,K01,P-MOB-GSM,PID906983,None,1,1.11,True
ACT-2026-002556,2026-07-20,K02,P-MOB-GSM,PID702171,MNP,1,2.21,True
ACT-2026-002557,2026-07-20,K02,P-MOB-GSM,PID967792,None,1,1.11,True
ACT-2026-002558,2026-07-20,K02,P-MOB-OTH,PID594573,None,1,1.66,True
ACT-2026-002559,2026-07-20,K02,P-MOB-GSM,PID567925,None,1,1.11,True
ACT-2026-002560,2026-07-20,K02,P-MOB-GSM,PID375305,MNP,1,2.21,True
ACT-2026-002561,2026-07-20,K02,P-MOB-GSM,PID725720,None,1,1.11,True
ACT-2026-002562,2026-07-20,K02,P-MOB-GSM,PID564861,None,1,1.11,True
ACT-2026-002563,2026-07-20,K02,P-MOB-GSM,PID805760,None,1,1.11,True
ACT-2026-002564,2026-07-20,K02,P-MOB-OTH,PID447959,None,1,1.66,True
ACT-2026-002565,2026-07-20,K02,P-MOB-GSM,PID808601,None,1,1.11,True
ACT-2026-002566,2026-07-20,K02,P-MOB-GSM,PID691381,MNP,1,2.21,True
ACT-2026-002567,2026-07-20,K02,P-MOB-GSM,PID684158,None,1,1.11,True
ACT-2026-002568,2026-07-20,K02,P-DEV-DEV,PID431812,None,1,4.28,True
ACT-2026-002569,2026-07-20,K02,P-MOB-GSM,PID233308,None,1,1.11,True
ACT-2026-002570,2026-07-20,K02,P-MOB-GSM,PID324179,MNP,1,2.21,True
ACT-2026-002571,2026-07-20,K02,P-MOB-GSM,PID887966,None,1,1.11,True
ACT-2026-002572,2026-07-20,K03,P-MOB-GSM,PID495678,MNP,1,2.21,True
ACT-2026-002573,2026-07-20,K03,P-MOB-GSM,PID618134,None,1,1.11,True
ACT-2026-002574,2026-07-20,K03,P-MOB-GSM,PID339610,None,1,1.11,True
ACT-2026-002575,2026-07-20,K03,P-MOB-GSM,PID673721,None,1,1.11,True
ACT-2026-002576,2026-07-20,K03,P-MOB-GSM,PID390295,None,1,1.11,True
ACT-2026-002577,2026-07-20,K03,P-MOB-GSM,PID179177,None,1,1.11,True
ACT-2026-002578,2026-07-20,K03,P-FIX-FBR,PID146980,None,1,11.02,True
ACT-2026-002579,2026-07-20,K03,P-MOB-GSM,PID823013,None,1,1.11,True
ACT-2026-002580,2026-07-20,K03,P-MOB-GSM,PID109460,MNP,1,2.21,True
ACT-2026-002581,2026-07-20,K03,P-MOB-GSM,PID962258,None,1,1.11,True
ACT-2026-002582,2026-07-20,K03,P-MOB-GSM,PID645422,None,1,1.11,True
ACT-2026-002583,2026-07-20,K04,P-MOB-GSM,PID832008,MNP,1,2.21,True
ACT-2026-002584,2026-07-20,K04,P-FIX-FBR,PID771689,None,1,11.02,True
ACT-2026-002585,2026-07-20,K04,P-MOB-GSM,PID246031,None,1,1.11,True
ACT-2026-002586,2026-07-20,K04,P-MOB-GSM,PID798431,None,1,1.11,True
ACT-2026-002587,2026-07-20,K04,P-MOB-GSM,PID809129,None,1,1.11,True
ACT-2026-002588,2026-07-20,K04,P-MOB-GSM,PID782283,MNP,1,2.21,True
ACT-2026-002589,2026-07-20,K04,P-MOB-GSM,PID318936,None,1,1.11,True
ACT-2026-002590,2026-07-20,K04,P-MOB-GSM,PID248680,None,1,1.11,True
ACT-2026-002591,2026-07-20,K05,P-MOB-GSM,PID578304,MNP,1,2.21,True
ACT-2026-002592,2026-07-20,K05,P-MOB-GSM,PID290742,MNP,1,2.21,True
ACT-2026-002593,2026-07-20,K05,P-MOB-GSM,PID974910,None,1,1.11,True
ACT-2026-002594,2026-07-20,K05,P-MOB-GSM,PID997653,None,1,1.11,True
ACT-2026-002595,2026-07-20,K05,P-MOB-GSM,PID948737,None,1,1.11,True
ACT-2026-002596,2026-07-20,K05,P-MOB-GSM,PID324100,None,1,1.11,True
ACT-2026-002597,2026-07-20,K06,P-MOB-GSM,PID386905,None,1,1.11,True
ACT-2026-002598,2026-07-20,K06,P-MOB-GSM,PID347768,None,1,1.11,True
ACT-2026-002599,2026-07-20,K06,P-MOB-GSM,PID382525,MNP,1,2.21,True
ACT-2026-002600,2026-07-20,K06,P-MOB-GSM,PID155862,None,1,1.11,True
ACT-2026-002601,2026-07-20,K06,P-DEV-DEV,PID231735,None,1,4.28,True
ACT-2026-002602,2026-07-20,K06,P-MOB-GSM,PID206425,None,1,1.11,True
ACT-2026-002603,2026-07-20,K07,P-MOB-GSM,PID704200,None,1,0.97,True
ACT-2026-002604,2026-07-20,K07,P-MOB-GSM,PID951680,None,1,0.97,True
ACT-2026-002605,2026-07-20,K07,P-FIX-WFA,PID903111,None,1,5.82,True
ACT-2026-002606,2026-07-20,K07,P-MOB-GSM,PID632675,None,1,0.97,True
ACT-2026-002607,2026-07-20,K07,P-MOB-GSM,PID888702,MNP,1,1.94,True
ACT-2026-002608,2026-07-20,K07,P-DIG-SVC,PID210015,None,1,5.57,True
ACT-2026-002609,2026-07-20,K07,P-MOB-GSM,PID558039,None,1,0.97,True
ACT-2026-002610,2026-07-20,K07,P-MOB-OTH,PID639135,None,1,1.45,True
ACT-2026-002611,2026-07-20,K07,P-MOB-GSM,PID812609,None,1,0.97,True
ACT-2026-002612,2026-07-20,K07,P-MOB-GSM,PID806489,None,1,0.97,True
ACT-2026-002613,2026-07-20,K07,P-MOB-GSM,PID328708,MNP,1,1.94,True
ACT-2026-002614,2026-07-20,K07,P-MOB-GSM,PID430588,None,1,0.97,True
ACT-2026-002615,2026-07-20,K07,P-MOB-GSM,PID315796,None,1,0.97,True
ACT-2026-002616,2026-07-20,K08,P-MOB-GSM,PID824183,None,1,0.97,True
ACT-2026-002617,2026-07-20,K08,P-MOB-GSM,PID944202,None,1,0.97,True
ACT-2026-002618,2026-07-20,K08,P-MOB-OTH,PID287804,None,1,1.45,True
ACT-2026-002619,2026-07-20,K08,P-MOB-GSM,PID162607,None,1,0.97,True
ACT-2026-002620,2026-07-20,K08,P-MOB-GSM,PID621464,MNP,1,1.94,True
ACT-2026-002621,2026-07-20,K08,P-MOB-GSM,PID655872,None,1,0.97,True
ACT-2026-002622,2026-07-20,K08,P-FIX-WFA,PID557975,FNP,1,5.82,True
ACT-2026-002623,2026-07-20,K08,P-MOB-GSM,PID890480,MNP,1,1.94,True
ACT-2026-002624,2026-07-20,K09,P-MOB-GSM,PID381655,None,1,0.97,True
ACT-2026-002625,2026-07-20,K09,P-MOB-GSM,PID548204,None,1,0.97,True
ACT-2026-002626,2026-07-20,K09,P-MOB-GSM,PID847175,MNP,1,1.94,True
ACT-2026-002627,2026-07-20,K09,P-MOB-GSM,PID288692,None,1,0.97,True
ACT-2026-002628,2026-07-20,K09,P-MOB-GSM,PID717951,None,1,0.97,True
ACT-2026-002629,2026-07-20,K09,P-MOB-GSM,PID742651,None,1,0.97,True
ACT-2026-002630,2026-07-20,K09,P-MOB-GSM,PID292123,None,1,0.97,True
ACT-2026-002631,2026-07-20,K09,P-DEV-DEV,PID774194,None,1,6.08,True
ACT-2026-002632,2026-07-20,K09,P-MOB-GSM,PID436700,None,1,0.0,False
ACT-2026-002633,2026-07-20,K09,P-MOB-GSM,PID634520,None,1,0.97,True
ACT-2026-002634,2026-07-20,K09,P-FIX-FBR,PID718807,None,1,9.71,True
ACT-2026-002635,2026-07-20,K10,P-MOB-GSM,PID139519,MNP,1,1.94,True
ACT-2026-002636,2026-07-20,K10,P-MOB-GSM,PID982975,None,1,0.97,True
ACT-2026-002637,2026-07-20,K10,P-MOB-GSM,PID678849,None,1,0.97,True
ACT-2026-002638,2026-07-20,K10,P-MOB-GSM,PID927775,None,1,0.97,True
ACT-2026-002639,2026-07-20,K11,P-MOB-OTH,PID113804,None,1,1.45,True
ACT-2026-002640,2026-07-20,K11,P-MOB-GSM,PID715124,MNP,1,1.94,True
ACT-2026-002641,2026-07-20,K11,P-MOB-GSM,PID506384,None,1,0.97,True
ACT-2026-002642,2026-07-20,K11,P-MOB-GSM,PID695309,MNP,1,1.94,True
ACT-2026-002643,2026-07-20,K11,P-MOB-GSM,PID992258,None,1,0.97,True
ACT-2026-002644,2026-07-20,K12,P-MOB-GSM,PID455107,None,1,0.97,True
ACT-2026-002645,2026-07-20,K12,P-MOB-GSM,PID170009,None,1,0.97,True
ACT-2026-002646,2026-07-20,K12,P-MOB-GSM,PID165101,None,1,0.97,True
ACT-2026-002647,2026-07-20,K12,P-FIX-FBR,PID465843,FNP,1,9.71,True
ACT-2026-002648,2026-07-20,K12,P-DIG-SVC,PID123205,None,1,5.57,True
ACT-2026-002649,2026-07-20,K13,P-MOB-GSM,PID691750,None,1,1.03,True
ACT-2026-002650,2026-07-20,K13,P-DIG-SVC,PID197638,None,1,4.92,True
ACT-2026-002651,2026-07-20,K13,P-MOB-GSM,PID936624,None,1,1.03,True
ACT-2026-002652,2026-07-20,K13,P-MOB-GSM,PID849534,None,1,1.03,True
ACT-2026-002653,2026-07-20,K13,P-MOB-GSM,PID940598,MNP,1,2.07,True
ACT-2026-002654,2026-07-20,K13,P-MOB-GSM,PID597617,None,1,1.03,True
ACT-2026-002655,2026-07-20,K13,P-MOB-OTH,PID203321,None,1,1.55,True
ACT-2026-002656,2026-07-20,K13,P-MOB-GSM,PID398371,MNP,1,2.07,True
ACT-2026-002657,2026-07-20,K13,P-MOB-GSM,PID759426,None,1,1.03,True
ACT-2026-002658,2026-07-20,K13,P-MOB-OTH,PID201706,None,1,1.55,True
ACT-2026-002659,2026-07-20,K13,P-FIX-FBR,PID242840,None,1,6.48,True
ACT-2026-002660,2026-07-20,K14,P-MOB-GSM,PID349798,None,1,1.03,True
ACT-2026-002661,2026-07-20,K14,P-MOB-GSM,PID253333,None,1,1.03,True
ACT-2026-002662,2026-07-20,K14,P-MOB-OTH,PID350968,None,1,1.55,True
ACT-2026-002663,2026-07-20,K14,P-MOB-GSM,PID653482,None,1,1.03,True
ACT-2026-002664,2026-07-20,K14,P-FIX-FBR,PID166071,None,1,6.48,True
ACT-2026-002665,2026-07-20,K14,P-MOB-GSM,PID594849,MNP,1,2.07,True
ACT-2026-002666,2026-07-20,K14,P-MOB-GSM,PID631862,None,1,1.03,True
ACT-2026-002667,2026-07-20,K14,P-MOB-GSM,PID533006,MNP,1,2.07,True
ACT-2026-002668,2026-07-20,K14,P-MOB-GSM,PID503074,None,1,1.03,True
ACT-2026-002669,2026-07-20,K14,P-MOB-GSM,PID722441,MNP,1,2.07,True
ACT-2026-002670,2026-07-20,K14,P-MOB-GSM,PID202770,None,1,1.03,True
ACT-2026-002671,2026-07-20,K15,P-FIX-BIB,PID537457,None,1,9.72,True
ACT-2026-002672,2026-07-20,K15,P-MOB-GSM,PID481303,None,1,1.03,True
ACT-2026-002673,2026-07-20,K15,P-DEV-DEV,PID173319,None,1,6.58,True
ACT-2026-002674,2026-07-20,K15,P-MOB-GSM,PID978333,None,1,1.03,True
ACT-2026-002675,2026-07-20,K15,P-MOB-GSM,PID619312,None,1,1.03,True
ACT-2026-002676,2026-07-20,K15,P-MOB-GSM,PID253149,None,1,1.03,True
ACT-2026-002677,2026-07-20,K15,P-FIX-FBR,PID690959,None,1,6.48,True
ACT-2026-002678,2026-07-20,K15,P-MOB-GSM,PID387324,None,1,1.03,True
ACT-2026-002679,2026-07-20,K16,P-MOB-GSM,PID513797,None,1,1.03,True
ACT-2026-002680,2026-07-20,K16,P-MOB-GSM,PID318946,None,1,1.03,True
ACT-2026-002681,2026-07-20,K16,P-MOB-GSM,PID199936,None,1,1.03,True
ACT-2026-002682,2026-07-20,K16,P-MOB-GSM,PID424896,MNP,1,2.07,True
ACT-2026-002683,2026-07-20,K17,P-MOB-GSM,PID215060,None,1,1.03,True
ACT-2026-002684,2026-07-20,K17,P-MOB-OTH,PID839255,None,1,1.55,True
ACT-2026-002685,2026-07-20,K17,P-MOB-GSM,PID427904,None,1,1.03,True
ACT-2026-002686,2026-07-20,K17,P-MOB-GSM,PID851673,None,1,1.03,True
ACT-2026-002687,2026-07-20,K17,P-MOB-GSM,PID590358,None,1,1.03,True
ACT-2026-002688,2026-07-20,K17,P-MOB-OTH,PID366358,None,1,1.55,True
ACT-2026-002689,2026-07-20,K18,P-MOB-GSM,PID685319,None,1,1.03,True
ACT-2026-002690,2026-07-20,K18,P-MOB-GSM,PID788312,None,1,1.03,True
ACT-2026-002691,2026-07-20,K18,P-MOB-GSM,PID825261,None,1,1.03,True
ACT-2026-002692,2026-07-21,K01,P-MOB-GSM,PID916648,MNP,1,2.21,True
ACT-2026-002693,2026-07-21,K01,P-MOB-GSM,PID779203,None,1,1.11,True
ACT-2026-002694,2026-07-21,K01,P-MOB-GSM,PID187901,None,1,1.11,True
ACT-2026-002695,2026-07-21,K01,P-MOB-GSM,PID812380,None,1,1.11,True
ACT-2026-002696,2026-07-21,K01,P-MOB-GSM,PID245182,None,1,1.11,True
ACT-2026-002697,2026-07-21,K01,P-MOB-GSM,PID367259,None,1,1.11,True
ACT-2026-002698,2026-07-21,K01,P-MOB-GSM,PID571691,MNP,1,2.21,True
ACT-2026-002699,2026-07-21,K01,P-MOB-OTH,PID597633,None,1,1.66,True
ACT-2026-002700,2026-07-21,K01,P-MOB-GSM,PID314577,None,1,1.11,True
ACT-2026-002701,2026-07-21,K01,P-MOB-GSM,PID606462,MNP,1,2.21,True
ACT-2026-002702,2026-07-21,K01,P-MOB-GSM,PID466430,None,1,1.11,True
ACT-2026-002703,2026-07-21,K01,P-MOB-GSM,PID408729,MNP,1,2.21,True
ACT-2026-002704,2026-07-21,K01,P-MOB-GSM,PID367141,None,1,1.11,True
ACT-2026-002705,2026-07-21,K01,P-MOB-OTH,PID858236,None,1,1.66,True
ACT-2026-002706,2026-07-21,K01,P-MOB-GSM,PID213198,None,1,1.11,True
ACT-2026-002707,2026-07-21,K01,P-MOB-GSM,PID637840,None,1,1.11,True
ACT-2026-002708,2026-07-21,K01,P-FIX-WFA,PID896908,None,1,6.61,True
ACT-2026-002709,2026-07-21,K02,P-FIX-BIB,PID975672,None,1,16.52,True
ACT-2026-002710,2026-07-21,K02,P-FIX-WFA,PID198982,None,1,6.61,True
ACT-2026-002711,2026-07-21,K02,P-MOB-GSM,PID205065,None,1,1.11,True
ACT-2026-002712,2026-07-21,K02,P-MOB-GSM,PID507528,None,1,1.11,True
ACT-2026-002713,2026-07-21,K02,P-MOB-GSM,PID758395,None,1,1.11,True
ACT-2026-002714,2026-07-21,K02,P-MOB-GSM,PID776906,None,1,1.11,True
ACT-2026-002715,2026-07-21,K02,P-MOB-GSM,PID735554,None,1,1.11,True
ACT-2026-002716,2026-07-21,K02,P-MOB-GSM,PID296956,MNP,1,2.21,True
ACT-2026-002717,2026-07-21,K02,P-MOB-GSM,PID283376,None,1,1.11,True
ACT-2026-002718,2026-07-21,K02,P-DIG-SVC,PID779249,None,1,5.6,True
ACT-2026-002719,2026-07-21,K02,P-DIG-SVC,PID869285,None,1,5.6,True
ACT-2026-002720,2026-07-21,K02,P-MOB-GSM,PID389742,None,1,1.11,True
ACT-2026-002721,2026-07-21,K02,P-MOB-GSM,PID589360,MNP,1,2.21,True
ACT-2026-002722,2026-07-21,K02,P-MOB-GSM,PID794588,None,1,1.11,True
ACT-2026-002723,2026-07-21,K03,P-DIG-SVC,PID397436,None,1,5.6,True
ACT-2026-002724,2026-07-21,K03,P-MOB-GSM,PID539161,None,1,1.11,True
ACT-2026-002725,2026-07-21,K03,P-MOB-GSM,PID142698,None,1,1.11,True
ACT-2026-002726,2026-07-21,K03,P-MOB-GSM,PID426136,MNP,1,2.21,True
ACT-2026-002727,2026-07-21,K03,P-MOB-GSM,PID769974,MNP,1,2.21,True
ACT-2026-002728,2026-07-21,K03,P-MOB-GSM,PID666180,None,1,1.11,True
ACT-2026-002729,2026-07-21,K03,P-MOB-GSM,PID402907,MNP,1,2.21,True
ACT-2026-002730,2026-07-21,K03,P-FIX-FBR,PID390743,None,1,11.02,True
ACT-2026-002731,2026-07-21,K04,P-MOB-GSM,PID101958,None,1,1.11,True
ACT-2026-002732,2026-07-21,K04,P-MOB-GSM,PID597443,MNP,1,2.21,True
ACT-2026-002733,2026-07-21,K04,P-MOB-GSM,PID171145,None,1,1.11,True
ACT-2026-002734,2026-07-21,K04,P-DIG-SVC,PID868686,None,1,5.6,True
ACT-2026-002735,2026-07-21,K04,P-MOB-GSM,PID118214,MNP,1,2.21,True
ACT-2026-002736,2026-07-21,K04,P-MOB-GSM,PID318573,None,1,1.11,True
ACT-2026-002737,2026-07-21,K04,P-MOB-GSM,PID559280,None,1,1.11,True
ACT-2026-002738,2026-07-21,K04,P-MOB-GSM,PID980452,None,1,1.11,True
ACT-2026-002739,2026-07-21,K05,P-MOB-GSM,PID984999,MNP,1,2.21,True
ACT-2026-002740,2026-07-21,K05,P-MOB-GSM,PID777104,MNP,1,2.21,True
ACT-2026-002741,2026-07-21,K05,P-MOB-OTH,PID643518,None,1,1.66,True
ACT-2026-002742,2026-07-21,K05,P-MOB-GSM,PID609510,MNP,1,2.21,True
ACT-2026-002743,2026-07-21,K05,P-MOB-GSM,PID991571,None,1,1.11,True
ACT-2026-002744,2026-07-21,K05,P-MOB-GSM,PID384680,None,1,1.11,True
ACT-2026-002745,2026-07-21,K06,P-MOB-GSM,PID843507,MNP,1,2.21,True
ACT-2026-002746,2026-07-21,K06,P-MOB-GSM,PID945981,MNP,1,2.21,True
ACT-2026-002747,2026-07-21,K06,P-MOB-GSM,PID269581,None,1,1.11,True
ACT-2026-002748,2026-07-21,K07,P-MOB-GSM,PID568575,None,1,0.97,True
ACT-2026-002749,2026-07-21,K07,P-MOB-GSM,PID144600,None,1,0.97,True
ACT-2026-002750,2026-07-21,K07,P-MOB-GSM,PID773141,None,1,0.97,True
ACT-2026-002751,2026-07-21,K07,P-MOB-GSM,PID648832,MNP,1,1.94,True
ACT-2026-002752,2026-07-21,K07,P-MOB-GSM,PID732226,MNP,1,1.94,True
ACT-2026-002753,2026-07-21,K07,P-MOB-GSM,PID576079,None,1,0.97,True
ACT-2026-002754,2026-07-21,K07,P-MOB-GSM,PID230418,None,1,0.97,True
ACT-2026-002755,2026-07-21,K07,P-MOB-GSM,PID740555,None,1,0.97,True
ACT-2026-002756,2026-07-21,K07,P-MOB-GSM,PID313291,None,1,0.97,True
ACT-2026-002757,2026-07-21,K07,P-MOB-GSM,PID771069,None,1,0.97,True
ACT-2026-002758,2026-07-21,K07,P-MOB-GSM,PID463811,None,1,0.97,True
ACT-2026-002759,2026-07-21,K07,P-MOB-GSM,PID282972,None,1,0.97,True
ACT-2026-002760,2026-07-21,K07,P-MOB-GSM,PID358306,MNP,1,1.94,True
ACT-2026-002761,2026-07-21,K07,P-MOB-GSM,PID792993,None,1,0.97,True
ACT-2026-002762,2026-07-21,K07,P-MOB-GSM,PID813130,None,1,0.97,True
ACT-2026-002763,2026-07-21,K08,P-DEV-DEV,PID238206,None,1,6.08,True
ACT-2026-002764,2026-07-21,K08,P-MOB-GSM,PID279898,None,1,0.97,True
ACT-2026-002765,2026-07-21,K08,P-MOB-GSM,PID799295,None,1,0.97,True
ACT-2026-002766,2026-07-21,K08,P-MOB-GSM,PID985284,None,1,0.97,True
ACT-2026-002767,2026-07-21,K08,P-MOB-GSM,PID651348,None,1,0.97,True
ACT-2026-002768,2026-07-21,K08,P-MOB-GSM,PID931134,None,1,0.97,True
ACT-2026-002769,2026-07-21,K08,P-MOB-GSM,PID634903,None,1,0.97,True
ACT-2026-002770,2026-07-21,K08,P-MOB-GSM,PID829974,None,1,0.97,True
ACT-2026-002771,2026-07-21,K08,P-MOB-GSM,PID440549,None,1,0.97,True
ACT-2026-002772,2026-07-21,K08,P-MOB-GSM,PID775820,MNP,1,1.94,True
ACT-2026-002773,2026-07-21,K08,P-MOB-GSM,PID815004,None,1,0.97,True
ACT-2026-002774,2026-07-21,K08,P-MOB-GSM,PID117605,None,1,0.97,True
ACT-2026-002775,2026-07-21,K08,P-MOB-GSM,PID337053,None,1,0.97,True
ACT-2026-002776,2026-07-21,K08,P-MOB-GSM,PID546106,None,1,0.97,True
ACT-2026-002777,2026-07-21,K08,P-MOB-GSM,PID514866,MNP,1,1.94,True
ACT-2026-002778,2026-07-21,K08,P-MOB-GSM,PID844375,None,1,0.97,True
ACT-2026-002779,2026-07-21,K09,P-MOB-GSM,PID161896,None,1,0.97,True
ACT-2026-002780,2026-07-21,K09,P-MOB-OTH,PID766193,None,1,1.45,True
ACT-2026-002781,2026-07-21,K09,P-MOB-GSM,PID690575,MNP,1,1.94,True
ACT-2026-002782,2026-07-21,K09,P-MOB-GSM,PID403852,MNP,1,1.94,True
ACT-2026-002783,2026-07-21,K09,P-MOB-GSM,PID210520,None,1,0.97,True
ACT-2026-002784,2026-07-21,K09,P-MOB-GSM,PID277145,None,1,0.97,True
ACT-2026-002785,2026-07-21,K09,P-MOB-GSM,PID899351,None,1,0.97,True
ACT-2026-002786,2026-07-21,K10,P-FIX-FBR,PID108737,None,1,9.71,True
ACT-2026-002787,2026-07-21,K10,P-MOB-GSM,PID746982,None,1,0.97,True
ACT-2026-002788,2026-07-21,K10,P-MOB-GSM,PID956428,None,1,0.97,True
ACT-2026-002789,2026-07-21,K10,P-DIG-SVC,PID613374,None,1,5.57,True
ACT-2026-002790,2026-07-21,K10,P-MOB-GSM,PID782652,MNP,1,1.94,True
ACT-2026-002791,2026-07-21,K10,P-MOB-GSM,PID727717,MNP,1,1.94,True
ACT-2026-002792,2026-07-21,K11,P-DIG-SVC,PID565006,None,1,5.57,True
ACT-2026-002793,2026-07-21,K11,P-MOB-GSM,PID773027,None,1,0.97,True
ACT-2026-002794,2026-07-21,K11,P-MOB-GSM,PID820933,None,1,0.97,True
ACT-2026-002795,2026-07-21,K13,P-MOB-GSM,PID259376,None,1,1.03,True
ACT-2026-002796,2026-07-21,K13,P-MOB-GSM,PID909680,MNP,1,2.07,True
ACT-2026-002797,2026-07-21,K13,P-MOB-GSM,PID435760,None,1,1.03,True
ACT-2026-002798,2026-07-21,K13,P-MOB-GSM,PID453419,MNP,1,2.07,True
ACT-2026-002799,2026-07-21,K13,P-DIG-SVC,PID961768,None,1,4.92,True
ACT-2026-002800,2026-07-21,K13,P-MOB-GSM,PID373245,None,1,1.03,True
ACT-2026-002801,2026-07-21,K13,P-DIG-SVC,PID313227,None,1,4.92,True
ACT-2026-002802,2026-07-21,K13,P-MOB-OTH,PID240802,None,1,1.55,True
ACT-2026-002803,2026-07-21,K13,P-MOB-GSM,PID166608,None,1,1.03,True
ACT-2026-002804,2026-07-21,K13,P-MOB-GSM,PID346007,None,1,1.03,True
ACT-2026-002805,2026-07-21,K13,P-MOB-GSM,PID216849,None,1,1.03,True
ACT-2026-002806,2026-07-21,K13,P-MOB-GSM,PID175364,None,1,1.03,True
ACT-2026-002807,2026-07-21,K14,P-MOB-GSM,PID267512,None,1,1.03,True
ACT-2026-002808,2026-07-21,K14,P-MOB-OTH,PID258203,None,1,1.55,True
ACT-2026-002809,2026-07-21,K14,P-MOB-GSM,PID824149,None,1,1.03,True
ACT-2026-002810,2026-07-21,K14,P-MOB-GSM,PID729906,None,1,1.03,True
ACT-2026-002811,2026-07-21,K14,P-MOB-GSM,PID730057,None,1,1.03,True
ACT-2026-002812,2026-07-21,K14,P-FIX-FBR,PID910597,None,1,6.48,True
ACT-2026-002813,2026-07-21,K14,P-FIX-FBR,PID572742,None,1,6.48,True
ACT-2026-002814,2026-07-21,K14,P-MOB-GSM,PID339126,None,1,1.03,True
ACT-2026-002815,2026-07-21,K14,P-FIX-BIB,PID135052,None,1,9.72,True
ACT-2026-002816,2026-07-21,K14,P-MOB-GSM,PID759007,None,1,1.03,True
ACT-2026-002817,2026-07-21,K14,P-MOB-GSM,PID173475,None,1,1.03,True
ACT-2026-002818,2026-07-21,K14,P-MOB-GSM,PID342561,None,1,1.03,True
ACT-2026-002819,2026-07-21,K14,P-MOB-GSM,PID228457,None,1,1.03,True
ACT-2026-002820,2026-07-21,K14,P-MOB-OTH,PID377698,None,1,1.55,True
ACT-2026-002821,2026-07-21,K14,P-MOB-GSM,PID551106,MNP,1,2.07,True
ACT-2026-002822,2026-07-21,K15,P-MOB-GSM,PID264247,None,1,1.03,True
ACT-2026-002823,2026-07-21,K15,P-MOB-GSM,PID549999,None,1,1.03,True
ACT-2026-002824,2026-07-21,K15,P-MOB-GSM,PID330655,None,1,1.03,True
ACT-2026-002825,2026-07-21,K15,P-DEV-DEV,PID321026,None,1,6.58,True
ACT-2026-002826,2026-07-21,K15,P-MOB-OTH,PID772481,None,1,1.55,True
ACT-2026-002827,2026-07-21,K15,P-MOB-OTH,PID466251,None,1,1.55,True
ACT-2026-002828,2026-07-21,K15,P-MOB-GSM,PID374470,None,1,1.03,True
ACT-2026-002829,2026-07-21,K15,P-MOB-GSM,PID302791,MNP,1,2.07,True
ACT-2026-002830,2026-07-21,K15,P-MOB-GSM,PID722182,None,1,1.03,True
ACT-2026-002831,2026-07-21,K15,P-MOB-GSM,PID909837,None,1,1.03,True
ACT-2026-002832,2026-07-21,K16,P-MOB-GSM,PID328452,None,1,1.03,True
ACT-2026-002833,2026-07-21,K16,P-MOB-GSM,PID266001,None,1,1.03,True
ACT-2026-002834,2026-07-21,K16,P-MOB-GSM,PID465741,None,1,1.03,True
ACT-2026-002835,2026-07-21,K16,P-MOB-GSM,PID449868,None,1,1.03,True
ACT-2026-002836,2026-07-21,K16,P-MOB-GSM,PID340909,None,1,1.03,True
ACT-2026-002837,2026-07-21,K16,P-MOB-GSM,PID835194,MNP,1,2.07,True
ACT-2026-002838,2026-07-21,K16,P-MOB-GSM,PID838554,MNP,1,2.07,True
ACT-2026-002839,2026-07-21,K17,P-DEV-DEV,PID700929,None,1,6.58,True
ACT-2026-002840,2026-07-21,K17,P-MOB-GSM,PID174591,None,1,1.03,True
ACT-2026-002841,2026-07-21,K17,P-MOB-GSM,PID175859,None,1,1.03,True
ACT-2026-002842,2026-07-21,K17,P-MOB-GSM,PID664131,None,1,1.03,True
ACT-2026-002843,2026-07-21,K18,P-MOB-GSM,PID285365,None,1,1.03,True
ACT-2026-002844,2026-07-21,K18,P-MOB-GSM,PID594132,None,1,1.03,True
ACT-2026-002845,2026-07-21,K18,P-DEV-DEV,PID206673,None,1,6.54,True
ACT-2026-002846,2026-07-22,K01,P-MOB-GSM,PID809316,None,1,1.11,True
ACT-2026-002847,2026-07-22,K01,P-FIX-FBR,PID634916,None,1,11.02,True
ACT-2026-002848,2026-07-22,K01,P-MOB-GSM,PID417115,MNP,1,2.21,True
ACT-2026-002849,2026-07-22,K01,P-MOB-GSM,PID177488,MNP,1,2.21,True
ACT-2026-002850,2026-07-22,K01,P-MOB-GSM,PID491123,MNP,1,2.21,True
ACT-2026-002851,2026-07-22,K01,P-MOB-GSM,PID782130,MNP,1,2.21,True
ACT-2026-002852,2026-07-22,K01,P-MOB-GSM,PID224665,None,1,1.11,True
ACT-2026-002853,2026-07-22,K01,P-MOB-GSM,PID317999,None,1,1.11,True
ACT-2026-002854,2026-07-22,K01,P-MOB-GSM,PID625091,None,1,1.11,True
ACT-2026-002855,2026-07-22,K01,P-MOB-GSM,PID276792,None,1,1.11,True
ACT-2026-002856,2026-07-22,K01,P-MOB-OTH,PID644642,None,1,1.66,True
ACT-2026-002857,2026-07-22,K01,P-MOB-GSM,PID234868,MNP,1,2.21,True
ACT-2026-002858,2026-07-22,K01,P-MOB-GSM,PID988950,None,1,1.11,True
ACT-2026-002859,2026-07-22,K01,P-MOB-GSM,PID372253,None,1,1.11,True
ACT-2026-002860,2026-07-22,K01,P-MOB-GSM,PID428951,None,1,1.11,True
ACT-2026-002861,2026-07-22,K01,P-MOB-GSM,PID113042,None,1,1.11,True
ACT-2026-002862,2026-07-22,K01,P-MOB-GSM,PID788066,None,1,1.11,True
ACT-2026-002863,2026-07-22,K01,P-DIG-SVC,PID383836,None,1,5.6,True
ACT-2026-002864,2026-07-22,K01,P-FIX-BIB,PID777179,None,1,16.52,True
ACT-2026-002865,2026-07-22,K02,P-MOB-GSM,PID525046,None,1,1.11,True
ACT-2026-002866,2026-07-22,K02,P-FIX-FBR,PID467958,None,1,11.02,True
ACT-2026-002867,2026-07-22,K02,P-MOB-GSM,PID254945,None,1,1.11,True
ACT-2026-002868,2026-07-22,K02,P-MOB-GSM,PID431384,None,1,1.11,True
ACT-2026-002869,2026-07-22,K02,P-MOB-GSM,PID115540,None,1,1.11,True
ACT-2026-002870,2026-07-22,K02,P-MOB-GSM,PID104916,None,1,1.11,True
ACT-2026-002871,2026-07-22,K02,P-MOB-GSM,PID109547,None,1,1.11,True
ACT-2026-002872,2026-07-22,K02,P-MOB-GSM,PID621395,None,1,0.0,False
ACT-2026-002873,2026-07-22,K02,P-MOB-GSM,PID571010,None,1,1.11,True
ACT-2026-002874,2026-07-22,K02,P-MOB-OTH,PID516754,None,1,1.66,True
ACT-2026-002875,2026-07-22,K02,P-MOB-GSM,PID750712,MNP,1,2.21,True
ACT-2026-002876,2026-07-22,K02,P-MOB-GSM,PID885538,None,1,1.11,True
ACT-2026-002877,2026-07-22,K02,P-MOB-GSM,PID625831,None,1,1.11,True
ACT-2026-002878,2026-07-22,K02,P-MOB-GSM,PID837751,None,1,1.11,True
ACT-2026-002879,2026-07-22,K03,P-MOB-GSM,PID673779,None,1,1.11,True
ACT-2026-002880,2026-07-22,K03,P-MOB-GSM,PID451861,None,1,1.11,True
ACT-2026-002881,2026-07-22,K03,P-MOB-GSM,PID436406,None,1,1.11,True
ACT-2026-002882,2026-07-22,K03,P-MOB-GSM,PID626902,MNP,1,2.21,True
ACT-2026-002883,2026-07-22,K03,P-MOB-GSM,PID579729,None,1,1.11,True
ACT-2026-002884,2026-07-22,K03,P-MOB-GSM,PID681310,MNP,1,2.21,True
ACT-2026-002885,2026-07-22,K03,P-MOB-GSM,PID514403,None,1,1.11,True
ACT-2026-002886,2026-07-22,K03,P-MOB-GSM,PID287374,None,1,1.11,True
ACT-2026-002887,2026-07-22,K03,P-MOB-GSM,PID301482,None,1,1.11,True
ACT-2026-002888,2026-07-22,K03,P-MOB-GSM,PID334354,MNP,1,2.21,True
ACT-2026-002889,2026-07-22,K03,P-MOB-GSM,PID570126,None,1,1.11,True
ACT-2026-002890,2026-07-22,K03,P-MOB-GSM,PID914053,MNP,1,2.21,True
ACT-2026-002891,2026-07-22,K03,P-MOB-GSM,PID589532,None,1,1.11,True
ACT-2026-002892,2026-07-22,K03,P-MOB-GSM,PID672778,None,1,1.11,True
ACT-2026-002893,2026-07-22,K03,P-MOB-GSM,PID916462,MNP,1,2.21,True
ACT-2026-002894,2026-07-22,K04,P-MOB-GSM,PID475423,MNP,1,2.21,True
ACT-2026-002895,2026-07-22,K04,P-MOB-GSM,PID244693,MNP,1,2.21,True
ACT-2026-002896,2026-07-22,K04,P-MOB-GSM,PID874522,None,1,1.11,True
ACT-2026-002897,2026-07-22,K04,P-MOB-GSM,PID971752,None,1,1.11,True
ACT-2026-002898,2026-07-22,K04,P-MOB-GSM,PID320766,None,1,1.11,True
ACT-2026-002899,2026-07-22,K05,P-MOB-GSM,PID261930,MNP,1,2.21,True
ACT-2026-002900,2026-07-22,K05,P-MOB-GSM,PID679405,None,1,1.11,True
ACT-2026-002901,2026-07-22,K05,P-MOB-GSM,PID466795,None,1,1.11,True
ACT-2026-002902,2026-07-22,K05,P-MOB-GSM,PID596796,None,1,1.11,True
ACT-2026-002903,2026-07-22,K05,P-FIX-WFA,PID909793,None,1,6.61,True
ACT-2026-002904,2026-07-22,K05,P-MOB-GSM,PID525319,None,1,1.11,True
ACT-2026-002905,2026-07-22,K05,P-MOB-GSM,PID926135,None,1,1.11,True
ACT-2026-002906,2026-07-22,K05,P-MOB-OTH,PID234593,None,1,1.66,True
ACT-2026-002907,2026-07-22,K06,P-DIG-SVC,PID729019,None,1,5.6,True
ACT-2026-002908,2026-07-22,K06,P-MOB-GSM,PID127107,None,1,1.11,True
ACT-2026-002909,2026-07-22,K07,P-MOB-GSM,PID807282,None,1,0.97,True
ACT-2026-002910,2026-07-22,K07,P-MOB-GSM,PID998090,None,1,0.97,True
ACT-2026-002911,2026-07-22,K07,P-MOB-GSM,PID840560,None,1,0.97,True
ACT-2026-002912,2026-07-22,K07,P-MOB-GSM,PID484934,None,1,0.97,True
ACT-2026-002913,2026-07-22,K07,P-MOB-GSM,PID498699,None,1,0.97,True
ACT-2026-002914,2026-07-22,K07,P-MOB-GSM,PID302603,None,1,0.97,True
ACT-2026-002915,2026-07-22,K07,P-MOB-GSM,PID304976,None,1,0.97,True
ACT-2026-002916,2026-07-22,K07,P-MOB-GSM,PID252764,None,1,0.97,True
ACT-2026-002917,2026-07-22,K07,P-MOB-GSM,PID994108,None,1,0.97,True
ACT-2026-002918,2026-07-22,K07,P-MOB-GSM,PID788388,None,1,0.97,True
ACT-2026-002919,2026-07-22,K07,P-MOB-GSM,PID121283,None,1,0.97,True
ACT-2026-002920,2026-07-22,K07,P-MOB-GSM,PID184702,None,1,0.97,True
ACT-2026-002921,2026-07-22,K07,P-MOB-GSM,PID645996,None,1,0.97,True
ACT-2026-002922,2026-07-22,K07,P-MOB-GSM,PID321409,MNP,1,1.94,True
ACT-2026-002923,2026-07-22,K08,P-MOB-GSM,PID277907,None,1,0.97,True
ACT-2026-002924,2026-07-22,K08,P-MOB-GSM,PID837771,None,1,0.97,True
ACT-2026-002925,2026-07-22,K08,P-MOB-GSM,PID878559,None,1,0.97,True
ACT-2026-002926,2026-07-22,K08,P-MOB-GSM,PID996479,None,1,0.97,True
ACT-2026-002927,2026-07-22,K08,P-MOB-GSM,PID303998,None,1,0.97,True
ACT-2026-002928,2026-07-22,K08,P-MOB-GSM,PID369827,None,1,0.97,True
ACT-2026-002929,2026-07-22,K08,P-FIX-BIB,PID402659,None,1,14.56,True
ACT-2026-002930,2026-07-22,K08,P-MOB-GSM,PID279641,None,1,0.97,True
ACT-2026-002931,2026-07-22,K08,P-MOB-GSM,PID412887,None,1,0.97,True
ACT-2026-002932,2026-07-22,K09,P-MOB-GSM,PID475434,None,1,0.97,True
ACT-2026-002933,2026-07-22,K09,P-MOB-GSM,PID906117,None,1,0.97,True
ACT-2026-002934,2026-07-22,K09,P-MOB-GSM,PID871032,None,1,0.97,True
ACT-2026-002935,2026-07-22,K09,P-MOB-OTH,PID741492,None,1,1.45,True
ACT-2026-002936,2026-07-22,K09,P-MOB-GSM,PID137311,None,1,0.97,True
ACT-2026-002937,2026-07-22,K10,P-MOB-GSM,PID120115,None,1,0.97,True
ACT-2026-002938,2026-07-22,K10,P-MOB-GSM,PID188285,None,1,0.97,True
ACT-2026-002939,2026-07-22,K10,P-MOB-GSM,PID533142,None,1,0.97,True
ACT-2026-002940,2026-07-22,K10,P-MOB-OTH,PID928382,None,1,1.45,True
ACT-2026-002941,2026-07-22,K10,P-MOB-GSM,PID643112,MNP,1,1.94,True
ACT-2026-002942,2026-07-22,K10,P-DIG-SVC,PID526511,None,1,5.57,True
ACT-2026-002943,2026-07-22,K10,P-MOB-GSM,PID489862,None,1,0.97,True
ACT-2026-002944,2026-07-22,K11,P-MOB-GSM,PID178021,MNP,1,1.94,True
ACT-2026-002945,2026-07-22,K11,P-MOB-GSM,PID853522,None,1,0.97,True
ACT-2026-002946,2026-07-22,K11,P-MOB-OTH,PID159188,None,1,1.45,True
ACT-2026-002947,2026-07-22,K11,P-MOB-GSM,PID727074,MNP,1,1.94,True
ACT-2026-002948,2026-07-22,K11,P-MOB-GSM,PID339772,None,1,0.97,True
ACT-2026-002949,2026-07-22,K11,P-MOB-GSM,PID729124,None,1,0.97,True
ACT-2026-002950,2026-07-22,K11,P-MOB-OTH,PID143969,None,1,1.45,True
ACT-2026-002951,2026-07-22,K12,P-MOB-GSM,PID917480,None,1,0.97,True
ACT-2026-002952,2026-07-22,K12,P-MOB-GSM,PID138149,None,1,0.97,True
ACT-2026-002953,2026-07-22,K13,P-MOB-GSM,PID975548,None,1,1.03,True
ACT-2026-002954,2026-07-22,K13,P-MOB-GSM,PID616976,None,1,1.03,True
ACT-2026-002955,2026-07-22,K13,P-MOB-GSM,PID299856,None,1,1.03,True
ACT-2026-002956,2026-07-22,K13,P-FIX-WFA,PID529041,None,1,3.89,True
ACT-2026-002957,2026-07-22,K13,P-MOB-GSM,PID208879,None,1,1.03,True
ACT-2026-002958,2026-07-22,K13,P-DEV-DEV,PID237458,None,1,6.58,True
ACT-2026-002959,2026-07-22,K13,P-MOB-GSM,PID707628,None,1,1.03,True
ACT-2026-002960,2026-07-22,K13,P-MOB-GSM,PID822804,None,1,1.03,True
ACT-2026-002961,2026-07-22,K13,P-MOB-GSM,PID225487,MNP,1,2.07,True
ACT-2026-002962,2026-07-22,K13,P-MOB-GSM,PID557290,None,1,1.03,True
ACT-2026-002963,2026-07-22,K13,P-MOB-GSM,PID551378,None,1,1.03,True
ACT-2026-002964,2026-07-22,K13,P-MOB-GSM,PID603020,None,1,1.03,True
ACT-2026-002965,2026-07-22,K13,P-DIG-SVC,PID559060,None,1,4.92,True
ACT-2026-002966,2026-07-22,K13,P-MOB-GSM,PID670879,None,1,1.03,True
ACT-2026-002967,2026-07-22,K13,P-MOB-GSM,PID822912,None,1,1.03,True
ACT-2026-002968,2026-07-22,K14,P-MOB-GSM,PID647832,None,1,1.03,True
ACT-2026-002969,2026-07-22,K14,P-MOB-GSM,PID461906,None,1,1.03,True
ACT-2026-002970,2026-07-22,K14,P-MOB-GSM,PID453683,MNP,1,2.07,True
ACT-2026-002971,2026-07-22,K14,P-MOB-GSM,PID797971,None,1,1.03,True
ACT-2026-002972,2026-07-22,K14,P-MOB-GSM,PID839758,None,1,1.03,True
ACT-2026-002973,2026-07-22,K14,P-MOB-GSM,PID210207,None,1,1.03,True
ACT-2026-002974,2026-07-22,K14,P-MOB-GSM,PID161335,None,1,1.03,True
ACT-2026-002975,2026-07-22,K14,P-MOB-GSM,PID449874,None,1,1.03,True
ACT-2026-002976,2026-07-22,K14,P-MOB-OTH,PID514390,None,1,1.55,True
ACT-2026-002977,2026-07-22,K14,P-MOB-GSM,PID658479,None,1,1.03,True
ACT-2026-002978,2026-07-22,K15,P-MOB-GSM,PID167421,None,1,1.03,True
ACT-2026-002979,2026-07-22,K15,P-MOB-GSM,PID894461,None,1,1.03,True
ACT-2026-002980,2026-07-22,K15,P-MOB-GSM,PID974655,None,1,1.03,True
ACT-2026-002981,2026-07-22,K15,P-MOB-GSM,PID303037,MNP,1,2.07,True
ACT-2026-002982,2026-07-22,K15,P-FIX-BIB,PID616566,None,1,9.72,True
ACT-2026-002983,2026-07-22,K15,P-MOB-GSM,PID602539,None,1,1.03,True
ACT-2026-002984,2026-07-22,K15,P-MOB-GSM,PID741154,None,1,1.03,True
ACT-2026-002985,2026-07-22,K15,P-MOB-GSM,PID769176,None,1,1.03,True
ACT-2026-002986,2026-07-22,K15,P-MOB-GSM,PID510299,None,1,1.03,True
ACT-2026-002987,2026-07-22,K15,P-MOB-GSM,PID135513,None,1,1.03,True
ACT-2026-002988,2026-07-22,K15,P-FIX-BIB,PID782826,None,1,9.72,True
ACT-2026-002989,2026-07-22,K16,P-MOB-GSM,PID661931,MNP,1,2.07,True
ACT-2026-002990,2026-07-22,K16,P-FIX-WFA,PID136072,None,1,3.89,True
ACT-2026-002991,2026-07-22,K16,P-MOB-GSM,PID476417,None,1,0.0,False
ACT-2026-002992,2026-07-22,K16,P-MOB-OTH,PID432413,None,1,1.55,True
ACT-2026-002993,2026-07-22,K16,P-MOB-OTH,PID733402,None,1,1.55,True
ACT-2026-002994,2026-07-22,K16,P-MOB-GSM,PID901999,None,1,1.03,True
ACT-2026-002995,2026-07-22,K16,P-MOB-GSM,PID868621,None,1,1.03,True
ACT-2026-002996,2026-07-22,K17,P-MOB-GSM,PID663375,None,1,1.03,True
ACT-2026-002997,2026-07-22,K17,P-MOB-OTH,PID880255,None,1,1.55,True
ACT-2026-002998,2026-07-22,K17,P-MOB-GSM,PID536786,MNP,1,2.07,True
ACT-2026-002999,2026-07-22,K17,P-MOB-GSM,PID857769,None,1,1.03,True
ACT-2026-003000,2026-07-23,K01,P-MOB-GSM,PID477521,None,1,1.11,True
ACT-2026-003001,2026-07-23,K01,P-MOB-GSM,PID715560,None,1,1.11,True
ACT-2026-003002,2026-07-23,K01,P-MOB-GSM,PID882195,None,1,1.11,True
ACT-2026-003003,2026-07-23,K01,P-MOB-GSM,PID327300,None,1,1.11,True
ACT-2026-003004,2026-07-23,K01,P-MOB-GSM,PID758271,None,1,1.11,True
ACT-2026-003005,2026-07-23,K01,P-MOB-GSM,PID682011,MNP,1,2.21,True
ACT-2026-003006,2026-07-23,K01,P-MOB-GSM,PID977709,None,1,1.11,True
ACT-2026-003007,2026-07-23,K01,P-MOB-GSM,PID685430,None,1,1.11,True
ACT-2026-003008,2026-07-23,K01,P-MOB-GSM,PID700127,None,1,1.11,True
ACT-2026-003009,2026-07-23,K01,P-FIX-FBR,PID469866,None,1,11.02,True
ACT-2026-003010,2026-07-23,K01,P-MOB-GSM,PID130016,MNP,1,2.21,True
ACT-2026-003011,2026-07-23,K01,P-MOB-GSM,PID316044,None,1,1.11,True
ACT-2026-003012,2026-07-23,K01,P-FIX-WFA,PID471251,None,1,6.61,True
ACT-2026-003013,2026-07-23,K01,P-MOB-GSM,PID134265,None,1,1.11,True
ACT-2026-003014,2026-07-23,K01,P-MOB-GSM,PID774346,None,1,1.11,True
ACT-2026-003015,2026-07-23,K01,P-MOB-GSM,PID894495,None,1,1.11,True
ACT-2026-003016,2026-07-23,K01,P-DEV-DEV,PID199251,None,1,4.28,True
ACT-2026-003017,2026-07-23,K01,P-MOB-GSM,PID289741,None,1,1.11,True
ACT-2026-003018,2026-07-23,K01,P-MOB-GSM,PID765880,None,1,1.11,True
ACT-2026-003019,2026-07-23,K02,P-MOB-GSM,PID813695,None,1,1.11,True
ACT-2026-003020,2026-07-23,K02,P-MOB-GSM,PID416208,None,1,1.11,True
ACT-2026-003021,2026-07-23,K02,P-DEV-DEV,PID439302,None,1,4.28,True
ACT-2026-003022,2026-07-23,K02,P-MOB-GSM,PID437491,MNP,1,2.21,True
ACT-2026-003023,2026-07-23,K02,P-MOB-OTH,PID903803,None,1,1.66,True
ACT-2026-003024,2026-07-23,K02,P-MOB-GSM,PID914339,None,1,1.11,True
ACT-2026-003025,2026-07-23,K02,P-MOB-GSM,PID769388,None,1,1.11,True
ACT-2026-003026,2026-07-23,K02,P-MOB-GSM,PID136566,None,1,1.11,True
ACT-2026-003027,2026-07-23,K02,P-MOB-GSM,PID130947,None,1,1.11,True
ACT-2026-003028,2026-07-23,K02,P-MOB-GSM,PID139761,None,1,1.11,True
ACT-2026-003029,2026-07-23,K02,P-MOB-GSM,PID657173,None,1,1.11,True
ACT-2026-003030,2026-07-23,K02,P-MOB-GSM,PID489973,None,1,1.11,True
ACT-2026-003031,2026-07-23,K02,P-MOB-GSM,PID487235,None,1,1.11,True
ACT-2026-003032,2026-07-23,K02,P-MOB-GSM,PID512804,None,1,1.11,True
ACT-2026-003033,2026-07-23,K02,P-MOB-OTH,PID953398,None,1,1.66,True
ACT-2026-003034,2026-07-23,K02,P-FIX-BIB,PID743568,None,1,16.52,True
ACT-2026-003035,2026-07-23,K03,P-FIX-FBR,PID606066,FNP,1,11.02,True
ACT-2026-003036,2026-07-23,K03,P-MOB-GSM,PID648486,None,1,1.11,True
ACT-2026-003037,2026-07-23,K03,P-MOB-GSM,PID856590,None,1,1.11,True
ACT-2026-003038,2026-07-23,K03,P-MOB-GSM,PID851883,None,1,1.11,True
ACT-2026-003039,2026-07-23,K03,P-MOB-GSM,PID204462,None,1,1.11,True
ACT-2026-003040,2026-07-23,K03,P-FIX-WFA,PID752509,None,1,6.61,True
ACT-2026-003041,2026-07-23,K03,P-MOB-OTH,PID701469,None,1,1.66,True
ACT-2026-003042,2026-07-23,K03,P-MOB-GSM,PID541555,None,1,1.11,True
ACT-2026-003043,2026-07-23,K03,P-MOB-GSM,PID114350,None,1,1.11,True
ACT-2026-003044,2026-07-23,K03,P-MOB-GSM,PID953102,MNP,1,2.21,True
ACT-2026-003045,2026-07-23,K03,P-MOB-GSM,PID652449,None,1,1.11,True
ACT-2026-003046,2026-07-23,K04,P-MOB-GSM,PID757015,None,1,1.11,True
ACT-2026-003047,2026-07-23,K04,P-MOB-GSM,PID876045,None,1,1.11,True
ACT-2026-003048,2026-07-23,K04,P-MOB-GSM,PID863179,None,1,1.11,True
ACT-2026-003049,2026-07-23,K04,P-MOB-GSM,PID879173,MNP,1,2.21,True
ACT-2026-003050,2026-07-23,K04,P-MOB-GSM,PID894734,None,1,1.11,True
ACT-2026-003051,2026-07-23,K04,P-MOB-GSM,PID174667,None,1,1.11,True
ACT-2026-003052,2026-07-23,K04,P-FIX-BIB,PID113702,None,1,16.52,True
ACT-2026-003053,2026-07-23,K05,P-MOB-GSM,PID426832,None,1,1.11,True
ACT-2026-003054,2026-07-23,K05,P-DEV-DEV,PID519640,None,1,4.28,True
ACT-2026-003055,2026-07-23,K05,P-FIX-BIB,PID181475,None,1,16.52,True
ACT-2026-003056,2026-07-23,K05,P-MOB-GSM,PID803644,None,1,1.11,True
ACT-2026-003057,2026-07-23,K05,P-MOB-GSM,PID116703,None,1,1.11,True
ACT-2026-003058,2026-07-23,K05,P-FIX-FBR,PID403152,None,1,11.02,True
ACT-2026-003059,2026-07-23,K05,P-MOB-GSM,PID763879,None,1,1.11,True
ACT-2026-003060,2026-07-23,K05,P-MOB-GSM,PID420613,MNP,1,2.21,True
ACT-2026-003061,2026-07-23,K05,P-MOB-GSM,PID973389,None,1,1.11,True
ACT-2026-003062,2026-07-23,K06,P-MOB-GSM,PID224697,MNP,1,2.21,True
ACT-2026-003063,2026-07-23,K06,P-MOB-GSM,PID999168,None,1,1.11,True
ACT-2026-003064,2026-07-23,K06,P-MOB-GSM,PID548232,MNP,1,2.21,True
ACT-2026-003065,2026-07-23,K06,P-MOB-GSM,PID185353,None,1,1.11,True
ACT-2026-003066,2026-07-23,K07,P-MOB-GSM,PID867773,MNP,1,1.94,True
ACT-2026-003067,2026-07-23,K07,P-MOB-GSM,PID984931,None,1,0.97,True
ACT-2026-003068,2026-07-23,K07,P-MOB-GSM,PID592308,None,1,0.97,True
ACT-2026-003069,2026-07-23,K07,P-FIX-FBR,PID587764,None,1,9.71,True
ACT-2026-003070,2026-07-23,K07,P-MOB-GSM,PID483370,None,1,0.97,True
ACT-2026-003071,2026-07-23,K07,P-MOB-GSM,PID516382,MNP,1,1.94,True
ACT-2026-003072,2026-07-23,K07,P-MOB-GSM,PID724406,None,1,0.97,True
ACT-2026-003073,2026-07-23,K07,P-MOB-GSM,PID652885,None,1,0.97,True
ACT-2026-003074,2026-07-23,K07,P-MOB-OTH,PID308694,None,1,1.45,True
ACT-2026-003075,2026-07-23,K07,P-MOB-GSM,PID560837,MNP,1,1.94,True
ACT-2026-003076,2026-07-23,K07,P-MOB-GSM,PID443725,MNP,1,1.94,True
ACT-2026-003077,2026-07-23,K07,P-MOB-GSM,PID719885,None,1,0.97,True
ACT-2026-003078,2026-07-23,K07,P-MOB-OTH,PID984203,None,1,1.45,True
ACT-2026-003079,2026-07-23,K07,P-MOB-GSM,PID106399,MNP,1,1.94,True
ACT-2026-003080,2026-07-23,K08,P-MOB-GSM,PID149636,None,1,0.97,True
ACT-2026-003081,2026-07-23,K08,P-MOB-GSM,PID494399,None,1,0.97,True
ACT-2026-003082,2026-07-23,K08,P-FIX-FBR,PID611043,None,1,9.71,True
ACT-2026-003083,2026-07-23,K08,P-FIX-FBR,PID249827,FNP,1,9.71,True
ACT-2026-003084,2026-07-23,K08,P-MOB-GSM,PID570828,None,1,0.97,True
ACT-2026-003085,2026-07-23,K08,P-MOB-GSM,PID590397,MNP,1,1.94,True
ACT-2026-003086,2026-07-23,K08,P-MOB-GSM,PID972430,None,1,0.97,True
ACT-2026-003087,2026-07-23,K08,P-MOB-GSM,PID403637,None,1,0.97,True
ACT-2026-003088,2026-07-23,K09,P-MOB-GSM,PID954606,None,1,0.97,True
ACT-2026-003089,2026-07-23,K09,P-MOB-GSM,PID571469,None,1,0.97,True
ACT-2026-003090,2026-07-23,K09,P-MOB-GSM,PID147989,MNP,1,1.94,True
ACT-2026-003091,2026-07-23,K09,P-DIG-SVC,PID659245,None,1,5.57,True
ACT-2026-003092,2026-07-23,K09,P-MOB-GSM,PID528354,None,1,0.97,True
ACT-2026-003093,2026-07-23,K09,P-MOB-GSM,PID618701,None,1,0.97,True
ACT-2026-003094,2026-07-23,K09,P-MOB-GSM,PID329844,None,1,0.97,True
ACT-2026-003095,2026-07-23,K09,P-MOB-GSM,PID266605,None,1,0.97,True
ACT-2026-003096,2026-07-23,K09,P-MOB-GSM,PID446318,None,1,0.97,True
ACT-2026-003097,2026-07-23,K09,P-MOB-GSM,PID155400,None,1,0.97,True
ACT-2026-003098,2026-07-23,K10,P-FIX-FBR,PID419442,None,1,9.71,True
ACT-2026-003099,2026-07-23,K10,P-MOB-GSM,PID874067,None,1,0.97,True
ACT-2026-003100,2026-07-23,K10,P-MOB-GSM,PID723728,None,1,0.97,True
ACT-2026-003101,2026-07-23,K10,P-MOB-GSM,PID978452,None,1,0.97,True
ACT-2026-003102,2026-07-23,K10,P-MOB-GSM,PID956664,None,1,0.0,False
ACT-2026-003103,2026-07-23,K10,P-MOB-GSM,PID530466,None,1,0.97,True
ACT-2026-003104,2026-07-23,K11,P-MOB-OTH,PID187449,None,1,1.45,True
ACT-2026-003105,2026-07-23,K11,P-MOB-GSM,PID928417,None,1,0.97,True
ACT-2026-003106,2026-07-23,K11,P-MOB-GSM,PID386299,None,1,0.97,True
ACT-2026-003107,2026-07-23,K11,P-MOB-GSM,PID116459,None,1,0.97,True
ACT-2026-003108,2026-07-23,K11,P-FIX-FBR,PID419216,FNP,1,9.71,True
ACT-2026-003109,2026-07-23,K12,P-MOB-GSM,PID322186,MNP,1,1.94,True
ACT-2026-003110,2026-07-23,K12,P-MOB-GSM,PID176158,MNP,1,1.94,True
ACT-2026-003111,2026-07-23,K13,P-MOB-GSM,PID159968,MNP,1,2.07,True
ACT-2026-003112,2026-07-23,K13,P-MOB-GSM,PID494993,None,1,1.03,True
ACT-2026-003113,2026-07-23,K13,P-FIX-WFA,PID617641,None,1,3.89,True
ACT-2026-003114,2026-07-23,K13,P-DEV-DEV,PID999410,None,1,6.58,True
ACT-2026-003115,2026-07-23,K13,P-MOB-GSM,PID385857,None,1,1.03,True
ACT-2026-003116,2026-07-23,K13,P-MOB-GSM,PID746949,MNP,1,2.07,True
ACT-2026-003117,2026-07-23,K13,P-FIX-WFA,PID334571,None,1,3.89,True
ACT-2026-003118,2026-07-23,K13,P-FIX-WFA,PID687339,None,1,3.89,True
ACT-2026-003119,2026-07-23,K13,P-MOB-GSM,PID674339,MNP,1,2.07,True
ACT-2026-003120,2026-07-23,K13,P-MOB-GSM,PID314522,None,1,1.03,True
ACT-2026-003121,2026-07-23,K13,P-MOB-GSM,PID845227,None,1,1.03,True
ACT-2026-003122,2026-07-23,K13,P-MOB-GSM,PID267677,None,1,1.03,True
ACT-2026-003123,2026-07-23,K13,P-MOB-GSM,PID834111,None,1,1.03,True
ACT-2026-003124,2026-07-23,K13,P-MOB-GSM,PID940875,None,1,1.03,True
ACT-2026-003125,2026-07-23,K13,P-MOB-GSM,PID634330,None,1,1.03,True
ACT-2026-003126,2026-07-23,K13,P-MOB-GSM,PID431368,None,1,1.03,True
ACT-2026-003127,2026-07-23,K14,P-MOB-GSM,PID186163,None,1,1.03,True
ACT-2026-003128,2026-07-23,K14,P-MOB-GSM,PID850541,None,1,1.03,True
ACT-2026-003129,2026-07-23,K14,P-MOB-GSM,PID723425,None,1,1.03,True
ACT-2026-003130,2026-07-23,K14,P-MOB-GSM,PID495803,None,1,1.03,True
ACT-2026-003131,2026-07-23,K14,P-MOB-GSM,PID961433,None,1,1.03,True
ACT-2026-003132,2026-07-23,K14,P-MOB-GSM,PID337962,None,1,1.03,True
ACT-2026-003133,2026-07-23,K15,P-MOB-GSM,PID942269,None,1,1.03,True
ACT-2026-003134,2026-07-23,K15,P-MOB-GSM,PID186664,None,1,1.03,True
ACT-2026-003135,2026-07-23,K15,P-MOB-GSM,PID257181,None,1,1.03,True
ACT-2026-003136,2026-07-23,K15,P-MOB-GSM,PID850355,None,1,1.03,True
ACT-2026-003137,2026-07-23,K15,P-MOB-GSM,PID616418,MNP,1,2.07,True
ACT-2026-003138,2026-07-23,K15,P-FIX-FBR,PID890117,None,1,6.48,True
ACT-2026-003139,2026-07-23,K15,P-FIX-BIB,PID894282,None,1,9.72,True
ACT-2026-003140,2026-07-23,K15,P-MOB-GSM,PID149429,None,1,1.03,True
ACT-2026-003141,2026-07-23,K15,P-MOB-GSM,PID959559,None,1,1.03,True
ACT-2026-003142,2026-07-23,K16,P-MOB-GSM,PID988300,None,1,1.03,True
ACT-2026-003143,2026-07-23,K16,P-MOB-OTH,PID436388,None,1,1.55,True
ACT-2026-003144,2026-07-23,K16,P-MOB-GSM,PID199170,None,1,1.03,True
ACT-2026-003145,2026-07-23,K16,P-MOB-GSM,PID551756,None,1,1.03,True
ACT-2026-003146,2026-07-23,K16,P-MOB-GSM,PID758709,None,1,1.03,True
ACT-2026-003147,2026-07-23,K16,P-MOB-GSM,PID641954,None,1,1.03,True
ACT-2026-003148,2026-07-23,K17,P-MOB-GSM,PID392905,None,1,1.03,True
ACT-2026-003149,2026-07-23,K17,P-MOB-GSM,PID938242,None,1,1.03,True
ACT-2026-003150,2026-07-23,K17,P-MOB-GSM,PID921866,None,1,1.03,True
ACT-2026-003151,2026-07-23,K18,P-MOB-GSM,PID894326,None,1,1.03,True
ACT-2026-003152,2026-07-23,K18,P-MOB-GSM,PID742190,None,1,1.03,True
ACT-2026-003153,2026-07-23,K18,P-MOB-GSM,PID467133,None,1,1.03,True
ACT-2026-003154,2026-07-24,K01,P-MOB-GSM,PID188542,None,1,1.11,True
ACT-2026-003155,2026-07-24,K01,P-DIG-SVC,PID850558,None,1,5.6,True
ACT-2026-003156,2026-07-24,K01,P-MOB-GSM,PID486927,None,1,0.0,False
ACT-2026-003157,2026-07-24,K01,P-MOB-GSM,PID734003,None,1,1.11,True
ACT-2026-003158,2026-07-24,K01,P-MOB-GSM,PID211114,None,1,1.11,True
ACT-2026-003159,2026-07-24,K01,P-MOB-GSM,PID857292,None,1,1.11,True
ACT-2026-003160,2026-07-24,K01,P-MOB-GSM,PID404290,MNP,1,2.21,True
ACT-2026-003161,2026-07-24,K01,P-FIX-FBR,PID925283,None,1,11.02,True
ACT-2026-003162,2026-07-24,K01,P-MOB-GSM,PID439081,None,1,1.11,True
ACT-2026-003163,2026-07-24,K01,P-MOB-GSM,PID680147,None,1,1.11,True
ACT-2026-003164,2026-07-24,K01,P-DIG-SVC,PID666346,None,1,5.6,True
ACT-2026-003165,2026-07-24,K01,P-MOB-OTH,PID585850,None,1,1.66,True
ACT-2026-003166,2026-07-24,K01,P-MOB-GSM,PID688021,None,1,1.11,True
ACT-2026-003167,2026-07-24,K01,P-MOB-GSM,PID195949,None,1,1.11,True
ACT-2026-003168,2026-07-24,K01,P-MOB-GSM,PID116051,None,1,1.11,True
ACT-2026-003169,2026-07-24,K01,P-MOB-GSM,PID898683,None,1,1.11,True
ACT-2026-003170,2026-07-24,K01,P-MOB-GSM,PID512970,None,1,1.11,True
ACT-2026-003171,2026-07-24,K01,P-MOB-GSM,PID875266,None,1,1.11,True
ACT-2026-003172,2026-07-24,K01,P-MOB-GSM,PID259268,None,1,1.11,True
ACT-2026-003173,2026-07-24,K01,P-MOB-GSM,PID375883,None,1,1.11,True
ACT-2026-003174,2026-07-24,K01,P-MOB-GSM,PID206975,None,1,1.11,True
ACT-2026-003175,2026-07-24,K01,P-MOB-GSM,PID148208,None,1,1.11,True
ACT-2026-003176,2026-07-24,K02,P-MOB-GSM,PID974153,MNP,1,2.21,True
ACT-2026-003177,2026-07-24,K02,P-MOB-GSM,PID278427,MNP,1,2.21,True
ACT-2026-003178,2026-07-24,K02,P-MOB-OTH,PID855184,None,1,1.66,True
ACT-2026-003179,2026-07-24,K02,P-FIX-WFA,PID514650,None,1,6.61,True
ACT-2026-003180,2026-07-24,K02,P-MOB-GSM,PID464312,None,1,1.11,True
ACT-2026-003181,2026-07-24,K02,P-DIG-SVC,PID676167,None,1,5.6,True
ACT-2026-003182,2026-07-24,K02,P-MOB-GSM,PID405105,None,1,1.11,True
ACT-2026-003183,2026-07-24,K02,P-MOB-GSM,PID702786,None,1,1.11,True
ACT-2026-003184,2026-07-24,K02,P-MOB-GSM,PID544188,None,1,1.11,True
ACT-2026-003185,2026-07-24,K02,P-MOB-GSM,PID611055,None,1,1.11,True
ACT-2026-003186,2026-07-24,K02,P-MOB-GSM,PID468703,None,1,1.11,True
ACT-2026-003187,2026-07-24,K02,P-MOB-GSM,PID342395,None,1,1.11,True
ACT-2026-003188,2026-07-24,K02,P-MOB-GSM,PID440933,None,1,1.11,True
ACT-2026-003189,2026-07-24,K02,P-MOB-GSM,PID285143,None,1,1.11,True
ACT-2026-003190,2026-07-24,K02,P-MOB-GSM,PID698710,None,1,1.11,True
ACT-2026-003191,2026-07-24,K02,P-MOB-GSM,PID345389,None,1,1.11,True
ACT-2026-003192,2026-07-24,K02,P-MOB-GSM,PID759021,None,1,1.11,True
ACT-2026-003193,2026-07-24,K03,P-MOB-GSM,PID385713,MNP,1,2.21,True
ACT-2026-003194,2026-07-24,K03,P-MOB-OTH,PID721423,None,1,1.66,True
ACT-2026-003195,2026-07-24,K03,P-MOB-OTH,PID451379,None,1,1.66,True
ACT-2026-003196,2026-07-24,K03,P-MOB-GSM,PID108269,None,1,1.11,True
ACT-2026-003197,2026-07-24,K03,P-MOB-GSM,PID866913,None,1,1.11,True
ACT-2026-003198,2026-07-24,K03,P-MOB-GSM,PID442708,None,1,1.11,True
ACT-2026-003199,2026-07-24,K03,P-MOB-GSM,PID698234,None,1,1.11,True
ACT-2026-003200,2026-07-24,K03,P-MOB-GSM,PID885749,MNP,1,2.21,True
ACT-2026-003201,2026-07-24,K03,P-MOB-GSM,PID610948,None,1,1.11,True
ACT-2026-003202,2026-07-24,K03,P-MOB-GSM,PID181637,MNP,1,2.21,True
ACT-2026-003203,2026-07-24,K04,P-MOB-GSM,PID243284,None,1,1.11,True
ACT-2026-003204,2026-07-24,K04,P-MOB-GSM,PID437806,None,1,1.11,True
ACT-2026-003205,2026-07-24,K04,P-MOB-OTH,PID177969,None,1,1.66,True
ACT-2026-003206,2026-07-24,K04,P-MOB-GSM,PID547080,None,1,1.11,True
ACT-2026-003207,2026-07-24,K04,P-MOB-GSM,PID879442,None,1,1.11,True
ACT-2026-003208,2026-07-24,K04,P-MOB-GSM,PID174590,None,1,1.11,True
ACT-2026-003209,2026-07-24,K04,P-MOB-GSM,PID127250,None,1,1.11,True
ACT-2026-003210,2026-07-24,K04,P-MOB-GSM,PID334949,MNP,1,2.21,True
ACT-2026-003211,2026-07-24,K04,P-MOB-GSM,PID761395,MNP,1,2.21,True
ACT-2026-003212,2026-07-24,K05,P-MOB-GSM,PID970852,MNP,1,2.21,True
ACT-2026-003213,2026-07-24,K05,P-MOB-GSM,PID319222,None,1,1.11,True
ACT-2026-003214,2026-07-24,K05,P-DEV-DEV,PID344853,None,1,4.28,True
ACT-2026-003215,2026-07-24,K05,P-MOB-GSM,PID966510,None,1,1.11,True
ACT-2026-003216,2026-07-24,K06,P-DIG-SVC,PID406059,None,1,5.76,True
ACT-2026-003217,2026-07-24,K07,P-MOB-GSM,PID708826,MNP,1,0.0,False
ACT-2026-003218,2026-07-24,K07,P-MOB-GSM,PID520193,None,1,0.97,True
ACT-2026-003219,2026-07-24,K07,P-MOB-GSM,PID671570,None,1,0.97,True
ACT-2026-003220,2026-07-24,K07,P-MOB-GSM,PID634874,None,1,0.97,True
ACT-2026-003221,2026-07-24,K07,P-MOB-OTH,PID654796,None,1,1.45,True
ACT-2026-003222,2026-07-24,K07,P-MOB-GSM,PID989203,None,1,0.97,True
ACT-2026-003223,2026-07-24,K07,P-DEV-DEV,PID387397,None,1,6.08,True
ACT-2026-003224,2026-07-24,K07,P-MOB-GSM,PID326651,None,1,0.97,True
ACT-2026-003225,2026-07-24,K07,P-MOB-GSM,PID277564,None,1,0.97,True
ACT-2026-003226,2026-07-24,K07,P-MOB-GSM,PID562946,None,1,0.97,True
ACT-2026-003227,2026-07-24,K08,P-DIG-SVC,PID358237,None,1,5.57,True
ACT-2026-003228,2026-07-24,K08,P-MOB-GSM,PID148239,MNP,1,1.94,True
ACT-2026-003229,2026-07-24,K08,P-MOB-GSM,PID786901,None,1,0.97,True
ACT-2026-003230,2026-07-24,K08,P-FIX-WFA,PID229198,None,1,5.82,True
ACT-2026-003231,2026-07-24,K08,P-MOB-GSM,PID181164,None,1,0.97,True
ACT-2026-003232,2026-07-24,K08,P-FIX-BIB,PID365110,None,1,14.56,True
ACT-2026-003233,2026-07-24,K08,P-MOB-GSM,PID154320,None,1,0.97,True
ACT-2026-003234,2026-07-24,K08,P-FIX-FBR,PID800133,None,1,9.71,True
ACT-2026-003235,2026-07-24,K08,P-FIX-FBR,PID667976,FNP,1,9.71,True
ACT-2026-003236,2026-07-24,K08,P-MOB-GSM,PID461810,None,1,0.97,True
ACT-2026-003237,2026-07-24,K08,P-MOB-GSM,PID796219,None,1,0.97,True
ACT-2026-003238,2026-07-24,K08,P-MOB-GSM,PID182174,None,1,0.97,True
ACT-2026-003239,2026-07-24,K08,P-FIX-FBR,PID509125,None,1,9.71,True
ACT-2026-003240,2026-07-24,K09,P-MOB-GSM,PID449547,None,1,0.97,True
ACT-2026-003241,2026-07-24,K09,P-MOB-GSM,PID708655,None,1,0.97,True
ACT-2026-003242,2026-07-24,K09,P-MOB-GSM,PID233929,None,1,0.97,True
ACT-2026-003243,2026-07-24,K09,P-FIX-FBR,PID859219,FNP,1,9.71,True
ACT-2026-003244,2026-07-24,K09,P-MOB-GSM,PID713914,None,1,0.97,True
ACT-2026-003245,2026-07-24,K09,P-FIX-WFA,PID953543,FNP,1,5.82,True
ACT-2026-003246,2026-07-24,K09,P-MOB-GSM,PID693177,None,1,0.97,True
ACT-2026-003247,2026-07-24,K10,P-FIX-BIB,PID102622,None,1,14.56,True
ACT-2026-003248,2026-07-24,K10,P-MOB-GSM,PID810085,None,1,0.97,True
ACT-2026-003249,2026-07-24,K10,P-MOB-GSM,PID247869,None,1,0.97,True
ACT-2026-003250,2026-07-24,K11,P-MOB-GSM,PID914479,None,1,0.97,True
ACT-2026-003251,2026-07-24,K11,P-MOB-GSM,PID403851,None,1,0.97,True
ACT-2026-003252,2026-07-24,K11,P-MOB-GSM,PID872728,None,1,0.97,True
ACT-2026-003253,2026-07-24,K11,P-MOB-GSM,PID315276,None,1,0.97,True
ACT-2026-003254,2026-07-24,K12,P-MOB-GSM,PID611590,None,1,0.97,True
ACT-2026-003255,2026-07-24,K12,P-MOB-GSM,PID939517,None,1,0.97,True
ACT-2026-003256,2026-07-24,K13,P-MOB-GSM,PID818062,None,1,1.03,True
ACT-2026-003257,2026-07-24,K13,P-MOB-GSM,PID323976,MNP,1,2.07,True
ACT-2026-003258,2026-07-24,K13,P-MOB-GSM,PID891322,MNP,1,2.07,True
ACT-2026-003259,2026-07-24,K13,P-MOB-GSM,PID373439,None,1,1.03,True
ACT-2026-003260,2026-07-24,K13,P-MOB-GSM,PID115679,None,1,1.03,True
ACT-2026-003261,2026-07-24,K13,P-MOB-GSM,PID604471,None,1,1.03,True
ACT-2026-003262,2026-07-24,K13,P-MOB-OTH,PID453591,None,1,1.55,True
ACT-2026-003263,2026-07-24,K13,P-MOB-GSM,PID419115,None,1,1.03,True
ACT-2026-003264,2026-07-24,K13,P-MOB-GSM,PID657467,None,1,1.03,True
ACT-2026-003265,2026-07-24,K13,P-MOB-GSM,PID293516,None,1,1.03,True
ACT-2026-003266,2026-07-24,K13,P-MOB-GSM,PID915131,None,1,1.03,True
ACT-2026-003267,2026-07-24,K13,P-MOB-GSM,PID693031,None,1,1.03,True
ACT-2026-003268,2026-07-24,K13,P-MOB-GSM,PID110175,None,1,1.03,True
ACT-2026-003269,2026-07-24,K13,P-MOB-GSM,PID845834,MNP,1,2.07,True
ACT-2026-003270,2026-07-24,K13,P-MOB-GSM,PID250979,None,1,1.03,True
ACT-2026-003271,2026-07-24,K13,P-MOB-GSM,PID209499,None,1,1.03,True
ACT-2026-003272,2026-07-24,K13,P-MOB-GSM,PID918235,None,1,1.03,True
ACT-2026-003273,2026-07-24,K14,P-MOB-GSM,PID689800,None,1,1.03,True
ACT-2026-003274,2026-07-24,K14,P-MOB-GSM,PID956139,None,1,1.03,True
ACT-2026-003275,2026-07-24,K14,P-MOB-GSM,PID285051,None,1,1.03,True
ACT-2026-003276,2026-07-24,K14,P-MOB-GSM,PID672563,None,1,1.03,True
ACT-2026-003277,2026-07-24,K14,P-MOB-GSM,PID347233,None,1,1.03,True
ACT-2026-003278,2026-07-24,K14,P-MOB-GSM,PID991461,MNP,1,2.07,True
ACT-2026-003279,2026-07-24,K14,P-MOB-GSM,PID716460,None,1,1.03,True
ACT-2026-003280,2026-07-24,K15,P-MOB-GSM,PID491166,None,1,1.03,True
ACT-2026-003281,2026-07-24,K15,P-MOB-GSM,PID480719,None,1,1.03,True
ACT-2026-003282,2026-07-24,K15,P-MOB-GSM,PID730867,None,1,1.03,True
ACT-2026-003283,2026-07-24,K15,P-MOB-GSM,PID743239,None,1,1.03,True
ACT-2026-003284,2026-07-24,K15,P-MOB-GSM,PID367885,None,1,1.03,True
ACT-2026-003285,2026-07-24,K15,P-MOB-GSM,PID446679,None,1,1.03,True
ACT-2026-003286,2026-07-24,K15,P-MOB-OTH,PID417614,None,1,1.55,True
ACT-2026-003287,2026-07-24,K15,P-MOB-GSM,PID364451,None,1,1.03,True
ACT-2026-003288,2026-07-24,K15,P-MOB-GSM,PID913206,None,1,1.03,True
ACT-2026-003289,2026-07-24,K15,P-MOB-GSM,PID345434,MNP,1,2.07,True
ACT-2026-003290,2026-07-24,K15,P-MOB-GSM,PID355458,None,1,1.03,True
ACT-2026-003291,2026-07-24,K16,P-MOB-OTH,PID587253,None,1,1.55,True
ACT-2026-003292,2026-07-24,K16,P-MOB-GSM,PID738167,None,1,1.03,True
ACT-2026-003293,2026-07-24,K16,P-MOB-GSM,PID517742,None,1,1.03,True
ACT-2026-003294,2026-07-24,K16,P-MOB-GSM,PID648821,None,1,1.03,True
ACT-2026-003295,2026-07-24,K16,P-MOB-GSM,PID708543,MNP,1,2.07,True
ACT-2026-003296,2026-07-24,K16,P-MOB-GSM,PID234043,None,1,1.03,True
ACT-2026-003297,2026-07-24,K16,P-MOB-GSM,PID253342,None,1,1.03,True
ACT-2026-003298,2026-07-24,K17,P-MOB-GSM,PID340682,None,1,1.03,True
ACT-2026-003299,2026-07-24,K17,P-FIX-FBR,PID244370,None,1,6.48,True
ACT-2026-003300,2026-07-24,K17,P-MOB-GSM,PID399459,None,1,1.03,True
ACT-2026-003301,2026-07-24,K17,P-MOB-GSM,PID330227,None,1,1.03,True
ACT-2026-003302,2026-07-24,K17,P-MOB-GSM,PID653576,None,1,1.03,True
ACT-2026-003303,2026-07-24,K17,P-MOB-GSM,PID946577,MNP,1,2.07,True
ACT-2026-003304,2026-07-24,K18,P-MOB-GSM,PID479373,None,1,1.03,True
ACT-2026-003305,2026-07-24,K18,P-MOB-GSM,PID589933,None,1,1.03,True
ACT-2026-003306,2026-07-24,K18,P-MOB-GSM,PID207798,None,1,1.03,True
ACT-2026-003307,2026-07-24,K18,P-MOB-GSM,PID619376,None,1,1.03,True
ACT-2026-003308,2026-07-25,K01,P-MOB-GSM,PID161833,None,1,1.11,True
ACT-2026-003309,2026-07-25,K01,P-MOB-GSM,PID117697,None,1,1.11,True
ACT-2026-003310,2026-07-25,K01,P-MOB-GSM,PID439853,None,1,1.11,True
ACT-2026-003311,2026-07-25,K01,P-MOB-OTH,PID722326,None,1,1.66,True
ACT-2026-003312,2026-07-25,K01,P-FIX-FBR,PID464337,None,1,11.02,True
ACT-2026-003313,2026-07-25,K02,P-MOB-GSM,PID792032,None,1,1.11,True
ACT-2026-003314,2026-07-25,K02,P-MOB-GSM,PID975537,None,1,1.11,True
ACT-2026-003315,2026-07-25,K02,P-MOB-GSM,PID921362,None,1,1.11,True
ACT-2026-003316,2026-07-25,K02,P-MOB-GSM,PID501169,MNP,1,2.21,True
ACT-2026-003317,2026-07-25,K02,P-MOB-GSM,PID382242,MNP,1,2.21,True
ACT-2026-003318,2026-07-25,K02,P-FIX-WFA,PID677367,None,1,6.61,True
ACT-2026-003319,2026-07-25,K04,P-MOB-OTH,PID782394,None,1,1.66,True
ACT-2026-003320,2026-07-25,K04,P-DIG-SVC,PID753670,None,1,5.6,True
ACT-2026-003321,2026-07-25,K05,P-MOB-GSM,PID958122,None,1,1.11,True
ACT-2026-003322,2026-07-25,K06,P-MOB-GSM,PID789942,MNP,1,2.21,True
ACT-2026-003323,2026-07-25,K07,P-MOB-GSM,PID789053,None,1,0.97,True
ACT-2026-003324,2026-07-25,K07,P-MOB-GSM,PID700181,None,1,0.97,True
ACT-2026-003325,2026-07-25,K07,P-MOB-OTH,PID642329,None,1,1.45,True
ACT-2026-003326,2026-07-25,K07,P-MOB-GSM,PID769514,None,1,0.97,True
ACT-2026-003327,2026-07-25,K07,P-MOB-GSM,PID300943,None,1,0.97,True
ACT-2026-003328,2026-07-25,K08,P-MOB-OTH,PID365603,None,1,1.45,True
ACT-2026-003329,2026-07-25,K08,P-MOB-GSM,PID383350,None,1,0.97,True
ACT-2026-003330,2026-07-25,K09,P-MOB-GSM,PID832453,None,1,0.97,True
ACT-2026-003331,2026-07-25,K09,P-MOB-GSM,PID533792,None,1,0.97,True
ACT-2026-003332,2026-07-25,K09,P-MOB-GSM,PID282581,None,1,0.97,True
ACT-2026-003333,2026-07-25,K10,P-MOB-GSM,PID677664,None,1,0.97,True
ACT-2026-003334,2026-07-25,K10,P-MOB-GSM,PID548975,None,1,0.97,True
ACT-2026-003335,2026-07-25,K11,P-MOB-GSM,PID925924,None,1,0.97,True
ACT-2026-003336,2026-07-25,K12,P-MOB-GSM,PID837643,MNP,1,1.94,True
ACT-2026-003337,2026-07-25,K14,P-MOB-GSM,PID201479,None,1,1.03,True
ACT-2026-003338,2026-07-25,K14,P-DEV-DEV,PID564544,None,1,6.58,True
ACT-2026-003339,2026-07-25,K15,P-MOB-GSM,PID758688,None,1,1.03,True
ACT-2026-003340,2026-07-25,K15,P-MOB-GSM,PID595462,None,1,1.03,True
ACT-2026-003341,2026-07-25,K15,P-MOB-GSM,PID719512,None,1,1.03,True
ACT-2026-003342,2026-07-25,K16,P-FIX-WFA,PID308981,None,1,3.89,True
ACT-2026-003343,2026-07-25,K16,P-MOB-GSM,PID360556,None,1,1.03,True
ACT-2026-003344,2026-07-25,K17,P-MOB-GSM,PID741050,MNP,1,2.07,True
ACT-2026-003345,2026-07-25,K17,P-MOB-OTH,PID404414,None,1,1.55,True
ACT-2026-003346,2026-07-26,K01,P-MOB-GSM,PID624681,MNP,1,2.21,True
ACT-2026-003347,2026-07-26,K01,P-MOB-GSM,PID140029,MNP,1,2.21,True
ACT-2026-003348,2026-07-26,K01,P-DIG-SVC,PID848858,None,1,5.6,True
ACT-2026-003349,2026-07-26,K01,P-MOB-GSM,PID893690,None,1,1.11,True
ACT-2026-003350,2026-07-26,K01,P-DIG-SVC,PID141170,None,1,5.6,True
ACT-2026-003351,2026-07-26,K02,P-MOB-GSM,PID494248,None,1,1.11,True
ACT-2026-003352,2026-07-26,K02,P-MOB-OTH,PID577137,None,1,1.66,True
ACT-2026-003353,2026-07-26,K02,P-MOB-GSM,PID860003,None,1,1.11,True
ACT-2026-003354,2026-07-26,K03,P-MOB-GSM,PID440225,None,1,1.11,True
ACT-2026-003355,2026-07-26,K03,P-MOB-GSM,PID145577,None,1,1.11,True
ACT-2026-003356,2026-07-26,K04,P-MOB-GSM,PID656773,None,1,1.11,True
ACT-2026-003357,2026-07-26,K04,P-FIX-FBR,PID582466,None,1,11.02,True
ACT-2026-003358,2026-07-26,K05,P-MOB-GSM,PID755642,None,1,1.11,True
ACT-2026-003359,2026-07-26,K05,P-MOB-OTH,PID394946,None,1,1.66,True
ACT-2026-003360,2026-07-26,K06,P-MOB-GSM,PID212741,None,1,1.11,True
ACT-2026-003361,2026-07-26,K07,P-MOB-GSM,PID917828,None,1,0.97,True
ACT-2026-003362,2026-07-26,K07,P-MOB-GSM,PID695371,None,1,0.97,True
ACT-2026-003363,2026-07-26,K08,P-MOB-OTH,PID821242,None,1,1.45,True
ACT-2026-003364,2026-07-26,K09,P-MOB-GSM,PID457186,None,1,0.97,True
ACT-2026-003365,2026-07-26,K10,P-MOB-GSM,PID961248,None,1,0.97,True
ACT-2026-003366,2026-07-26,K11,P-MOB-GSM,PID400243,None,1,0.97,True
ACT-2026-003367,2026-07-26,K12,P-MOB-OTH,PID872062,None,1,1.45,True
ACT-2026-003368,2026-07-26,K12,P-MOB-GSM,PID937260,None,1,0.97,True
ACT-2026-003369,2026-07-26,K13,P-MOB-GSM,PID882027,None,1,1.03,True
ACT-2026-003370,2026-07-26,K13,P-FIX-BIB,PID803461,None,1,9.72,True
ACT-2026-003371,2026-07-26,K14,P-FIX-FBR,PID340711,None,1,6.48,True
ACT-2026-003372,2026-07-26,K14,P-MOB-GSM,PID211910,None,1,1.03,True
ACT-2026-003373,2026-07-26,K15,P-MOB-GSM,PID615066,None,1,1.03,True
ACT-2026-003374,2026-07-26,K15,P-MOB-GSM,PID192624,None,1,1.03,True
ACT-2026-003375,2026-07-26,K15,P-MOB-GSM,PID192445,None,1,1.03,True
ACT-2026-003376,2026-07-26,K15,P-MOB-GSM,PID787607,None,1,1.03,True
ACT-2026-003377,2026-07-26,K15,P-MOB-GSM,PID459910,None,1,1.03,True
ACT-2026-003378,2026-07-26,K16,P-MOB-GSM,PID436911,None,1,1.03,True
ACT-2026-003379,2026-07-26,K16,P-MOB-GSM,PID914817,None,1,1.03,True
ACT-2026-003380,2026-07-26,K16,P-MOB-GSM,PID752789,None,1,1.03,True
ACT-2026-003381,2026-07-26,K17,P-MOB-GSM,PID289755,None,1,1.03,True
ACT-2026-003382,2026-07-26,K17,P-MOB-GSM,PID722452,None,1,1.03,True
ACT-2026-003383,2026-07-26,K17,P-MOB-GSM,PID847731,None,1,1.03,True
ACT-2026-003384,2026-07-27,K01,P-MOB-GSM,PID423425,MNP,1,2.21,True
ACT-2026-003385,2026-07-27,K01,P-MOB-GSM,PID934014,None,1,1.11,True
ACT-2026-003386,2026-07-27,K01,P-MOB-GSM,PID938434,None,1,1.11,True
ACT-2026-003387,2026-07-27,K01,P-MOB-GSM,PID730313,None,1,1.11,True
ACT-2026-003388,2026-07-27,K01,P-MOB-GSM,PID251269,None,1,1.11,True
ACT-2026-003389,2026-07-27,K01,P-MOB-GSM,PID776534,None,1,1.11,True
ACT-2026-003390,2026-07-27,K01,P-MOB-GSM,PID484273,MNP,1,2.21,True
ACT-2026-003391,2026-07-27,K01,P-MOB-GSM,PID567808,None,1,1.11,True
ACT-2026-003392,2026-07-27,K01,P-MOB-GSM,PID615392,None,1,1.11,True
ACT-2026-003393,2026-07-27,K01,P-MOB-GSM,PID715890,None,1,1.11,True
ACT-2026-003394,2026-07-27,K01,P-MOB-GSM,PID531302,None,1,1.11,True
ACT-2026-003395,2026-07-27,K01,P-MOB-GSM,PID357571,None,1,1.11,True
ACT-2026-003396,2026-07-27,K01,P-MOB-GSM,PID520695,None,1,1.11,True
ACT-2026-003397,2026-07-27,K01,P-MOB-GSM,PID246283,None,1,1.11,True
ACT-2026-003398,2026-07-27,K01,P-MOB-GSM,PID757480,None,1,1.11,True
ACT-2026-003399,2026-07-27,K01,P-MOB-GSM,PID730767,MNP,1,2.21,True
ACT-2026-003400,2026-07-27,K01,P-FIX-FBR,PID719917,None,1,11.02,True
ACT-2026-003401,2026-07-27,K01,P-MOB-GSM,PID572505,None,1,1.11,True
ACT-2026-003402,2026-07-27,K01,P-MOB-GSM,PID290276,None,1,1.11,True
ACT-2026-003403,2026-07-27,K01,P-DIG-SVC,PID838462,None,1,5.6,True
ACT-2026-003404,2026-07-27,K01,P-MOB-GSM,PID781632,MNP,1,2.21,True
ACT-2026-003405,2026-07-27,K01,P-MOB-GSM,PID310324,None,1,1.11,True
ACT-2026-003406,2026-07-27,K02,P-MOB-GSM,PID868977,None,1,1.11,True
ACT-2026-003407,2026-07-27,K02,P-MOB-GSM,PID235822,MNP,1,2.21,True
ACT-2026-003408,2026-07-27,K02,P-MOB-GSM,PID609466,None,1,1.11,True
ACT-2026-003409,2026-07-27,K02,P-MOB-GSM,PID793000,None,1,1.11,True
ACT-2026-003410,2026-07-27,K02,P-MOB-GSM,PID123093,None,1,1.11,True
ACT-2026-003411,2026-07-27,K02,P-MOB-GSM,PID825105,None,1,1.11,True
ACT-2026-003412,2026-07-27,K02,P-FIX-FBR,PID318269,None,1,11.02,True
ACT-2026-003413,2026-07-27,K02,P-MOB-GSM,PID957319,None,1,1.11,True
ACT-2026-003414,2026-07-27,K02,P-MOB-GSM,PID829754,None,1,1.11,True
ACT-2026-003415,2026-07-27,K02,P-MOB-GSM,PID681266,None,1,1.11,True
ACT-2026-003416,2026-07-27,K02,P-DIG-SVC,PID134606,None,1,5.6,True
ACT-2026-003417,2026-07-27,K02,P-MOB-GSM,PID946291,None,1,1.11,True
ACT-2026-003418,2026-07-27,K02,P-DEV-DEV,PID129478,None,1,4.28,True
ACT-2026-003419,2026-07-27,K02,P-MOB-GSM,PID609380,None,1,1.11,True
ACT-2026-003420,2026-07-27,K02,P-MOB-GSM,PID711799,None,1,1.11,True
ACT-2026-003421,2026-07-27,K02,P-MOB-GSM,PID826396,None,1,1.11,True
ACT-2026-003422,2026-07-27,K02,P-MOB-GSM,PID801353,None,1,1.11,True
ACT-2026-003423,2026-07-27,K02,P-MOB-GSM,PID195106,None,1,1.11,True
ACT-2026-003424,2026-07-27,K02,P-MOB-GSM,PID849028,None,1,1.11,True
ACT-2026-003425,2026-07-27,K03,P-MOB-OTH,PID510484,None,1,1.66,True
ACT-2026-003426,2026-07-27,K03,P-MOB-GSM,PID542653,None,1,1.11,True
ACT-2026-003427,2026-07-27,K03,P-MOB-GSM,PID268160,MNP,1,2.21,True
ACT-2026-003428,2026-07-27,K03,P-MOB-GSM,PID700134,None,1,1.11,True
ACT-2026-003429,2026-07-27,K03,P-FIX-FBR,PID827424,None,1,11.02,True
ACT-2026-003430,2026-07-27,K03,P-MOB-GSM,PID518273,None,1,1.11,True
ACT-2026-003431,2026-07-27,K03,P-FIX-FBR,PID150122,None,1,11.02,True
ACT-2026-003432,2026-07-27,K03,P-MOB-GSM,PID989072,None,1,1.11,True
ACT-2026-003433,2026-07-27,K03,P-MOB-GSM,PID509236,None,1,1.11,True
ACT-2026-003434,2026-07-27,K03,P-MOB-GSM,PID258574,None,1,1.11,True
ACT-2026-003435,2026-07-27,K03,P-MOB-GSM,PID375561,None,1,1.11,True
ACT-2026-003436,2026-07-27,K03,P-MOB-GSM,PID349273,MNP,1,2.21,True
ACT-2026-003437,2026-07-27,K03,P-FIX-WFA,PID641838,FNP,1,6.61,True
ACT-2026-003438,2026-07-27,K03,P-MOB-GSM,PID616334,None,1,1.11,True
ACT-2026-003439,2026-07-27,K03,P-MOB-GSM,PID510276,None,1,1.11,True
ACT-2026-003440,2026-07-27,K04,P-MOB-GSM,PID113721,None,1,1.11,True
ACT-2026-003441,2026-07-27,K04,P-DEV-DEV,PID882858,None,1,4.28,True
ACT-2026-003442,2026-07-27,K04,P-MOB-OTH,PID104590,None,1,1.66,True
ACT-2026-003443,2026-07-27,K04,P-MOB-GSM,PID638880,None,1,0.0,False
ACT-2026-003444,2026-07-27,K04,P-MOB-GSM,PID125001,None,1,1.11,True
ACT-2026-003445,2026-07-27,K04,P-MOB-GSM,PID401196,None,1,0.0,False
ACT-2026-003446,2026-07-27,K04,P-MOB-OTH,PID752365,None,1,1.66,True
ACT-2026-003447,2026-07-27,K04,P-MOB-GSM,PID405195,None,1,1.11,True
ACT-2026-003448,2026-07-27,K05,P-MOB-GSM,PID999279,None,1,1.11,True
ACT-2026-003449,2026-07-27,K05,P-MOB-GSM,PID357188,None,1,1.11,True
ACT-2026-003450,2026-07-27,K05,P-MOB-GSM,PID275238,None,1,1.11,True
ACT-2026-003451,2026-07-27,K05,P-MOB-GSM,PID748886,None,1,1.11,True
ACT-2026-003452,2026-07-27,K05,P-MOB-GSM,PID181847,None,1,1.11,True
ACT-2026-003453,2026-07-27,K06,P-MOB-GSM,PID390972,None,1,1.11,True
ACT-2026-003454,2026-07-27,K07,P-DIG-SVC,PID257546,None,1,5.57,True
ACT-2026-003455,2026-07-27,K07,P-MOB-GSM,PID957150,None,1,0.97,True
ACT-2026-003456,2026-07-27,K07,P-MOB-GSM,PID585551,MNP,1,1.94,True
ACT-2026-003457,2026-07-27,K07,P-MOB-GSM,PID471589,None,1,0.97,True
ACT-2026-003458,2026-07-27,K07,P-MOB-GSM,PID147309,MNP,1,1.94,True
ACT-2026-003459,2026-07-27,K07,P-MOB-GSM,PID995583,None,1,0.97,True
ACT-2026-003460,2026-07-27,K07,P-MOB-GSM,PID863577,None,1,0.97,True
ACT-2026-003461,2026-07-27,K07,P-MOB-GSM,PID831087,None,1,0.97,True
ACT-2026-003462,2026-07-27,K07,P-MOB-GSM,PID948769,MNP,1,1.94,True
ACT-2026-003463,2026-07-27,K07,P-MOB-GSM,PID360082,None,1,0.97,True
ACT-2026-003464,2026-07-27,K07,P-DEV-DEV,PID156550,None,1,6.08,True
ACT-2026-003465,2026-07-27,K07,P-MOB-GSM,PID881266,MNP,1,1.94,True
ACT-2026-003466,2026-07-27,K07,P-MOB-OTH,PID315306,None,1,1.45,True
ACT-2026-003467,2026-07-27,K07,P-MOB-GSM,PID698798,None,1,0.97,True
ACT-2026-003468,2026-07-27,K07,P-MOB-GSM,PID906081,None,1,0.97,True
ACT-2026-003469,2026-07-27,K08,P-MOB-GSM,PID145225,None,1,0.97,True
ACT-2026-003470,2026-07-27,K08,P-MOB-GSM,PID736183,None,1,0.97,True
ACT-2026-003471,2026-07-27,K08,P-MOB-GSM,PID169658,None,1,0.97,True
ACT-2026-003472,2026-07-27,K08,P-MOB-GSM,PID455209,None,1,0.97,True
ACT-2026-003473,2026-07-27,K08,P-MOB-OTH,PID193546,None,1,1.45,True
ACT-2026-003474,2026-07-27,K08,P-MOB-GSM,PID610259,None,1,0.97,True
ACT-2026-003475,2026-07-27,K08,P-MOB-GSM,PID312267,None,1,0.97,True
ACT-2026-003476,2026-07-27,K09,P-MOB-GSM,PID749607,None,1,0.97,True
ACT-2026-003477,2026-07-27,K09,P-MOB-GSM,PID850806,MNP,1,1.94,True
ACT-2026-003478,2026-07-27,K09,P-MOB-GSM,PID465215,None,1,0.97,True
ACT-2026-003479,2026-07-27,K09,P-MOB-GSM,PID939127,MNP,1,1.94,True
ACT-2026-003480,2026-07-27,K09,P-FIX-FBR,PID103897,None,1,9.71,True
ACT-2026-003481,2026-07-27,K09,P-MOB-GSM,PID758881,None,1,0.97,True
ACT-2026-003482,2026-07-27,K09,P-MOB-GSM,PID334509,MNP,1,1.94,True
ACT-2026-003483,2026-07-27,K09,P-MOB-GSM,PID562362,None,1,0.97,True
ACT-2026-003484,2026-07-27,K10,P-MOB-GSM,PID424935,None,1,0.97,True
ACT-2026-003485,2026-07-27,K10,P-DIG-SVC,PID844597,None,1,5.57,True
ACT-2026-003486,2026-07-27,K10,P-MOB-GSM,PID776470,None,1,0.97,True
ACT-2026-003487,2026-07-27,K10,P-MOB-GSM,PID572545,MNP,1,1.94,True
ACT-2026-003488,2026-07-27,K10,P-MOB-GSM,PID322409,None,1,0.97,True
ACT-2026-003489,2026-07-27,K10,P-MOB-GSM,PID383992,None,1,0.97,True
ACT-2026-003490,2026-07-27,K10,P-MOB-GSM,PID929793,None,1,0.97,True
ACT-2026-003491,2026-07-27,K10,P-MOB-GSM,PID211752,None,1,0.97,True
ACT-2026-003492,2026-07-27,K11,P-MOB-GSM,PID307038,MNP,1,1.94,True
ACT-2026-003493,2026-07-27,K11,P-MOB-OTH,PID479774,None,1,1.45,True
ACT-2026-003494,2026-07-27,K11,P-MOB-GSM,PID459995,None,1,0.97,True
ACT-2026-003495,2026-07-27,K11,P-MOB-GSM,PID968754,None,1,0.97,True
ACT-2026-003496,2026-07-27,K11,P-MOB-GSM,PID875313,None,1,0.97,True
ACT-2026-003497,2026-07-27,K13,P-FIX-FBR,PID343467,None,1,6.48,True
ACT-2026-003498,2026-07-27,K13,P-MOB-GSM,PID865475,MNP,1,2.07,True
ACT-2026-003499,2026-07-27,K13,P-MOB-GSM,PID258638,MNP,1,2.07,True
ACT-2026-003500,2026-07-27,K13,P-FIX-WFA,PID255615,None,1,3.89,True
ACT-2026-003501,2026-07-27,K13,P-MOB-GSM,PID992020,None,1,1.03,True
ACT-2026-003502,2026-07-27,K13,P-MOB-GSM,PID912826,None,1,1.03,True
ACT-2026-003503,2026-07-27,K13,P-FIX-WFA,PID383882,None,1,3.89,True
ACT-2026-003504,2026-07-27,K13,P-MOB-GSM,PID584674,None,1,1.03,True
ACT-2026-003505,2026-07-27,K13,P-FIX-BIB,PID641749,None,1,9.72,True
ACT-2026-003506,2026-07-27,K13,P-MOB-GSM,PID368199,MNP,1,2.07,True
ACT-2026-003507,2026-07-27,K14,P-MOB-GSM,PID700492,None,1,1.03,True
ACT-2026-003508,2026-07-27,K14,P-MOB-GSM,PID642382,MNP,1,2.07,True
ACT-2026-003509,2026-07-27,K14,P-MOB-OTH,PID977638,None,1,1.55,True
ACT-2026-003510,2026-07-27,K14,P-MOB-GSM,PID781754,None,1,1.03,True
ACT-2026-003511,2026-07-27,K14,P-MOB-GSM,PID954727,None,1,1.03,True
ACT-2026-003512,2026-07-27,K14,P-MOB-GSM,PID286430,None,1,1.03,True
ACT-2026-003513,2026-07-27,K14,P-FIX-FBR,PID141293,None,1,6.48,True
ACT-2026-003514,2026-07-27,K14,P-MOB-GSM,PID680905,None,1,1.03,True
ACT-2026-003515,2026-07-27,K14,P-MOB-GSM,PID490981,MNP,1,2.07,True
ACT-2026-003516,2026-07-27,K14,P-MOB-OTH,PID943137,None,1,1.55,True
ACT-2026-003517,2026-07-27,K14,P-MOB-GSM,PID510110,None,1,1.03,True
ACT-2026-003518,2026-07-27,K14,P-MOB-GSM,PID172587,None,1,1.03,True
ACT-2026-003519,2026-07-27,K15,P-MOB-GSM,PID942716,None,1,1.03,True
ACT-2026-003520,2026-07-27,K15,P-MOB-GSM,PID953864,None,1,1.03,True
ACT-2026-003521,2026-07-27,K15,P-MOB-GSM,PID619965,MNP,1,2.07,True
ACT-2026-003522,2026-07-27,K15,P-MOB-GSM,PID811591,None,1,1.03,True
ACT-2026-003523,2026-07-27,K15,P-MOB-GSM,PID628426,None,1,1.03,True
ACT-2026-003524,2026-07-27,K15,P-MOB-GSM,PID156659,None,1,1.03,True
ACT-2026-003525,2026-07-27,K15,P-MOB-GSM,PID370220,None,1,1.03,True
ACT-2026-003526,2026-07-27,K16,P-MOB-GSM,PID777985,None,1,1.03,True
ACT-2026-003527,2026-07-27,K17,P-MOB-OTH,PID851740,None,1,1.55,True
ACT-2026-003528,2026-07-27,K17,P-DEV-DEV,PID237822,None,1,6.58,True
ACT-2026-003529,2026-07-27,K17,P-DIG-SVC,PID751209,None,1,4.92,True
ACT-2026-003530,2026-07-27,K17,P-MOB-GSM,PID742548,None,1,1.03,True
ACT-2026-003531,2026-07-27,K17,P-MOB-GSM,PID383302,MNP,1,2.07,True
ACT-2026-003532,2026-07-27,K17,P-MOB-GSM,PID921737,None,1,1.03,True
ACT-2026-003533,2026-07-27,K17,P-MOB-GSM,PID699584,MNP,1,2.07,True
ACT-2026-003534,2026-07-27,K18,P-MOB-GSM,PID370297,None,1,1.03,True
ACT-2026-003535,2026-07-27,K18,P-MOB-GSM,PID500994,MNP,1,2.07,True
ACT-2026-003536,2026-07-27,K18,P-MOB-GSM,PID471859,None,1,1.03,True
ACT-2026-003537,2026-07-27,K18,P-MOB-GSM,PID900579,None,1,1.03,True
ACT-2026-003538,2026-07-28,K01,P-MOB-GSM,PID560475,MNP,1,2.21,True
ACT-2026-003539,2026-07-28,K01,P-MOB-GSM,PID746699,None,1,1.11,True
ACT-2026-003540,2026-07-28,K01,P-MOB-GSM,PID549759,None,1,1.11,True
ACT-2026-003541,2026-07-28,K01,P-MOB-GSM,PID824204,MNP,1,2.21,True
ACT-2026-003542,2026-07-28,K01,P-MOB-GSM,PID244134,None,1,1.11,True
ACT-2026-003543,2026-07-28,K01,P-MOB-GSM,PID827382,None,1,1.11,True
ACT-2026-003544,2026-07-28,K01,P-MOB-GSM,PID687980,None,1,1.11,True
ACT-2026-003545,2026-07-28,K01,P-DIG-SVC,PID402569,None,1,5.6,True
ACT-2026-003546,2026-07-28,K01,P-MOB-OTH,PID958453,None,1,1.66,True
ACT-2026-003547,2026-07-28,K01,P-FIX-BIB,PID911832,None,1,16.52,True
ACT-2026-003548,2026-07-28,K01,P-MOB-GSM,PID340160,None,1,1.11,True
ACT-2026-003549,2026-07-28,K01,P-MOB-GSM,PID240599,None,1,1.11,True
ACT-2026-003550,2026-07-28,K01,P-MOB-GSM,PID711598,None,1,1.11,True
ACT-2026-003551,2026-07-28,K01,P-MOB-GSM,PID212343,None,1,1.11,True
ACT-2026-003552,2026-07-28,K01,P-MOB-GSM,PID965931,None,1,1.11,True
ACT-2026-003553,2026-07-28,K01,P-MOB-GSM,PID142254,None,1,1.11,True
ACT-2026-003554,2026-07-28,K02,P-MOB-GSM,PID296101,None,1,1.11,True
ACT-2026-003555,2026-07-28,K02,P-MOB-GSM,PID849484,None,1,1.11,True
ACT-2026-003556,2026-07-28,K02,P-MOB-OTH,PID605331,None,1,1.66,True
ACT-2026-003557,2026-07-28,K02,P-MOB-GSM,PID990254,MNP,1,2.21,True
ACT-2026-003558,2026-07-28,K02,P-MOB-GSM,PID937177,None,1,1.11,True
ACT-2026-003559,2026-07-28,K02,P-FIX-FBR,PID849033,None,1,11.02,True
ACT-2026-003560,2026-07-28,K02,P-MOB-GSM,PID217141,None,1,1.11,True
ACT-2026-003561,2026-07-28,K02,P-MOB-GSM,PID887748,None,1,1.11,True
ACT-2026-003562,2026-07-28,K02,P-MOB-GSM,PID543519,None,1,1.11,True
ACT-2026-003563,2026-07-28,K03,P-MOB-GSM,PID717417,None,1,1.11,True
ACT-2026-003564,2026-07-28,K03,P-MOB-GSM,PID888684,None,1,1.11,True
ACT-2026-003565,2026-07-28,K03,P-MOB-GSM,PID716593,None,1,1.11,True
ACT-2026-003566,2026-07-28,K03,P-MOB-GSM,PID227307,MNP,1,2.21,True
ACT-2026-003567,2026-07-28,K03,P-MOB-GSM,PID728364,None,1,1.11,True
ACT-2026-003568,2026-07-28,K03,P-MOB-GSM,PID160534,None,1,1.11,True
ACT-2026-003569,2026-07-28,K03,P-MOB-GSM,PID499525,None,1,1.11,True
ACT-2026-003570,2026-07-28,K04,P-FIX-WFA,PID296720,None,1,6.61,True
ACT-2026-003571,2026-07-28,K04,P-MOB-GSM,PID836357,None,1,1.11,True
ACT-2026-003572,2026-07-28,K04,P-MOB-GSM,PID322182,None,1,1.11,True
ACT-2026-003573,2026-07-28,K04,P-MOB-OTH,PID420143,None,1,1.66,True
ACT-2026-003574,2026-07-28,K04,P-MOB-GSM,PID470394,None,1,1.11,True
ACT-2026-003575,2026-07-28,K04,P-MOB-GSM,PID899307,None,1,1.11,True
ACT-2026-003576,2026-07-28,K04,P-MOB-GSM,PID371788,None,1,1.11,True
ACT-2026-003577,2026-07-28,K04,P-MOB-GSM,PID349300,None,1,1.11,True
ACT-2026-003578,2026-07-28,K04,P-MOB-GSM,PID309292,None,1,1.11,True
ACT-2026-003579,2026-07-28,K04,P-MOB-GSM,PID252234,None,1,1.11,True
ACT-2026-003580,2026-07-28,K04,P-MOB-GSM,PID168570,None,1,1.11,True
ACT-2026-003581,2026-07-28,K04,P-MOB-GSM,PID348029,None,1,1.11,True
ACT-2026-003582,2026-07-28,K04,P-MOB-GSM,PID466995,None,1,1.11,True
ACT-2026-003583,2026-07-28,K04,P-MOB-GSM,PID523879,None,1,1.11,True
ACT-2026-003584,2026-07-28,K04,P-MOB-GSM,PID453252,None,1,1.11,True
ACT-2026-003585,2026-07-28,K05,P-DIG-SVC,PID344476,None,1,5.6,True
ACT-2026-003586,2026-07-28,K05,P-MOB-OTH,PID441044,None,1,1.66,True
ACT-2026-003587,2026-07-28,K05,P-MOB-GSM,PID823873,MNP,1,2.21,True
ACT-2026-003588,2026-07-28,K05,P-MOB-GSM,PID262431,None,1,1.11,True
ACT-2026-003589,2026-07-28,K06,P-MOB-GSM,PID971616,MNP,1,2.21,True
ACT-2026-003590,2026-07-28,K06,P-MOB-GSM,PID556774,None,1,1.11,True
ACT-2026-003591,2026-07-28,K06,P-MOB-GSM,PID241490,MNP,1,2.21,True
ACT-2026-003592,2026-07-28,K06,P-MOB-GSM,PID665952,None,1,1.11,True
ACT-2026-003593,2026-07-28,K06,P-MOB-GSM,PID329733,None,1,1.11,True
ACT-2026-003594,2026-07-28,K06,P-MOB-GSM,PID919294,None,1,1.11,True
ACT-2026-003595,2026-07-28,K07,P-DIG-SVC,PID409064,None,1,5.57,True
ACT-2026-003596,2026-07-28,K07,P-MOB-GSM,PID255734,None,1,0.97,True
ACT-2026-003597,2026-07-28,K07,P-MOB-GSM,PID248442,None,1,0.97,True
ACT-2026-003598,2026-07-28,K07,P-MOB-GSM,PID757226,MNP,1,1.94,True
ACT-2026-003599,2026-07-28,K07,P-MOB-GSM,PID472027,MNP,1,1.94,True
ACT-2026-003600,2026-07-28,K07,P-MOB-GSM,PID251539,None,1,0.97,True
ACT-2026-003601,2026-07-28,K07,P-FIX-FBR,PID696147,None,1,9.71,True
ACT-2026-003602,2026-07-28,K07,P-FIX-WFA,PID569874,FNP,1,5.82,True
ACT-2026-003603,2026-07-28,K07,P-MOB-GSM,PID258470,None,1,0.97,True
ACT-2026-003604,2026-07-28,K07,P-DIG-SVC,PID914160,None,1,5.57,True
ACT-2026-003605,2026-07-28,K08,P-MOB-GSM,PID674630,None,1,0.97,True
ACT-2026-003606,2026-07-28,K08,P-MOB-GSM,PID376301,None,1,0.97,True
ACT-2026-003607,2026-07-28,K08,P-MOB-GSM,PID686040,None,1,0.97,True
ACT-2026-003608,2026-07-28,K08,P-MOB-GSM,PID237578,MNP,1,1.94,True
ACT-2026-003609,2026-07-28,K08,P-MOB-GSM,PID214016,None,1,0.97,True
ACT-2026-003610,2026-07-28,K08,P-MOB-OTH,PID555707,None,1,1.45,True
ACT-2026-003611,2026-07-28,K08,P-MOB-GSM,PID257369,None,1,0.97,True
ACT-2026-003612,2026-07-28,K08,P-MOB-GSM,PID855118,None,1,0.97,True
ACT-2026-003613,2026-07-28,K08,P-MOB-GSM,PID499392,MNP,1,1.94,True
ACT-2026-003614,2026-07-28,K08,P-FIX-FBR,PID657390,None,1,9.71,True
ACT-2026-003615,2026-07-28,K08,P-MOB-GSM,PID124231,None,1,0.97,True
ACT-2026-003616,2026-07-28,K09,P-MOB-GSM,PID272178,None,1,0.97,True
ACT-2026-003617,2026-07-28,K09,P-MOB-GSM,PID381803,None,1,0.97,True
ACT-2026-003618,2026-07-28,K09,P-MOB-GSM,PID111266,MNP,1,1.94,True
ACT-2026-003619,2026-07-28,K09,P-MOB-GSM,PID292531,None,1,0.97,True
ACT-2026-003620,2026-07-28,K09,P-MOB-GSM,PID264680,None,1,0.97,True
ACT-2026-003621,2026-07-28,K09,P-DIG-SVC,PID752864,None,1,5.57,True
ACT-2026-003622,2026-07-28,K09,P-MOB-GSM,PID799558,None,1,0.97,True
ACT-2026-003623,2026-07-28,K09,P-MOB-GSM,PID446034,None,1,0.97,True
ACT-2026-003624,2026-07-28,K09,P-MOB-OTH,PID795545,None,1,1.45,True
ACT-2026-003625,2026-07-28,K09,P-MOB-GSM,PID615050,None,1,0.97,True
ACT-2026-003626,2026-07-28,K09,P-MOB-GSM,PID140147,None,1,0.97,True
ACT-2026-003627,2026-07-28,K10,P-MOB-GSM,PID654836,None,1,0.97,True
ACT-2026-003628,2026-07-28,K10,P-MOB-GSM,PID111710,None,1,0.97,True
ACT-2026-003629,2026-07-28,K10,P-MOB-GSM,PID673634,None,1,0.97,True
ACT-2026-003630,2026-07-28,K10,P-MOB-GSM,PID777369,None,1,0.97,True
ACT-2026-003631,2026-07-28,K10,P-MOB-GSM,PID598527,None,1,0.97,True
ACT-2026-003632,2026-07-28,K10,P-MOB-OTH,PID116849,None,1,1.45,True
ACT-2026-003633,2026-07-28,K10,P-MOB-OTH,PID388059,None,1,1.45,True
ACT-2026-003634,2026-07-28,K11,P-MOB-OTH,PID328553,None,1,1.45,True
ACT-2026-003635,2026-07-28,K11,P-MOB-OTH,PID719842,None,1,1.45,True
ACT-2026-003636,2026-07-28,K11,P-MOB-GSM,PID940571,None,1,0.97,True
ACT-2026-003637,2026-07-28,K11,P-MOB-GSM,PID679261,None,1,0.97,True
ACT-2026-003638,2026-07-28,K12,P-MOB-GSM,PID352414,None,1,0.97,True
ACT-2026-003639,2026-07-28,K12,P-MOB-GSM,PID523509,None,1,0.97,True
ACT-2026-003640,2026-07-28,K12,P-MOB-GSM,PID948589,None,1,0.97,True
ACT-2026-003641,2026-07-28,K12,P-MOB-GSM,PID858018,None,1,0.97,True
ACT-2026-003642,2026-07-28,K13,P-MOB-GSM,PID826646,None,1,1.03,True
ACT-2026-003643,2026-07-28,K13,P-MOB-GSM,PID475978,MNP,1,2.07,True
ACT-2026-003644,2026-07-28,K13,P-MOB-GSM,PID635817,None,1,1.03,True
ACT-2026-003645,2026-07-28,K13,P-MOB-GSM,PID145686,None,1,1.03,True
ACT-2026-003646,2026-07-28,K13,P-MOB-GSM,PID514795,None,1,1.03,True
ACT-2026-003647,2026-07-28,K13,P-MOB-GSM,PID661218,MNP,1,2.07,True
ACT-2026-003648,2026-07-28,K13,P-MOB-GSM,PID458824,None,1,1.03,True
ACT-2026-003649,2026-07-28,K13,P-MOB-GSM,PID337449,None,1,1.03,True
ACT-2026-003650,2026-07-28,K13,P-MOB-GSM,PID815708,None,1,1.03,True
ACT-2026-003651,2026-07-28,K13,P-MOB-GSM,PID384007,None,1,1.03,True
ACT-2026-003652,2026-07-28,K13,P-MOB-GSM,PID596957,None,1,1.03,True
ACT-2026-003653,2026-07-28,K13,P-MOB-GSM,PID899998,MNP,1,2.07,True
ACT-2026-003654,2026-07-28,K13,P-MOB-GSM,PID909983,MNP,1,2.07,True
ACT-2026-003655,2026-07-28,K13,P-DIG-SVC,PID607951,None,1,4.92,True
ACT-2026-003656,2026-07-28,K13,P-MOB-GSM,PID166862,None,1,1.03,True
ACT-2026-003657,2026-07-28,K13,P-MOB-GSM,PID164920,MNP,1,2.07,True
ACT-2026-003658,2026-07-28,K14,P-MOB-GSM,PID126126,MNP,1,2.07,True
ACT-2026-003659,2026-07-28,K14,P-MOB-GSM,PID207001,None,1,1.03,True
ACT-2026-003660,2026-07-28,K14,P-MOB-OTH,PID150124,None,1,1.55,True
ACT-2026-003661,2026-07-28,K14,P-FIX-WFA,PID903796,None,1,3.89,True
ACT-2026-003662,2026-07-28,K14,P-MOB-GSM,PID985012,None,1,1.03,True
ACT-2026-003663,2026-07-28,K14,P-MOB-GSM,PID960182,None,1,1.03,True
ACT-2026-003664,2026-07-28,K14,P-MOB-GSM,PID207659,None,1,1.03,True
ACT-2026-003665,2026-07-28,K14,P-MOB-GSM,PID514931,MNP,1,2.07,True
ACT-2026-003666,2026-07-28,K14,P-MOB-GSM,PID444231,None,1,1.03,True
ACT-2026-003667,2026-07-28,K14,P-MOB-GSM,PID612546,None,1,1.03,True
ACT-2026-003668,2026-07-28,K14,P-MOB-GSM,PID193050,None,1,1.03,True
ACT-2026-003669,2026-07-28,K15,P-MOB-GSM,PID643765,None,1,1.03,True
ACT-2026-003670,2026-07-28,K15,P-MOB-GSM,PID535507,None,1,1.03,True
ACT-2026-003671,2026-07-28,K15,P-MOB-GSM,PID896962,None,1,1.03,True
ACT-2026-003672,2026-07-28,K15,P-FIX-WFA,PID242898,None,1,3.89,True
ACT-2026-003673,2026-07-28,K15,P-MOB-GSM,PID582516,None,1,1.03,True
ACT-2026-003674,2026-07-28,K15,P-MOB-GSM,PID391802,MNP,1,2.07,True
ACT-2026-003675,2026-07-28,K15,P-DIG-SVC,PID893159,None,1,4.92,True
ACT-2026-003676,2026-07-28,K15,P-FIX-BIB,PID152849,None,1,9.72,True
ACT-2026-003677,2026-07-28,K15,P-MOB-GSM,PID886477,None,1,1.03,True
ACT-2026-003678,2026-07-28,K16,P-MOB-GSM,PID197880,MNP,1,2.07,True
ACT-2026-003679,2026-07-28,K16,P-FIX-WFA,PID518009,FNP,1,3.89,True
ACT-2026-003680,2026-07-28,K16,P-MOB-GSM,PID359196,None,1,1.03,True
ACT-2026-003681,2026-07-28,K16,P-MOB-GSM,PID660782,None,1,1.03,True
ACT-2026-003682,2026-07-28,K17,P-MOB-OTH,PID177886,None,1,1.55,True
ACT-2026-003683,2026-07-28,K17,P-MOB-GSM,PID895065,None,1,1.03,True
ACT-2026-003684,2026-07-28,K17,P-MOB-GSM,PID848345,None,1,1.03,True
ACT-2026-003685,2026-07-28,K17,P-MOB-GSM,PID290928,MNP,1,2.07,True
ACT-2026-003686,2026-07-28,K18,P-MOB-GSM,PID142759,None,1,1.03,True
ACT-2026-003687,2026-07-28,K18,P-MOB-GSM,PID480966,None,1,1.03,True
ACT-2026-003688,2026-07-28,K18,P-MOB-GSM,PID778598,None,1,1.03,True
ACT-2026-003689,2026-07-28,K18,P-MOB-GSM,PID837606,None,1,1.03,True
ACT-2026-003690,2026-07-28,K18,P-MOB-GSM,PID337262,MNP,1,2.07,True
ACT-2026-003691,2026-07-28,K18,P-MOB-GSM,PID734600,None,1,1.03,True
ACT-2026-003692,2026-07-29,K01,P-MOB-GSM,PID654902,None,1,1.11,True
ACT-2026-003693,2026-07-29,K01,P-MOB-GSM,PID871718,None,1,1.11,True
ACT-2026-003694,2026-07-29,K01,P-MOB-GSM,PID270992,MNP,1,2.21,True
ACT-2026-003695,2026-07-29,K01,P-MOB-GSM,PID797122,None,1,1.11,True
ACT-2026-003696,2026-07-29,K01,P-MOB-GSM,PID300861,None,1,1.11,True
ACT-2026-003697,2026-07-29,K01,P-MOB-GSM,PID485121,None,1,1.11,True
ACT-2026-003698,2026-07-29,K01,P-MOB-GSM,PID594536,None,1,1.11,True
ACT-2026-003699,2026-07-29,K01,P-MOB-GSM,PID344752,None,1,1.11,True
ACT-2026-003700,2026-07-29,K01,P-MOB-GSM,PID502254,None,1,1.11,True
ACT-2026-003701,2026-07-29,K01,P-MOB-GSM,PID926469,None,1,1.11,True
ACT-2026-003702,2026-07-29,K01,P-MOB-OTH,PID549072,None,1,1.66,True
ACT-2026-003703,2026-07-29,K01,P-MOB-GSM,PID471005,None,1,1.11,True
ACT-2026-003704,2026-07-29,K01,P-MOB-GSM,PID321700,None,1,1.11,True
ACT-2026-003705,2026-07-29,K01,P-MOB-GSM,PID293904,None,1,1.11,True
ACT-2026-003706,2026-07-29,K01,P-MOB-GSM,PID163493,None,1,1.11,True
ACT-2026-003707,2026-07-29,K01,P-MOB-GSM,PID842204,None,1,1.11,True
ACT-2026-003708,2026-07-29,K01,P-MOB-GSM,PID249619,MNP,1,2.21,True
ACT-2026-003709,2026-07-29,K01,P-MOB-GSM,PID569408,None,1,1.11,True
ACT-2026-003710,2026-07-29,K01,P-MOB-GSM,PID203403,None,1,1.11,True
ACT-2026-003711,2026-07-29,K01,P-MOB-GSM,PID260726,None,1,1.11,True
ACT-2026-003712,2026-07-29,K01,P-FIX-WFA,PID728973,None,1,6.61,True
ACT-2026-003713,2026-07-29,K01,P-MOB-GSM,PID347086,None,1,1.11,True
ACT-2026-003714,2026-07-29,K01,P-MOB-GSM,PID533175,None,1,1.11,True
ACT-2026-003715,2026-07-29,K01,P-FIX-BIB,PID993784,None,1,16.52,True
ACT-2026-003716,2026-07-29,K01,P-DEV-DEV,PID278227,None,1,4.28,True
ACT-2026-003717,2026-07-29,K01,P-MOB-GSM,PID746807,None,1,1.11,True
ACT-2026-003718,2026-07-29,K01,P-MOB-GSM,PID106518,None,1,1.11,True
ACT-2026-003719,2026-07-29,K01,P-MOB-GSM,PID532227,None,1,1.11,True
ACT-2026-003720,2026-07-29,K01,P-MOB-GSM,PID174623,MNP,1,2.21,True
ACT-2026-003721,2026-07-29,K01,P-MOB-OTH,PID817910,None,1,1.66,True
ACT-2026-003722,2026-07-29,K01,P-MOB-GSM,PID997364,None,1,1.11,True
ACT-2026-003723,2026-07-29,K01,P-MOB-GSM,PID479763,None,1,1.11,True
ACT-2026-003724,2026-07-29,K02,P-MOB-GSM,PID146928,MNP,1,2.21,True
ACT-2026-003725,2026-07-29,K02,P-MOB-GSM,PID676054,None,1,1.11,True
ACT-2026-003726,2026-07-29,K02,P-MOB-GSM,PID159069,None,1,1.11,True
ACT-2026-003727,2026-07-29,K02,P-MOB-GSM,PID677562,MNP,1,2.21,True
ACT-2026-003728,2026-07-29,K02,P-MOB-GSM,PID714570,None,1,1.11,True
ACT-2026-003729,2026-07-29,K02,P-MOB-GSM,PID803212,None,1,1.11,True
ACT-2026-003730,2026-07-29,K02,P-FIX-FBR,PID784244,None,1,11.02,True
ACT-2026-003731,2026-07-29,K02,P-DIG-SVC,PID900231,None,1,5.6,True
ACT-2026-003732,2026-07-29,K03,P-MOB-GSM,PID519173,None,1,1.11,True
ACT-2026-003733,2026-07-29,K03,P-MOB-OTH,PID619602,None,1,1.66,True
ACT-2026-003734,2026-07-29,K03,P-MOB-GSM,PID947747,None,1,1.11,True
ACT-2026-003735,2026-07-29,K03,P-DIG-SVC,PID125276,None,1,5.6,True
ACT-2026-003736,2026-07-29,K03,P-MOB-GSM,PID539698,None,1,1.11,True
ACT-2026-003737,2026-07-29,K03,P-MOB-GSM,PID463435,None,1,1.11,True
ACT-2026-003738,2026-07-29,K03,P-MOB-GSM,PID807352,MNP,1,2.21,True
ACT-2026-003739,2026-07-29,K03,P-DEV-DEV,PID807190,None,1,4.28,True
ACT-2026-003740,2026-07-29,K03,P-MOB-GSM,PID214595,None,1,1.11,True
ACT-2026-003741,2026-07-29,K03,P-MOB-GSM,PID409966,None,1,1.11,True
ACT-2026-003742,2026-07-29,K03,P-MOB-GSM,PID206301,MNP,1,2.21,True
ACT-2026-003743,2026-07-29,K03,P-MOB-GSM,PID559397,None,1,1.11,True
ACT-2026-003744,2026-07-29,K04,P-MOB-GSM,PID182592,None,1,1.11,True
ACT-2026-003745,2026-07-29,K04,P-MOB-GSM,PID439372,None,1,1.11,True
ACT-2026-003746,2026-07-29,K04,P-MOB-GSM,PID337556,None,1,1.11,True
ACT-2026-003747,2026-07-29,K04,P-MOB-GSM,PID344869,None,1,1.11,True
ACT-2026-003748,2026-07-29,K04,P-MOB-GSM,PID316195,MNP,1,2.21,True
ACT-2026-003749,2026-07-29,K04,P-MOB-GSM,PID681344,MNP,1,2.21,True
ACT-2026-003750,2026-07-29,K04,P-MOB-GSM,PID855255,None,1,1.11,True
ACT-2026-003751,2026-07-29,K04,P-MOB-GSM,PID908780,None,1,1.11,True
ACT-2026-003752,2026-07-29,K04,P-MOB-OTH,PID676745,None,1,1.66,True
ACT-2026-003753,2026-07-29,K04,P-MOB-GSM,PID911923,None,1,1.11,True
ACT-2026-003754,2026-07-29,K05,P-MOB-GSM,PID793825,None,1,1.11,True
ACT-2026-003755,2026-07-29,K05,P-MOB-GSM,PID210260,MNP,1,0.0,False
ACT-2026-003756,2026-07-29,K05,P-MOB-GSM,PID961770,None,1,1.11,True
ACT-2026-003757,2026-07-29,K05,P-MOB-GSM,PID450552,None,1,1.11,True
ACT-2026-003758,2026-07-29,K05,P-MOB-GSM,PID277490,None,1,1.11,True
ACT-2026-003759,2026-07-29,K06,P-MOB-GSM,PID810122,None,1,1.11,True
ACT-2026-003760,2026-07-29,K06,P-FIX-FBR,PID685634,None,1,11.02,True
ACT-2026-003761,2026-07-29,K06,P-MOB-GSM,PID244419,MNP,1,2.21,True
ACT-2026-003762,2026-07-29,K06,P-MOB-GSM,PID293809,None,1,1.11,True
ACT-2026-003763,2026-07-29,K07,P-MOB-GSM,PID404468,None,1,0.97,True
ACT-2026-003764,2026-07-29,K07,P-MOB-GSM,PID794594,None,1,0.97,True
ACT-2026-003765,2026-07-29,K07,P-MOB-OTH,PID875832,None,1,1.45,True
ACT-2026-003766,2026-07-29,K07,P-MOB-GSM,PID142216,None,1,0.97,True
ACT-2026-003767,2026-07-29,K07,P-MOB-GSM,PID588281,None,1,0.97,True
ACT-2026-003768,2026-07-29,K07,P-MOB-GSM,PID449000,None,1,0.97,True
ACT-2026-003769,2026-07-29,K07,P-MOB-GSM,PID677025,None,1,0.97,True
ACT-2026-003770,2026-07-29,K07,P-MOB-GSM,PID669227,None,1,0.97,True
ACT-2026-003771,2026-07-29,K07,P-MOB-GSM,PID326639,None,1,0.97,True
ACT-2026-003772,2026-07-29,K07,P-MOB-GSM,PID504339,None,1,0.97,True
ACT-2026-003773,2026-07-29,K07,P-MOB-GSM,PID292856,None,1,0.97,True
ACT-2026-003774,2026-07-29,K07,P-MOB-GSM,PID197458,None,1,0.97,True
ACT-2026-003775,2026-07-29,K08,P-MOB-GSM,PID267755,None,1,0.97,True
ACT-2026-003776,2026-07-29,K08,P-MOB-GSM,PID924920,None,1,0.97,True
ACT-2026-003777,2026-07-29,K08,P-MOB-GSM,PID330788,None,1,0.97,True
ACT-2026-003778,2026-07-29,K08,P-MOB-GSM,PID363127,None,1,0.97,True
ACT-2026-003779,2026-07-29,K08,P-MOB-GSM,PID336413,None,1,0.97,True
ACT-2026-003780,2026-07-29,K08,P-MOB-GSM,PID782046,MNP,1,1.94,True
ACT-2026-003781,2026-07-29,K08,P-MOB-GSM,PID371795,None,1,0.97,True
ACT-2026-003782,2026-07-29,K08,P-MOB-OTH,PID925895,None,1,1.45,True
ACT-2026-003783,2026-07-29,K08,P-MOB-GSM,PID580672,None,1,0.97,True
ACT-2026-003784,2026-07-29,K09,P-MOB-OTH,PID351715,None,1,1.45,True
ACT-2026-003785,2026-07-29,K09,P-MOB-GSM,PID530875,None,1,0.97,True
ACT-2026-003786,2026-07-29,K09,P-MOB-GSM,PID472746,None,1,0.97,True
ACT-2026-003787,2026-07-29,K09,P-MOB-GSM,PID546528,None,1,0.97,True
ACT-2026-003788,2026-07-29,K09,P-MOB-GSM,PID408858,None,1,0.97,True
ACT-2026-003789,2026-07-29,K09,P-MOB-GSM,PID872782,None,1,0.97,True
ACT-2026-003790,2026-07-29,K10,P-MOB-GSM,PID275452,None,1,0.97,True
ACT-2026-003791,2026-07-29,K10,P-FIX-FBR,PID537760,None,1,9.71,True
ACT-2026-003792,2026-07-29,K10,P-MOB-GSM,PID350069,None,1,0.97,True
ACT-2026-003793,2026-07-29,K10,P-MOB-GSM,PID498609,None,1,0.97,True
ACT-2026-003794,2026-07-29,K10,P-MOB-OTH,PID949778,None,1,1.45,True
ACT-2026-003795,2026-07-29,K10,P-MOB-GSM,PID913387,None,1,0.97,True
ACT-2026-003796,2026-07-29,K10,P-MOB-GSM,PID578463,None,1,0.97,True
ACT-2026-003797,2026-07-29,K10,P-MOB-GSM,PID213886,None,1,0.97,True
ACT-2026-003798,2026-07-29,K10,P-MOB-GSM,PID297812,None,1,0.97,True
ACT-2026-003799,2026-07-29,K11,P-MOB-GSM,PID440637,None,1,0.97,True
ACT-2026-003800,2026-07-29,K11,P-FIX-WFA,PID162080,None,1,5.82,True
ACT-2026-003801,2026-07-29,K11,P-MOB-GSM,PID928665,MNP,1,1.94,True
ACT-2026-003802,2026-07-29,K11,P-DEV-DEV,PID337305,None,1,6.12,True
ACT-2026-003803,2026-07-29,K11,P-MOB-GSM,PID795815,None,1,0.97,True
ACT-2026-003804,2026-07-29,K12,P-DIG-SVC,PID654889,None,1,5.57,True
ACT-2026-003805,2026-07-29,K13,P-MOB-GSM,PID237323,None,1,1.03,True
ACT-2026-003806,2026-07-29,K13,P-MOB-GSM,PID523476,None,1,1.03,True
ACT-2026-003807,2026-07-29,K13,P-MOB-GSM,PID140767,None,1,1.03,True
ACT-2026-003808,2026-07-29,K13,P-MOB-GSM,PID638735,MNP,1,2.07,True
ACT-2026-003809,2026-07-29,K13,P-MOB-GSM,PID294307,None,1,1.03,True
ACT-2026-003810,2026-07-29,K13,P-MOB-GSM,PID516243,None,1,1.03,True
ACT-2026-003811,2026-07-29,K13,P-MOB-GSM,PID969322,MNP,1,2.07,True
ACT-2026-003812,2026-07-29,K13,P-FIX-WFA,PID922491,None,1,3.89,True
ACT-2026-003813,2026-07-29,K13,P-MOB-GSM,PID179532,None,1,1.03,True
ACT-2026-003814,2026-07-29,K13,P-MOB-GSM,PID467303,None,1,1.03,True
ACT-2026-003815,2026-07-29,K13,P-MOB-GSM,PID714104,MNP,1,2.07,True
ACT-2026-003816,2026-07-29,K13,P-FIX-FBR,PID785280,None,1,6.48,True
ACT-2026-003817,2026-07-29,K13,P-MOB-GSM,PID225333,MNP,1,2.07,True
ACT-2026-003818,2026-07-29,K14,P-MOB-GSM,PID344628,MNP,1,2.07,True
ACT-2026-003819,2026-07-29,K14,P-MOB-GSM,PID646818,MNP,1,2.07,True
ACT-2026-003820,2026-07-29,K14,P-MOB-GSM,PID862392,None,1,1.03,True
ACT-2026-003821,2026-07-29,K14,P-MOB-GSM,PID200218,None,1,1.03,True
ACT-2026-003822,2026-07-29,K14,P-MOB-GSM,PID680896,MNP,1,2.07,True
ACT-2026-003823,2026-07-29,K14,P-MOB-GSM,PID495522,None,1,1.03,True
ACT-2026-003824,2026-07-29,K14,P-DIG-SVC,PID182209,None,1,4.92,True
ACT-2026-003825,2026-07-29,K14,P-MOB-GSM,PID846207,None,1,1.03,True
ACT-2026-003826,2026-07-29,K14,P-MOB-GSM,PID300720,None,1,1.03,True
ACT-2026-003827,2026-07-29,K14,P-MOB-GSM,PID934438,None,1,1.03,True
ACT-2026-003828,2026-07-29,K14,P-MOB-GSM,PID633129,None,1,1.03,True
ACT-2026-003829,2026-07-29,K14,P-FIX-FBR,PID374913,None,1,6.48,True
ACT-2026-003830,2026-07-29,K15,P-MOB-GSM,PID579225,None,1,1.03,True
ACT-2026-003831,2026-07-29,K15,P-MOB-GSM,PID242927,None,1,1.03,True
ACT-2026-003832,2026-07-29,K15,P-MOB-GSM,PID676856,MNP,1,2.07,True
ACT-2026-003833,2026-07-29,K15,P-MOB-GSM,PID787691,MNP,1,2.07,True
ACT-2026-003834,2026-07-29,K15,P-MOB-GSM,PID854523,None,1,1.03,True
ACT-2026-003835,2026-07-29,K15,P-MOB-GSM,PID192656,None,1,1.03,True
ACT-2026-003836,2026-07-29,K15,P-MOB-OTH,PID936773,None,1,1.55,True
ACT-2026-003837,2026-07-29,K15,P-MOB-GSM,PID942331,None,1,1.03,True
ACT-2026-003838,2026-07-29,K15,P-MOB-GSM,PID769698,None,1,1.03,True
ACT-2026-003839,2026-07-29,K15,P-FIX-FBR,PID519066,None,1,6.48,True
ACT-2026-003840,2026-07-29,K16,P-MOB-GSM,PID861368,None,1,1.03,True
ACT-2026-003841,2026-07-29,K16,P-MOB-GSM,PID881401,MNP,1,2.07,True
ACT-2026-003842,2026-07-29,K16,P-MOB-GSM,PID419922,None,1,1.03,True
ACT-2026-003843,2026-07-29,K17,P-MOB-GSM,PID161314,None,1,1.03,True
ACT-2026-003844,2026-07-29,K17,P-MOB-GSM,PID885607,None,1,1.03,True
ACT-2026-003845,2026-07-29,K18,P-MOB-GSM,PID346137,None,1,1.03,True
ACT-2026-003846,2026-07-30,K01,P-FIX-WFA,PID860447,None,1,6.61,True
ACT-2026-003847,2026-07-30,K01,P-MOB-GSM,PID304635,None,1,1.11,True
ACT-2026-003848,2026-07-30,K01,P-MOB-GSM,PID850497,None,1,1.11,True
ACT-2026-003849,2026-07-30,K01,P-MOB-OTH,PID603549,None,1,1.66,True
ACT-2026-003850,2026-07-30,K01,P-FIX-WFA,PID419866,None,1,6.61,True
ACT-2026-003851,2026-07-30,K01,P-MOB-GSM,PID976146,None,1,1.11,True
ACT-2026-003852,2026-07-30,K01,P-MOB-GSM,PID258577,None,1,1.11,True
ACT-2026-003853,2026-07-30,K01,P-MOB-GSM,PID753564,None,1,1.11,True
ACT-2026-003854,2026-07-30,K01,P-MOB-GSM,PID865157,MNP,1,2.21,True
ACT-2026-003855,2026-07-30,K01,P-MOB-GSM,PID368659,MNP,1,2.21,True
ACT-2026-003856,2026-07-30,K01,P-MOB-OTH,PID304615,None,1,1.66,True
ACT-2026-003857,2026-07-30,K01,P-FIX-BIB,PID700615,None,1,16.52,True
ACT-2026-003858,2026-07-30,K01,P-MOB-GSM,PID639785,None,1,1.11,True
ACT-2026-003859,2026-07-30,K01,P-MOB-GSM,PID293252,None,1,1.11,True
ACT-2026-003860,2026-07-30,K01,P-MOB-GSM,PID145529,None,1,0.0,False
ACT-2026-003861,2026-07-30,K01,P-MOB-GSM,PID561669,None,1,1.11,True
ACT-2026-003862,2026-07-30,K02,P-MOB-GSM,PID266216,None,1,1.11,True
ACT-2026-003863,2026-07-30,K02,P-MOB-GSM,PID848617,MNP,1,2.21,True
ACT-2026-003864,2026-07-30,K02,P-MOB-OTH,PID818296,None,1,1.66,True
ACT-2026-003865,2026-07-30,K02,P-MOB-GSM,PID189189,None,1,1.11,True
ACT-2026-003866,2026-07-30,K02,P-MOB-GSM,PID650950,MNP,1,2.21,True
ACT-2026-003867,2026-07-30,K02,P-MOB-OTH,PID630673,None,1,1.66,True
ACT-2026-003868,2026-07-30,K02,P-MOB-GSM,PID496104,None,1,1.11,True
ACT-2026-003869,2026-07-30,K02,P-FIX-WFA,PID609947,None,1,6.61,True
ACT-2026-003870,2026-07-30,K02,P-MOB-GSM,PID806026,None,1,1.11,True
ACT-2026-003871,2026-07-30,K02,P-MOB-GSM,PID272015,MNP,1,2.21,True
ACT-2026-003872,2026-07-30,K02,P-DEV-DEV,PID599762,None,1,4.28,True
ACT-2026-003873,2026-07-30,K02,P-MOB-GSM,PID730621,None,1,1.11,True
ACT-2026-003874,2026-07-30,K02,P-MOB-GSM,PID503012,MNP,1,2.21,True
ACT-2026-003875,2026-07-30,K03,P-MOB-GSM,PID698180,None,1,1.11,True
ACT-2026-003876,2026-07-30,K03,P-DIG-SVC,PID855304,None,1,5.6,True
ACT-2026-003877,2026-07-30,K03,P-MOB-GSM,PID453936,None,1,1.11,True
ACT-2026-003878,2026-07-30,K03,P-MOB-GSM,PID278042,None,1,1.11,True
ACT-2026-003879,2026-07-30,K03,P-MOB-GSM,PID794897,None,1,1.11,True
ACT-2026-003880,2026-07-30,K03,P-MOB-GSM,PID781484,None,1,0.0,False
ACT-2026-003881,2026-07-30,K03,P-MOB-GSM,PID984817,None,1,1.11,True
ACT-2026-003882,2026-07-30,K03,P-MOB-GSM,PID295326,None,1,1.11,True
ACT-2026-003883,2026-07-30,K03,P-MOB-OTH,PID466816,None,1,1.66,True
ACT-2026-003884,2026-07-30,K04,P-MOB-GSM,PID960499,MNP,1,2.21,True
ACT-2026-003885,2026-07-30,K04,P-MOB-GSM,PID675401,MNP,1,2.21,True
ACT-2026-003886,2026-07-30,K04,P-MOB-GSM,PID266133,None,1,1.11,True
ACT-2026-003887,2026-07-30,K04,P-MOB-GSM,PID686945,None,1,1.11,True
ACT-2026-003888,2026-07-30,K04,P-MOB-GSM,PID864652,MNP,1,2.21,True
ACT-2026-003889,2026-07-30,K04,P-MOB-GSM,PID871824,None,1,1.11,True
ACT-2026-003890,2026-07-30,K04,P-MOB-GSM,PID676887,None,1,1.11,True
ACT-2026-003891,2026-07-30,K04,P-MOB-OTH,PID113749,None,1,1.66,True
ACT-2026-003892,2026-07-30,K04,P-MOB-OTH,PID339019,None,1,1.66,True
ACT-2026-003893,2026-07-30,K05,P-MOB-GSM,PID579945,MNP,1,2.21,True
ACT-2026-003894,2026-07-30,K05,P-MOB-GSM,PID595432,MNP,1,2.21,True
ACT-2026-003895,2026-07-30,K05,P-MOB-GSM,PID217819,None,1,1.11,True
ACT-2026-003896,2026-07-30,K05,P-MOB-GSM,PID654239,None,1,1.11,True
ACT-2026-003897,2026-07-30,K06,P-MOB-GSM,PID886301,None,1,1.11,True
ACT-2026-003898,2026-07-30,K06,P-MOB-GSM,PID928673,None,1,1.11,True
ACT-2026-003899,2026-07-30,K06,P-MOB-GSM,PID222512,MNP,1,2.21,True
ACT-2026-003900,2026-07-30,K06,P-MOB-GSM,PID688991,MNP,1,2.21,True
ACT-2026-003901,2026-07-30,K06,P-MOB-GSM,PID189756,None,1,1.11,True
ACT-2026-003902,2026-07-30,K06,P-MOB-GSM,PID789501,None,1,1.11,True
ACT-2026-003903,2026-07-30,K06,P-MOB-GSM,PID198375,None,1,1.11,True
ACT-2026-003904,2026-07-30,K06,P-MOB-GSM,PID869189,None,1,1.11,True
ACT-2026-003905,2026-07-30,K07,P-MOB-GSM,PID406569,None,1,0.97,True
ACT-2026-003906,2026-07-30,K07,P-MOB-OTH,PID117413,None,1,1.45,True
ACT-2026-003907,2026-07-30,K07,P-MOB-GSM,PID384761,None,1,0.97,True
ACT-2026-003908,2026-07-30,K07,P-MOB-GSM,PID751172,None,1,0.97,True
ACT-2026-003909,2026-07-30,K07,P-FIX-WFA,PID911856,FNP,1,5.82,True
ACT-2026-003910,2026-07-30,K07,P-MOB-GSM,PID894506,None,1,0.97,True
ACT-2026-003911,2026-07-30,K07,P-MOB-GSM,PID913045,None,1,0.97,True
ACT-2026-003912,2026-07-30,K07,P-FIX-WFA,PID222210,FNP,1,5.82,True
ACT-2026-003913,2026-07-30,K07,P-MOB-OTH,PID379082,None,1,1.45,True
ACT-2026-003914,2026-07-30,K07,P-MOB-GSM,PID746281,None,1,0.97,True
ACT-2026-003915,2026-07-30,K07,P-MOB-GSM,PID938285,MNP,1,1.94,True
ACT-2026-003916,2026-07-30,K07,P-MOB-GSM,PID906337,None,1,0.97,True
ACT-2026-003917,2026-07-30,K07,P-FIX-FBR,PID927696,None,1,9.71,True
ACT-2026-003918,2026-07-30,K07,P-MOB-GSM,PID204816,None,1,0.97,True
ACT-2026-003919,2026-07-30,K07,P-MOB-GSM,PID952582,None,1,0.97,True
ACT-2026-003920,2026-07-30,K07,P-MOB-GSM,PID132719,MNP,1,1.94,True
ACT-2026-003921,2026-07-30,K07,P-MOB-OTH,PID908880,None,1,1.45,True
ACT-2026-003922,2026-07-30,K08,P-MOB-GSM,PID969202,None,1,0.97,True
ACT-2026-003923,2026-07-30,K08,P-MOB-GSM,PID841456,None,1,0.97,True
ACT-2026-003924,2026-07-30,K08,P-MOB-GSM,PID143177,None,1,0.97,True
ACT-2026-003925,2026-07-30,K08,P-MOB-GSM,PID303082,None,1,0.97,True
ACT-2026-003926,2026-07-30,K08,P-MOB-GSM,PID659929,None,1,0.97,True
ACT-2026-003927,2026-07-30,K08,P-MOB-GSM,PID791862,None,1,0.97,True
ACT-2026-003928,2026-07-30,K08,P-MOB-GSM,PID850340,None,1,0.97,True
ACT-2026-003929,2026-07-30,K08,P-MOB-GSM,PID806825,MNP,1,1.94,True
ACT-2026-003930,2026-07-30,K08,P-MOB-GSM,PID529003,None,1,0.97,True
ACT-2026-003931,2026-07-30,K08,P-MOB-GSM,PID737365,MNP,1,1.94,True
ACT-2026-003932,2026-07-30,K08,P-MOB-GSM,PID317617,None,1,0.97,True
ACT-2026-003933,2026-07-30,K08,P-MOB-GSM,PID457408,None,1,0.97,True
ACT-2026-003934,2026-07-30,K08,P-MOB-GSM,PID481849,None,1,0.97,True
ACT-2026-003935,2026-07-30,K08,P-MOB-GSM,PID192374,None,1,0.97,True
ACT-2026-003936,2026-07-30,K09,P-MOB-GSM,PID457445,None,1,0.97,True
ACT-2026-003937,2026-07-30,K09,P-MOB-GSM,PID906351,MNP,1,1.94,True
ACT-2026-003938,2026-07-30,K09,P-MOB-GSM,PID944320,None,1,0.97,True
ACT-2026-003939,2026-07-30,K09,P-MOB-GSM,PID203395,None,1,0.97,True
ACT-2026-003940,2026-07-30,K09,P-MOB-GSM,PID882126,None,1,0.97,True
ACT-2026-003941,2026-07-30,K10,P-MOB-GSM,PID662969,None,1,0.97,True
ACT-2026-003942,2026-07-30,K10,P-MOB-GSM,PID686584,MNP,1,1.94,True
ACT-2026-003943,2026-07-30,K10,P-MOB-GSM,PID971805,None,1,0.97,True
ACT-2026-003944,2026-07-30,K10,P-FIX-FBR,PID719008,None,1,9.71,True
ACT-2026-003945,2026-07-30,K10,P-MOB-GSM,PID263993,None,1,0.97,True
ACT-2026-003946,2026-07-30,K11,P-MOB-GSM,PID877320,None,1,0.97,True
ACT-2026-003947,2026-07-30,K11,P-FIX-FBR,PID806800,None,1,9.71,True
ACT-2026-003948,2026-07-30,K11,P-FIX-FBR,PID586232,None,1,9.71,True
ACT-2026-003949,2026-07-30,K11,P-MOB-GSM,PID813544,MNP,1,1.94,True
ACT-2026-003950,2026-07-30,K12,P-MOB-GSM,PID525022,None,1,0.97,True
ACT-2026-003951,2026-07-30,K12,P-MOB-GSM,PID971753,MNP,1,1.94,True
ACT-2026-003952,2026-07-30,K12,P-MOB-GSM,PID297872,None,1,0.97,True
ACT-2026-003953,2026-07-30,K12,P-MOB-GSM,PID821320,None,1,0.97,True
ACT-2026-003954,2026-07-30,K12,P-MOB-GSM,PID680902,None,1,0.97,True
ACT-2026-003955,2026-07-30,K13,P-MOB-GSM,PID485722,MNP,1,2.07,True
ACT-2026-003956,2026-07-30,K13,P-MOB-GSM,PID471887,None,1,1.03,True
ACT-2026-003957,2026-07-30,K13,P-MOB-GSM,PID187102,None,1,1.03,True
ACT-2026-003958,2026-07-30,K13,P-MOB-GSM,PID325652,None,1,1.03,True
ACT-2026-003959,2026-07-30,K13,P-MOB-GSM,PID255942,None,1,1.03,True
ACT-2026-003960,2026-07-30,K13,P-MOB-GSM,PID129751,None,1,1.03,True
ACT-2026-003961,2026-07-30,K13,P-MOB-GSM,PID380557,None,1,1.03,True
ACT-2026-003962,2026-07-30,K13,P-MOB-GSM,PID645007,None,1,1.03,True
ACT-2026-003963,2026-07-30,K13,P-MOB-GSM,PID941494,None,1,1.03,True
ACT-2026-003964,2026-07-30,K13,P-MOB-GSM,PID193757,MNP,1,2.07,True
ACT-2026-003965,2026-07-30,K13,P-MOB-GSM,PID329784,None,1,1.03,True
ACT-2026-003966,2026-07-30,K13,P-MOB-GSM,PID655717,MNP,1,2.07,True
ACT-2026-003967,2026-07-30,K13,P-FIX-BIB,PID234718,None,1,9.72,True
ACT-2026-003968,2026-07-30,K13,P-MOB-GSM,PID185422,None,1,1.03,True
ACT-2026-003969,2026-07-30,K14,P-MOB-GSM,PID611898,None,1,1.03,True
ACT-2026-003970,2026-07-30,K14,P-MOB-OTH,PID389967,None,1,1.55,True
ACT-2026-003971,2026-07-30,K14,P-MOB-GSM,PID107474,None,1,1.03,True
ACT-2026-003972,2026-07-30,K14,P-MOB-GSM,PID297287,None,1,1.03,True
ACT-2026-003973,2026-07-30,K14,P-MOB-GSM,PID812786,None,1,1.03,True
ACT-2026-003974,2026-07-30,K14,P-MOB-OTH,PID805032,None,1,1.55,True
ACT-2026-003975,2026-07-30,K14,P-MOB-GSM,PID227905,None,1,1.03,True
ACT-2026-003976,2026-07-30,K15,P-MOB-GSM,PID280836,None,1,1.03,True
ACT-2026-003977,2026-07-30,K15,P-MOB-GSM,PID141404,None,1,1.03,True
ACT-2026-003978,2026-07-30,K15,P-MOB-GSM,PID537678,None,1,1.03,True
ACT-2026-003979,2026-07-30,K15,P-FIX-FBR,PID171076,None,1,6.48,True
ACT-2026-003980,2026-07-30,K15,P-MOB-GSM,PID634490,None,1,1.03,True
ACT-2026-003981,2026-07-30,K15,P-MOB-GSM,PID221208,MNP,1,2.07,True
ACT-2026-003982,2026-07-30,K15,P-MOB-GSM,PID873442,None,1,1.03,True
ACT-2026-003983,2026-07-30,K16,P-MOB-GSM,PID287476,None,1,1.03,True
ACT-2026-003984,2026-07-30,K16,P-MOB-GSM,PID522466,None,1,1.03,True
ACT-2026-003985,2026-07-30,K16,P-MOB-GSM,PID875734,None,1,1.03,True
ACT-2026-003986,2026-07-30,K16,P-FIX-FBR,PID565698,FNP,1,6.48,True
ACT-2026-003987,2026-07-30,K16,P-MOB-GSM,PID940376,None,1,1.03,True
ACT-2026-003988,2026-07-30,K16,P-MOB-GSM,PID400738,None,1,1.03,True
ACT-2026-003989,2026-07-30,K17,P-MOB-GSM,PID615256,None,1,1.03,True
ACT-2026-003990,2026-07-30,K17,P-MOB-GSM,PID491499,MNP,1,2.07,True
ACT-2026-003991,2026-07-30,K17,P-MOB-GSM,PID133654,None,1,1.03,True
ACT-2026-003992,2026-07-30,K17,P-MOB-GSM,PID796602,MNP,1,2.07,True
ACT-2026-003993,2026-07-30,K18,P-MOB-GSM,PID975458,None,1,1.03,True
ACT-2026-003994,2026-07-30,K18,P-MOB-GSM,PID959484,None,1,1.03,True
ACT-2026-003995,2026-07-30,K18,P-MOB-GSM,PID950420,None,1,1.03,True
ACT-2026-003996,2026-07-30,K18,P-MOB-GSM,PID319296,None,1,1.03,True
ACT-2026-003997,2026-07-30,K18,P-FIX-FBR,PID852907,None,1,6.51,True
ACT-2026-003998,2026-07-30,K18,P-MOB-GSM,PID118297,MNP,1,2.07,True
ACT-2026-003999,2026-07-30,K18,P-MOB-OTH,PID922901,None,1,1.55,True
ACT-2026-004000,2026-07-31,K01,P-MOB-GSM,PID161085,None,1,1.11,True
ACT-2026-004001,2026-07-31,K01,P-MOB-GSM,PID311996,None,1,1.11,True
ACT-2026-004002,2026-07-31,K01,P-MOB-GSM,PID994240,None,1,1.11,True
ACT-2026-004003,2026-07-31,K01,P-MOB-GSM,PID543938,None,1,1.11,True
ACT-2026-004004,2026-07-31,K01,P-MOB-GSM,PID259926,MNP,1,2.21,True
ACT-2026-004005,2026-07-31,K01,P-MOB-GSM,PID670674,None,1,1.11,True
ACT-2026-004006,2026-07-31,K01,P-MOB-GSM,PID491954,None,1,1.11,True
ACT-2026-004007,2026-07-31,K01,P-MOB-GSM,PID290874,None,1,1.11,True
ACT-2026-004008,2026-07-31,K01,P-MOB-GSM,PID929369,None,1,1.11,True
ACT-2026-004009,2026-07-31,K01,P-MOB-GSM,PID964283,None,1,1.11,True
ACT-2026-004010,2026-07-31,K01,P-MOB-GSM,PID192782,None,1,0.0,False
ACT-2026-004011,2026-07-31,K01,P-MOB-GSM,PID477318,None,1,1.11,True
ACT-2026-004012,2026-07-31,K01,P-MOB-GSM,PID614614,None,1,1.11,True
ACT-2026-004013,2026-07-31,K01,P-MOB-GSM,PID962666,MNP,1,2.21,True
ACT-2026-004014,2026-07-31,K01,P-MOB-GSM,PID822385,None,1,1.11,True
ACT-2026-004015,2026-07-31,K01,P-DEV-DEV,PID230852,None,1,4.28,True
ACT-2026-004016,2026-07-31,K01,P-MOB-GSM,PID743972,None,1,1.11,True
ACT-2026-004017,2026-07-31,K01,P-FIX-FBR,PID722669,None,1,11.02,True
ACT-2026-004018,2026-07-31,K01,P-MOB-GSM,PID520976,MNP,1,2.21,True
ACT-2026-004019,2026-07-31,K01,P-MOB-GSM,PID560531,None,1,1.11,True
ACT-2026-004020,2026-07-31,K01,P-MOB-OTH,PID329228,None,1,1.66,True
ACT-2026-004021,2026-07-31,K01,P-MOB-GSM,PID303375,None,1,1.11,True
ACT-2026-004022,2026-07-31,K01,P-MOB-OTH,PID187600,None,1,1.66,True
ACT-2026-004023,2026-07-31,K01,P-MOB-GSM,PID123369,None,1,1.11,True
ACT-2026-004024,2026-07-31,K02,P-MOB-GSM,PID627462,MNP,1,2.21,True
ACT-2026-004025,2026-07-31,K02,P-MOB-GSM,PID177224,None,1,1.11,True
ACT-2026-004026,2026-07-31,K02,P-MOB-GSM,PID968730,MNP,1,2.21,True
ACT-2026-004027,2026-07-31,K02,P-MOB-GSM,PID108827,None,1,1.11,True
ACT-2026-004028,2026-07-31,K02,P-MOB-GSM,PID417780,None,1,1.11,True
ACT-2026-004029,2026-07-31,K02,P-DIG-SVC,PID489216,None,1,5.6,True
ACT-2026-004030,2026-07-31,K02,P-MOB-GSM,PID325720,None,1,1.11,True
ACT-2026-004031,2026-07-31,K02,P-MOB-GSM,PID412752,None,1,1.11,True
ACT-2026-004032,2026-07-31,K02,P-MOB-GSM,PID238267,MNP,1,2.21,True
ACT-2026-004033,2026-07-31,K02,P-MOB-GSM,PID735899,None,1,1.11,True
ACT-2026-004034,2026-07-31,K02,P-MOB-GSM,PID696591,None,1,1.11,True
ACT-2026-004035,2026-07-31,K02,P-MOB-GSM,PID631778,None,1,1.11,True
ACT-2026-004036,2026-07-31,K03,P-DEV-DEV,PID134469,None,1,4.28,True
ACT-2026-004037,2026-07-31,K03,P-MOB-GSM,PID567616,None,1,1.11,True
ACT-2026-004038,2026-07-31,K03,P-MOB-OTH,PID360277,None,1,1.66,True
ACT-2026-004039,2026-07-31,K03,P-MOB-GSM,PID692570,None,1,1.11,True
ACT-2026-004040,2026-07-31,K03,P-MOB-GSM,PID506844,None,1,1.11,True
ACT-2026-004041,2026-07-31,K03,P-MOB-OTH,PID629299,None,1,1.66,True
ACT-2026-004042,2026-07-31,K03,P-FIX-BIB,PID536613,None,1,16.52,True
ACT-2026-004043,2026-07-31,K03,P-MOB-GSM,PID475699,None,1,1.11,True
ACT-2026-004044,2026-07-31,K03,P-MOB-GSM,PID261942,None,1,1.11,True
ACT-2026-004045,2026-07-31,K03,P-MOB-GSM,PID941828,None,1,1.11,True
ACT-2026-004046,2026-07-31,K03,P-MOB-GSM,PID351824,MNP,1,2.21,True
ACT-2026-004047,2026-07-31,K03,P-DEV-DEV,PID818984,None,1,4.28,True
ACT-2026-004048,2026-07-31,K03,P-MOB-OTH,PID178883,None,1,1.66,True
ACT-2026-004049,2026-07-31,K03,P-MOB-GSM,PID959591,None,1,1.11,True
ACT-2026-004050,2026-07-31,K03,P-MOB-GSM,PID968078,None,1,1.11,True
ACT-2026-004051,2026-07-31,K03,P-MOB-GSM,PID520810,None,1,1.11,True
ACT-2026-004052,2026-07-31,K03,P-MOB-GSM,PID704896,None,1,1.11,True
ACT-2026-004053,2026-07-31,K03,P-MOB-GSM,PID978152,None,1,1.11,True
ACT-2026-004054,2026-07-31,K03,P-MOB-GSM,PID557873,None,1,1.11,True
ACT-2026-004055,2026-07-31,K04,P-MOB-GSM,PID613609,None,1,1.11,True
ACT-2026-004056,2026-07-31,K04,P-MOB-GSM,PID336552,MNP,1,2.21,True
ACT-2026-004057,2026-07-31,K04,P-MOB-GSM,PID817078,MNP,1,2.21,True
ACT-2026-004058,2026-07-31,K04,P-MOB-GSM,PID571281,MNP,1,2.21,True
ACT-2026-004059,2026-07-31,K04,P-MOB-GSM,PID112711,None,1,1.11,True
ACT-2026-004060,2026-07-31,K04,P-MOB-GSM,PID221758,None,1,1.11,True
ACT-2026-004061,2026-07-31,K04,P-MOB-GSM,PID182125,None,1,1.11,True
ACT-2026-004062,2026-07-31,K04,P-MOB-GSM,PID248540,None,1,1.11,True
ACT-2026-004063,2026-07-31,K04,P-MOB-GSM,PID278521,None,1,1.11,True
ACT-2026-004064,2026-07-31,K05,P-MOB-OTH,PID804917,None,1,1.66,True
ACT-2026-004065,2026-07-31,K05,P-MOB-GSM,PID615697,None,1,1.11,True
ACT-2026-004066,2026-07-31,K05,P-MOB-OTH,PID722127,None,1,1.66,True
ACT-2026-004067,2026-07-31,K06,P-MOB-GSM,PID708474,None,1,1.11,True
ACT-2026-004068,2026-07-31,K06,P-DEV-DEV,PID735814,None,1,4.35,True
ACT-2026-004069,2026-07-31,K06,P-MOB-GSM,PID737778,None,1,1.11,True
ACT-2026-004070,2026-07-31,K06,P-MOB-GSM,PID904746,None,1,1.11,True
ACT-2026-004071,2026-07-31,K06,P-MOB-GSM,PID478822,None,1,1.11,True
ACT-2026-004072,2026-07-31,K07,P-FIX-FBR,PID893790,None,1,9.71,True
ACT-2026-004073,2026-07-31,K07,P-MOB-GSM,PID750073,None,1,0.97,True
ACT-2026-004074,2026-07-31,K07,P-MOB-GSM,PID844503,MNP,1,1.94,True
ACT-2026-004075,2026-07-31,K07,P-MOB-GSM,PID294666,MNP,1,1.94,True
ACT-2026-004076,2026-07-31,K07,P-MOB-GSM,PID572038,None,1,0.97,True
ACT-2026-004077,2026-07-31,K07,P-MOB-GSM,PID852208,None,1,0.97,True
ACT-2026-004078,2026-07-31,K07,P-FIX-FBR,PID259157,None,1,9.71,True
ACT-2026-004079,2026-07-31,K07,P-MOB-GSM,PID298209,None,1,0.97,True
ACT-2026-004080,2026-07-31,K07,P-MOB-GSM,PID778361,MNP,1,1.94,True
ACT-2026-004081,2026-07-31,K07,P-MOB-GSM,PID726606,None,1,0.97,True
ACT-2026-004082,2026-07-31,K07,P-MOB-GSM,PID362365,None,1,0.97,True
ACT-2026-004083,2026-07-31,K07,P-MOB-GSM,PID549935,None,1,0.97,True
ACT-2026-004084,2026-07-31,K07,P-MOB-GSM,PID298873,MNP,1,1.94,True
ACT-2026-004085,2026-07-31,K07,P-MOB-GSM,PID185494,None,1,0.97,True
ACT-2026-004086,2026-07-31,K08,P-MOB-GSM,PID254311,None,1,0.97,True
ACT-2026-004087,2026-07-31,K08,P-MOB-GSM,PID310481,None,1,0.97,True
ACT-2026-004088,2026-07-31,K08,P-MOB-GSM,PID989061,None,1,0.97,True
ACT-2026-004089,2026-07-31,K08,P-MOB-GSM,PID359063,None,1,0.97,True
ACT-2026-004090,2026-07-31,K09,P-MOB-GSM,PID234546,None,1,0.97,True
ACT-2026-004091,2026-07-31,K09,P-MOB-GSM,PID248848,None,1,0.97,True
ACT-2026-004092,2026-07-31,K09,P-MOB-GSM,PID616409,None,1,0.97,True
ACT-2026-004093,2026-07-31,K09,P-MOB-GSM,PID821787,MNP,1,1.94,True
ACT-2026-004094,2026-07-31,K09,P-MOB-GSM,PID890845,MNP,1,1.94,True
ACT-2026-004095,2026-07-31,K09,P-MOB-GSM,PID137946,None,1,0.97,True
ACT-2026-004096,2026-07-31,K09,P-MOB-GSM,PID956158,None,1,0.97,True
ACT-2026-004097,2026-07-31,K10,P-MOB-OTH,PID161179,None,1,1.45,True
ACT-2026-004098,2026-07-31,K10,P-MOB-GSM,PID727431,None,1,0.97,True
ACT-2026-004099,2026-07-31,K10,P-MOB-GSM,PID868561,MNP,1,1.94,True
ACT-2026-004100,2026-07-31,K10,P-MOB-GSM,PID192729,MNP,1,1.94,True
ACT-2026-004101,2026-07-31,K11,P-MOB-GSM,PID720038,None,1,0.97,True
ACT-2026-004102,2026-07-31,K11,P-MOB-GSM,PID303441,None,1,0.97,True
ACT-2026-004103,2026-07-31,K11,P-MOB-GSM,PID819527,None,1,0.97,True
ACT-2026-004104,2026-07-31,K12,P-MOB-OTH,PID190434,None,1,1.45,True
ACT-2026-004105,2026-07-31,K12,P-FIX-WFA,PID552871,None,1,5.82,True
ACT-2026-004106,2026-07-31,K13,P-MOB-OTH,PID182184,None,1,1.55,True
ACT-2026-004107,2026-07-31,K13,P-MOB-GSM,PID692079,None,1,1.03,True
ACT-2026-004108,2026-07-31,K13,P-MOB-GSM,PID856759,MNP,1,2.07,True
ACT-2026-004109,2026-07-31,K13,P-MOB-GSM,PID606129,None,1,1.03,True
ACT-2026-004110,2026-07-31,K13,P-MOB-GSM,PID703678,None,1,1.03,True
ACT-2026-004111,2026-07-31,K13,P-MOB-GSM,PID148591,None,1,1.03,True
ACT-2026-004112,2026-07-31,K13,P-MOB-GSM,PID952506,None,1,1.03,True
ACT-2026-004113,2026-07-31,K13,P-MOB-OTH,PID263525,None,1,1.55,True
ACT-2026-004114,2026-07-31,K13,P-MOB-GSM,PID946938,None,1,1.03,True
ACT-2026-004115,2026-07-31,K13,P-MOB-GSM,PID608889,None,1,1.03,True
ACT-2026-004116,2026-07-31,K13,P-MOB-OTH,PID268719,None,1,1.55,True
ACT-2026-004117,2026-07-31,K13,P-MOB-GSM,PID836214,None,1,1.03,True
ACT-2026-004118,2026-07-31,K13,P-MOB-GSM,PID746527,None,1,1.03,True
ACT-2026-004119,2026-07-31,K13,P-FIX-FBR,PID196211,FNP,1,6.48,True
ACT-2026-004120,2026-07-31,K13,P-MOB-GSM,PID640418,None,1,1.03,True
ACT-2026-004121,2026-07-31,K14,P-MOB-GSM,PID969349,None,1,1.03,True
ACT-2026-004122,2026-07-31,K14,P-FIX-BIB,PID410678,None,1,9.72,True
ACT-2026-004123,2026-07-31,K14,P-MOB-GSM,PID506038,None,1,1.03,True
ACT-2026-004124,2026-07-31,K14,P-MOB-GSM,PID368561,None,1,1.03,True
ACT-2026-004125,2026-07-31,K15,P-MOB-GSM,PID190460,None,1,1.03,True
ACT-2026-004126,2026-07-31,K15,P-FIX-FBR,PID207811,None,1,6.48,True
ACT-2026-004127,2026-07-31,K15,P-MOB-GSM,PID117991,None,1,1.03,True
ACT-2026-004128,2026-07-31,K15,P-MOB-GSM,PID930512,None,1,1.03,True
ACT-2026-004129,2026-07-31,K15,P-MOB-GSM,PID800253,None,1,1.03,True
ACT-2026-004130,2026-07-31,K15,P-MOB-GSM,PID752842,None,1,1.03,True
ACT-2026-004131,2026-07-31,K15,P-DIG-SVC,PID699417,None,1,4.92,True
ACT-2026-004132,2026-07-31,K15,P-MOB-OTH,PID733944,None,1,1.55,True
ACT-2026-004133,2026-07-31,K15,P-MOB-GSM,PID368162,None,1,1.03,True
ACT-2026-004134,2026-07-31,K16,P-MOB-GSM,PID537508,MNP,1,2.07,True
ACT-2026-004135,2026-07-31,K16,P-DIG-SVC,PID251968,None,1,4.92,True
ACT-2026-004136,2026-07-31,K16,P-MOB-GSM,PID595568,None,1,1.03,True
ACT-2026-004137,2026-07-31,K16,P-FIX-FBR,PID286941,None,1,6.48,True
ACT-2026-004138,2026-07-31,K16,P-FIX-WFA,PID510117,None,1,3.89,True
ACT-2026-004139,2026-07-31,K16,P-MOB-GSM,PID446722,None,1,1.03,True
ACT-2026-004140,2026-07-31,K16,P-MOB-GSM,PID866942,None,1,1.03,True
ACT-2026-004141,2026-07-31,K16,P-MOB-GSM,PID380012,None,1,1.03,True
ACT-2026-004142,2026-07-31,K16,P-MOB-GSM,PID104261,None,1,1.03,True
ACT-2026-004143,2026-07-31,K16,P-MOB-GSM,PID353676,None,1,1.03,True
ACT-2026-004144,2026-07-31,K16,P-MOB-OTH,PID235560,None,1,1.55,True
ACT-2026-004145,2026-07-31,K16,P-MOB-GSM,PID505442,MNP,1,2.07,True
ACT-2026-004146,2026-07-31,K17,P-MOB-GSM,PID517229,None,1,1.03,True
ACT-2026-004147,2026-07-31,K17,P-MOB-GSM,PID353782,MNP,1,2.07,True
ACT-2026-004148,2026-07-31,K17,P-MOB-GSM,PID695780,None,1,1.03,True
ACT-2026-004149,2026-07-31,K17,P-MOB-OTH,PID364338,None,1,1.55,True
ACT-2026-004150,2026-07-31,K18,P-MOB-GSM,PID670131,MNP,1,2.07,True
ACT-2026-004151,2026-07-31,K18,P-FIX-FBR,PID366180,None,1,6.48,True
ACT-2026-004152,2026-07-31,K18,P-MOB-GSM,PID802712,None,1,1.03,True
ACT-2026-004153,2026-08-01,K01,P-FIX-FBR,PID651077,None,1,10.92,True
ACT-2026-004154,2026-08-01,K01,P-FIX-BIB,PID105903,None,1,16.39,True
ACT-2026-004155,2026-08-01,K01,P-MOB-GSM,PID937879,MNP,1,2.02,True
ACT-2026-004156,2026-08-01,K01,P-MOB-GSM,PID429560,None,1,1.01,True
ACT-2026-004157,2026-08-01,K01,P-MOB-GSM,PID654769,None,1,1.01,True
ACT-2026-004158,2026-08-01,K01,P-MOB-GSM,PID199366,MNP,1,2.02,True
ACT-2026-004159,2026-08-01,K01,P-MOB-OTH,PID787280,None,1,1.52,True
ACT-2026-004160,2026-08-01,K01,P-MOB-GSM,PID766042,None,1,1.01,True
ACT-2026-004161,2026-08-01,K01,P-MOB-GSM,PID600521,None,1,1.01,True
ACT-2026-004162,2026-08-01,K01,P-MOB-GSM,PID620426,None,1,1.01,True
ACT-2026-004163,2026-08-01,K01,P-MOB-GSM,PID455358,None,1,1.01,True
ACT-2026-004164,2026-08-01,K01,P-MOB-GSM,PID865257,MNP,1,2.02,True
ACT-2026-004165,2026-08-01,K01,P-MOB-GSM,PID236552,None,1,1.01,True
ACT-2026-004166,2026-08-01,K01,P-MOB-GSM,PID157039,None,1,1.01,True
ACT-2026-004167,2026-08-01,K01,P-MOB-GSM,PID240672,None,1,1.01,True
ACT-2026-004168,2026-08-01,K01,P-MOB-GSM,PID632196,None,1,1.01,True
ACT-2026-004169,2026-08-01,K01,P-DIG-SVC,PID576590,None,1,5.58,True
ACT-2026-004170,2026-08-01,K01,P-FIX-FBR,PID941577,None,1,10.92,True
ACT-2026-004171,2026-08-01,K01,P-MOB-GSM,PID669112,None,1,1.01,True
ACT-2026-004172,2026-08-01,K01,P-MOB-OTH,PID504918,None,1,1.52,True
ACT-2026-004173,2026-08-01,K01,P-MOB-GSM,PID853978,None,1,1.01,True
ACT-2026-004174,2026-08-01,K02,P-MOB-GSM,PID977659,MNP,1,2.02,True
ACT-2026-004175,2026-08-01,K02,P-MOB-GSM,PID320744,None,1,1.01,True
ACT-2026-004176,2026-08-01,K02,P-MOB-GSM,PID236738,None,1,1.01,True
ACT-2026-004177,2026-08-01,K02,P-MOB-GSM,PID401260,MNP,1,2.02,True
ACT-2026-004178,2026-08-01,K02,P-MOB-GSM,PID401270,None,1,1.01,True
ACT-2026-004179,2026-08-01,K02,P-MOB-GSM,PID614708,MNP,1,2.02,True
ACT-2026-004180,2026-08-01,K02,P-MOB-OTH,PID616267,None,1,1.52,True
ACT-2026-004181,2026-08-01,K02,P-MOB-GSM,PID846634,None,1,1.01,True
ACT-2026-004182,2026-08-01,K02,P-MOB-GSM,PID994237,None,1,1.01,True
ACT-2026-004183,2026-08-01,K02,P-MOB-GSM,PID786832,None,1,1.01,True
ACT-2026-004184,2026-08-01,K02,P-MOB-GSM,PID336186,None,1,1.01,True
ACT-2026-004185,2026-08-01,K02,P-MOB-GSM,PID355267,None,1,1.01,True
ACT-2026-004186,2026-08-01,K02,P-MOB-GSM,PID687141,None,1,1.01,True
ACT-2026-004187,2026-08-01,K03,P-MOB-GSM,PID941416,None,1,1.01,True
ACT-2026-004188,2026-08-01,K03,P-MOB-OTH,PID624123,None,1,1.52,True
ACT-2026-004189,2026-08-01,K03,P-MOB-GSM,PID756793,MNP,1,2.02,True
ACT-2026-004190,2026-08-01,K03,P-MOB-GSM,PID888702,None,1,1.01,True
ACT-2026-004191,2026-08-01,K03,P-FIX-FBR,PID245106,None,1,10.92,True
ACT-2026-004192,2026-08-01,K03,P-MOB-GSM,PID308119,None,1,1.01,True
ACT-2026-004193,2026-08-01,K03,P-MOB-GSM,PID512818,None,1,1.01,True
ACT-2026-004194,2026-08-01,K03,P-FIX-FBR,PID461399,None,1,10.92,True
ACT-2026-004195,2026-08-01,K03,P-MOB-GSM,PID319509,None,1,1.01,True
ACT-2026-004196,2026-08-01,K03,P-MOB-GSM,PID795138,None,1,1.01,True
ACT-2026-004197,2026-08-01,K03,P-MOB-OTH,PID335375,None,1,1.52,True
ACT-2026-004198,2026-08-01,K03,P-MOB-GSM,PID659121,MNP,1,2.02,True
ACT-2026-004199,2026-08-01,K04,P-MOB-GSM,PID413437,MNP,1,2.02,True
ACT-2026-004200,2026-08-01,K04,P-MOB-GSM,PID481986,None,1,1.01,True
ACT-2026-004201,2026-08-01,K04,P-MOB-GSM,PID551050,MNP,1,0.0,False
ACT-2026-004202,2026-08-01,K04,P-MOB-GSM,PID762353,None,1,1.01,True
ACT-2026-004203,2026-08-01,K05,P-MOB-GSM,PID100687,None,1,1.01,True
ACT-2026-004204,2026-08-01,K05,P-DEV-DEV,PID985765,None,1,4.38,True
ACT-2026-004205,2026-08-01,K05,P-MOB-GSM,PID458744,MNP,1,2.02,True
ACT-2026-004206,2026-08-01,K05,P-MOB-GSM,PID504758,None,1,1.01,True
ACT-2026-004207,2026-08-01,K05,P-MOB-GSM,PID404258,None,1,1.01,True
ACT-2026-004208,2026-08-01,K05,P-MOB-GSM,PID882670,None,1,1.01,True
ACT-2026-004209,2026-08-01,K06,P-MOB-GSM,PID443346,MNP,1,2.02,True
ACT-2026-004210,2026-08-01,K06,P-MOB-GSM,PID452185,None,1,1.01,True
ACT-2026-004211,2026-08-01,K07,P-MOB-GSM,PID441133,None,1,0.97,True
ACT-2026-004212,2026-08-01,K07,P-MOB-GSM,PID431350,None,1,0.97,True
ACT-2026-004213,2026-08-01,K07,P-MOB-GSM,PID224384,None,1,0.97,True
ACT-2026-004214,2026-08-01,K07,P-FIX-FBR,PID384889,None,1,9.91,True
ACT-2026-004215,2026-08-01,K07,P-MOB-GSM,PID522161,None,1,0.97,True
ACT-2026-004216,2026-08-01,K07,P-MOB-GSM,PID102118,MNP,1,1.95,True
ACT-2026-004217,2026-08-01,K07,P-MOB-GSM,PID622486,None,1,0.97,True
ACT-2026-004218,2026-08-01,K07,P-MOB-GSM,PID606132,None,1,0.97,True
ACT-2026-004219,2026-08-01,K07,P-MOB-GSM,PID763749,None,1,0.97,True
ACT-2026-004220,2026-08-01,K07,P-MOB-GSM,PID599597,None,1,0.97,True
ACT-2026-004221,2026-08-01,K08,P-MOB-GSM,PID571924,MNP,1,1.95,True
ACT-2026-004222,2026-08-01,K08,P-MOB-GSM,PID449979,None,1,0.97,True
ACT-2026-004223,2026-08-01,K08,P-MOB-GSM,PID412903,None,1,0.97,True
ACT-2026-004224,2026-08-01,K08,P-MOB-GSM,PID704948,None,1,0.97,True
ACT-2026-004225,2026-08-01,K08,P-MOB-GSM,PID469457,None,1,0.97,True
ACT-2026-004226,2026-08-01,K08,P-DIG-SVC,PID549018,None,1,5.73,True
ACT-2026-004227,2026-08-01,K08,P-MOB-GSM,PID744699,None,1,0.97,True
ACT-2026-004228,2026-08-01,K08,P-MOB-GSM,PID840613,MNP,1,1.95,True
ACT-2026-004229,2026-08-01,K08,P-FIX-WFA,PID444898,None,1,5.95,True
ACT-2026-004230,2026-08-01,K09,P-MOB-GSM,PID348660,None,1,0.97,True
ACT-2026-004231,2026-08-01,K09,P-DIG-SVC,PID525757,None,1,5.73,True
ACT-2026-004232,2026-08-01,K09,P-MOB-GSM,PID235712,MNP,1,1.95,True
ACT-2026-004233,2026-08-01,K09,P-MOB-GSM,PID762500,None,1,0.97,True
ACT-2026-004234,2026-08-01,K09,P-MOB-GSM,PID370553,None,1,0.97,True
ACT-2026-004235,2026-08-01,K09,P-MOB-GSM,PID170606,None,1,0.97,True
ACT-2026-004236,2026-08-01,K09,P-MOB-GSM,PID694104,None,1,0.97,True
ACT-2026-004237,2026-08-01,K10,P-MOB-GSM,PID201905,MNP,1,1.95,True
ACT-2026-004238,2026-08-01,K10,P-MOB-GSM,PID927033,MNP,1,1.95,True
ACT-2026-004239,2026-08-01,K10,P-MOB-GSM,PID507730,None,1,0.97,True
ACT-2026-004240,2026-08-01,K10,P-DIG-SVC,PID338701,None,1,5.73,True
ACT-2026-004241,2026-08-01,K11,P-MOB-OTH,PID225496,None,1,1.46,True
ACT-2026-004242,2026-08-01,K11,P-MOB-GSM,PID919824,None,1,0.97,True
ACT-2026-004243,2026-08-01,K12,P-MOB-GSM,PID814291,MNP,1,1.95,True
ACT-2026-004244,2026-08-01,K12,P-MOB-GSM,PID652597,None,1,0.97,True
ACT-2026-004245,2026-08-01,K13,P-MOB-GSM,PID744471,None,1,1.04,True
ACT-2026-004246,2026-08-01,K13,P-MOB-GSM,PID273839,MNP,1,2.09,True
ACT-2026-004247,2026-08-01,K13,P-MOB-GSM,PID294768,None,1,1.04,True
ACT-2026-004248,2026-08-01,K13,P-MOB-GSM,PID436972,MNP,1,2.09,True
ACT-2026-004249,2026-08-01,K13,P-MOB-GSM,PID284918,None,1,1.04,True
ACT-2026-004250,2026-08-01,K13,P-MOB-GSM,PID146887,None,1,1.04,True
ACT-2026-004251,2026-08-01,K13,P-MOB-OTH,PID301915,None,1,1.57,True
ACT-2026-004252,2026-08-01,K13,P-MOB-GSM,PID357569,MNP,1,2.09,True
ACT-2026-004253,2026-08-01,K13,P-MOB-GSM,PID501883,None,1,1.04,True
ACT-2026-004254,2026-08-01,K13,P-MOB-GSM,PID281493,None,1,1.04,True
ACT-2026-004255,2026-08-01,K13,P-MOB-GSM,PID527240,None,1,1.04,True
ACT-2026-004256,2026-08-01,K13,P-MOB-GSM,PID656933,MNP,1,2.09,True
ACT-2026-004257,2026-08-01,K13,P-MOB-GSM,PID369201,None,1,1.04,True
ACT-2026-004258,2026-08-01,K13,P-MOB-GSM,PID398735,None,1,1.04,True
ACT-2026-004259,2026-08-01,K14,P-FIX-FBR,PID626064,None,1,6.69,True
ACT-2026-004260,2026-08-01,K14,P-FIX-FBR,PID384775,None,1,6.69,True
ACT-2026-004261,2026-08-01,K14,P-MOB-GSM,PID976451,None,1,1.04,True
ACT-2026-004262,2026-08-01,K14,P-MOB-GSM,PID945993,None,1,1.04,True
ACT-2026-004263,2026-08-01,K14,P-MOB-GSM,PID577506,None,1,1.04,True
ACT-2026-004264,2026-08-01,K14,P-MOB-GSM,PID850127,None,1,1.04,True
ACT-2026-004265,2026-08-01,K14,P-MOB-GSM,PID965999,MNP,1,0.0,False
ACT-2026-004266,2026-08-01,K14,P-FIX-WFA,PID118392,FNP,1,4.02,True
ACT-2026-004267,2026-08-01,K15,P-MOB-GSM,PID560291,None,1,1.04,True
ACT-2026-004268,2026-08-01,K15,P-MOB-GSM,PID570190,None,1,1.04,True
ACT-2026-004269,2026-08-01,K15,P-MOB-GSM,PID150540,None,1,0.0,False
ACT-2026-004270,2026-08-01,K15,P-MOB-GSM,PID825175,None,1,1.04,True
ACT-2026-004271,2026-08-01,K15,P-MOB-GSM,PID246107,None,1,1.04,True
ACT-2026-004272,2026-08-01,K15,P-MOB-GSM,PID838769,None,1,1.04,True
ACT-2026-004273,2026-08-01,K15,P-MOB-GSM,PID493718,None,1,1.04,True
ACT-2026-004274,2026-08-01,K15,P-MOB-GSM,PID831146,None,1,1.04,True
ACT-2026-004275,2026-08-01,K15,P-MOB-GSM,PID629665,None,1,1.04,True
ACT-2026-004276,2026-08-01,K15,P-DEV-DEV,PID339623,None,1,6.35,True
ACT-2026-004277,2026-08-01,K15,P-MOB-GSM,PID923577,None,1,1.04,True
ACT-2026-004278,2026-08-01,K16,P-MOB-GSM,PID683403,None,1,1.04,True
ACT-2026-004279,2026-08-01,K16,P-MOB-GSM,PID981442,None,1,1.04,True
ACT-2026-004280,2026-08-01,K16,P-MOB-GSM,PID790660,None,1,1.04,True
ACT-2026-004281,2026-08-01,K16,P-MOB-GSM,PID599069,None,1,1.04,True
ACT-2026-004282,2026-08-01,K16,P-MOB-GSM,PID636672,None,1,1.04,True
ACT-2026-004283,2026-08-01,K16,P-MOB-GSM,PID265574,None,1,1.04,True
ACT-2026-004284,2026-08-01,K17,P-MOB-GSM,PID669891,MNP,1,2.09,True
ACT-2026-004285,2026-08-01,K17,P-MOB-GSM,PID965103,None,1,1.04,True
ACT-2026-004286,2026-08-01,K17,P-MOB-GSM,PID526469,MNP,1,2.09,True
ACT-2026-004287,2026-08-01,K17,P-MOB-OTH,PID805745,None,1,1.57,True
ACT-2026-004288,2026-08-01,K18,P-MOB-GSM,PID145241,None,1,1.04,True
ACT-2026-004289,2026-08-01,K18,P-MOB-GSM,PID685446,MNP,1,2.09,True
ACT-2026-004290,2026-08-01,K18,P-MOB-GSM,PID651668,None,1,1.04,True
ACT-2026-004291,2026-08-02,K01,P-MOB-GSM,PID458554,None,1,1.01,True
ACT-2026-004292,2026-08-02,K01,P-MOB-GSM,PID944115,None,1,1.01,True
ACT-2026-004293,2026-08-02,K01,P-MOB-GSM,PID443333,None,1,1.01,True
ACT-2026-004294,2026-08-02,K01,P-MOB-GSM,PID771762,None,1,1.01,True
ACT-2026-004295,2026-08-02,K01,P-MOB-GSM,PID690091,None,1,1.01,True
ACT-2026-004296,2026-08-02,K01,P-FIX-FBR,PID746644,None,1,10.92,True
ACT-2026-004297,2026-08-02,K02,P-MOB-OTH,PID279050,None,1,1.52,True
ACT-2026-004298,2026-08-02,K02,P-MOB-GSM,PID297158,None,1,1.01,True
ACT-2026-004299,2026-08-02,K02,P-MOB-GSM,PID128838,None,1,1.01,True
ACT-2026-004300,2026-08-02,K03,P-MOB-GSM,PID366423,None,1,1.01,True
ACT-2026-004301,2026-08-02,K03,P-MOB-GSM,PID255969,None,1,1.01,True
ACT-2026-004302,2026-08-02,K03,P-MOB-GSM,PID758136,None,1,1.01,True
ACT-2026-004303,2026-08-02,K03,P-MOB-GSM,PID915983,None,1,1.01,True
ACT-2026-004304,2026-08-02,K04,P-MOB-GSM,PID130577,None,1,1.01,True
ACT-2026-004305,2026-08-02,K04,P-MOB-GSM,PID765882,MNP,1,2.02,True
ACT-2026-004306,2026-08-02,K04,P-MOB-GSM,PID500918,None,1,1.01,True
ACT-2026-004307,2026-08-02,K05,P-FIX-FBR,PID666774,None,1,10.92,True
ACT-2026-004308,2026-08-02,K05,P-MOB-GSM,PID453880,None,1,1.01,True
ACT-2026-004309,2026-08-02,K05,P-MOB-GSM,PID865593,MNP,1,2.02,True
ACT-2026-004310,2026-08-02,K07,P-MOB-OTH,PID900491,None,1,1.46,True
ACT-2026-004311,2026-08-02,K07,P-MOB-OTH,PID980472,None,1,1.46,True
ACT-2026-004312,2026-08-02,K07,P-DIG-SVC,PID861593,None,1,5.73,True
ACT-2026-004313,2026-08-02,K07,P-MOB-OTH,PID422149,None,1,1.46,True
ACT-2026-004314,2026-08-02,K07,P-FIX-FBR,PID638487,FNP,1,9.91,True
ACT-2026-004315,2026-08-02,K08,P-MOB-GSM,PID452617,MNP,1,0.0,False
ACT-2026-004316,2026-08-02,K08,P-MOB-GSM,PID821535,None,1,0.97,True
ACT-2026-004317,2026-08-02,K08,P-MOB-GSM,PID273503,None,1,0.97,True
ACT-2026-004318,2026-08-02,K08,P-MOB-GSM,PID490874,None,1,0.97,True
ACT-2026-004319,2026-08-02,K08,P-MOB-GSM,PID710056,None,1,0.97,True
ACT-2026-004320,2026-08-02,K09,P-MOB-GSM,PID477251,None,1,0.97,True
ACT-2026-004321,2026-08-02,K10,P-MOB-GSM,PID119469,None,1,0.97,True
ACT-2026-004322,2026-08-02,K10,P-MOB-GSM,PID686893,None,1,0.97,True
ACT-2026-004323,2026-08-02,K10,P-MOB-OTH,PID152543,None,1,1.46,True
ACT-2026-004324,2026-08-02,K10,P-MOB-GSM,PID820025,None,1,0.97,True
ACT-2026-004325,2026-08-02,K11,P-MOB-GSM,PID381757,None,1,0.97,True
ACT-2026-004326,2026-08-02,K11,P-MOB-GSM,PID213422,None,1,0.97,True
ACT-2026-004327,2026-08-02,K11,P-MOB-GSM,PID971170,None,1,0.97,True
ACT-2026-004328,2026-08-02,K13,P-MOB-GSM,PID812051,None,1,1.04,True
ACT-2026-004329,2026-08-02,K14,P-MOB-GSM,PID634326,None,1,1.04,True
ACT-2026-004330,2026-08-02,K14,P-MOB-GSM,PID810586,None,1,1.04,True
ACT-2026-004331,2026-08-02,K15,P-MOB-GSM,PID914524,None,1,1.04,True
ACT-2026-004332,2026-08-02,K15,P-MOB-GSM,PID990405,None,1,1.04,True
ACT-2026-004333,2026-08-02,K15,P-MOB-GSM,PID796016,None,1,1.04,True
ACT-2026-004334,2026-08-02,K16,P-FIX-WFA,PID665324,None,1,4.02,True
ACT-2026-004335,2026-08-02,K16,P-MOB-GSM,PID592303,None,1,1.04,True
ACT-2026-004336,2026-08-02,K16,P-MOB-GSM,PID846874,None,1,1.04,True
ACT-2026-004337,2026-08-03,K01,P-MOB-GSM,PID115355,None,1,1.01,True
ACT-2026-004338,2026-08-03,K01,P-MOB-GSM,PID713852,MNP,1,2.02,True
ACT-2026-004339,2026-08-03,K01,P-MOB-OTH,PID494892,None,1,1.52,True
ACT-2026-004340,2026-08-03,K01,P-MOB-GSM,PID601819,None,1,1.01,True
ACT-2026-004341,2026-08-03,K01,P-MOB-OTH,PID292388,None,1,1.52,True
ACT-2026-004342,2026-08-03,K01,P-MOB-GSM,PID722123,None,1,1.01,True
ACT-2026-004343,2026-08-03,K01,P-MOB-GSM,PID279181,None,1,1.01,True
ACT-2026-004344,2026-08-03,K01,P-MOB-OTH,PID811111,None,1,1.52,True
ACT-2026-004345,2026-08-03,K01,P-MOB-GSM,PID871462,MNP,1,2.02,True
ACT-2026-004346,2026-08-03,K01,P-FIX-WFA,PID866959,None,1,6.55,True
ACT-2026-004347,2026-08-03,K01,P-DIG-SVC,PID640801,None,1,5.58,True
ACT-2026-004348,2026-08-03,K01,P-MOB-GSM,PID914188,None,1,1.01,True
ACT-2026-004349,2026-08-03,K01,P-MOB-GSM,PID321035,None,1,1.01,True
ACT-2026-004350,2026-08-03,K01,P-MOB-GSM,PID758235,MNP,1,2.02,True
ACT-2026-004351,2026-08-03,K01,P-MOB-GSM,PID972988,MNP,1,2.02,True
ACT-2026-004352,2026-08-03,K01,P-DIG-SVC,PID894004,None,1,5.58,True
ACT-2026-004353,2026-08-03,K01,P-MOB-GSM,PID997050,None,1,1.01,True
ACT-2026-004354,2026-08-03,K01,P-MOB-GSM,PID398430,None,1,1.01,True
ACT-2026-004355,2026-08-03,K01,P-MOB-GSM,PID859834,None,1,1.01,True
ACT-2026-004356,2026-08-03,K01,P-MOB-GSM,PID933307,None,1,1.01,True
ACT-2026-004357,2026-08-03,K01,P-MOB-GSM,PID467077,None,1,1.01,True
ACT-2026-004358,2026-08-03,K01,P-MOB-GSM,PID187927,None,1,1.01,True
ACT-2026-004359,2026-08-03,K01,P-MOB-GSM,PID672677,None,1,1.01,True
ACT-2026-004360,2026-08-03,K02,P-MOB-GSM,PID978408,None,1,1.01,True
ACT-2026-004361,2026-08-03,K02,P-MOB-GSM,PID788534,None,1,1.01,True
ACT-2026-004362,2026-08-03,K02,P-MOB-GSM,PID857835,MNP,1,2.02,True
ACT-2026-004363,2026-08-03,K02,P-DEV-DEV,PID449857,None,1,4.38,True
ACT-2026-004364,2026-08-03,K02,P-MOB-GSM,PID328358,None,1,1.01,True
ACT-2026-004365,2026-08-03,K02,P-MOB-GSM,PID353748,None,1,1.01,True
ACT-2026-004366,2026-08-03,K02,P-MOB-GSM,PID581899,None,1,1.01,True
ACT-2026-004367,2026-08-03,K02,P-MOB-GSM,PID404090,MNP,1,2.02,True
ACT-2026-004368,2026-08-03,K02,P-MOB-GSM,PID710912,None,1,1.01,True
ACT-2026-004369,2026-08-03,K02,P-MOB-GSM,PID141036,None,1,1.01,True
ACT-2026-004370,2026-08-03,K02,P-DEV-DEV,PID831479,None,1,4.38,True
ACT-2026-004371,2026-08-03,K02,P-MOB-GSM,PID378130,None,1,1.01,True
ACT-2026-004372,2026-08-03,K02,P-DIG-SVC,PID215215,None,1,5.58,True
ACT-2026-004373,2026-08-03,K02,P-MOB-GSM,PID508518,None,1,1.01,True
ACT-2026-004374,2026-08-03,K03,P-MOB-GSM,PID478556,MNP,1,2.02,True
ACT-2026-004375,2026-08-03,K03,P-MOB-GSM,PID886504,None,1,1.01,True
ACT-2026-004376,2026-08-03,K03,P-MOB-GSM,PID645091,None,1,1.01,True
ACT-2026-004377,2026-08-03,K03,P-MOB-GSM,PID285711,None,1,1.01,True
ACT-2026-004378,2026-08-03,K03,P-MOB-GSM,PID358319,None,1,1.01,True
ACT-2026-004379,2026-08-03,K03,P-DEV-DEV,PID784739,None,1,4.38,True
ACT-2026-004380,2026-08-03,K03,P-DIG-SVC,PID457973,None,1,5.58,True
ACT-2026-004381,2026-08-03,K03,P-MOB-GSM,PID781278,None,1,1.01,True
ACT-2026-004382,2026-08-03,K03,P-MOB-GSM,PID353471,MNP,1,2.02,True
ACT-2026-004383,2026-08-03,K03,P-MOB-GSM,PID701680,None,1,1.01,True
ACT-2026-004384,2026-08-03,K03,P-MOB-GSM,PID238563,MNP,1,2.02,True
ACT-2026-004385,2026-08-03,K03,P-MOB-GSM,PID101565,MNP,1,2.02,True
ACT-2026-004386,2026-08-03,K03,P-MOB-GSM,PID467571,None,1,1.01,True
ACT-2026-004387,2026-08-03,K04,P-MOB-GSM,PID576110,None,1,1.01,True
ACT-2026-004388,2026-08-03,K04,P-FIX-FBR,PID516287,None,1,10.92,True
ACT-2026-004389,2026-08-03,K04,P-MOB-GSM,PID782178,None,1,1.01,True
ACT-2026-004390,2026-08-03,K04,P-MOB-GSM,PID693426,None,1,1.01,True
ACT-2026-004391,2026-08-03,K04,P-MOB-GSM,PID217093,None,1,1.01,True
ACT-2026-004392,2026-08-03,K04,P-MOB-GSM,PID596403,None,1,1.01,True
ACT-2026-004393,2026-08-03,K04,P-MOB-GSM,PID916688,None,1,1.01,True
ACT-2026-004394,2026-08-03,K04,P-MOB-GSM,PID810933,MNP,1,2.02,True
ACT-2026-004395,2026-08-03,K04,P-MOB-GSM,PID251629,MNP,1,2.02,True
ACT-2026-004396,2026-08-03,K04,P-MOB-GSM,PID749434,None,1,1.01,True
ACT-2026-004397,2026-08-03,K05,P-MOB-GSM,PID629352,None,1,1.01,True
ACT-2026-004398,2026-08-03,K05,P-MOB-OTH,PID356364,None,1,1.52,True
ACT-2026-004399,2026-08-03,K05,P-MOB-GSM,PID349529,MNP,1,2.02,True
ACT-2026-004400,2026-08-03,K06,P-MOB-OTH,PID691190,None,1,1.52,True
ACT-2026-004401,2026-08-03,K06,P-MOB-GSM,PID390785,None,1,1.01,True
ACT-2026-004402,2026-08-03,K06,P-MOB-GSM,PID640936,MNP,1,2.02,True
ACT-2026-004403,2026-08-03,K06,P-DEV-DEV,PID897803,None,1,4.42,True
ACT-2026-004404,2026-08-03,K06,P-FIX-WFA,PID126007,None,1,6.89,True
ACT-2026-004405,2026-08-03,K06,P-MOB-GSM,PID814799,None,1,1.01,True
ACT-2026-004406,2026-08-03,K06,P-MOB-GSM,PID933386,None,1,1.01,True
ACT-2026-004407,2026-08-03,K07,P-MOB-GSM,PID969608,None,1,0.97,True
ACT-2026-004408,2026-08-03,K07,P-MOB-GSM,PID569589,None,1,0.97,True
ACT-2026-004409,2026-08-03,K07,P-MOB-GSM,PID867261,None,1,0.97,True
ACT-2026-004410,2026-08-03,K07,P-MOB-GSM,PID635548,None,1,0.97,True
ACT-2026-004411,2026-08-03,K07,P-MOB-GSM,PID402638,None,1,0.97,True
ACT-2026-004412,2026-08-03,K07,P-DEV-DEV,PID397406,None,1,5.73,True
ACT-2026-004413,2026-08-03,K07,P-MOB-GSM,PID990904,None,1,0.97,True
ACT-2026-004414,2026-08-03,K07,P-MOB-GSM,PID555710,None,1,0.97,True
ACT-2026-004415,2026-08-03,K07,P-MOB-GSM,PID194402,None,1,0.97,True
ACT-2026-004416,2026-08-03,K07,P-MOB-GSM,PID583419,None,1,0.97,True
ACT-2026-004417,2026-08-03,K07,P-MOB-GSM,PID781738,None,1,0.97,True
ACT-2026-004418,2026-08-03,K07,P-MOB-GSM,PID296891,MNP,1,1.95,True
ACT-2026-004419,2026-08-03,K07,P-MOB-OTH,PID667037,None,1,1.46,True
ACT-2026-004420,2026-08-03,K07,P-MOB-GSM,PID674696,None,1,0.97,True
ACT-2026-004421,2026-08-03,K07,P-MOB-GSM,PID916134,None,1,0.97,True
ACT-2026-004422,2026-08-03,K07,P-MOB-OTH,PID124773,None,1,1.46,True
ACT-2026-004423,2026-08-03,K07,P-MOB-GSM,PID314647,MNP,1,1.95,True
ACT-2026-004424,2026-08-03,K07,P-MOB-GSM,PID863718,None,1,0.97,True
ACT-2026-004425,2026-08-03,K07,P-MOB-GSM,PID743844,None,1,0.97,True
ACT-2026-004426,2026-08-03,K07,P-MOB-GSM,PID285116,MNP,1,1.95,True
ACT-2026-004427,2026-08-03,K07,P-MOB-GSM,PID801706,MNP,1,1.95,True
ACT-2026-004428,2026-08-03,K07,P-MOB-OTH,PID316195,None,1,1.46,True
ACT-2026-004429,2026-08-03,K07,P-MOB-GSM,PID356090,MNP,1,1.95,True
ACT-2026-004430,2026-08-03,K07,P-MOB-GSM,PID260788,None,1,0.97,True
ACT-2026-004431,2026-08-03,K08,P-MOB-GSM,PID807020,None,1,0.97,True
ACT-2026-004432,2026-08-03,K08,P-MOB-GSM,PID184416,None,1,0.97,True
ACT-2026-004433,2026-08-03,K08,P-MOB-GSM,PID823382,None,1,0.97,True
ACT-2026-004434,2026-08-03,K08,P-FIX-BIB,PID385197,None,1,14.87,True
ACT-2026-004435,2026-08-03,K08,P-MOB-GSM,PID163184,None,1,0.97,True
ACT-2026-004436,2026-08-03,K08,P-MOB-GSM,PID554830,None,1,0.97,True
ACT-2026-004437,2026-08-03,K08,P-MOB-OTH,PID946012,None,1,1.46,True
ACT-2026-004438,2026-08-03,K08,P-MOB-GSM,PID958652,None,1,0.97,True
ACT-2026-004439,2026-08-03,K08,P-FIX-BIB,PID660548,None,1,14.87,True
ACT-2026-004440,2026-08-03,K08,P-MOB-GSM,PID432866,None,1,0.97,True
ACT-2026-004441,2026-08-03,K08,P-MOB-GSM,PID590767,None,1,0.97,True
ACT-2026-004442,2026-08-03,K09,P-MOB-GSM,PID906112,MNP,1,1.95,True
ACT-2026-004443,2026-08-03,K09,P-MOB-GSM,PID891574,None,1,0.97,True
ACT-2026-004444,2026-08-03,K09,P-MOB-GSM,PID872992,None,1,0.97,True
ACT-2026-004445,2026-08-03,K09,P-MOB-GSM,PID648763,None,1,0.97,True
ACT-2026-004446,2026-08-03,K09,P-MOB-GSM,PID875668,None,1,0.97,True
ACT-2026-004447,2026-08-03,K09,P-MOB-GSM,PID999996,None,1,0.97,True
ACT-2026-004448,2026-08-03,K09,P-MOB-GSM,PID331569,None,1,0.97,True
ACT-2026-004449,2026-08-03,K09,P-MOB-GSM,PID476905,None,1,0.97,True
ACT-2026-004450,2026-08-03,K09,P-MOB-GSM,PID610800,None,1,0.97,True
ACT-2026-004451,2026-08-03,K09,P-MOB-GSM,PID312924,None,1,0.97,True
ACT-2026-004452,2026-08-03,K09,P-MOB-GSM,PID228973,None,1,0.97,True
ACT-2026-004453,2026-08-03,K09,P-MOB-GSM,PID981511,None,1,0.97,True
ACT-2026-004454,2026-08-03,K09,P-MOB-GSM,PID295257,None,1,0.97,True
ACT-2026-004455,2026-08-03,K09,P-MOB-GSM,PID482589,None,1,0.97,True
ACT-2026-004456,2026-08-03,K09,P-MOB-GSM,PID333761,None,1,0.97,True
ACT-2026-004457,2026-08-03,K10,P-DEV-DEV,PID722034,None,1,5.73,True
ACT-2026-004458,2026-08-03,K10,P-MOB-GSM,PID624277,MNP,1,1.95,True
ACT-2026-004459,2026-08-03,K10,P-MOB-OTH,PID552109,None,1,1.46,True
ACT-2026-004460,2026-08-03,K10,P-MOB-GSM,PID576007,None,1,0.97,True
ACT-2026-004461,2026-08-03,K10,P-MOB-GSM,PID886762,None,1,0.97,True
ACT-2026-004462,2026-08-03,K10,P-MOB-GSM,PID543822,None,1,0.97,True
ACT-2026-004463,2026-08-03,K11,P-MOB-GSM,PID934326,None,1,0.97,True
ACT-2026-004464,2026-08-03,K11,P-MOB-GSM,PID857088,None,1,0.97,True
ACT-2026-004465,2026-08-03,K11,P-MOB-GSM,PID547612,None,1,0.97,True
ACT-2026-004466,2026-08-03,K11,P-MOB-GSM,PID234844,MNP,1,1.95,True
ACT-2026-004467,2026-08-03,K11,P-MOB-GSM,PID642061,None,1,0.97,True
ACT-2026-004468,2026-08-03,K11,P-MOB-GSM,PID566182,None,1,0.97,True
ACT-2026-004469,2026-08-03,K12,P-MOB-GSM,PID549830,None,1,0.97,True
ACT-2026-004470,2026-08-03,K12,P-MOB-GSM,PID784406,None,1,0.97,True
ACT-2026-004471,2026-08-03,K12,P-MOB-GSM,PID889577,MNP,1,1.95,True
ACT-2026-004472,2026-08-03,K13,P-MOB-GSM,PID964181,None,1,1.04,True
ACT-2026-004473,2026-08-03,K13,P-MOB-GSM,PID272516,None,1,1.04,True
ACT-2026-004474,2026-08-03,K13,P-MOB-GSM,PID745875,None,1,1.04,True
ACT-2026-004475,2026-08-03,K13,P-MOB-GSM,PID772245,None,1,1.04,True
ACT-2026-004476,2026-08-03,K13,P-FIX-FBR,PID272247,None,1,6.69,True
ACT-2026-004477,2026-08-03,K13,P-MOB-GSM,PID401864,None,1,1.04,True
ACT-2026-004478,2026-08-03,K13,P-MOB-GSM,PID765480,MNP,1,2.09,True
ACT-2026-004479,2026-08-03,K13,P-MOB-GSM,PID773511,None,1,1.04,True
ACT-2026-004480,2026-08-03,K13,P-MOB-GSM,PID218902,None,1,1.04,True
ACT-2026-004481,2026-08-03,K13,P-MOB-GSM,PID881393,None,1,1.04,True
ACT-2026-004482,2026-08-03,K13,P-MOB-GSM,PID595039,None,1,1.04,True
ACT-2026-004483,2026-08-03,K13,P-FIX-FBR,PID841140,None,1,6.69,True
ACT-2026-004484,2026-08-03,K13,P-MOB-GSM,PID954701,None,1,1.04,True
ACT-2026-004485,2026-08-03,K14,P-MOB-GSM,PID937066,None,1,1.04,True
ACT-2026-004486,2026-08-03,K14,P-MOB-GSM,PID398102,None,1,1.04,True
ACT-2026-004487,2026-08-03,K14,P-MOB-GSM,PID661520,None,1,1.04,True
ACT-2026-004488,2026-08-03,K14,P-MOB-GSM,PID565978,None,1,1.04,True
ACT-2026-004489,2026-08-03,K14,P-MOB-GSM,PID263266,None,1,1.04,True
ACT-2026-004490,2026-08-03,K14,P-FIX-FBR,PID683033,FNP,1,6.69,True
ACT-2026-004491,2026-08-03,K14,P-MOB-GSM,PID309393,None,1,1.04,True
ACT-2026-004492,2026-08-03,K14,P-MOB-GSM,PID978603,MNP,1,2.09,True
ACT-2026-004493,2026-08-03,K14,P-MOB-GSM,PID538596,None,1,1.04,True
ACT-2026-004494,2026-08-03,K14,P-MOB-GSM,PID279197,MNP,1,2.09,True
ACT-2026-004495,2026-08-03,K14,P-MOB-GSM,PID541212,None,1,1.04,True
ACT-2026-004496,2026-08-03,K14,P-MOB-GSM,PID718119,None,1,1.04,True
ACT-2026-004497,2026-08-03,K15,P-MOB-GSM,PID308873,None,1,1.04,True
ACT-2026-004498,2026-08-03,K15,P-MOB-GSM,PID636673,None,1,1.04,True
ACT-2026-004499,2026-08-03,K15,P-FIX-BIB,PID635866,None,1,10.04,True
ACT-2026-004500,2026-08-03,K15,P-MOB-GSM,PID812899,MNP,1,2.09,True
ACT-2026-004501,2026-08-03,K15,P-MOB-GSM,PID416612,MNP,1,2.09,True
ACT-2026-004502,2026-08-03,K15,P-MOB-GSM,PID789437,None,1,1.04,True
ACT-2026-004503,2026-08-03,K16,P-DIG-SVC,PID488964,None,1,4.99,True
ACT-2026-004504,2026-08-03,K16,P-FIX-FBR,PID387490,FNP,1,6.69,True
ACT-2026-004505,2026-08-03,K16,P-MOB-GSM,PID578587,None,1,0.0,False
ACT-2026-004506,2026-08-03,K16,P-MOB-GSM,PID835897,MNP,1,2.09,True
ACT-2026-004507,2026-08-03,K16,P-MOB-GSM,PID250756,None,1,1.04,True
ACT-2026-004508,2026-08-03,K16,P-MOB-GSM,PID673661,None,1,1.04,True
ACT-2026-004509,2026-08-03,K16,P-MOB-GSM,PID660174,None,1,1.04,True
ACT-2026-004510,2026-08-03,K17,P-MOB-OTH,PID905748,None,1,1.57,True
ACT-2026-004511,2026-08-03,K17,P-MOB-GSM,PID737815,MNP,1,2.09,True
ACT-2026-004512,2026-08-03,K17,P-DIG-SVC,PID806201,None,1,4.99,True
ACT-2026-004513,2026-08-03,K17,P-MOB-GSM,PID963560,None,1,1.04,True
ACT-2026-004514,2026-08-03,K17,P-DEV-DEV,PID534224,None,1,6.35,True
ACT-2026-004515,2026-08-03,K17,P-MOB-GSM,PID686846,None,1,1.04,True
ACT-2026-004516,2026-08-03,K17,P-MOB-GSM,PID771472,None,1,1.04,True
ACT-2026-004517,2026-08-03,K17,P-MOB-GSM,PID826051,None,1,1.04,True
ACT-2026-004518,2026-08-03,K18,P-MOB-GSM,PID767031,None,1,1.04,True
ACT-2026-004519,2026-08-03,K18,P-MOB-OTH,PID194891,None,1,1.57,True
ACT-2026-004520,2026-08-03,K18,P-MOB-GSM,PID531643,MNP,1,2.09,True
ACT-2026-004521,2026-08-04,K01,P-MOB-GSM,PID777489,MNP,1,2.02,True
ACT-2026-004522,2026-08-04,K01,P-MOB-OTH,PID648820,None,1,1.52,True
ACT-2026-004523,2026-08-04,K01,P-MOB-GSM,PID615929,None,1,1.01,True
ACT-2026-004524,2026-08-04,K01,P-MOB-GSM,PID699039,None,1,1.01,True
ACT-2026-004525,2026-08-04,K01,P-MOB-GSM,PID724916,None,1,1.01,True
ACT-2026-004526,2026-08-04,K01,P-MOB-GSM,PID282177,MNP,1,2.02,True
ACT-2026-004527,2026-08-04,K01,P-MOB-GSM,PID823613,None,1,1.01,True
ACT-2026-004528,2026-08-04,K01,P-MOB-GSM,PID458317,MNP,1,2.02,True
ACT-2026-004529,2026-08-04,K01,P-MOB-GSM,PID819588,None,1,1.01,True
ACT-2026-004530,2026-08-04,K01,P-MOB-GSM,PID911883,None,1,1.01,True
ACT-2026-004531,2026-08-04,K01,P-MOB-GSM,PID249714,None,1,1.01,True
ACT-2026-004532,2026-08-04,K01,P-MOB-GSM,PID790400,None,1,1.01,True
ACT-2026-004533,2026-08-04,K01,P-MOB-GSM,PID465442,None,1,1.01,True
ACT-2026-004534,2026-08-04,K01,P-DEV-DEV,PID812917,None,1,4.38,True
ACT-2026-004535,2026-08-04,K01,P-MOB-GSM,PID196689,None,1,1.01,True
ACT-2026-004536,2026-08-04,K01,P-MOB-GSM,PID837645,None,1,1.01,True
ACT-2026-004537,2026-08-04,K01,P-MOB-GSM,PID281117,None,1,1.01,True
ACT-2026-004538,2026-08-04,K01,P-MOB-OTH,PID953359,None,1,0.0,False
ACT-2026-004539,2026-08-04,K01,P-FIX-FBR,PID876989,FNP,1,10.92,True
ACT-2026-004540,2026-08-04,K01,P-MOB-GSM,PID369934,None,1,0.0,False
ACT-2026-004541,2026-08-04,K01,P-MOB-GSM,PID325310,None,1,1.01,True
ACT-2026-004542,2026-08-04,K01,P-MOB-GSM,PID758315,None,1,1.01,True
ACT-2026-004543,2026-08-04,K01,P-MOB-GSM,PID629742,MNP,1,2.02,True
ACT-2026-004544,2026-08-04,K02,P-DEV-DEV,PID528824,None,1,4.38,True
ACT-2026-004545,2026-08-04,K02,P-DEV-DEV,PID969123,None,1,4.38,True
ACT-2026-004546,2026-08-04,K02,P-MOB-GSM,PID548001,None,1,1.01,True
ACT-2026-004547,2026-08-04,K02,P-DEV-DEV,PID901740,None,1,4.38,True
ACT-2026-004548,2026-08-04,K02,P-DIG-SVC,PID998099,None,1,5.58,True
ACT-2026-004549,2026-08-04,K02,P-MOB-GSM,PID801705,None,1,1.01,True
ACT-2026-004550,2026-08-04,K02,P-DEV-DEV,PID639882,None,1,4.38,True
ACT-2026-004551,2026-08-04,K02,P-MOB-GSM,PID611960,None,1,1.01,True
ACT-2026-004552,2026-08-04,K02,P-MOB-GSM,PID528006,None,1,1.01,True
ACT-2026-004553,2026-08-04,K02,P-MOB-GSM,PID472235,None,1,1.01,True
ACT-2026-004554,2026-08-04,K02,P-MOB-GSM,PID271325,MNP,1,2.02,True
ACT-2026-004555,2026-08-04,K02,P-MOB-GSM,PID365816,None,1,1.01,True
ACT-2026-004556,2026-08-04,K02,P-MOB-GSM,PID919547,None,1,1.01,True
ACT-2026-004557,2026-08-04,K02,P-MOB-GSM,PID521126,None,1,1.01,True
ACT-2026-004558,2026-08-04,K02,P-MOB-OTH,PID856835,None,1,1.52,True
ACT-2026-004559,2026-08-04,K02,P-MOB-GSM,PID927356,None,1,1.01,True
ACT-2026-004560,2026-08-04,K02,P-MOB-OTH,PID625234,None,1,1.52,True
ACT-2026-004561,2026-08-04,K02,P-MOB-GSM,PID965762,None,1,1.01,True
ACT-2026-004562,2026-08-04,K03,P-MOB-GSM,PID465555,None,1,1.01,True
ACT-2026-004563,2026-08-04,K03,P-MOB-GSM,PID345617,MNP,1,2.02,True
ACT-2026-004564,2026-08-04,K03,P-MOB-GSM,PID380227,None,1,1.01,True
ACT-2026-004565,2026-08-04,K03,P-DIG-SVC,PID185975,None,1,5.58,True
ACT-2026-004566,2026-08-04,K03,P-MOB-GSM,PID801496,None,1,1.01,True
ACT-2026-004567,2026-08-04,K03,P-MOB-GSM,PID587424,None,1,1.01,True
ACT-2026-004568,2026-08-04,K03,P-FIX-FBR,PID124462,None,1,10.92,True
ACT-2026-004569,2026-08-04,K03,P-MOB-GSM,PID376209,None,1,1.01,True
ACT-2026-004570,2026-08-04,K03,P-MOB-GSM,PID710401,None,1,1.01,True
ACT-2026-004571,2026-08-04,K03,P-MOB-GSM,PID599982,None,1,1.01,True
ACT-2026-004572,2026-08-04,K03,P-DEV-DEV,PID196361,None,1,4.38,True
ACT-2026-004573,2026-08-04,K04,P-MOB-GSM,PID283180,None,1,1.01,True
ACT-2026-004574,2026-08-04,K04,P-MOB-GSM,PID949135,None,1,1.01,True
ACT-2026-004575,2026-08-04,K04,P-MOB-GSM,PID938318,None,1,1.01,True
ACT-2026-004576,2026-08-04,K04,P-MOB-GSM,PID780433,None,1,1.01,True
ACT-2026-004577,2026-08-04,K04,P-MOB-GSM,PID832512,None,1,1.01,True
ACT-2026-004578,2026-08-04,K04,P-MOB-GSM,PID614173,MNP,1,2.02,True
ACT-2026-004579,2026-08-04,K04,P-FIX-FBR,PID922981,None,1,10.92,True
ACT-2026-004580,2026-08-04,K04,P-MOB-GSM,PID288149,MNP,1,2.02,True
ACT-2026-004581,2026-08-04,K04,P-FIX-WFA,PID318468,None,1,6.55,True
ACT-2026-004582,2026-08-04,K05,P-MOB-GSM,PID811753,None,1,1.01,True
ACT-2026-004583,2026-08-04,K05,P-MOB-GSM,PID283957,None,1,1.01,True
ACT-2026-004584,2026-08-04,K05,P-MOB-GSM,PID518902,None,1,1.01,True
ACT-2026-004585,2026-08-04,K05,P-MOB-GSM,PID990107,None,1,1.01,True
ACT-2026-004586,2026-08-04,K05,P-MOB-GSM,PID493425,None,1,1.01,True
ACT-2026-004587,2026-08-04,K05,P-MOB-GSM,PID273500,None,1,1.01,True
ACT-2026-004588,2026-08-04,K05,P-MOB-GSM,PID946551,None,1,1.01,True
ACT-2026-004589,2026-08-04,K05,P-MOB-GSM,PID575243,None,1,1.01,True
ACT-2026-004590,2026-08-04,K05,P-MOB-GSM,PID183105,None,1,1.01,True
ACT-2026-004591,2026-08-04,K05,P-MOB-OTH,PID969321,None,1,1.52,True
ACT-2026-004592,2026-08-04,K06,P-MOB-GSM,PID860969,None,1,1.01,True
ACT-2026-004593,2026-08-04,K06,P-MOB-GSM,PID882887,None,1,1.01,True
ACT-2026-004594,2026-08-04,K06,P-DEV-DEV,PID756334,None,1,4.38,True
ACT-2026-004595,2026-08-04,K06,P-FIX-FBR,PID332653,None,1,10.92,True
ACT-2026-004596,2026-08-04,K06,P-MOB-GSM,PID664142,None,1,1.01,True
ACT-2026-004597,2026-08-04,K06,P-MOB-GSM,PID439641,MNP,1,2.02,True
ACT-2026-004598,2026-08-04,K07,P-MOB-GSM,PID164732,None,1,0.97,True
ACT-2026-004599,2026-08-04,K07,P-MOB-GSM,PID541492,None,1,0.97,True
ACT-2026-004600,2026-08-04,K07,P-MOB-GSM,PID308291,MNP,1,1.95,True
ACT-2026-004601,2026-08-04,K07,P-MOB-GSM,PID742695,None,1,0.97,True
ACT-2026-004602,2026-08-04,K07,P-MOB-GSM,PID469694,MNP,1,1.95,True
ACT-2026-004603,2026-08-04,K07,P-MOB-GSM,PID260726,None,1,0.97,True
ACT-2026-004604,2026-08-04,K07,P-MOB-GSM,PID632036,None,1,0.97,True
ACT-2026-004605,2026-08-04,K07,P-MOB-GSM,PID728817,None,1,0.97,True
ACT-2026-004606,2026-08-04,K07,P-MOB-GSM,PID387232,MNP,1,1.95,True
ACT-2026-004607,2026-08-04,K07,P-MOB-GSM,PID750134,None,1,0.97,True
ACT-2026-004608,2026-08-04,K07,P-MOB-GSM,PID898162,None,1,0.97,True
ACT-2026-004609,2026-08-04,K07,P-MOB-GSM,PID627899,None,1,0.97,True
ACT-2026-004610,2026-08-04,K07,P-MOB-GSM,PID221938,None,1,0.97,True
ACT-2026-004611,2026-08-04,K07,P-MOB-GSM,PID178103,None,1,0.97,True
ACT-2026-004612,2026-08-04,K07,P-MOB-GSM,PID331174,None,1,0.97,True
ACT-2026-004613,2026-08-04,K07,P-MOB-GSM,PID847195,None,1,0.97,True
ACT-2026-004614,2026-08-04,K07,P-MOB-GSM,PID582397,None,1,0.97,True
ACT-2026-004615,2026-08-04,K07,P-MOB-GSM,PID267646,MNP,1,1.95,True
ACT-2026-004616,2026-08-04,K08,P-MOB-GSM,PID241412,None,1,0.97,True
ACT-2026-004617,2026-08-04,K08,P-MOB-GSM,PID592007,None,1,0.97,True
ACT-2026-004618,2026-08-04,K08,P-MOB-GSM,PID303310,MNP,1,1.95,True
ACT-2026-004619,2026-08-04,K08,P-MOB-GSM,PID279420,None,1,0.97,True
ACT-2026-004620,2026-08-04,K08,P-MOB-GSM,PID539458,None,1,0.97,True
ACT-2026-004621,2026-08-04,K08,P-MOB-GSM,PID295272,None,1,0.97,True
ACT-2026-004622,2026-08-04,K08,P-MOB-GSM,PID466087,None,1,0.97,True
ACT-2026-004623,2026-08-04,K08,P-MOB-GSM,PID479609,None,1,0.97,True
ACT-2026-004624,2026-08-04,K08,P-MOB-OTH,PID898697,None,1,1.46,True
ACT-2026-004625,2026-08-04,K08,P-MOB-GSM,PID880051,None,1,0.97,True
ACT-2026-004626,2026-08-04,K08,P-MOB-GSM,PID169656,None,1,0.97,True
ACT-2026-004627,2026-08-04,K08,P-MOB-GSM,PID950690,None,1,0.97,True
ACT-2026-004628,2026-08-04,K08,P-MOB-GSM,PID397301,None,1,0.97,True
ACT-2026-004629,2026-08-04,K08,P-MOB-GSM,PID130432,None,1,0.97,True
ACT-2026-004630,2026-08-04,K08,P-MOB-GSM,PID239124,MNP,1,1.95,True
ACT-2026-004631,2026-08-04,K09,P-MOB-GSM,PID396296,None,1,0.97,True
ACT-2026-004632,2026-08-04,K09,P-MOB-GSM,PID988493,None,1,0.97,True
ACT-2026-004633,2026-08-04,K09,P-MOB-GSM,PID782767,None,1,0.97,True
ACT-2026-004634,2026-08-04,K09,P-MOB-GSM,PID836653,None,1,0.97,True
ACT-2026-004635,2026-08-04,K09,P-MOB-GSM,PID613934,None,1,0.97,True
ACT-2026-004636,2026-08-04,K09,P-MOB-GSM,PID543394,None,1,0.97,True
ACT-2026-004637,2026-08-04,K09,P-MOB-OTH,PID675434,None,1,1.46,True
ACT-2026-004638,2026-08-04,K09,P-MOB-GSM,PID157273,None,1,0.97,True
ACT-2026-004639,2026-08-04,K09,P-MOB-OTH,PID792974,None,1,1.46,True
ACT-2026-004640,2026-08-04,K09,P-FIX-WFA,PID274465,None,1,5.95,True
ACT-2026-004641,2026-08-04,K10,P-MOB-GSM,PID271699,None,1,0.97,True
ACT-2026-004642,2026-08-04,K10,P-MOB-GSM,PID526972,None,1,0.97,True
ACT-2026-004643,2026-08-04,K10,P-MOB-GSM,PID945811,None,1,0.97,True
ACT-2026-004644,2026-08-04,K10,P-MOB-OTH,PID783369,None,1,1.46,True
ACT-2026-004645,2026-08-04,K10,P-MOB-GSM,PID519309,MNP,1,1.95,True
ACT-2026-004646,2026-08-04,K10,P-MOB-GSM,PID246176,None,1,0.97,True
ACT-2026-004647,2026-08-04,K10,P-MOB-GSM,PID867487,MNP,1,1.95,True
ACT-2026-004648,2026-08-04,K10,P-MOB-GSM,PID647167,None,1,0.97,True
ACT-2026-004649,2026-08-04,K10,P-FIX-FBR,PID423266,None,1,9.91,True
ACT-2026-004650,2026-08-04,K11,P-DEV-DEV,PID848223,None,1,5.73,True
ACT-2026-004651,2026-08-04,K11,P-MOB-GSM,PID926478,None,1,0.97,True
ACT-2026-004652,2026-08-04,K11,P-MOB-GSM,PID952872,None,1,0.97,True
ACT-2026-004653,2026-08-04,K11,P-MOB-GSM,PID211113,None,1,0.97,True
ACT-2026-004654,2026-08-04,K12,P-MOB-GSM,PID593013,None,1,0.97,True
ACT-2026-004655,2026-08-04,K13,P-MOB-GSM,PID471771,None,1,1.04,True
ACT-2026-004656,2026-08-04,K13,P-MOB-GSM,PID130115,None,1,1.04,True
ACT-2026-004657,2026-08-04,K13,P-MOB-GSM,PID428616,MNP,1,2.09,True
ACT-2026-004658,2026-08-04,K13,P-MOB-GSM,PID371494,None,1,1.04,True
ACT-2026-004659,2026-08-04,K13,P-MOB-GSM,PID675954,None,1,1.04,True
ACT-2026-004660,2026-08-04,K13,P-MOB-GSM,PID397849,MNP,1,2.09,True
ACT-2026-004661,2026-08-04,K13,P-FIX-WFA,PID217381,None,1,4.02,True
ACT-2026-004662,2026-08-04,K13,P-FIX-FBR,PID668377,None,1,6.69,True
ACT-2026-004663,2026-08-04,K13,P-MOB-GSM,PID313881,None,1,1.04,True
ACT-2026-004664,2026-08-04,K13,P-MOB-GSM,PID895930,None,1,1.04,True
ACT-2026-004665,2026-08-04,K13,P-MOB-GSM,PID721207,None,1,1.04,True
ACT-2026-004666,2026-08-04,K14,P-MOB-OTH,PID193508,None,1,1.57,True
ACT-2026-004667,2026-08-04,K14,P-MOB-GSM,PID896158,MNP,1,2.09,True
ACT-2026-004668,2026-08-04,K14,P-MOB-GSM,PID423529,None,1,1.04,True
ACT-2026-004669,2026-08-04,K14,P-MOB-GSM,PID748026,None,1,1.04,True
ACT-2026-004670,2026-08-04,K14,P-FIX-BIB,PID685575,None,1,10.04,True
ACT-2026-004671,2026-08-04,K14,P-MOB-GSM,PID113272,None,1,1.04,True
ACT-2026-004672,2026-08-04,K14,P-FIX-FBR,PID552835,None,1,6.69,True
ACT-2026-004673,2026-08-04,K14,P-MOB-GSM,PID277514,None,1,1.04,True
ACT-2026-004674,2026-08-04,K14,P-MOB-GSM,PID152562,None,1,1.04,True
ACT-2026-004675,2026-08-04,K14,P-FIX-BIB,PID735373,None,1,10.04,True
ACT-2026-004676,2026-08-04,K14,P-MOB-GSM,PID745325,None,1,1.04,True
ACT-2026-004677,2026-08-04,K14,P-MOB-GSM,PID977780,None,1,1.04,True
ACT-2026-004678,2026-08-04,K15,P-MOB-GSM,PID585220,None,1,1.04,True
ACT-2026-004679,2026-08-04,K15,P-MOB-GSM,PID230470,None,1,1.04,True
ACT-2026-004680,2026-08-04,K15,P-DEV-DEV,PID465158,None,1,6.35,True
ACT-2026-004681,2026-08-04,K15,P-MOB-GSM,PID909313,MNP,1,2.09,True
ACT-2026-004682,2026-08-04,K15,P-MOB-GSM,PID943420,None,1,1.04,True
ACT-2026-004683,2026-08-04,K15,P-MOB-GSM,PID399693,MNP,1,2.09,True
ACT-2026-004684,2026-08-04,K15,P-MOB-GSM,PID827198,None,1,1.04,True
ACT-2026-004685,2026-08-04,K15,P-FIX-FBR,PID634343,None,1,6.69,True
ACT-2026-004686,2026-08-04,K15,P-MOB-GSM,PID426571,None,1,1.04,True
ACT-2026-004687,2026-08-04,K15,P-MOB-GSM,PID511308,None,1,1.04,True
ACT-2026-004688,2026-08-04,K15,P-FIX-BIB,PID605224,None,1,10.04,True
ACT-2026-004689,2026-08-04,K16,P-FIX-WFA,PID945198,FNP,1,4.02,True
ACT-2026-004690,2026-08-04,K16,P-MOB-GSM,PID751296,None,1,1.04,True
ACT-2026-004691,2026-08-04,K16,P-MOB-GSM,PID794651,None,1,1.04,True
ACT-2026-004692,2026-08-04,K16,P-MOB-GSM,PID332849,MNP,1,2.09,True
ACT-2026-004693,2026-08-04,K16,P-MOB-GSM,PID979591,None,1,1.04,True
ACT-2026-004694,2026-08-04,K16,P-FIX-FBR,PID620623,None,1,6.69,True
ACT-2026-004695,2026-08-04,K16,P-MOB-GSM,PID653470,None,1,1.04,True
ACT-2026-004696,2026-08-04,K17,P-FIX-BIB,PID823717,None,1,10.04,True
ACT-2026-004697,2026-08-04,K17,P-FIX-BIB,PID295937,None,1,10.04,True
ACT-2026-004698,2026-08-04,K17,P-MOB-GSM,PID729275,None,1,1.04,True
ACT-2026-004699,2026-08-04,K17,P-MOB-GSM,PID344382,MNP,1,2.09,True
ACT-2026-004700,2026-08-04,K17,P-MOB-GSM,PID423760,None,1,1.04,True
ACT-2026-004701,2026-08-04,K17,P-MOB-OTH,PID135225,None,1,1.57,True
ACT-2026-004702,2026-08-04,K17,P-MOB-GSM,PID658913,MNP,1,2.09,True
ACT-2026-004703,2026-08-04,K17,P-MOB-GSM,PID449501,None,1,1.04,True
ACT-2026-004704,2026-08-04,K17,P-MOB-GSM,PID192824,None,1,1.04,True
ACT-2026-004705,2026-08-05,K01,P-DEV-DEV,PID821875,None,1,4.38,True
ACT-2026-004706,2026-08-05,K01,P-MOB-GSM,PID708789,None,1,1.01,True
ACT-2026-004707,2026-08-05,K01,P-FIX-WFA,PID933805,None,1,6.55,True
ACT-2026-004708,2026-08-05,K01,P-MOB-GSM,PID134255,None,1,1.01,True
ACT-2026-004709,2026-08-05,K01,P-MOB-GSM,PID907788,None,1,1.01,True
ACT-2026-004710,2026-08-05,K01,P-MOB-GSM,PID332207,None,1,1.01,True
ACT-2026-004711,2026-08-05,K01,P-MOB-GSM,PID511845,None,1,1.01,True
ACT-2026-004712,2026-08-05,K01,P-MOB-GSM,PID322563,None,1,1.01,True
ACT-2026-004713,2026-08-05,K01,P-MOB-GSM,PID682699,None,1,1.01,True
ACT-2026-004714,2026-08-05,K01,P-MOB-GSM,PID430066,None,1,1.01,True
ACT-2026-004715,2026-08-05,K01,P-MOB-GSM,PID650705,None,1,1.01,True
ACT-2026-004716,2026-08-05,K01,P-MOB-GSM,PID957352,None,1,1.01,True
ACT-2026-004717,2026-08-05,K01,P-MOB-GSM,PID177082,None,1,1.01,True
ACT-2026-004718,2026-08-05,K01,P-MOB-GSM,PID725228,MNP,1,2.02,True
ACT-2026-004719,2026-08-05,K01,P-MOB-GSM,PID520350,None,1,1.01,True
ACT-2026-004720,2026-08-05,K01,P-MOB-GSM,PID907271,MNP,1,2.02,True
ACT-2026-004721,2026-08-05,K01,P-MOB-GSM,PID287068,None,1,1.01,True
ACT-2026-004722,2026-08-05,K01,P-MOB-GSM,PID841484,MNP,1,2.02,True
ACT-2026-004723,2026-08-05,K01,P-DEV-DEV,PID444821,None,1,4.38,True
ACT-2026-004724,2026-08-05,K01,P-MOB-GSM,PID974400,None,1,1.01,True
ACT-2026-004725,2026-08-05,K01,P-MOB-GSM,PID379992,None,1,1.01,True
ACT-2026-004726,2026-08-05,K01,P-DIG-SVC,PID356559,None,1,5.58,True
ACT-2026-004727,2026-08-05,K01,P-MOB-GSM,PID846691,None,1,1.01,True
ACT-2026-004728,2026-08-05,K01,P-MOB-GSM,PID306990,None,1,1.01,True
ACT-2026-004729,2026-08-05,K01,P-MOB-GSM,PID464979,None,1,1.01,True
ACT-2026-004730,2026-08-05,K02,P-MOB-GSM,PID933725,None,1,1.01,True
ACT-2026-004731,2026-08-05,K02,P-MOB-GSM,PID680919,None,1,1.01,True
ACT-2026-004732,2026-08-05,K02,P-MOB-GSM,PID289958,None,1,1.01,True
ACT-2026-004733,2026-08-05,K02,P-MOB-GSM,PID199123,None,1,1.01,True
ACT-2026-004734,2026-08-05,K02,P-MOB-GSM,PID446681,None,1,1.01,True
ACT-2026-004735,2026-08-05,K02,P-MOB-GSM,PID135291,MNP,1,2.02,True
ACT-2026-004736,2026-08-05,K02,P-MOB-GSM,PID342602,MNP,1,2.02,True
ACT-2026-004737,2026-08-05,K02,P-MOB-GSM,PID698827,None,1,1.01,True
ACT-2026-004738,2026-08-05,K02,P-MOB-GSM,PID727258,None,1,1.01,True
ACT-2026-004739,2026-08-05,K02,P-MOB-GSM,PID120046,None,1,1.01,True
ACT-2026-004740,2026-08-05,K02,P-MOB-GSM,PID941644,None,1,1.01,True
ACT-2026-004741,2026-08-05,K02,P-MOB-GSM,PID935363,MNP,1,2.02,True
ACT-2026-004742,2026-08-05,K02,P-FIX-FBR,PID109577,None,1,10.92,True
ACT-2026-004743,2026-08-05,K02,P-MOB-GSM,PID852856,MNP,1,2.02,True
ACT-2026-004744,2026-08-05,K02,P-MOB-GSM,PID767931,None,1,1.01,True
ACT-2026-004745,2026-08-05,K03,P-DIG-SVC,PID830198,None,1,5.58,True
ACT-2026-004746,2026-08-05,K03,P-MOB-GSM,PID552459,None,1,1.01,True
ACT-2026-004747,2026-08-05,K03,P-MOB-GSM,PID341457,None,1,1.01,True
ACT-2026-004748,2026-08-05,K03,P-MOB-GSM,PID292653,None,1,1.01,True
ACT-2026-004749,2026-08-05,K03,P-MOB-GSM,PID337650,None,1,1.01,True
ACT-2026-004750,2026-08-05,K03,P-MOB-GSM,PID799443,None,1,1.01,True
ACT-2026-004751,2026-08-05,K03,P-MOB-GSM,PID676548,MNP,1,2.02,True
ACT-2026-004752,2026-08-05,K03,P-MOB-GSM,PID256412,None,1,1.01,True
ACT-2026-004753,2026-08-05,K03,P-DIG-SVC,PID601094,None,1,5.58,True
ACT-2026-004754,2026-08-05,K03,P-MOB-GSM,PID100003,MNP,1,2.02,True
ACT-2026-004755,2026-08-05,K03,P-MOB-GSM,PID751241,MNP,1,2.02,True
ACT-2026-004756,2026-08-05,K03,P-MOB-OTH,PID884614,None,1,1.52,True
ACT-2026-004757,2026-08-05,K03,P-MOB-GSM,PID642442,MNP,1,2.02,True
ACT-2026-004758,2026-08-05,K03,P-MOB-GSM,PID365181,None,1,1.01,True
ACT-2026-004759,2026-08-05,K04,P-MOB-GSM,PID609572,MNP,1,2.02,True
ACT-2026-004760,2026-08-05,K04,P-MOB-GSM,PID542740,MNP,1,2.02,True
ACT-2026-004761,2026-08-05,K04,P-MOB-GSM,PID573349,None,1,1.01,True
ACT-2026-004762,2026-08-05,K04,P-MOB-GSM,PID413915,None,1,1.01,True
ACT-2026-004763,2026-08-05,K04,P-MOB-GSM,PID357976,None,1,1.01,True
ACT-2026-004764,2026-08-05,K04,P-MOB-GSM,PID655393,None,1,1.01,True
ACT-2026-004765,2026-08-05,K04,P-MOB-GSM,PID368001,None,1,1.01,True
ACT-2026-004766,2026-08-05,K04,P-MOB-GSM,PID996324,None,1,1.01,True
ACT-2026-004767,2026-08-05,K05,P-MOB-GSM,PID704569,MNP,1,2.02,True
ACT-2026-004768,2026-08-05,K05,P-MOB-GSM,PID386980,None,1,1.01,True
ACT-2026-004769,2026-08-05,K05,P-MOB-OTH,PID190869,None,1,1.52,True
ACT-2026-004770,2026-08-05,K05,P-MOB-GSM,PID933225,MNP,1,2.02,True
ACT-2026-004771,2026-08-05,K05,P-MOB-GSM,PID223278,None,1,1.01,True
ACT-2026-004772,2026-08-05,K05,P-MOB-GSM,PID603205,None,1,1.01,True
ACT-2026-004773,2026-08-05,K05,P-MOB-OTH,PID667497,None,1,1.52,True
ACT-2026-004774,2026-08-05,K06,P-MOB-OTH,PID629705,None,1,1.52,True
ACT-2026-004775,2026-08-05,K06,P-MOB-GSM,PID299107,None,1,1.01,True
ACT-2026-004776,2026-08-05,K06,P-MOB-GSM,PID238808,None,1,1.01,True
ACT-2026-004777,2026-08-05,K06,P-MOB-GSM,PID449831,None,1,1.01,True
ACT-2026-004778,2026-08-05,K06,P-MOB-GSM,PID178149,None,1,1.01,True
ACT-2026-004779,2026-08-05,K07,P-MOB-GSM,PID199917,None,1,0.97,True
ACT-2026-004780,2026-08-05,K07,P-MOB-GSM,PID801996,None,1,0.97,True
ACT-2026-004781,2026-08-05,K07,P-DIG-SVC,PID124646,None,1,5.73,True
ACT-2026-004782,2026-08-05,K07,P-MOB-GSM,PID206059,MNP,1,1.95,True
ACT-2026-004783,2026-08-05,K07,P-MOB-GSM,PID358756,None,1,0.97,True
ACT-2026-004784,2026-08-05,K07,P-MOB-GSM,PID884705,None,1,0.97,True
ACT-2026-004785,2026-08-05,K07,P-MOB-GSM,PID827623,None,1,0.97,True
ACT-2026-004786,2026-08-05,K07,P-MOB-GSM,PID509563,None,1,0.97,True
ACT-2026-004787,2026-08-05,K07,P-MOB-GSM,PID469599,None,1,0.97,True
ACT-2026-004788,2026-08-05,K07,P-FIX-WFA,PID561225,None,1,5.95,True
ACT-2026-004789,2026-08-05,K07,P-MOB-GSM,PID810374,MNP,1,1.95,True
ACT-2026-004790,2026-08-05,K07,P-FIX-FBR,PID267195,None,1,9.91,True
ACT-2026-004791,2026-08-05,K07,P-MOB-GSM,PID977259,None,1,0.97,True
ACT-2026-004792,2026-08-05,K07,P-MOB-GSM,PID465731,None,1,0.97,True
ACT-2026-004793,2026-08-05,K07,P-MOB-OTH,PID598871,None,1,0.0,False
ACT-2026-004794,2026-08-05,K07,P-FIX-WFA,PID899160,None,1,5.95,True
ACT-2026-004795,2026-08-05,K07,P-MOB-GSM,PID810804,None,1,0.97,True
ACT-2026-004796,2026-08-05,K07,P-FIX-WFA,PID873534,FNP,1,5.95,True
ACT-2026-004797,2026-08-05,K07,P-MOB-OTH,PID143275,None,1,1.46,True
ACT-2026-004798,2026-08-05,K07,P-MOB-GSM,PID516538,None,1,0.97,True
ACT-2026-004799,2026-08-05,K08,P-MOB-GSM,PID967779,None,1,0.97,True
ACT-2026-004800,2026-08-05,K08,P-FIX-FBR,PID409665,FNP,1,9.91,True
ACT-2026-004801,2026-08-05,K08,P-MOB-OTH,PID833385,None,1,1.46,True
ACT-2026-004802,2026-08-05,K08,P-MOB-GSM,PID264239,None,1,0.97,True
ACT-2026-004803,2026-08-05,K08,P-MOB-GSM,PID452028,MNP,1,1.95,True
ACT-2026-004804,2026-08-05,K08,P-MOB-GSM,PID352578,None,1,0.97,True
ACT-2026-004805,2026-08-05,K08,P-MOB-GSM,PID507222,None,1,0.97,True
ACT-2026-004806,2026-08-05,K09,P-MOB-GSM,PID747218,MNP,1,1.95,True
ACT-2026-004807,2026-08-05,K09,P-MOB-GSM,PID458695,MNP,1,1.95,True
ACT-2026-004808,2026-08-05,K09,P-MOB-GSM,PID618447,None,1,0.97,True
ACT-2026-004809,2026-08-05,K09,P-MOB-GSM,PID594244,MNP,1,1.95,True
ACT-2026-004810,2026-08-05,K09,P-MOB-GSM,PID729570,None,1,0.97,True
ACT-2026-004811,2026-08-05,K09,P-MOB-GSM,PID790592,None,1,0.97,True
ACT-2026-004812,2026-08-05,K09,P-MOB-GSM,PID366361,MNP,1,1.95,True
ACT-2026-004813,2026-08-05,K09,P-MOB-GSM,PID908096,MNP,1,1.95,True
ACT-2026-004814,2026-08-05,K09,P-MOB-GSM,PID219327,None,1,0.97,True
ACT-2026-004815,2026-08-05,K10,P-MOB-GSM,PID897217,None,1,0.97,True
ACT-2026-004816,2026-08-05,K10,P-MOB-GSM,PID803213,MNP,1,1.95,True
ACT-2026-004817,2026-08-05,K10,P-MOB-GSM,PID583599,None,1,0.97,True
ACT-2026-004818,2026-08-05,K10,P-MOB-GSM,PID679272,None,1,0.97,True
ACT-2026-004819,2026-08-05,K10,P-MOB-GSM,PID247683,None,1,0.97,True
ACT-2026-004820,2026-08-05,K10,P-MOB-GSM,PID347584,None,1,0.97,True
ACT-2026-004821,2026-08-05,K10,P-FIX-FBR,PID821764,None,1,9.91,True
ACT-2026-004822,2026-08-05,K10,P-MOB-GSM,PID238939,MNP,1,1.95,True
ACT-2026-004823,2026-08-05,K10,P-MOB-GSM,PID384480,MNP,1,1.95,True
ACT-2026-004824,2026-08-05,K10,P-MOB-GSM,PID818096,None,1,0.97,True
ACT-2026-004825,2026-08-05,K11,P-MOB-GSM,PID220204,MNP,1,1.95,True
ACT-2026-004826,2026-08-05,K11,P-MOB-GSM,PID734024,MNP,1,1.95,True
ACT-2026-004827,2026-08-05,K11,P-MOB-GSM,PID765987,None,1,0.97,True
ACT-2026-004828,2026-08-05,K11,P-MOB-GSM,PID885982,None,1,0.97,True
ACT-2026-004829,2026-08-05,K11,P-MOB-GSM,PID620948,None,1,0.97,True
ACT-2026-004830,2026-08-05,K11,P-MOB-GSM,PID521547,MNP,1,1.95,True
ACT-2026-004831,2026-08-05,K11,P-MOB-GSM,PID817830,None,1,0.97,True
ACT-2026-004832,2026-08-05,K11,P-MOB-GSM,PID374550,None,1,0.97,True
ACT-2026-004833,2026-08-05,K11,P-MOB-GSM,PID804564,None,1,0.97,True
ACT-2026-004834,2026-08-05,K12,P-FIX-FBR,PID944834,None,1,9.91,True
ACT-2026-004835,2026-08-05,K12,P-DIG-SVC,PID750205,None,1,5.54,True
ACT-2026-004836,2026-08-05,K12,P-MOB-GSM,PID263297,None,1,0.97,True
ACT-2026-004837,2026-08-05,K12,P-MOB-GSM,PID878803,None,1,0.97,True
ACT-2026-004838,2026-08-05,K13,P-MOB-GSM,PID143673,None,1,1.04,True
ACT-2026-004839,2026-08-05,K13,P-MOB-GSM,PID922871,None,1,1.04,True
ACT-2026-004840,2026-08-05,K13,P-MOB-GSM,PID705765,None,1,1.04,True
ACT-2026-004841,2026-08-05,K13,P-MOB-GSM,PID946148,None,1,1.04,True
ACT-2026-004842,2026-08-05,K13,P-MOB-GSM,PID272313,MNP,1,2.09,True
ACT-2026-004843,2026-08-05,K13,P-MOB-GSM,PID930625,None,1,1.04,True
ACT-2026-004844,2026-08-05,K13,P-MOB-OTH,PID245147,None,1,0.0,False
ACT-2026-004845,2026-08-05,K13,P-FIX-WFA,PID124903,None,1,4.02,True
ACT-2026-004846,2026-08-05,K13,P-MOB-GSM,PID344529,None,1,1.04,True
ACT-2026-004847,2026-08-05,K13,P-MOB-GSM,PID607403,None,1,1.04,True
ACT-2026-004848,2026-08-05,K13,P-MOB-OTH,PID328806,None,1,1.57,True
ACT-2026-004849,2026-08-05,K13,P-MOB-GSM,PID348704,None,1,1.04,True
ACT-2026-004850,2026-08-05,K14,P-MOB-GSM,PID713117,None,1,1.04,True
ACT-2026-004851,2026-08-05,K14,P-MOB-GSM,PID825622,None,1,1.04,True
ACT-2026-004852,2026-08-05,K14,P-MOB-GSM,PID117296,None,1,1.04,True
ACT-2026-004853,2026-08-05,K14,P-MOB-GSM,PID695430,None,1,1.04,True
ACT-2026-004854,2026-08-05,K14,P-MOB-GSM,PID539671,None,1,1.04,True
ACT-2026-004855,2026-08-05,K14,P-MOB-GSM,PID771254,None,1,1.04,True
ACT-2026-004856,2026-08-05,K14,P-FIX-FBR,PID127114,None,1,6.69,True
ACT-2026-004857,2026-08-05,K14,P-MOB-GSM,PID180708,None,1,1.04,True
ACT-2026-004858,2026-08-05,K14,P-MOB-GSM,PID738447,None,1,1.04,True
ACT-2026-004859,2026-08-05,K14,P-DEV-DEV,PID504669,None,1,6.35,True
ACT-2026-004860,2026-08-05,K14,P-MOB-GSM,PID370740,MNP,1,2.09,True
ACT-2026-004861,2026-08-05,K14,P-MOB-GSM,PID242028,MNP,1,2.09,True
ACT-2026-004862,2026-08-05,K15,P-MOB-GSM,PID428385,None,1,1.04,True
ACT-2026-004863,2026-08-05,K15,P-MOB-GSM,PID824445,None,1,1.04,True
ACT-2026-004864,2026-08-05,K15,P-MOB-GSM,PID499761,None,1,1.04,True
ACT-2026-004865,2026-08-05,K15,P-MOB-GSM,PID557110,None,1,1.04,True
ACT-2026-004866,2026-08-05,K16,P-FIX-WFA,PID948451,None,1,4.02,True
ACT-2026-004867,2026-08-05,K16,P-MOB-OTH,PID478362,None,1,1.57,True
ACT-2026-004868,2026-08-05,K16,P-MOB-GSM,PID943230,None,1,1.04,True
ACT-2026-004869,2026-08-05,K16,P-MOB-GSM,PID194443,None,1,1.04,True
ACT-2026-004870,2026-08-05,K16,P-MOB-GSM,PID503205,None,1,1.04,True
ACT-2026-004871,2026-08-05,K16,P-MOB-GSM,PID421371,None,1,1.04,True
ACT-2026-004872,2026-08-05,K16,P-MOB-GSM,PID799626,None,1,1.04,True
ACT-2026-004873,2026-08-05,K16,P-MOB-GSM,PID684266,None,1,1.04,True
ACT-2026-004874,2026-08-05,K16,P-MOB-GSM,PID792934,None,1,1.04,True
ACT-2026-004875,2026-08-05,K16,P-MOB-GSM,PID114375,None,1,1.04,True
ACT-2026-004876,2026-08-05,K17,P-MOB-GSM,PID775859,None,1,1.04,True
ACT-2026-004877,2026-08-05,K17,P-MOB-OTH,PID109707,None,1,1.57,True
ACT-2026-004878,2026-08-05,K17,P-MOB-GSM,PID157461,None,1,0.0,False
ACT-2026-004879,2026-08-05,K17,P-MOB-GSM,PID623901,None,1,1.04,True
ACT-2026-004880,2026-08-05,K17,P-MOB-GSM,PID741990,None,1,1.04,True
ACT-2026-004881,2026-08-05,K17,P-MOB-GSM,PID905973,None,1,1.04,True
ACT-2026-004882,2026-08-05,K17,P-MOB-GSM,PID694452,None,1,1.04,True
ACT-2026-004883,2026-08-05,K17,P-MOB-OTH,PID773083,None,1,1.57,True
ACT-2026-004884,2026-08-05,K17,P-MOB-GSM,PID521180,None,1,1.04,True
ACT-2026-004885,2026-08-05,K18,P-MOB-GSM,PID374168,None,1,1.04,True
ACT-2026-004886,2026-08-05,K18,P-MOB-OTH,PID884483,None,1,1.57,True
ACT-2026-004887,2026-08-05,K18,P-MOB-GSM,PID224286,MNP,1,2.09,True
ACT-2026-004888,2026-08-05,K18,P-MOB-GSM,PID175047,None,1,1.04,True
ACT-2026-004889,2026-08-06,K01,P-MOB-GSM,PID701628,None,1,1.01,True
ACT-2026-004890,2026-08-06,K01,P-DIG-SVC,PID248948,None,1,5.58,True
ACT-2026-004891,2026-08-06,K01,P-MOB-GSM,PID135384,None,1,1.01,True
ACT-2026-004892,2026-08-06,K01,P-MOB-GSM,PID976388,None,1,1.01,True
ACT-2026-004893,2026-08-06,K01,P-MOB-GSM,PID723818,None,1,1.01,True
ACT-2026-004894,2026-08-06,K01,P-MOB-GSM,PID748288,None,1,1.01,True
ACT-2026-004895,2026-08-06,K01,P-MOB-OTH,PID320160,None,1,1.52,True
ACT-2026-004896,2026-08-06,K01,P-MOB-GSM,PID978120,None,1,1.01,True
ACT-2026-004897,2026-08-06,K01,P-MOB-GSM,PID238148,None,1,1.01,True
ACT-2026-004898,2026-08-06,K01,P-DEV-DEV,PID718749,None,1,4.38,True
ACT-2026-004899,2026-08-06,K01,P-MOB-GSM,PID414527,None,1,1.01,True
ACT-2026-004900,2026-08-06,K01,P-MOB-GSM,PID732321,MNP,1,2.02,True
ACT-2026-004901,2026-08-06,K01,P-MOB-GSM,PID259171,MNP,1,2.02,True
ACT-2026-004902,2026-08-06,K01,P-MOB-GSM,PID818325,None,1,1.01,True
ACT-2026-004903,2026-08-06,K01,P-MOB-GSM,PID940916,None,1,1.01,True
ACT-2026-004904,2026-08-06,K01,P-MOB-GSM,PID985250,None,1,1.01,True
ACT-2026-004905,2026-08-06,K01,P-MOB-GSM,PID985463,MNP,1,2.02,True
ACT-2026-004906,2026-08-06,K01,P-MOB-GSM,PID433045,None,1,1.01,True
ACT-2026-004907,2026-08-06,K01,P-MOB-GSM,PID311508,None,1,1.01,True
ACT-2026-004908,2026-08-06,K01,P-MOB-GSM,PID762017,None,1,1.01,True
ACT-2026-004909,2026-08-06,K01,P-MOB-GSM,PID682860,None,1,1.01,True
ACT-2026-004910,2026-08-06,K01,P-MOB-GSM,PID472138,MNP,1,2.02,True
ACT-2026-004911,2026-08-06,K02,P-MOB-GSM,PID571253,None,1,1.01,True
ACT-2026-004912,2026-08-06,K02,P-MOB-GSM,PID976628,None,1,1.01,True
ACT-2026-004913,2026-08-06,K02,P-MOB-GSM,PID874193,None,1,1.01,True
ACT-2026-004914,2026-08-06,K02,P-MOB-GSM,PID802244,None,1,1.01,True
ACT-2026-004915,2026-08-06,K02,P-MOB-GSM,PID422242,MNP,1,2.02,True
ACT-2026-004916,2026-08-06,K02,P-MOB-GSM,PID957866,MNP,1,2.02,True
ACT-2026-004917,2026-08-06,K02,P-MOB-GSM,PID192013,None,1,1.01,True
ACT-2026-004918,2026-08-06,K02,P-MOB-GSM,PID531836,None,1,1.01,True
ACT-2026-004919,2026-08-06,K02,P-FIX-WFA,PID316582,None,1,6.55,True
ACT-2026-004920,2026-08-06,K02,P-MOB-GSM,PID769409,MNP,1,2.02,True
ACT-2026-004921,2026-08-06,K02,P-MOB-GSM,PID163600,None,1,1.01,True
ACT-2026-004922,2026-08-06,K02,P-MOB-GSM,PID290339,None,1,1.01,True
ACT-2026-004923,2026-08-06,K02,P-MOB-GSM,PID840834,MNP,1,2.02,True
ACT-2026-004924,2026-08-06,K02,P-MOB-GSM,PID190327,MNP,1,2.02,True
ACT-2026-004925,2026-08-06,K02,P-FIX-FBR,PID685244,FNP,1,10.92,True
ACT-2026-004926,2026-08-06,K02,P-MOB-GSM,PID776845,None,1,1.01,True
ACT-2026-004927,2026-08-06,K02,P-DIG-SVC,PID258256,None,1,5.58,True
ACT-2026-004928,2026-08-06,K02,P-MOB-GSM,PID659920,None,1,1.01,True
ACT-2026-004929,2026-08-06,K02,P-MOB-GSM,PID170329,MNP,1,2.02,True
ACT-2026-004930,2026-08-06,K03,P-MOB-GSM,PID362429,MNP,1,2.02,True
ACT-2026-004931,2026-08-06,K03,P-MOB-GSM,PID385999,MNP,1,2.02,True
ACT-2026-004932,2026-08-06,K03,P-MOB-GSM,PID781828,None,1,1.01,True
ACT-2026-004933,2026-08-06,K03,P-MOB-GSM,PID825709,None,1,1.01,True
ACT-2026-004934,2026-08-06,K03,P-MOB-GSM,PID522590,None,1,1.01,True
ACT-2026-004935,2026-08-06,K03,P-MOB-OTH,PID224138,None,1,1.52,True
ACT-2026-004936,2026-08-06,K03,P-MOB-GSM,PID733117,MNP,1,0.0,False
ACT-2026-004937,2026-08-06,K03,P-MOB-GSM,PID796545,None,1,1.01,True
ACT-2026-004938,2026-08-06,K03,P-MOB-GSM,PID327422,None,1,1.01,True
ACT-2026-004939,2026-08-06,K03,P-MOB-GSM,PID943624,None,1,1.01,True
ACT-2026-004940,2026-08-06,K03,P-MOB-OTH,PID277134,None,1,1.52,True
ACT-2026-004941,2026-08-06,K03,P-MOB-GSM,PID167804,None,1,1.01,True
ACT-2026-004942,2026-08-06,K03,P-MOB-GSM,PID517931,None,1,1.01,True
ACT-2026-004943,2026-08-06,K03,P-MOB-GSM,PID672284,None,1,1.01,True
ACT-2026-004944,2026-08-06,K03,P-MOB-GSM,PID810385,None,1,1.01,True
ACT-2026-004945,2026-08-06,K04,P-DIG-SVC,PID447737,None,1,5.58,True
ACT-2026-004946,2026-08-06,K04,P-MOB-GSM,PID527803,None,1,1.01,True
ACT-2026-004947,2026-08-06,K04,P-MOB-GSM,PID694374,None,1,1.01,True
ACT-2026-004948,2026-08-06,K04,P-MOB-GSM,PID393761,MNP,1,2.02,True
ACT-2026-004949,2026-08-06,K04,P-MOB-GSM,PID112453,None,1,1.01,True
ACT-2026-004950,2026-08-06,K04,P-MOB-GSM,PID850014,None,1,1.01,True
ACT-2026-004951,2026-08-06,K04,P-MOB-GSM,PID703863,None,1,1.01,True
ACT-2026-004952,2026-08-06,K04,P-MOB-GSM,PID380439,None,1,1.01,True
ACT-2026-004953,2026-08-06,K04,P-MOB-GSM,PID999401,None,1,1.01,True
ACT-2026-004954,2026-08-06,K04,P-DEV-DEV,PID250075,None,1,4.38,True
ACT-2026-004955,2026-08-06,K05,P-MOB-GSM,PID830514,None,1,1.01,True
ACT-2026-004956,2026-08-06,K05,P-MOB-GSM,PID716032,None,1,1.01,True
ACT-2026-004957,2026-08-06,K05,P-MOB-GSM,PID300243,MNP,1,2.02,True
ACT-2026-004958,2026-08-06,K05,P-MOB-GSM,PID450047,None,1,1.01,True
ACT-2026-004959,2026-08-06,K05,P-MOB-GSM,PID737141,None,1,1.01,True
ACT-2026-004960,2026-08-06,K06,P-MOB-GSM,PID750319,None,1,1.01,True
ACT-2026-004961,2026-08-06,K06,P-MOB-GSM,PID795574,None,1,1.01,True
ACT-2026-004962,2026-08-06,K06,P-MOB-GSM,PID250876,None,1,1.01,True
ACT-2026-004963,2026-08-06,K06,P-MOB-OTH,PID901568,None,1,1.52,True
ACT-2026-004964,2026-08-06,K07,P-MOB-GSM,PID498387,MNP,1,1.95,True
ACT-2026-004965,2026-08-06,K07,P-MOB-GSM,PID440457,MNP,1,1.95,True
ACT-2026-004966,2026-08-06,K07,P-MOB-GSM,PID293033,None,1,0.97,True
ACT-2026-004967,2026-08-06,K07,P-MOB-GSM,PID587914,None,1,0.97,True
ACT-2026-004968,2026-08-06,K07,P-MOB-GSM,PID900494,None,1,0.97,True
ACT-2026-004969,2026-08-06,K07,P-MOB-OTH,PID932266,None,1,1.46,True
ACT-2026-004970,2026-08-06,K07,P-MOB-OTH,PID408804,None,1,1.46,True
ACT-2026-004971,2026-08-06,K07,P-MOB-GSM,PID486761,None,1,0.97,True
ACT-2026-004972,2026-08-06,K07,P-MOB-GSM,PID112601,None,1,0.97,True
ACT-2026-004973,2026-08-06,K07,P-MOB-GSM,PID672753,None,1,0.97,True
ACT-2026-004974,2026-08-06,K07,P-MOB-GSM,PID952329,None,1,0.97,True
ACT-2026-004975,2026-08-06,K07,P-MOB-GSM,PID810534,None,1,0.97,True
ACT-2026-004976,2026-08-06,K07,P-MOB-GSM,PID589303,None,1,0.97,True
ACT-2026-004977,2026-08-06,K07,P-MOB-GSM,PID510060,None,1,0.97,True
ACT-2026-004978,2026-08-06,K07,P-MOB-GSM,PID638672,None,1,0.97,True
ACT-2026-004979,2026-08-06,K07,P-MOB-GSM,PID503216,None,1,0.97,True
ACT-2026-004980,2026-08-06,K07,P-MOB-GSM,PID770992,None,1,0.97,True
ACT-2026-004981,2026-08-06,K07,P-MOB-GSM,PID229725,None,1,0.97,True
ACT-2026-004982,2026-08-06,K07,P-MOB-OTH,PID849952,None,1,1.46,True
ACT-2026-004983,2026-08-06,K07,P-MOB-GSM,PID256912,MNP,1,1.95,True
ACT-2026-004984,2026-08-06,K08,P-MOB-GSM,PID849426,None,1,0.0,False
ACT-2026-004985,2026-08-06,K08,P-MOB-GSM,PID766200,None,1,0.97,True
ACT-2026-004986,2026-08-06,K08,P-MOB-GSM,PID589213,None,1,0.97,True
ACT-2026-004987,2026-08-06,K08,P-MOB-GSM,PID829787,None,1,0.97,True
ACT-2026-004988,2026-08-06,K08,P-MOB-GSM,PID660413,None,1,0.97,True
ACT-2026-004989,2026-08-06,K08,P-MOB-OTH,PID304222,None,1,1.46,True
ACT-2026-004990,2026-08-06,K08,P-MOB-GSM,PID592087,None,1,0.97,True
ACT-2026-004991,2026-08-06,K08,P-MOB-GSM,PID926301,None,1,0.97,True
ACT-2026-004992,2026-08-06,K08,P-MOB-GSM,PID412750,None,1,0.97,True
ACT-2026-004993,2026-08-06,K08,P-MOB-GSM,PID420960,None,1,0.97,True
ACT-2026-004994,2026-08-06,K08,P-MOB-GSM,PID496666,None,1,0.97,True
ACT-2026-004995,2026-08-06,K08,P-MOB-GSM,PID539273,None,1,0.97,True
ACT-2026-004996,2026-08-06,K08,P-FIX-FBR,PID786302,FNP,1,9.91,True
ACT-2026-004997,2026-08-06,K08,P-MOB-GSM,PID328202,None,1,0.97,True
ACT-2026-004998,2026-08-06,K08,P-MOB-OTH,PID257341,None,1,1.46,True
ACT-2026-004999,2026-08-06,K08,P-MOB-GSM,PID624900,MNP,1,1.95,True
ACT-2026-005000,2026-08-06,K09,P-MOB-GSM,PID907570,None,1,0.97,True
ACT-2026-005001,2026-08-06,K09,P-MOB-GSM,PID532870,None,1,0.97,True
ACT-2026-005002,2026-08-06,K09,P-MOB-GSM,PID336576,None,1,0.97,True
ACT-2026-005003,2026-08-06,K09,P-FIX-BIB,PID996120,None,1,14.87,True
ACT-2026-005004,2026-08-06,K09,P-MOB-GSM,PID402189,None,1,0.97,True
ACT-2026-005005,2026-08-06,K09,P-MOB-GSM,PID458689,None,1,0.97,True
ACT-2026-005006,2026-08-06,K09,P-MOB-GSM,PID513965,None,1,0.97,True
ACT-2026-005007,2026-08-06,K09,P-MOB-GSM,PID988599,None,1,0.97,True
ACT-2026-005008,2026-08-06,K09,P-MOB-GSM,PID401426,None,1,0.97,True
ACT-2026-005009,2026-08-06,K09,P-MOB-GSM,PID679590,None,1,0.97,True
ACT-2026-005010,2026-08-06,K10,P-MOB-GSM,PID867063,None,1,0.97,True
ACT-2026-005011,2026-08-06,K10,P-MOB-GSM,PID731893,None,1,0.97,True
ACT-2026-005012,2026-08-06,K10,P-DIG-SVC,PID635346,None,1,5.73,True
ACT-2026-005013,2026-08-06,K10,P-MOB-GSM,PID483260,None,1,0.97,True
ACT-2026-005014,2026-08-06,K10,P-MOB-OTH,PID720586,None,1,1.46,True
ACT-2026-005015,2026-08-06,K10,P-MOB-GSM,PID866898,MNP,1,1.95,True
ACT-2026-005016,2026-08-06,K10,P-MOB-GSM,PID696479,None,1,0.97,True
ACT-2026-005017,2026-08-06,K11,P-MOB-GSM,PID556718,None,1,0.0,False
ACT-2026-005018,2026-08-06,K11,P-MOB-GSM,PID608946,None,1,0.97,True
ACT-2026-005019,2026-08-06,K11,P-FIX-FBR,PID961679,None,1,9.91,True
ACT-2026-005020,2026-08-06,K11,P-MOB-GSM,PID728765,None,1,0.97,True
ACT-2026-005021,2026-08-06,K12,P-MOB-GSM,PID823664,None,1,0.97,True
ACT-2026-005022,2026-08-06,K12,P-MOB-GSM,PID540445,MNP,1,1.95,True
ACT-2026-005023,2026-08-06,K12,P-MOB-GSM,PID374647,MNP,1,1.95,True
ACT-2026-005024,2026-08-06,K12,P-MOB-GSM,PID783417,None,1,0.97,True
ACT-2026-005025,2026-08-06,K12,P-MOB-GSM,PID961092,MNP,1,1.95,True
ACT-2026-005026,2026-08-06,K13,P-MOB-GSM,PID428630,None,1,1.04,True
ACT-2026-005027,2026-08-06,K13,P-MOB-GSM,PID414979,MNP,1,2.09,True
ACT-2026-005028,2026-08-06,K13,P-MOB-GSM,PID971845,MNP,1,2.09,True
ACT-2026-005029,2026-08-06,K13,P-MOB-GSM,PID860777,MNP,1,2.09,True
ACT-2026-005030,2026-08-06,K13,P-MOB-OTH,PID721147,None,1,1.57,True
ACT-2026-005031,2026-08-06,K13,P-MOB-GSM,PID823867,None,1,1.04,True
ACT-2026-005032,2026-08-06,K13,P-FIX-FBR,PID610580,None,1,6.69,True
ACT-2026-005033,2026-08-06,K13,P-MOB-GSM,PID345035,MNP,1,2.09,True
ACT-2026-005034,2026-08-06,K13,P-FIX-FBR,PID917173,None,1,6.69,True
ACT-2026-005035,2026-08-06,K13,P-MOB-GSM,PID812071,None,1,1.04,True
ACT-2026-005036,2026-08-06,K14,P-MOB-GSM,PID504497,None,1,1.04,True
ACT-2026-005037,2026-08-06,K14,P-MOB-GSM,PID705288,None,1,1.04,True
ACT-2026-005038,2026-08-06,K14,P-MOB-OTH,PID836431,None,1,1.57,True
ACT-2026-005039,2026-08-06,K14,P-MOB-OTH,PID990075,None,1,1.57,True
ACT-2026-005040,2026-08-06,K14,P-MOB-GSM,PID443455,None,1,1.04,True
ACT-2026-005041,2026-08-06,K14,P-MOB-GSM,PID489529,MNP,1,2.09,True
ACT-2026-005042,2026-08-06,K14,P-MOB-GSM,PID319130,MNP,1,2.09,True
ACT-2026-005043,2026-08-06,K14,P-FIX-FBR,PID513574,None,1,6.69,True
ACT-2026-005044,2026-08-06,K14,P-MOB-GSM,PID992013,None,1,1.04,True
ACT-2026-005045,2026-08-06,K14,P-MOB-GSM,PID516932,MNP,1,2.09,True
ACT-2026-005046,2026-08-06,K14,P-MOB-GSM,PID978342,None,1,1.04,True
ACT-2026-005047,2026-08-06,K14,P-MOB-OTH,PID496775,None,1,1.57,True
ACT-2026-005048,2026-08-06,K14,P-MOB-GSM,PID412803,None,1,1.04,True
ACT-2026-005049,2026-08-06,K15,P-MOB-GSM,PID426753,None,1,1.04,True
ACT-2026-005050,2026-08-06,K15,P-MOB-GSM,PID172193,None,1,1.04,True
ACT-2026-005051,2026-08-06,K15,P-MOB-OTH,PID817242,None,1,1.57,True
ACT-2026-005052,2026-08-06,K15,P-MOB-GSM,PID499999,MNP,1,2.09,True
ACT-2026-005053,2026-08-06,K15,P-FIX-BIB,PID787193,None,1,10.04,True
ACT-2026-005054,2026-08-06,K15,P-MOB-GSM,PID872035,MNP,1,2.09,True
ACT-2026-005055,2026-08-06,K16,P-MOB-GSM,PID166130,None,1,1.04,True
ACT-2026-005056,2026-08-06,K16,P-DEV-DEV,PID842542,None,1,6.35,True
ACT-2026-005057,2026-08-06,K16,P-MOB-GSM,PID440350,None,1,1.04,True
ACT-2026-005058,2026-08-06,K16,P-DEV-DEV,PID965254,None,1,6.35,True
ACT-2026-005059,2026-08-06,K16,P-MOB-GSM,PID670071,MNP,1,2.09,True
ACT-2026-005060,2026-08-06,K16,P-MOB-GSM,PID863640,None,1,1.04,True
ACT-2026-005061,2026-08-06,K16,P-MOB-GSM,PID350671,None,1,1.04,True
ACT-2026-005062,2026-08-06,K16,P-MOB-OTH,PID437936,None,1,1.57,True
ACT-2026-005063,2026-08-06,K16,P-MOB-GSM,PID969058,None,1,1.04,True
ACT-2026-005064,2026-08-06,K16,P-MOB-GSM,PID364108,MNP,1,2.09,True
ACT-2026-005065,2026-08-06,K17,P-MOB-GSM,PID721507,None,1,1.04,True
ACT-2026-005066,2026-08-06,K17,P-MOB-GSM,PID442761,None,1,1.04,True
ACT-2026-005067,2026-08-06,K17,P-MOB-GSM,PID299670,None,1,1.04,True
ACT-2026-005068,2026-08-06,K17,P-MOB-GSM,PID571769,None,1,1.04,True
ACT-2026-005069,2026-08-06,K18,P-MOB-GSM,PID923330,MNP,1,2.09,True
ACT-2026-005070,2026-08-06,K18,P-MOB-GSM,PID134675,None,1,1.04,True
ACT-2026-005071,2026-08-06,K18,P-MOB-GSM,PID264982,None,1,2.62,True
ACT-2026-005072,2026-08-07,K01,P-MOB-GSM,PID938402,None,1,1.01,True
ACT-2026-005073,2026-08-07,K01,P-MOB-OTH,PID117945,None,1,1.52,True
ACT-2026-005074,2026-08-07,K01,P-MOB-GSM,PID231879,None,1,1.01,True
ACT-2026-005075,2026-08-07,K01,P-FIX-BIB,PID334757,None,1,16.39,True
ACT-2026-005076,2026-08-07,K01,P-DEV-DEV,PID905791,None,1,4.38,True
ACT-2026-005077,2026-08-07,K01,P-MOB-GSM,PID371831,None,1,1.01,True
ACT-2026-005078,2026-08-07,K01,P-MOB-GSM,PID518856,None,1,1.01,True
ACT-2026-005079,2026-08-07,K01,P-MOB-GSM,PID250798,None,1,1.01,True
ACT-2026-005080,2026-08-07,K01,P-MOB-GSM,PID607706,None,1,1.01,True
ACT-2026-005081,2026-08-07,K01,P-FIX-BIB,PID785146,None,1,16.39,True
ACT-2026-005082,2026-08-07,K01,P-FIX-FBR,PID982760,None,1,10.92,True
ACT-2026-005083,2026-08-07,K01,P-MOB-GSM,PID658013,None,1,1.01,True
ACT-2026-005084,2026-08-07,K01,P-MOB-GSM,PID768653,None,1,1.01,True
ACT-2026-005085,2026-08-07,K01,P-MOB-OTH,PID576885,None,1,1.52,True
ACT-2026-005086,2026-08-07,K01,P-MOB-OTH,PID785904,None,1,1.52,True
ACT-2026-005087,2026-08-07,K01,P-MOB-GSM,PID891918,None,1,1.01,True
ACT-2026-005088,2026-08-07,K01,P-MOB-GSM,PID397626,None,1,1.01,True
ACT-2026-005089,2026-08-07,K01,P-MOB-GSM,PID707322,None,1,1.01,True
ACT-2026-005090,2026-08-07,K01,P-MOB-GSM,PID881902,None,1,1.01,True
ACT-2026-005091,2026-08-07,K01,P-MOB-GSM,PID251296,None,1,1.01,True
ACT-2026-005092,2026-08-07,K01,P-MOB-GSM,PID953291,None,1,1.01,True
ACT-2026-005093,2026-08-07,K01,P-DIG-SVC,PID699089,None,1,5.58,True
ACT-2026-005094,2026-08-07,K01,P-MOB-GSM,PID113433,None,1,1.01,True
ACT-2026-005095,2026-08-07,K01,P-MOB-GSM,PID237684,None,1,1.01,True
ACT-2026-005096,2026-08-07,K01,P-MOB-GSM,PID987501,MNP,1,2.02,True
ACT-2026-005097,2026-08-07,K02,P-MOB-GSM,PID326125,None,1,1.01,True
ACT-2026-005098,2026-08-07,K02,P-MOB-GSM,PID486977,None,1,1.01,True
ACT-2026-005099,2026-08-07,K02,P-DIG-SVC,PID244147,None,1,5.58,True
ACT-2026-005100,2026-08-07,K02,P-MOB-GSM,PID773450,MNP,1,2.02,True
ACT-2026-005101,2026-08-07,K02,P-MOB-GSM,PID717855,None,1,1.01,True
ACT-2026-005102,2026-08-07,K02,P-MOB-GSM,PID869076,None,1,1.01,True
ACT-2026-005103,2026-08-07,K02,P-MOB-GSM,PID971032,None,1,1.01,True
ACT-2026-005104,2026-08-07,K02,P-MOB-GSM,PID188313,None,1,1.01,True
ACT-2026-005105,2026-08-07,K02,P-MOB-GSM,PID803559,None,1,1.01,True
ACT-2026-005106,2026-08-07,K02,P-MOB-GSM,PID642806,None,1,1.01,True
ACT-2026-005107,2026-08-07,K02,P-MOB-GSM,PID947548,MNP,1,2.02,True
ACT-2026-005108,2026-08-07,K02,P-MOB-GSM,PID931412,None,1,1.01,True
ACT-2026-005109,2026-08-07,K03,P-MOB-GSM,PID508128,None,1,1.01,True
ACT-2026-005110,2026-08-07,K03,P-MOB-GSM,PID704462,None,1,1.01,True
ACT-2026-005111,2026-08-07,K03,P-MOB-GSM,PID786465,None,1,1.01,True
ACT-2026-005112,2026-08-07,K03,P-MOB-GSM,PID490667,None,1,1.01,True
ACT-2026-005113,2026-08-07,K03,P-MOB-GSM,PID941509,None,1,1.01,True
ACT-2026-005114,2026-08-07,K03,P-MOB-GSM,PID687577,None,1,1.01,True
ACT-2026-005115,2026-08-07,K03,P-MOB-GSM,PID485549,None,1,1.01,True
ACT-2026-005116,2026-08-07,K03,P-MOB-GSM,PID946421,None,1,1.01,True
ACT-2026-005117,2026-08-07,K03,P-MOB-GSM,PID353516,MNP,1,2.02,True
ACT-2026-005118,2026-08-07,K03,P-MOB-GSM,PID788518,None,1,1.01,True
ACT-2026-005119,2026-08-07,K03,P-MOB-OTH,PID399446,None,1,1.52,True
ACT-2026-005120,2026-08-07,K03,P-MOB-GSM,PID404020,None,1,1.01,True
ACT-2026-005121,2026-08-07,K03,P-MOB-GSM,PID499636,MNP,1,2.02,True
ACT-2026-005122,2026-08-07,K03,P-MOB-GSM,PID428147,None,1,1.01,True
ACT-2026-005123,2026-08-07,K03,P-MOB-GSM,PID673440,None,1,1.01,True
ACT-2026-005124,2026-08-07,K03,P-MOB-GSM,PID269076,None,1,1.01,True
ACT-2026-005125,2026-08-07,K03,P-MOB-OTH,PID465276,None,1,1.52,True
ACT-2026-005126,2026-08-07,K04,P-MOB-GSM,PID448801,MNP,1,2.02,True
ACT-2026-005127,2026-08-07,K04,P-MOB-GSM,PID392529,None,1,1.01,True
ACT-2026-005128,2026-08-07,K04,P-MOB-GSM,PID390170,MNP,1,2.02,True
ACT-2026-005129,2026-08-07,K04,P-MOB-GSM,PID893451,None,1,1.01,True
ACT-2026-005130,2026-08-07,K04,P-MOB-GSM,PID686539,None,1,1.01,True
ACT-2026-005131,2026-08-07,K04,P-MOB-GSM,PID141499,MNP,1,2.02,True
ACT-2026-005132,2026-08-07,K04,P-FIX-FBR,PID504154,None,1,10.92,True
ACT-2026-005133,2026-08-07,K04,P-MOB-GSM,PID569059,None,1,1.01,True
ACT-2026-005134,2026-08-07,K04,P-MOB-GSM,PID534540,None,1,1.01,True
ACT-2026-005135,2026-08-07,K04,P-MOB-GSM,PID630249,MNP,1,2.02,True
ACT-2026-005136,2026-08-07,K04,P-MOB-GSM,PID479558,None,1,1.01,True
ACT-2026-005137,2026-08-07,K04,P-MOB-GSM,PID315304,MNP,1,2.02,True
ACT-2026-005138,2026-08-07,K04,P-MOB-GSM,PID136670,None,1,1.01,True
ACT-2026-005139,2026-08-07,K04,P-DEV-DEV,PID572410,None,1,4.38,True
ACT-2026-005140,2026-08-07,K05,P-MOB-GSM,PID612081,None,1,1.01,True
ACT-2026-005141,2026-08-07,K05,P-MOB-GSM,PID444229,None,1,1.01,True
ACT-2026-005142,2026-08-07,K05,P-MOB-GSM,PID439296,None,1,1.01,True
ACT-2026-005143,2026-08-07,K05,P-MOB-GSM,PID722104,None,1,1.01,True
ACT-2026-005144,2026-08-07,K05,P-MOB-GSM,PID639242,None,1,1.01,True
ACT-2026-005145,2026-08-07,K05,P-MOB-GSM,PID857448,None,1,1.01,True
ACT-2026-005146,2026-08-07,K06,P-MOB-GSM,PID214309,None,1,0.0,False
ACT-2026-005147,2026-08-07,K06,P-MOB-GSM,PID177741,None,1,1.01,True
ACT-2026-005148,2026-08-07,K06,P-MOB-GSM,PID606367,None,1,1.01,True
ACT-2026-005149,2026-08-07,K06,P-MOB-GSM,PID634833,None,1,1.01,True
ACT-2026-005150,2026-08-07,K06,P-MOB-GSM,PID941405,None,1,1.01,True
ACT-2026-005151,2026-08-07,K06,P-MOB-GSM,PID186530,None,1,1.01,True
ACT-2026-005152,2026-08-07,K07,P-FIX-FBR,PID786233,FNP,1,9.91,True
ACT-2026-005153,2026-08-07,K07,P-MOB-GSM,PID526841,None,1,0.97,True
ACT-2026-005154,2026-08-07,K07,P-MOB-GSM,PID959761,None,1,0.97,True
ACT-2026-005155,2026-08-07,K07,P-MOB-GSM,PID645135,None,1,0.97,True
ACT-2026-005156,2026-08-07,K07,P-FIX-WFA,PID122641,None,1,5.95,True
ACT-2026-005157,2026-08-07,K07,P-MOB-GSM,PID935112,MNP,1,1.95,True
ACT-2026-005158,2026-08-07,K07,P-MOB-OTH,PID403367,None,1,1.46,True
ACT-2026-005159,2026-08-07,K07,P-MOB-GSM,PID290547,MNP,1,1.95,True
ACT-2026-005160,2026-08-07,K08,P-MOB-GSM,PID513301,None,1,0.97,True
ACT-2026-005161,2026-08-07,K08,P-MOB-OTH,PID860825,None,1,1.46,True
ACT-2026-005162,2026-08-07,K08,P-MOB-GSM,PID309366,None,1,0.97,True
ACT-2026-005163,2026-08-07,K08,P-MOB-GSM,PID978313,MNP,1,1.95,True
ACT-2026-005164,2026-08-07,K08,P-MOB-GSM,PID278731,MNP,1,1.95,True
ACT-2026-005165,2026-08-07,K08,P-MOB-GSM,PID800780,None,1,0.97,True
ACT-2026-005166,2026-08-07,K08,P-MOB-GSM,PID370895,None,1,0.97,True
ACT-2026-005167,2026-08-07,K08,P-MOB-GSM,PID108857,None,1,0.97,True
ACT-2026-005168,2026-08-07,K08,P-MOB-GSM,PID211465,None,1,0.97,True
ACT-2026-005169,2026-08-07,K08,P-MOB-GSM,PID741644,None,1,0.97,True
ACT-2026-005170,2026-08-07,K08,P-MOB-GSM,PID407602,None,1,0.97,True
ACT-2026-005171,2026-08-07,K08,P-MOB-GSM,PID478957,None,1,0.97,True
ACT-2026-005172,2026-08-07,K08,P-MOB-GSM,PID809073,None,1,0.97,True
ACT-2026-005173,2026-08-07,K08,P-FIX-FBR,PID382269,None,1,9.91,True
ACT-2026-005174,2026-08-07,K09,P-MOB-GSM,PID343667,MNP,1,1.95,True
ACT-2026-005175,2026-08-07,K09,P-MOB-GSM,PID581995,None,1,0.97,True
ACT-2026-005176,2026-08-07,K09,P-MOB-GSM,PID147439,None,1,0.97,True
ACT-2026-005177,2026-08-07,K09,P-MOB-GSM,PID800144,None,1,0.97,True
ACT-2026-005178,2026-08-07,K09,P-MOB-GSM,PID731952,None,1,0.97,True
ACT-2026-005179,2026-08-07,K09,P-MOB-GSM,PID716976,None,1,0.97,True
ACT-2026-005180,2026-08-07,K09,P-MOB-GSM,PID766098,None,1,0.97,True
ACT-2026-005181,2026-08-07,K09,P-MOB-GSM,PID146061,None,1,0.97,True
ACT-2026-005182,2026-08-07,K09,P-MOB-GSM,PID967813,MNP,1,1.95,True
ACT-2026-005183,2026-08-07,K09,P-MOB-GSM,PID935114,MNP,1,1.95,True
ACT-2026-005184,2026-08-07,K09,P-MOB-GSM,PID816091,None,1,0.97,True
ACT-2026-005185,2026-08-07,K09,P-MOB-GSM,PID585072,None,1,0.97,True
ACT-2026-005186,2026-08-07,K09,P-MOB-GSM,PID737058,None,1,0.97,True
ACT-2026-005187,2026-08-07,K10,P-MOB-GSM,PID856912,None,1,0.97,True
ACT-2026-005188,2026-08-07,K10,P-MOB-GSM,PID779924,None,1,0.0,False
ACT-2026-005189,2026-08-07,K10,P-MOB-GSM,PID980314,None,1,0.97,True
ACT-2026-005190,2026-08-07,K10,P-MOB-GSM,PID434399,None,1,0.97,True
ACT-2026-005191,2026-08-07,K10,P-MOB-GSM,PID449124,None,1,0.97,True
ACT-2026-005192,2026-08-07,K10,P-MOB-GSM,PID970308,None,1,0.97,True
ACT-2026-005193,2026-08-07,K10,P-MOB-GSM,PID524756,None,1,0.97,True
ACT-2026-005194,2026-08-07,K10,P-MOB-GSM,PID283923,None,1,0.97,True
ACT-2026-005195,2026-08-07,K10,P-MOB-GSM,PID546067,None,1,0.97,True
ACT-2026-005196,2026-08-07,K10,P-MOB-GSM,PID754449,None,1,0.97,True
ACT-2026-005197,2026-08-07,K11,P-FIX-BIB,PID499604,None,1,14.87,True
ACT-2026-005198,2026-08-07,K11,P-MOB-GSM,PID858629,None,1,0.97,True
ACT-2026-005199,2026-08-07,K11,P-FIX-FBR,PID904739,None,1,9.91,True
ACT-2026-005200,2026-08-07,K11,P-MOB-GSM,PID420033,None,1,0.97,True
ACT-2026-005201,2026-08-07,K11,P-MOB-GSM,PID121144,None,1,0.97,True
ACT-2026-005202,2026-08-07,K11,P-MOB-GSM,PID707151,None,1,0.97,True
ACT-2026-005203,2026-08-07,K11,P-DIG-SVC,PID435860,None,1,5.73,True
ACT-2026-005204,2026-08-07,K11,P-MOB-GSM,PID575868,None,1,0.97,True
ACT-2026-005205,2026-08-07,K12,P-MOB-GSM,PID846886,None,1,0.97,True
ACT-2026-005206,2026-08-07,K12,P-MOB-GSM,PID913308,None,1,0.97,True
ACT-2026-005207,2026-08-07,K12,P-MOB-OTH,PID956889,None,1,1.46,True
ACT-2026-005208,2026-08-07,K13,P-FIX-WFA,PID216902,None,1,4.02,True
ACT-2026-005209,2026-08-07,K13,P-MOB-GSM,PID441352,None,1,1.04,True
ACT-2026-005210,2026-08-07,K13,P-MOB-GSM,PID186872,None,1,1.04,True
ACT-2026-005211,2026-08-07,K13,P-MOB-GSM,PID851819,None,1,1.04,True
ACT-2026-005212,2026-08-07,K13,P-MOB-GSM,PID718428,None,1,1.04,True
ACT-2026-005213,2026-08-07,K13,P-MOB-GSM,PID476702,None,1,1.04,True
ACT-2026-005214,2026-08-07,K13,P-FIX-FBR,PID374362,FNP,1,6.69,True
ACT-2026-005215,2026-08-07,K13,P-MOB-GSM,PID827544,None,1,1.04,True
ACT-2026-005216,2026-08-07,K13,P-MOB-GSM,PID982676,None,1,1.04,True
ACT-2026-005217,2026-08-07,K13,P-DIG-SVC,PID236619,None,1,4.99,True
ACT-2026-005218,2026-08-07,K13,P-MOB-GSM,PID855222,MNP,1,2.09,True
ACT-2026-005219,2026-08-07,K14,P-FIX-WFA,PID707398,None,1,4.02,True
ACT-2026-005220,2026-08-07,K14,P-MOB-GSM,PID166200,None,1,1.04,True
ACT-2026-005221,2026-08-07,K14,P-DIG-SVC,PID631161,None,1,4.99,True
ACT-2026-005222,2026-08-07,K14,P-MOB-GSM,PID318627,MNP,1,2.09,True
ACT-2026-005223,2026-08-07,K14,P-MOB-GSM,PID871935,None,1,1.04,True
ACT-2026-005224,2026-08-07,K14,P-MOB-GSM,PID742885,None,1,1.04,True
ACT-2026-005225,2026-08-07,K14,P-MOB-GSM,PID887399,None,1,1.04,True
ACT-2026-005226,2026-08-07,K14,P-MOB-GSM,PID931038,None,1,1.04,True
ACT-2026-005227,2026-08-07,K15,P-MOB-GSM,PID349662,None,1,1.04,True
ACT-2026-005228,2026-08-07,K15,P-MOB-GSM,PID708287,MNP,1,2.09,True
ACT-2026-005229,2026-08-07,K15,P-MOB-GSM,PID261973,None,1,1.04,True
ACT-2026-005230,2026-08-07,K15,P-MOB-GSM,PID325367,None,1,1.04,True
ACT-2026-005231,2026-08-07,K15,P-MOB-GSM,PID747622,None,1,1.04,True
ACT-2026-005232,2026-08-07,K15,P-MOB-GSM,PID443653,MNP,1,2.09,True
ACT-2026-005233,2026-08-07,K15,P-MOB-GSM,PID456047,None,1,1.04,True
ACT-2026-005234,2026-08-07,K15,P-MOB-GSM,PID132091,None,1,1.04,True
ACT-2026-005235,2026-08-07,K15,P-MOB-GSM,PID464830,None,1,1.04,True
ACT-2026-005236,2026-08-07,K15,P-MOB-GSM,PID425371,None,1,1.04,True
ACT-2026-005237,2026-08-07,K16,P-MOB-OTH,PID364774,None,1,1.57,True
ACT-2026-005238,2026-08-07,K16,P-MOB-GSM,PID308028,MNP,1,2.09,True
ACT-2026-005239,2026-08-07,K16,P-MOB-OTH,PID824019,None,1,1.57,True
ACT-2026-005240,2026-08-07,K16,P-MOB-GSM,PID476056,MNP,1,2.09,True
ACT-2026-005241,2026-08-07,K16,P-MOB-GSM,PID598742,MNP,1,2.09,True
ACT-2026-005242,2026-08-07,K16,P-MOB-GSM,PID840400,None,1,1.04,True
ACT-2026-005243,2026-08-07,K16,P-MOB-GSM,PID456043,None,1,1.04,True
ACT-2026-005244,2026-08-07,K16,P-MOB-GSM,PID367508,None,1,1.04,True
ACT-2026-005245,2026-08-07,K16,P-MOB-GSM,PID544196,None,1,1.04,True
ACT-2026-005246,2026-08-07,K16,P-MOB-GSM,PID227358,None,1,1.04,True
ACT-2026-005247,2026-08-07,K17,P-MOB-GSM,PID269645,None,1,1.04,True
ACT-2026-005248,2026-08-07,K17,P-MOB-GSM,PID433608,MNP,1,2.09,True
ACT-2026-005249,2026-08-07,K17,P-MOB-GSM,PID816008,MNP,1,2.09,True
ACT-2026-005250,2026-08-07,K17,P-MOB-GSM,PID222962,None,1,1.04,True
ACT-2026-005251,2026-08-07,K17,P-MOB-GSM,PID410432,None,1,1.04,True
ACT-2026-005252,2026-08-07,K18,P-FIX-FBR,PID449765,None,1,6.69,True
ACT-2026-005253,2026-08-07,K18,P-MOB-GSM,PID328815,None,1,1.04,True
ACT-2026-005254,2026-08-07,K99,P-MOB-GSM,PID559503,MNP,1,2.09,True
ACT-2026-005255,2026-08-08,K01,P-DEV-DEV,PID644042,None,1,4.38,True
ACT-2026-005256,2026-08-08,K01,P-MOB-GSM,PID437452,MNP,1,2.02,True
ACT-2026-005257,2026-08-08,K01,P-MOB-GSM,PID975987,None,1,1.01,True
ACT-2026-005258,2026-08-08,K01,P-MOB-GSM,PID293854,None,1,1.01,True
ACT-2026-005259,2026-08-08,K01,P-MOB-OTH,PID953565,None,1,1.52,True
ACT-2026-005260,2026-08-08,K02,P-MOB-GSM,PID121407,None,1,1.01,True
ACT-2026-005261,2026-08-08,K02,P-MOB-GSM,PID191347,None,1,1.01,True
ACT-2026-005262,2026-08-08,K02,P-MOB-GSM,PID149459,None,1,1.01,True
ACT-2026-005263,2026-08-08,K02,P-MOB-GSM,PID623113,None,1,1.01,True
ACT-2026-005264,2026-08-08,K02,P-MOB-GSM,PID436157,None,1,1.01,True
ACT-2026-005265,2026-08-08,K03,P-MOB-OTH,PID321367,None,1,1.52,True
ACT-2026-005266,2026-08-08,K03,P-MOB-GSM,PID349722,MNP,1,2.02,True
ACT-2026-005267,2026-08-08,K03,P-MOB-GSM,PID353551,None,1,1.01,True
ACT-2026-005268,2026-08-08,K04,P-MOB-GSM,PID690241,MNP,1,2.02,True
ACT-2026-005269,2026-08-08,K04,P-MOB-GSM,PID476947,None,1,1.01,True
ACT-2026-005270,2026-08-08,K05,P-MOB-GSM,PID859296,MNP,1,2.02,True
ACT-2026-005271,2026-08-08,K05,P-MOB-GSM,PID244277,None,1,1.01,True
ACT-2026-005272,2026-08-08,K05,P-FIX-FBR,PID746258,None,1,10.92,True
ACT-2026-005273,2026-08-08,K05,P-FIX-WFA,PID775359,None,1,6.55,True
ACT-2026-005274,2026-08-08,K05,P-MOB-GSM,PID185723,None,1,1.01,True
ACT-2026-005275,2026-08-08,K06,P-MOB-GSM,PID856789,MNP,1,2.02,True
ACT-2026-005276,2026-08-08,K06,P-MOB-GSM,PID417093,MNP,1,2.02,True
ACT-2026-005277,2026-08-08,K07,P-MOB-GSM,PID765437,MNP,1,1.95,True
ACT-2026-005278,2026-08-08,K07,P-MOB-GSM,PID530259,None,1,0.97,True
ACT-2026-005279,2026-08-08,K07,P-MOB-GSM,PID447105,None,1,0.97,True
ACT-2026-005280,2026-08-08,K07,P-MOB-GSM,PID323280,None,1,0.97,True
ACT-2026-005281,2026-08-08,K07,P-DIG-SVC,PID417568,None,1,5.73,True
ACT-2026-005282,2026-08-08,K08,P-MOB-OTH,PID928882,None,1,1.46,True
ACT-2026-005283,2026-08-08,K09,P-MOB-GSM,PID272410,None,1,0.97,True
ACT-2026-005284,2026-08-08,K09,P-MOB-GSM,PID457927,None,1,0.97,True
ACT-2026-005285,2026-08-08,K09,P-MOB-GSM,PID837242,None,1,0.97,True
ACT-2026-005286,2026-08-08,K10,P-MOB-GSM,PID108439,MNP,1,1.95,True
ACT-2026-005287,2026-08-08,K11,P-MOB-GSM,PID590666,None,1,0.97,True
ACT-2026-005288,2026-08-08,K11,P-MOB-GSM,PID792698,None,1,0.97,True
ACT-2026-005289,2026-08-08,K13,P-MOB-GSM,PID336455,None,1,1.04,True
ACT-2026-005290,2026-08-08,K13,P-MOB-GSM,PID435850,None,1,1.04,True
ACT-2026-005291,2026-08-08,K13,P-MOB-GSM,PID586506,None,1,1.04,True
ACT-2026-005292,2026-08-08,K13,P-MOB-GSM,PID808075,None,1,1.04,True
ACT-2026-005293,2026-08-08,K13,P-MOB-GSM,PID312221,None,1,1.04,True
ACT-2026-005294,2026-08-08,K13,P-MOB-GSM,PID788607,MNP,1,2.09,True
ACT-2026-005295,2026-08-08,K14,P-MOB-OTH,PID352265,None,1,1.57,True
ACT-2026-005296,2026-08-08,K15,P-MOB-OTH,PID203109,None,1,1.57,True
ACT-2026-005297,2026-08-08,K16,P-MOB-GSM,PID763315,MNP,1,2.09,True
ACT-2026-005298,2026-08-08,K17,P-MOB-OTH,PID240182,None,1,1.57,True
ACT-2026-005299,2026-08-08,K17,P-DIG-SVC,PID525068,None,1,4.99,True
ACT-2026-005300,2026-08-08,K17,P-FIX-WFA,PID232367,None,1,4.02,True
ACT-2026-005301,2026-08-09,K01,P-MOB-GSM,PID150551,None,1,1.01,True
ACT-2026-005302,2026-08-09,K01,P-FIX-WFA,PID986659,None,1,6.55,True
ACT-2026-005303,2026-08-09,K01,P-MOB-GSM,PID992182,None,1,1.01,True
ACT-2026-005304,2026-08-09,K01,P-MOB-GSM,PID265204,MNP,1,2.02,True
ACT-2026-005305,2026-08-09,K01,P-MOB-GSM,PID770875,None,1,1.01,True
ACT-2026-005306,2026-08-09,K01,P-MOB-GSM,PID171299,None,1,1.01,True
ACT-2026-005307,2026-08-09,K01,P-FIX-BIB,PID916456,None,1,16.39,True
ACT-2026-005308,2026-08-09,K01,P-UNKNOWN,PID171158,None,1,1.01,True
ACT-2026-005309,2026-08-09,K02,P-MOB-GSM,PID706584,None,1,1.01,True
ACT-2026-005310,2026-08-09,K03,P-MOB-GSM,PID418768,None,1,1.01,True
ACT-2026-005311,2026-08-09,K03,P-DEV-DEV,PID944645,None,1,4.38,True
ACT-2026-005312,2026-08-09,K03,P-MOB-GSM,PID446733,None,1,1.01,True
ACT-2026-005313,2026-08-09,K04,P-MOB-GSM,PID615657,None,1,1.01,True
ACT-2026-005314,2026-08-09,K04,P-MOB-GSM,PID476961,None,1,1.01,True
ACT-2026-005315,2026-08-09,K04,P-MOB-GSM,PID215472,MNP,1,2.02,True
ACT-2026-005316,2026-08-09,K05,P-MOB-OTH,PID317392,None,1,1.52,True
ACT-2026-005317,2026-08-09,K05,P-MOB-GSM,PID742383,None,1,1.01,True
ACT-2026-005318,2026-08-09,K06,P-MOB-GSM,PID523671,None,1,1.01,True
ACT-2026-005319,2026-08-09,K06,P-FIX-FBR,PID471075,None,1,10.92,True
ACT-2026-005320,2026-08-09,K06,P-MOB-GSM,PID742551,None,1,1.01,True
ACT-2026-005321,2026-08-09,K08,P-MOB-GSM,PID755763,None,1,0.97,True
ACT-2026-005322,2026-08-09,K08,P-MOB-OTH,PID884064,None,1,1.46,True
ACT-2026-005323,2026-08-09,K08,P-MOB-GSM,PID711860,None,1,0.97,True
ACT-2026-005324,2026-08-09,K08,P-FIX-FBR,PID652825,None,1,9.91,True
ACT-2026-005325,2026-08-09,K08,P-MOB-GSM,PID608537,None,1,0.97,True
ACT-2026-005326,2026-08-09,K09,P-MOB-GSM,PID241556,None,1,0.97,True
ACT-2026-005327,2026-08-09,K10,P-MOB-GSM,PID668663,None,1,0.97,True
ACT-2026-005328,2026-08-09,K10,P-MOB-GSM,PID170979,MNP,1,1.95,True
ACT-2026-005329,2026-08-09,K10,P-MOB-GSM,PID194648,MNP,1,1.95,True
ACT-2026-005330,2026-08-09,K11,P-MOB-GSM,PID133211,None,1,0.97,True
ACT-2026-005331,2026-08-09,K11,P-MOB-GSM,PID564920,None,1,0.97,True
ACT-2026-005332,2026-08-09,K11,P-MOB-GSM,PID534135,None,1,0.97,True
ACT-2026-005333,2026-08-09,K12,P-MOB-GSM,PID870601,MNP,1,1.95,True
ACT-2026-005334,2026-08-09,K13,P-MOB-GSM,PID830500,None,1,1.04,True
ACT-2026-005335,2026-08-09,K14,P-MOB-OTH,PID210560,None,1,1.57,True
ACT-2026-005336,2026-08-09,K14,P-MOB-GSM,PID443483,None,1,1.04,True
ACT-2026-005337,2026-08-09,K14,P-MOB-GSM,PID461679,None,1,1.04,True
ACT-2026-005338,2026-08-09,K14,P-MOB-GSM,PID924749,None,1,1.04,True
ACT-2026-005339,2026-08-09,K14,P-MOB-GSM,PID549035,MNP,1,2.09,True
ACT-2026-005340,2026-08-09,K15,P-MOB-GSM,PID908893,None,1,1.04,True
ACT-2026-005341,2026-08-09,K15,P-MOB-GSM,PID345930,None,1,1.04,True
ACT-2026-005342,2026-08-09,K15,P-MOB-GSM,PID548769,None,1,1.04,True
ACT-2026-005343,2026-08-09,K17,P-MOB-GSM,PID148874,MNP,1,2.09,True
ACT-2026-005344,2026-08-09,K17,P-MOB-GSM,PID979673,None,1,1.04,True
ACT-2026-005345,2026-08-09,K18,P-MOB-GSM,PID595176,None,1,1.04,True
ACT-2026-005346,2026-08-09,K18,P-MOB-GSM,PID178908,MNP,1,2.09,True
ACT-2026-005347,2026-08-10,K01,P-MOB-GSM,PID523147,None,1,1.01,True
ACT-2026-005348,2026-08-10,K01,P-MOB-GSM,PID260031,None,1,1.01,True
ACT-2026-005349,2026-08-10,K01,P-MOB-GSM,PID824255,None,1,1.01,True
ACT-2026-005350,2026-08-10,K01,P-MOB-GSM,PID179810,MNP,1,2.02,True
ACT-2026-005351,2026-08-10,K01,P-MOB-GSM,PID224575,None,1,1.01,True
ACT-2026-005352,2026-08-10,K01,P-MOB-GSM,PID735991,None,1,1.01,True
ACT-2026-005353,2026-08-10,K01,P-MOB-GSM,PID841201,None,1,1.01,True
ACT-2026-005354,2026-08-10,K01,P-MOB-GSM,PID855005,None,1,1.01,True
ACT-2026-005355,2026-08-10,K01,P-MOB-GSM,PID116275,MNP,1,2.02,True
ACT-2026-005356,2026-08-10,K01,P-MOB-OTH,PID198683,None,1,1.52,True
ACT-2026-005357,2026-08-10,K01,P-MOB-GSM,PID976924,None,1,1.01,True
ACT-2026-005358,2026-08-10,K01,P-MOB-GSM,PID720850,None,1,1.01,True
ACT-2026-005359,2026-08-10,K01,P-MOB-GSM,PID251593,MNP,1,2.02,True
ACT-2026-005360,2026-08-10,K01,P-DIG-SVC,PID298766,None,1,5.58,True
ACT-2026-005361,2026-08-10,K01,P-MOB-GSM,PID806979,None,1,1.01,True
ACT-2026-005362,2026-08-10,K01,P-MOB-GSM,PID609322,None,1,1.01,True
ACT-2026-005363,2026-08-10,K01,P-FIX-FBR,PID488817,FNP,1,10.92,True
ACT-2026-005364,2026-08-10,K01,P-MOB-GSM,PID560753,None,1,1.01,True
ACT-2026-005365,2026-08-10,K01,P-MOB-GSM,PID870254,None,1,1.01,True
ACT-2026-005366,2026-08-10,K01,P-FIX-FBR,PID744099,None,1,10.92,True
ACT-2026-005367,2026-08-10,K01,P-MOB-GSM,PID352555,None,1,1.01,True
ACT-2026-005368,2026-08-10,K01,P-MOB-GSM,PID416394,None,1,1.01,True
ACT-2026-005369,2026-08-10,K01,P-MOB-GSM,PID412219,None,1,1.01,True
ACT-2026-005370,2026-08-10,K01,P-MOB-GSM,PID137556,None,1,1.01,True
ACT-2026-005371,2026-08-10,K01,P-MOB-GSM,PID153480,None,1,1.01,True
ACT-2026-005372,2026-08-10,K01,P-MOB-GSM,PID403348,MNP,1,2.02,True
ACT-2026-005373,2026-08-10,K01,P-DEV-DEV,PID417972,None,1,4.38,True
ACT-2026-005374,2026-08-10,K01,P-MOB-GSM,PID754103,MNP,1,2.02,True
ACT-2026-005375,2026-08-10,K01,P-MOB-GSM,PID824862,None,1,1.01,True
ACT-2026-005376,2026-08-10,K02,P-MOB-GSM,PID430774,None,1,1.01,True
ACT-2026-005377,2026-08-10,K02,P-MOB-OTH,PID289747,None,1,1.52,True
ACT-2026-005378,2026-08-10,K02,P-MOB-GSM,PID541531,MNP,1,0.0,False
ACT-2026-005379,2026-08-10,K02,P-MOB-GSM,PID573934,None,1,1.01,True
ACT-2026-005380,2026-08-10,K02,P-MOB-GSM,PID473271,None,1,1.01,True
ACT-2026-005381,2026-08-10,K02,P-MOB-GSM,PID316242,MNP,1,2.02,True
ACT-2026-005382,2026-08-10,K02,P-MOB-GSM,PID666841,None,1,1.01,True
ACT-2026-005383,2026-08-10,K02,P-MOB-GSM,PID992925,None,1,1.01,True
ACT-2026-005384,2026-08-10,K02,P-FIX-WFA,PID173412,None,1,6.55,True
ACT-2026-005385,2026-08-10,K02,P-MOB-GSM,PID782400,None,1,1.01,True
ACT-2026-005386,2026-08-10,K02,P-MOB-GSM,PID465397,None,1,1.01,True
ACT-2026-005387,2026-08-10,K02,P-FIX-FBR,PID558853,None,1,10.92,True
ACT-2026-005388,2026-08-10,K02,P-MOB-GSM,PID541183,None,1,1.01,True
ACT-2026-005389,2026-08-10,K02,P-MOB-GSM,PID976761,None,1,1.01,True
ACT-2026-005390,2026-08-10,K02,P-MOB-GSM,PID661266,None,1,1.01,True
ACT-2026-005391,2026-08-10,K02,P-MOB-GSM,PID682165,None,1,1.01,True
ACT-2026-005392,2026-08-10,K02,P-MOB-GSM,PID965861,MNP,1,2.02,True
ACT-2026-005393,2026-08-10,K02,P-MOB-GSM,PID892737,None,1,1.01,True
ACT-2026-005394,2026-08-10,K02,P-FIX-FBR,PID971618,None,1,10.92,True
ACT-2026-005395,2026-08-10,K02,P-MOB-GSM,PID239290,None,1,1.01,True
ACT-2026-005396,2026-08-10,K02,P-MOB-GSM,PID627826,None,1,1.01,True
ACT-2026-005397,2026-08-10,K03,P-MOB-GSM,PID522331,None,1,1.01,True
ACT-2026-005398,2026-08-10,K03,P-MOB-OTH,PID921684,None,1,1.52,True
ACT-2026-005399,2026-08-10,K03,P-MOB-GSM,PID811493,None,1,1.01,True
ACT-2026-005400,2026-08-10,K03,P-MOB-GSM,PID851834,MNP,1,2.02,True
ACT-2026-005401,2026-08-10,K03,P-DIG-SVC,PID108622,None,1,5.58,True
ACT-2026-005402,2026-08-10,K03,P-MOB-GSM,PID676584,None,1,1.01,True
ACT-2026-005403,2026-08-10,K03,P-MOB-GSM,PID397242,None,1,1.01,True
ACT-2026-005404,2026-08-10,K03,P-MOB-GSM,PID593668,None,1,1.01,True
ACT-2026-005405,2026-08-10,K03,P-MOB-GSM,PID697450,None,1,1.01,True
ACT-2026-005406,2026-08-10,K04,P-MOB-GSM,PID968351,None,1,1.01,True
ACT-2026-005407,2026-08-10,K04,P-MOB-GSM,PID924930,None,1,1.01,True
ACT-2026-005408,2026-08-10,K04,P-MOB-GSM,PID809982,None,1,1.01,True
ACT-2026-005409,2026-08-10,K04,P-MOB-GSM,PID102419,None,1,1.01,True
ACT-2026-005410,2026-08-10,K04,P-MOB-GSM,PID795927,None,1,1.01,True
ACT-2026-005411,2026-08-10,K04,P-FIX-WFA,PID340225,None,1,6.55,True
ACT-2026-005412,2026-08-10,K04,P-MOB-GSM,PID562840,MNP,1,2.02,True
ACT-2026-005413,2026-08-10,K04,P-MOB-GSM,PID888336,MNP,1,2.02,True
ACT-2026-005414,2026-08-10,K04,P-MOB-GSM,PID224886,None,1,1.01,True
ACT-2026-005415,2026-08-10,K05,P-MOB-GSM,PID974488,None,1,1.01,True
ACT-2026-005416,2026-08-10,K05,P-MOB-OTH,PID722153,None,1,1.52,True
ACT-2026-005417,2026-08-10,K05,P-MOB-GSM,PID874783,None,1,1.01,True
ACT-2026-005418,2026-08-10,K05,P-MOB-GSM,PID988505,MNP,1,2.02,True
ACT-2026-005419,2026-08-10,K05,P-MOB-GSM,PID837624,None,1,1.01,True
ACT-2026-005420,2026-08-10,K05,P-MOB-OTH,PID383915,None,1,1.52,True
ACT-2026-005421,2026-08-10,K06,P-MOB-OTH,PID150704,None,1,1.52,True
ACT-2026-005422,2026-08-10,K07,P-MOB-GSM,PID706640,MNP,1,1.95,True
ACT-2026-005423,2026-08-10,K07,P-MOB-GSM,PID940165,None,1,0.97,True
ACT-2026-005424,2026-08-10,K07,P-MOB-GSM,PID882154,None,1,0.97,True
ACT-2026-005425,2026-08-10,K07,P-MOB-GSM,PID940821,None,1,0.97,True
ACT-2026-005426,2026-08-10,K07,P-MOB-GSM,PID798876,None,1,0.97,True
ACT-2026-005427,2026-08-10,K07,P-MOB-GSM,PID365422,None,1,0.97,True
ACT-2026-005428,2026-08-10,K07,P-MOB-GSM,PID795403,None,1,0.97,True
ACT-2026-005429,2026-08-10,K07,P-DIG-SVC,PID225893,None,1,5.73,True
ACT-2026-005430,2026-08-10,K07,P-MOB-GSM,PID719831,None,1,0.97,True
ACT-2026-005431,2026-08-10,K07,P-MOB-GSM,PID335183,None,1,0.97,True
ACT-2026-005432,2026-08-10,K07,P-MOB-GSM,PID213899,None,1,0.97,True
ACT-2026-005433,2026-08-10,K07,P-MOB-GSM,PID298792,None,1,0.97,True
ACT-2026-005434,2026-08-10,K07,P-MOB-GSM,PID226210,None,1,0.97,True
ACT-2026-005435,2026-08-10,K07,P-MOB-GSM,PID605011,None,1,0.97,True
ACT-2026-005436,2026-08-10,K07,P-MOB-GSM,PID624206,None,1,0.97,True
ACT-2026-005437,2026-08-10,K08,P-MOB-GSM,PID153064,None,1,0.97,True
ACT-2026-005438,2026-08-10,K08,P-MOB-GSM,PID573531,None,1,0.97,True
ACT-2026-005439,2026-08-10,K08,P-MOB-GSM,PID120152,None,1,0.97,True
ACT-2026-005440,2026-08-10,K08,P-DEV-DEV,PID211958,None,1,5.73,True
ACT-2026-005441,2026-08-10,K08,P-MOB-GSM,PID413180,MNP,1,1.95,True
ACT-2026-005442,2026-08-10,K08,P-MOB-GSM,PID702972,None,1,0.97,True
ACT-2026-005443,2026-08-10,K08,P-MOB-GSM,PID507296,None,1,0.97,True
ACT-2026-005444,2026-08-10,K08,P-MOB-GSM,PID681249,None,1,0.97,True
ACT-2026-005445,2026-08-10,K08,P-MOB-GSM,PID298078,None,1,0.97,True
ACT-2026-005446,2026-08-10,K08,P-MOB-GSM,PID947747,None,1,0.97,True
ACT-2026-005447,2026-08-10,K08,P-MOB-GSM,PID361713,None,1,0.97,True
ACT-2026-005448,2026-08-10,K09,P-MOB-GSM,PID816752,MNP,1,1.95,True
ACT-2026-005449,2026-08-10,K09,P-MOB-GSM,PID848474,None,1,0.97,True
ACT-2026-005450,2026-08-10,K09,P-MOB-GSM,PID162276,MNP,1,1.95,True
ACT-2026-005451,2026-08-10,K09,P-DIG-SVC,PID153432,None,1,5.73,True
ACT-2026-005452,2026-08-10,K09,P-MOB-GSM,PID107797,None,1,0.97,True
ACT-2026-005453,2026-08-10,K09,P-MOB-GSM,PID381543,None,1,0.97,True
ACT-2026-005454,2026-08-10,K09,P-MOB-GSM,PID765314,None,1,0.97,True
ACT-2026-005455,2026-08-10,K09,P-MOB-GSM,PID642007,None,1,0.97,True
ACT-2026-005456,2026-08-10,K09,P-MOB-OTH,PID405944,None,1,1.46,True
ACT-2026-005457,2026-08-10,K09,P-MOB-GSM,PID878156,None,1,0.97,True
ACT-2026-005458,2026-08-10,K10,P-MOB-GSM,PID538311,None,1,0.97,True
ACT-2026-005459,2026-08-10,K10,P-MOB-OTH,PID183877,None,1,1.46,True
ACT-2026-005460,2026-08-10,K10,P-MOB-GSM,PID871379,None,1,0.97,True
ACT-2026-005461,2026-08-10,K10,P-MOB-GSM,PID871750,None,1,0.97,True
ACT-2026-005462,2026-08-10,K10,P-MOB-GSM,PID345849,None,1,0.97,True
ACT-2026-005463,2026-08-10,K10,P-MOB-GSM,PID577038,None,1,0.97,True
ACT-2026-005464,2026-08-10,K10,P-MOB-GSM,PID221348,None,1,0.97,True
ACT-2026-005465,2026-08-10,K10,P-MOB-GSM,PID363364,None,1,0.97,True
ACT-2026-005466,2026-08-10,K10,P-MOB-GSM,PID717599,None,1,0.97,True
ACT-2026-005467,2026-08-10,K11,P-MOB-GSM,PID295212,None,1,0.97,True
ACT-2026-005468,2026-08-10,K11,P-MOB-GSM,PID621456,None,1,0.97,True
ACT-2026-005469,2026-08-10,K11,P-MOB-GSM,PID590284,None,1,0.97,True
ACT-2026-005470,2026-08-10,K11,P-MOB-GSM,PID765318,MNP,1,1.95,True
ACT-2026-005471,2026-08-10,K11,P-MOB-GSM,PID861831,None,1,0.97,True
ACT-2026-005472,2026-08-10,K11,P-MOB-GSM,PID973184,None,1,0.97,True
ACT-2026-005473,2026-08-10,K11,P-MOB-GSM,PID938240,MNP,1,1.95,True
ACT-2026-005474,2026-08-10,K11,P-MOB-GSM,PID274360,None,1,0.97,True
ACT-2026-005475,2026-08-10,K11,P-MOB-GSM,PID363527,None,1,0.97,True
ACT-2026-005476,2026-08-10,K12,P-MOB-GSM,PID355746,None,1,0.97,True
ACT-2026-005477,2026-08-10,K12,P-MOB-GSM,PID524144,None,1,0.97,True
ACT-2026-005478,2026-08-10,K12,P-MOB-GSM,PID280933,MNP,1,1.95,True
ACT-2026-005479,2026-08-10,K12,P-MOB-GSM,PID206922,None,1,0.97,True
ACT-2026-005480,2026-08-10,K13,P-MOB-GSM,PID561306,None,1,1.04,True
ACT-2026-005481,2026-08-10,K13,P-MOB-GSM,PID269134,MNP,1,2.09,True
ACT-2026-005482,2026-08-10,K13,P-MOB-GSM,PID273696,None,1,0.0,False
ACT-2026-005483,2026-08-10,K13,P-MOB-GSM,PID565134,MNP,1,2.09,True
ACT-2026-005484,2026-08-10,K13,P-MOB-GSM,PID639636,None,1,1.04,True
ACT-2026-005485,2026-08-10,K13,P-FIX-FBR,PID586407,None,1,6.69,True
ACT-2026-005486,2026-08-10,K13,P-MOB-GSM,PID993382,None,1,1.04,True
ACT-2026-005487,2026-08-10,K13,P-MOB-GSM,PID226736,None,1,1.04,True
ACT-2026-005488,2026-08-10,K13,P-MOB-GSM,PID465241,MNP,1,2.09,True
ACT-2026-005489,2026-08-10,K13,P-MOB-GSM,PID100985,None,1,1.04,True
ACT-2026-005490,2026-08-10,K13,P-MOB-GSM,PID164905,MNP,1,2.09,True
ACT-2026-005491,2026-08-10,K13,P-MOB-GSM,PID951805,MNP,1,2.09,True
ACT-2026-005492,2026-08-10,K13,P-MOB-GSM,PID889505,MNP,1,2.09,True
ACT-2026-005493,2026-08-10,K13,P-DIG-SVC,PID251214,None,1,4.99,True
ACT-2026-005494,2026-08-10,K14,P-MOB-OTH,PID967273,None,1,1.57,True
ACT-2026-005495,2026-08-10,K14,P-MOB-GSM,PID596071,MNP,1,2.09,True
ACT-2026-005496,2026-08-10,K14,P-MOB-GSM,PID665958,None,1,1.04,True
ACT-2026-005497,2026-08-10,K14,P-MOB-GSM,PID498301,None,1,1.04,True
ACT-2026-005498,2026-08-10,K14,P-MOB-GSM,PID200170,None,1,1.04,True
ACT-2026-005499,2026-08-10,K14,P-MOB-GSM,PID187191,None,1,1.04,True
ACT-2026-005500,2026-08-10,K14,P-MOB-GSM,PID225703,None,1,1.04,True
ACT-2026-005501,2026-08-10,K14,P-MOB-GSM,PID446582,None,1,1.04,True
ACT-2026-005502,2026-08-10,K14,P-MOB-GSM,PID714366,MNP,1,2.09,True
ACT-2026-005503,2026-08-10,K15,P-MOB-GSM,PID396281,None,1,1.04,True
ACT-2026-005504,2026-08-10,K15,P-MOB-GSM,PID956656,None,1,1.04,True
ACT-2026-005505,2026-08-10,K15,P-FIX-FBR,PID807861,None,1,6.69,True
ACT-2026-005506,2026-08-10,K15,P-MOB-GSM,PID520577,None,1,1.04,True
ACT-2026-005507,2026-08-10,K15,P-MOB-GSM,PID263356,MNP,1,2.09,True
ACT-2026-005508,2026-08-10,K15,P-MOB-GSM,PID340892,None,1,1.04,True
ACT-2026-005509,2026-08-10,K15,P-MOB-GSM,PID473136,None,1,1.04,True
ACT-2026-005510,2026-08-10,K15,P-MOB-GSM,PID783169,MNP,1,2.09,True
ACT-2026-005511,2026-08-10,K15,P-MOB-GSM,PID357274,None,1,1.04,True
ACT-2026-005512,2026-08-10,K15,P-MOB-GSM,PID577431,None,1,1.04,True
ACT-2026-005513,2026-08-10,K15,P-MOB-GSM,PID851321,None,1,1.04,True
ACT-2026-005514,2026-08-10,K15,P-DIG-SVC,PID882428,None,1,4.99,True
ACT-2026-005515,2026-08-10,K15,P-MOB-OTH,PID828755,None,1,1.57,True
ACT-2026-005516,2026-08-10,K16,P-MOB-GSM,PID218205,None,1,1.04,True
ACT-2026-005517,2026-08-10,K16,P-MOB-GSM,PID254744,None,1,1.04,True
ACT-2026-005518,2026-08-10,K16,P-MOB-GSM,PID449944,None,1,1.04,True
ACT-2026-005519,2026-08-10,K16,P-MOB-GSM,PID539863,None,1,1.04,True
ACT-2026-005520,2026-08-10,K16,P-MOB-GSM,PID829671,MNP,1,2.09,True
ACT-2026-005521,2026-08-10,K16,P-MOB-OTH,PID743208,None,1,1.57,True
ACT-2026-005522,2026-08-10,K16,P-MOB-GSM,PID982667,None,1,1.04,True
ACT-2026-005523,2026-08-10,K16,P-MOB-GSM,PID217270,None,1,1.04,True
ACT-2026-005524,2026-08-10,K17,P-FIX-BIB,PID982482,None,1,10.04,True
ACT-2026-005525,2026-08-10,K17,P-MOB-OTH,PID758956,None,1,1.57,True
ACT-2026-005526,2026-08-10,K17,P-MOB-GSM,PID862046,None,1,1.04,True
ACT-2026-005527,2026-08-10,K17,P-MOB-GSM,PID514033,MNP,1,2.09,True
ACT-2026-005528,2026-08-10,K18,P-FIX-WFA,PID127673,None,1,4.19,True
ACT-2026-005529,2026-08-10,K18,P-DIG-SVC,PID560762,None,1,5.06,True
ACT-2026-005530,2026-08-11,K01,P-MOB-GSM,PID375963,None,1,1.01,True
ACT-2026-005531,2026-08-11,K01,P-MOB-GSM,PID878382,None,1,1.01,True
ACT-2026-005532,2026-08-11,K01,P-MOB-GSM,PID757346,None,1,1.01,True
ACT-2026-005533,2026-08-11,K01,P-MOB-GSM,PID920972,None,1,1.01,True
ACT-2026-005534,2026-08-11,K01,P-MOB-GSM,PID736658,None,1,1.01,True
ACT-2026-005535,2026-08-11,K01,P-MOB-GSM,PID190731,None,1,1.01,True
ACT-2026-005536,2026-08-11,K01,P-MOB-GSM,PID132795,None,1,1.01,True
ACT-2026-005537,2026-08-11,K01,P-MOB-GSM,PID923323,None,1,1.01,True
ACT-2026-005538,2026-08-11,K01,P-MOB-GSM,PID950984,MNP,1,2.02,True
ACT-2026-005539,2026-08-11,K01,P-MOB-GSM,PID705614,None,1,1.01,True
ACT-2026-005540,2026-08-11,K01,P-MOB-GSM,PID372251,None,1,1.01,True
ACT-2026-005541,2026-08-11,K01,P-MOB-GSM,PID271247,None,1,1.01,True
ACT-2026-005542,2026-08-11,K01,P-MOB-GSM,PID140200,None,1,1.01,True
ACT-2026-005543,2026-08-11,K01,P-MOB-GSM,PID501273,None,1,1.01,True
ACT-2026-005544,2026-08-11,K01,P-MOB-OTH,PID507790,None,1,1.52,True
ACT-2026-005545,2026-08-11,K01,P-MOB-OTH,PID135952,None,1,1.52,True
ACT-2026-005546,2026-08-11,K01,P-MOB-GSM,PID407327,MNP,1,2.02,True
ACT-2026-005547,2026-08-11,K02,P-MOB-GSM,PID486400,None,1,1.01,True
ACT-2026-005548,2026-08-11,K02,P-MOB-GSM,PID157016,None,1,1.01,True
ACT-2026-005549,2026-08-11,K02,P-DEV-DEV,PID920296,None,1,4.38,True
ACT-2026-005550,2026-08-11,K02,P-MOB-GSM,PID518756,None,1,1.01,True
ACT-2026-005551,2026-08-11,K02,P-MOB-GSM,PID946941,MNP,1,2.02,True
ACT-2026-005552,2026-08-11,K02,P-DIG-SVC,PID624340,None,1,5.58,True
ACT-2026-005553,2026-08-11,K02,P-MOB-OTH,PID281973,None,1,1.52,True
ACT-2026-005554,2026-08-11,K02,P-MOB-GSM,PID350355,None,1,1.01,True
ACT-2026-005555,2026-08-11,K02,P-MOB-GSM,PID194233,MNP,1,2.02,True
ACT-2026-005556,2026-08-11,K02,P-MOB-GSM,PID696175,None,1,1.01,True
ACT-2026-005557,2026-08-11,K02,P-MOB-GSM,PID647361,None,1,1.01,True
ACT-2026-005558,2026-08-11,K02,P-MOB-GSM,PID424870,None,1,1.01,True
ACT-2026-005559,2026-08-11,K02,P-FIX-WFA,PID790602,FNP,1,6.55,True
ACT-2026-005560,2026-08-11,K02,P-MOB-GSM,PID385114,None,1,1.01,True
ACT-2026-005561,2026-08-11,K02,P-MOB-OTH,PID291665,None,1,1.52,True
ACT-2026-005562,2026-08-11,K02,P-MOB-GSM,PID910439,None,1,1.01,True
ACT-2026-005563,2026-08-11,K03,P-MOB-GSM,PID558982,MNP,1,2.02,True
ACT-2026-005564,2026-08-11,K03,P-MOB-GSM,PID940257,None,1,1.01,True
ACT-2026-005565,2026-08-11,K03,P-DEV-DEV,PID397186,None,1,4.38,True
ACT-2026-005566,2026-08-11,K03,P-MOB-GSM,PID529367,None,1,1.01,True
ACT-2026-005567,2026-08-11,K03,P-MOB-GSM,PID748730,None,1,1.01,True
ACT-2026-005568,2026-08-11,K03,P-MOB-GSM,PID825495,None,1,1.01,True
ACT-2026-005569,2026-08-11,K03,P-MOB-GSM,PID748413,None,1,1.01,True
ACT-2026-005570,2026-08-11,K03,P-MOB-GSM,PID530385,None,1,1.01,True
ACT-2026-005571,2026-08-11,K03,P-MOB-GSM,PID678010,None,1,1.01,True
ACT-2026-005572,2026-08-11,K03,P-MOB-GSM,PID540751,None,1,1.01,True
ACT-2026-005573,2026-08-11,K03,P-MOB-GSM,PID757076,MNP,1,2.02,True
ACT-2026-005574,2026-08-11,K03,P-DIG-SVC,PID450004,None,1,5.58,True
ACT-2026-005575,2026-08-11,K03,P-MOB-GSM,PID774110,None,1,1.01,True
ACT-2026-005576,2026-08-11,K04,P-MOB-GSM,PID170328,None,1,1.01,True
ACT-2026-005577,2026-08-11,K04,P-MOB-GSM,PID587717,None,1,1.01,True
ACT-2026-005578,2026-08-11,K04,P-MOB-GSM,PID208591,MNP,1,2.02,True
ACT-2026-005579,2026-08-11,K04,P-MOB-GSM,PID489099,None,1,1.01,True
ACT-2026-005580,2026-08-11,K04,P-MOB-GSM,PID716037,None,1,1.01,True
ACT-2026-005581,2026-08-11,K04,P-MOB-GSM,PID738505,None,1,1.01,True
ACT-2026-005582,2026-08-11,K04,P-MOB-GSM,PID205210,None,1,1.01,True
ACT-2026-005583,2026-08-11,K04,P-MOB-OTH,PID383858,None,1,1.52,True
ACT-2026-005584,2026-08-11,K05,P-MOB-GSM,PID670146,None,1,1.01,True
ACT-2026-005585,2026-08-11,K05,P-MOB-GSM,PID969863,MNP,1,2.02,True
ACT-2026-005586,2026-08-11,K05,P-MOB-GSM,PID994246,None,1,1.01,True
ACT-2026-005587,2026-08-11,K05,P-MOB-GSM,PID113843,None,1,1.01,True
ACT-2026-005588,2026-08-11,K05,P-FIX-FBR,PID232171,None,1,10.92,True
ACT-2026-005589,2026-08-11,K05,P-MOB-GSM,PID994206,MNP,1,2.02,True
ACT-2026-005590,2026-08-11,K05,P-MOB-GSM,PID521774,None,1,1.01,True
ACT-2026-005591,2026-08-11,K05,P-MOB-OTH,PID854993,None,1,1.52,True
ACT-2026-005592,2026-08-11,K05,P-MOB-OTH,PID808450,None,1,1.52,True
ACT-2026-005593,2026-08-11,K05,P-MOB-GSM,PID256233,None,1,1.01,True
ACT-2026-005594,2026-08-11,K05,P-MOB-OTH,PID501023,None,1,1.52,True
ACT-2026-005595,2026-08-11,K06,P-MOB-GSM,PID114906,None,1,1.01,True
ACT-2026-005596,2026-08-11,K06,P-DIG-SVC,PID566607,None,1,5.58,True
ACT-2026-005597,2026-08-11,K06,P-MOB-GSM,PID795819,MNP,1,2.02,True
ACT-2026-005598,2026-08-11,K07,P-MOB-GSM,PID841555,None,1,0.97,True
ACT-2026-005599,2026-08-11,K07,P-MOB-GSM,PID280602,None,1,0.97,True
ACT-2026-005600,2026-08-11,K07,P-MOB-OTH,PID123357,None,1,1.46,True
ACT-2026-005601,2026-08-11,K07,P-MOB-GSM,PID210297,None,1,0.97,True
ACT-2026-005602,2026-08-11,K07,P-MOB-GSM,PID398703,None,1,0.97,True
ACT-2026-005603,2026-08-11,K07,P-MOB-GSM,PID209124,None,1,0.97,True
ACT-2026-005604,2026-08-11,K07,P-MOB-GSM,PID365942,None,1,0.97,True
ACT-2026-005605,2026-08-11,K07,P-MOB-OTH,PID983508,None,1,1.46,True
ACT-2026-005606,2026-08-11,K07,P-MOB-GSM,PID754948,None,1,0.97,True
ACT-2026-005607,2026-08-11,K07,P-MOB-GSM,PID592816,None,1,0.97,True
ACT-2026-005608,2026-08-11,K07,P-MOB-GSM,PID420821,None,1,0.97,True
ACT-2026-005609,2026-08-11,K07,P-MOB-GSM,PID539399,MNP,1,1.95,True
ACT-2026-005610,2026-08-11,K07,P-MOB-GSM,PID982500,None,1,0.97,True
ACT-2026-005611,2026-08-11,K07,P-MOB-OTH,PID318924,None,1,1.46,True
ACT-2026-005612,2026-08-11,K07,P-MOB-OTH,PID264096,None,1,1.46,True
ACT-2026-005613,2026-08-11,K07,P-MOB-GSM,PID706211,None,1,0.97,True
ACT-2026-005614,2026-08-11,K07,P-MOB-GSM,PID296852,MNP,1,1.95,True
ACT-2026-005615,2026-08-11,K07,P-MOB-GSM,PID858881,None,1,0.97,True
ACT-2026-005616,2026-08-11,K07,P-MOB-GSM,PID245180,None,1,0.97,True
ACT-2026-005617,2026-08-11,K07,P-MOB-GSM,PID399478,MNP,1,1.95,True
ACT-2026-005618,2026-08-11,K07,P-DIG-SVC,PID157446,None,1,5.73,True
ACT-2026-005619,2026-08-11,K08,P-MOB-GSM,PID974923,None,1,0.97,True
ACT-2026-005620,2026-08-11,K08,P-MOB-GSM,PID970701,None,1,0.97,True
ACT-2026-005621,2026-08-11,K08,P-MOB-OTH,PID313131,None,1,1.46,True
ACT-2026-005622,2026-08-11,K08,P-MOB-GSM,PID839811,None,1,0.97,True
ACT-2026-005623,2026-08-11,K08,P-MOB-GSM,PID880222,None,1,0.97,True
ACT-2026-005624,2026-08-11,K08,P-MOB-GSM,PID324533,None,1,0.97,True
ACT-2026-005625,2026-08-11,K08,P-MOB-GSM,PID323569,MNP,1,1.95,True
ACT-2026-005626,2026-08-11,K08,P-MOB-GSM,PID767461,None,1,0.97,True
ACT-2026-005627,2026-08-11,K08,P-MOB-GSM,PID987316,None,1,0.97,True
ACT-2026-005628,2026-08-11,K08,P-DIG-SVC,PID255681,None,1,5.73,True
ACT-2026-005629,2026-08-11,K08,P-FIX-BIB,PID739036,None,1,14.87,True
ACT-2026-005630,2026-08-11,K08,P-MOB-GSM,PID618619,None,1,0.97,True
ACT-2026-005631,2026-08-11,K08,P-MOB-GSM,PID259203,MNP,1,1.95,True
ACT-2026-005632,2026-08-11,K08,P-MOB-GSM,PID728638,None,1,0.97,True
ACT-2026-005633,2026-08-11,K08,P-MOB-GSM,PID386575,None,1,0.97,True
ACT-2026-005634,2026-08-11,K08,P-MOB-GSM,PID440352,None,1,0.97,True
ACT-2026-005635,2026-08-11,K09,P-MOB-GSM,PID209181,MNP,1,1.95,True
ACT-2026-005636,2026-08-11,K09,P-FIX-WFA,PID115649,None,1,5.95,True
ACT-2026-005637,2026-08-11,K09,P-MOB-GSM,PID272387,MNP,1,1.95,True
ACT-2026-005638,2026-08-11,K09,P-MOB-GSM,PID132012,None,1,0.97,True
ACT-2026-005639,2026-08-11,K09,P-MOB-GSM,PID521987,MNP,1,1.95,True
ACT-2026-005640,2026-08-11,K09,P-MOB-GSM,PID128227,None,1,0.97,True
ACT-2026-005641,2026-08-11,K09,P-MOB-GSM,PID496933,None,1,0.97,True
ACT-2026-005642,2026-08-11,K10,P-MOB-GSM,PID920822,None,1,0.97,True
ACT-2026-005643,2026-08-11,K10,P-MOB-GSM,PID359246,None,1,0.97,True
ACT-2026-005644,2026-08-11,K10,P-MOB-GSM,PID563801,None,1,0.97,True
ACT-2026-005645,2026-08-11,K10,P-MOB-GSM,PID870952,None,1,0.97,True
ACT-2026-005646,2026-08-11,K10,P-DIG-SVC,PID384686,None,1,5.73,True
ACT-2026-005647,2026-08-11,K10,P-MOB-GSM,PID398014,MNP,1,1.95,True
ACT-2026-005648,2026-08-11,K11,P-FIX-WFA,PID601922,None,1,5.95,True
ACT-2026-005649,2026-08-11,K11,P-MOB-GSM,PID384596,None,1,0.97,True
ACT-2026-005650,2026-08-11,K11,P-MOB-GSM,PID803708,None,1,0.97,True
ACT-2026-005651,2026-08-11,K11,P-MOB-OTH,PID687819,None,1,1.46,True
ACT-2026-005652,2026-08-11,K11,P-MOB-GSM,PID185365,MNP,1,1.95,True
ACT-2026-005653,2026-08-11,K11,P-MOB-GSM,PID372071,None,1,0.97,True
ACT-2026-005654,2026-08-11,K11,P-MOB-OTH,PID466044,None,1,1.46,True
ACT-2026-005655,2026-08-11,K12,P-MOB-GSM,PID733713,None,1,0.97,True
ACT-2026-005656,2026-08-11,K12,P-MOB-GSM,PID863582,None,1,0.97,True
ACT-2026-005657,2026-08-11,K12,P-MOB-GSM,PID576774,None,1,0.97,True
ACT-2026-005658,2026-08-11,K12,P-MOB-GSM,PID833888,None,1,0.97,True
ACT-2026-005659,2026-08-11,K12,P-MOB-GSM,PID939602,None,1,0.97,True
ACT-2026-005660,2026-08-11,K12,P-MOB-GSM,PID596107,None,1,0.97,True
ACT-2026-005661,2026-08-11,K12,P-MOB-GSM,PID194424,None,1,0.97,True
ACT-2026-005662,2026-08-11,K13,P-DIG-SVC,PID343777,None,1,4.99,True
ACT-2026-005663,2026-08-11,K13,P-MOB-GSM,PID864668,MNP,1,2.09,True
ACT-2026-005664,2026-08-11,K13,P-MOB-GSM,PID986346,MNP,1,2.09,True
ACT-2026-005665,2026-08-11,K13,P-FIX-FBR,PID135025,None,1,6.69,True
ACT-2026-005666,2026-08-11,K13,P-MOB-GSM,PID364767,MNP,1,2.09,True
ACT-2026-005667,2026-08-11,K13,P-MOB-GSM,PID792085,None,1,1.04,True
ACT-2026-005668,2026-08-11,K13,P-MOB-GSM,PID793701,MNP,1,2.09,True
ACT-2026-005669,2026-08-11,K13,P-MOB-GSM,PID323526,None,1,1.04,True
ACT-2026-005670,2026-08-11,K13,P-MOB-GSM,PID334209,None,1,1.04,True
ACT-2026-005671,2026-08-11,K13,P-MOB-GSM,PID414167,None,1,1.04,True
ACT-2026-005672,2026-08-11,K13,P-MOB-GSM,PID819524,None,1,1.04,True
ACT-2026-005673,2026-08-11,K13,P-MOB-GSM,PID121907,None,1,1.04,True
ACT-2026-005674,2026-08-11,K13,P-MOB-GSM,PID141146,None,1,1.04,True
ACT-2026-005675,2026-08-11,K13,P-MOB-GSM,PID771877,None,1,1.04,True
ACT-2026-005676,2026-08-11,K13,P-MOB-GSM,PID387902,MNP,1,2.09,True
ACT-2026-005677,2026-08-11,K14,P-MOB-GSM,PID495223,None,1,1.04,True
ACT-2026-005678,2026-08-11,K14,P-MOB-GSM,PID372934,None,1,1.04,True
ACT-2026-005679,2026-08-11,K14,P-MOB-GSM,PID190600,None,1,1.04,True
ACT-2026-005680,2026-08-11,K14,P-MOB-GSM,PID673325,MNP,1,2.09,True
ACT-2026-005681,2026-08-11,K14,P-MOB-GSM,PID824262,None,1,1.04,True
ACT-2026-005682,2026-08-11,K14,P-MOB-GSM,PID494793,MNP,1,2.09,True
ACT-2026-005683,2026-08-11,K14,P-MOB-GSM,PID567130,None,1,1.04,True
ACT-2026-005684,2026-08-11,K14,P-MOB-GSM,PID921530,None,1,1.04,True
ACT-2026-005685,2026-08-11,K14,P-MOB-OTH,PID796700,None,1,1.57,True
ACT-2026-005686,2026-08-11,K14,P-MOB-GSM,PID258180,MNP,1,2.09,True
ACT-2026-005687,2026-08-11,K14,P-MOB-GSM,PID242564,None,1,1.04,True
ACT-2026-005688,2026-08-11,K14,P-MOB-GSM,PID905628,None,1,1.04,True
ACT-2026-005689,2026-08-11,K14,P-MOB-GSM,PID972273,None,1,1.04,True
ACT-2026-005690,2026-08-11,K14,P-MOB-GSM,PID698881,None,1,1.04,True
ACT-2026-005691,2026-08-11,K15,P-DEV-DEV,PID950955,None,1,6.35,True
ACT-2026-005692,2026-08-11,K15,P-MOB-GSM,PID186957,None,1,1.04,True
ACT-2026-005693,2026-08-11,K15,P-MOB-GSM,PID988899,None,1,1.04,True
ACT-2026-005694,2026-08-11,K15,P-MOB-GSM,PID484311,None,1,1.04,True
ACT-2026-005695,2026-08-11,K15,P-MOB-GSM,PID713889,None,1,1.04,True
ACT-2026-005696,2026-08-11,K15,P-MOB-GSM,PID916272,None,1,1.04,True
ACT-2026-005697,2026-08-11,K15,P-MOB-GSM,PID915717,MNP,1,2.09,True
ACT-2026-005698,2026-08-11,K15,P-MOB-GSM,PID628919,MNP,1,2.09,True
ACT-2026-005699,2026-08-11,K16,P-MOB-GSM,PID445848,None,1,1.04,True
ACT-2026-005700,2026-08-11,K16,P-MOB-GSM,PID561654,MNP,1,2.09,True
ACT-2026-005701,2026-08-11,K16,P-MOB-GSM,PID232606,None,1,1.04,True
ACT-2026-005702,2026-08-11,K16,P-MOB-GSM,PID891923,None,1,1.04,True
ACT-2026-005703,2026-08-11,K16,P-MOB-GSM,PID337380,None,1,1.04,True
ACT-2026-005704,2026-08-11,K16,P-MOB-GSM,PID811321,None,1,1.04,True
ACT-2026-005705,2026-08-11,K16,P-FIX-FBR,PID841775,None,1,6.69,True
ACT-2026-005706,2026-08-11,K16,P-MOB-GSM,PID419091,None,1,1.04,True
ACT-2026-005707,2026-08-11,K17,P-MOB-GSM,PID601365,None,1,1.04,True
ACT-2026-005708,2026-08-11,K17,P-MOB-GSM,PID420564,None,1,1.04,True
ACT-2026-005709,2026-08-11,K17,P-MOB-GSM,PID203554,None,1,1.04,True
ACT-2026-005710,2026-08-11,K17,P-MOB-GSM,PID872914,None,1,1.04,True
ACT-2026-005711,2026-08-11,K17,P-MOB-OTH,PID584927,None,1,1.57,True
ACT-2026-005712,2026-08-11,K18,P-MOB-GSM,PID219142,None,1,1.04,True
ACT-2026-005713,2026-08-12,K01,P-MOB-GSM,PID699426,None,1,1.01,True
ACT-2026-005714,2026-08-12,K01,P-MOB-GSM,PID577318,None,1,1.01,True
ACT-2026-005715,2026-08-12,K01,P-MOB-GSM,PID671515,MNP,1,2.02,True
ACT-2026-005716,2026-08-12,K01,P-MOB-GSM,PID781933,None,1,1.01,True
ACT-2026-005717,2026-08-12,K01,P-MOB-GSM,PID342860,None,1,1.01,True
ACT-2026-005718,2026-08-12,K01,P-MOB-GSM,PID388131,None,1,1.01,True
ACT-2026-005719,2026-08-12,K01,P-MOB-GSM,PID118840,None,1,1.01,True
ACT-2026-005720,2026-08-12,K01,P-FIX-WFA,PID551313,None,1,6.55,True
ACT-2026-005721,2026-08-12,K01,P-MOB-GSM,PID983052,MNP,1,2.02,True
ACT-2026-005722,2026-08-12,K01,P-MOB-GSM,PID334442,None,1,1.01,True
ACT-2026-005723,2026-08-12,K01,P-MOB-GSM,PID874402,None,1,1.01,True
ACT-2026-005724,2026-08-12,K01,P-MOB-GSM,PID545354,None,1,1.01,True
ACT-2026-005725,2026-08-12,K01,P-MOB-GSM,PID922589,MNP,1,2.02,True
ACT-2026-005726,2026-08-12,K02,P-MOB-GSM,PID423468,None,1,1.01,True
ACT-2026-005727,2026-08-12,K02,P-MOB-OTH,PID650520,None,1,1.52,True
ACT-2026-005728,2026-08-12,K02,P-MOB-GSM,PID765804,MNP,1,2.02,True
ACT-2026-005729,2026-08-12,K02,P-MOB-GSM,PID643360,MNP,1,2.02,True
ACT-2026-005730,2026-08-12,K02,P-MOB-GSM,PID996517,MNP,1,2.02,True
ACT-2026-005731,2026-08-12,K02,P-MOB-OTH,PID569362,None,1,1.52,True
ACT-2026-005732,2026-08-12,K02,P-MOB-GSM,PID881898,None,1,1.01,True
ACT-2026-005733,2026-08-12,K02,P-FIX-BIB,PID328250,None,1,16.39,True
ACT-2026-005734,2026-08-12,K02,P-MOB-GSM,PID625497,None,1,1.01,True
ACT-2026-005735,2026-08-12,K02,P-MOB-GSM,PID440724,None,1,1.01,True
ACT-2026-005736,2026-08-12,K02,P-MOB-GSM,PID711789,None,1,1.01,True
ACT-2026-005737,2026-08-12,K02,P-MOB-GSM,PID401768,None,1,1.01,True
ACT-2026-005738,2026-08-12,K02,P-MOB-OTH,PID780270,None,1,1.52,True
ACT-2026-005739,2026-08-12,K02,P-MOB-GSM,PID815616,None,1,1.01,True
ACT-2026-005740,2026-08-12,K02,P-MOB-GSM,PID143563,None,1,1.01,True
ACT-2026-005741,2026-08-12,K02,P-MOB-GSM,PID268635,None,1,1.01,True
ACT-2026-005742,2026-08-12,K02,P-DIG-SVC,PID225467,None,1,5.58,True
ACT-2026-005743,2026-08-12,K02,P-MOB-GSM,PID801632,None,1,1.01,True
ACT-2026-005744,2026-08-12,K02,P-MOB-GSM,PID760047,None,1,1.01,True
ACT-2026-005745,2026-08-12,K02,P-MOB-GSM,PID193932,None,1,1.01,True
ACT-2026-005746,2026-08-12,K02,P-MOB-GSM,PID898279,None,1,1.01,True
ACT-2026-005747,2026-08-12,K02,P-MOB-GSM,PID295626,None,1,0.0,False
ACT-2026-005748,2026-08-12,K03,P-DIG-SVC,PID654871,None,1,5.58,True
ACT-2026-005749,2026-08-12,K03,P-MOB-GSM,PID964461,None,1,1.01,True
ACT-2026-005750,2026-08-12,K03,P-MOB-GSM,PID260985,None,1,1.01,True
ACT-2026-005751,2026-08-12,K03,P-MOB-GSM,PID335810,None,1,1.01,True
ACT-2026-005752,2026-08-12,K03,P-MOB-GSM,PID435093,None,1,1.01,True
ACT-2026-005753,2026-08-12,K03,P-MOB-GSM,PID156799,None,1,1.01,True
ACT-2026-005754,2026-08-12,K03,P-MOB-GSM,PID244129,None,1,1.01,True
ACT-2026-005755,2026-08-12,K03,P-MOB-GSM,PID797348,None,1,1.01,True
ACT-2026-005756,2026-08-12,K03,P-MOB-GSM,PID242360,MNP,1,2.02,True
ACT-2026-005757,2026-08-12,K03,P-MOB-GSM,PID385720,MNP,1,2.02,True
ACT-2026-005758,2026-08-12,K03,P-MOB-GSM,PID942764,None,1,1.01,True
ACT-2026-005759,2026-08-12,K03,P-FIX-BIB,PID508404,None,1,16.39,True
ACT-2026-005760,2026-08-12,K03,P-MOB-GSM,PID665722,None,1,1.01,True
ACT-2026-005761,2026-08-12,K03,P-MOB-GSM,PID737971,None,1,1.01,True
ACT-2026-005762,2026-08-12,K03,P-DEV-DEV,PID436609,None,1,4.38,True
ACT-2026-005763,2026-08-12,K03,P-MOB-GSM,PID993957,None,1,1.01,True
ACT-2026-005764,2026-08-12,K03,P-MOB-GSM,PID657917,MNP,1,2.02,True
ACT-2026-005765,2026-08-12,K03,P-MOB-GSM,PID830090,MNP,1,2.02,True
ACT-2026-005766,2026-08-12,K03,P-MOB-GSM,PID179089,MNP,1,2.02,True
ACT-2026-005767,2026-08-12,K03,P-MOB-GSM,PID116497,MNP,1,2.02,True
ACT-2026-005768,2026-08-12,K03,P-MOB-GSM,PID804982,None,1,1.01,True
ACT-2026-005769,2026-08-12,K04,P-MOB-GSM,PID899395,None,1,1.01,True
ACT-2026-005770,2026-08-12,K04,P-MOB-GSM,PID107890,MNP,1,2.02,True
ACT-2026-005771,2026-08-12,K04,P-FIX-BIB,PID133745,None,1,16.39,True
ACT-2026-005772,2026-08-12,K04,P-DIG-SVC,PID958405,None,1,5.58,True
ACT-2026-005773,2026-08-12,K04,P-MOB-GSM,PID859459,None,1,1.01,True
ACT-2026-005774,2026-08-12,K04,P-MOB-GSM,PID279016,None,1,1.01,True
ACT-2026-005775,2026-08-12,K04,P-MOB-GSM,PID325217,MNP,1,2.02,True
ACT-2026-005776,2026-08-12,K04,P-MOB-GSM,PID935327,MNP,1,2.02,True
ACT-2026-005777,2026-08-12,K04,P-MOB-GSM,PID454113,None,1,1.01,True
ACT-2026-005778,2026-08-12,K04,P-DIG-SVC,PID710765,None,1,5.58,True
ACT-2026-005779,2026-08-12,K04,P-MOB-GSM,PID640899,None,1,1.01,True
ACT-2026-005780,2026-08-12,K05,P-MOB-GSM,PID169085,None,1,1.01,True
ACT-2026-005781,2026-08-12,K05,P-MOB-GSM,PID192485,None,1,1.01,True
ACT-2026-005782,2026-08-12,K05,P-MOB-GSM,PID280264,None,1,1.01,True
ACT-2026-005783,2026-08-12,K05,P-MOB-GSM,PID803273,None,1,1.01,True
ACT-2026-005784,2026-08-12,K05,P-MOB-GSM,PID449394,None,1,1.01,True
ACT-2026-005785,2026-08-12,K05,P-MOB-GSM,PID982419,None,1,1.01,True
ACT-2026-005786,2026-08-12,K05,P-MOB-GSM,PID527853,None,1,1.01,True
ACT-2026-005787,2026-08-12,K05,P-MOB-GSM,PID702505,None,1,1.01,True
ACT-2026-005788,2026-08-12,K05,P-MOB-GSM,PID830830,None,1,1.01,True
ACT-2026-005789,2026-08-12,K06,P-MOB-GSM,PID371589,None,1,1.01,True
ACT-2026-005790,2026-08-12,K06,P-DIG-SVC,PID214674,None,1,5.58,True
ACT-2026-005791,2026-08-12,K06,P-MOB-GSM,PID506545,None,1,1.01,True
ACT-2026-005792,2026-08-12,K06,P-MOB-GSM,PID781633,None,1,1.01,True
ACT-2026-005793,2026-08-12,K07,P-MOB-GSM,PID557890,None,1,0.97,True
ACT-2026-005794,2026-08-12,K07,P-MOB-GSM,PID342778,None,1,0.97,True
ACT-2026-005795,2026-08-12,K07,P-MOB-GSM,PID199941,None,1,0.97,True
ACT-2026-005796,2026-08-12,K07,P-MOB-GSM,PID668838,None,1,0.97,True
ACT-2026-005797,2026-08-12,K07,P-MOB-GSM,PID390718,None,1,0.97,True
ACT-2026-005798,2026-08-12,K07,P-MOB-GSM,PID923044,None,1,0.97,True
ACT-2026-005799,2026-08-12,K07,P-MOB-GSM,PID111156,None,1,0.97,True
ACT-2026-005800,2026-08-12,K07,P-MOB-GSM,PID137122,None,1,0.97,True
ACT-2026-005801,2026-08-12,K07,P-MOB-GSM,PID855327,None,1,0.97,True
ACT-2026-005802,2026-08-12,K07,P-MOB-GSM,PID312324,None,1,0.97,True
ACT-2026-005803,2026-08-12,K07,P-DIG-SVC,PID240000,None,1,5.73,True
ACT-2026-005804,2026-08-12,K07,P-FIX-BIB,PID969351,None,1,14.87,True
ACT-2026-005805,2026-08-12,K07,P-MOB-GSM,PID317754,MNP,1,1.95,True
ACT-2026-005806,2026-08-12,K07,P-MOB-OTH,PID799632,None,1,1.46,True
ACT-2026-005807,2026-08-12,K08,P-MOB-GSM,PID534344,None,1,0.97,True
ACT-2026-005808,2026-08-12,K08,P-MOB-GSM,PID745513,MNP,1,1.95,True
ACT-2026-005809,2026-08-12,K08,P-MOB-GSM,PID903812,None,1,0.97,True
ACT-2026-005810,2026-08-12,K08,P-MOB-GSM,PID396330,None,1,0.97,True
ACT-2026-005811,2026-08-12,K08,P-MOB-GSM,PID191207,None,1,0.97,True
ACT-2026-005812,2026-08-12,K08,P-MOB-GSM,PID340194,None,1,0.97,True
ACT-2026-005813,2026-08-12,K08,P-DIG-SVC,PID422679,None,1,5.73,True
ACT-2026-005814,2026-08-12,K08,P-MOB-GSM,PID792781,None,1,0.97,True
ACT-2026-005815,2026-08-12,K08,P-MOB-GSM,PID664956,None,1,0.97,True
ACT-2026-005816,2026-08-12,K08,P-MOB-GSM,PID645622,None,1,0.97,True
ACT-2026-005817,2026-08-12,K08,P-MOB-GSM,PID465442,None,1,0.97,True
ACT-2026-005818,2026-08-12,K08,P-MOB-GSM,PID798694,None,1,0.97,True
ACT-2026-005819,2026-08-12,K08,P-MOB-GSM,PID147687,None,1,0.97,True
ACT-2026-005820,2026-08-12,K09,P-MOB-GSM,PID980452,MNP,1,1.95,True
ACT-2026-005821,2026-08-12,K09,P-MOB-GSM,PID198211,None,1,0.97,True
ACT-2026-005822,2026-08-12,K09,P-MOB-GSM,PID214558,None,1,0.97,True
ACT-2026-005823,2026-08-12,K09,P-FIX-WFA,PID651491,None,1,5.95,True
ACT-2026-005824,2026-08-12,K09,P-MOB-GSM,PID122996,None,1,0.97,True
ACT-2026-005825,2026-08-12,K09,P-MOB-GSM,PID517624,None,1,0.97,True
ACT-2026-005826,2026-08-12,K09,P-MOB-OTH,PID928140,None,1,1.46,True
ACT-2026-005827,2026-08-12,K09,P-MOB-GSM,PID146018,None,1,0.97,True
ACT-2026-005828,2026-08-12,K09,P-MOB-GSM,PID747263,MNP,1,1.95,True
ACT-2026-005829,2026-08-12,K09,P-MOB-GSM,PID764681,None,1,0.97,True
ACT-2026-005830,2026-08-12,K10,P-MOB-GSM,PID281002,None,1,0.97,True
ACT-2026-005831,2026-08-12,K10,P-MOB-GSM,PID875563,MNP,1,1.95,True
ACT-2026-005832,2026-08-12,K10,P-MOB-GSM,PID329315,None,1,0.97,True
ACT-2026-005833,2026-08-12,K10,P-MOB-GSM,PID116902,None,1,0.97,True
ACT-2026-005834,2026-08-12,K10,P-MOB-GSM,PID243482,None,1,0.97,True
ACT-2026-005835,2026-08-12,K10,P-FIX-WFA,PID607338,None,1,5.95,True
ACT-2026-005836,2026-08-12,K10,P-MOB-GSM,PID945678,None,1,0.97,True
ACT-2026-005837,2026-08-12,K11,P-MOB-GSM,PID910788,None,1,0.97,True
ACT-2026-005838,2026-08-12,K11,P-MOB-GSM,PID105213,None,1,0.97,True
ACT-2026-005839,2026-08-12,K11,P-MOB-GSM,PID175707,MNP,1,1.95,True
ACT-2026-005840,2026-08-12,K11,P-MOB-GSM,PID522921,None,1,0.97,True
ACT-2026-005841,2026-08-12,K11,P-MOB-OTH,PID438591,None,1,1.46,True
ACT-2026-005842,2026-08-12,K12,P-MOB-GSM,PID249996,None,1,0.97,True
ACT-2026-005843,2026-08-12,K12,P-MOB-GSM,PID994093,None,1,0.97,True
ACT-2026-005844,2026-08-12,K13,P-MOB-OTH,PID675549,None,1,1.57,True
ACT-2026-005845,2026-08-12,K13,P-MOB-GSM,PID436598,None,1,1.04,True
ACT-2026-005846,2026-08-12,K13,P-MOB-GSM,PID537707,None,1,1.04,True
ACT-2026-005847,2026-08-12,K13,P-FIX-FBR,PID927790,None,1,6.69,True
ACT-2026-005848,2026-08-12,K13,P-MOB-GSM,PID727567,None,1,1.04,True
ACT-2026-005849,2026-08-12,K13,P-MOB-GSM,PID325343,None,1,1.04,True
ACT-2026-005850,2026-08-12,K13,P-MOB-GSM,PID277434,None,1,1.04,True
ACT-2026-005851,2026-08-12,K13,P-MOB-GSM,PID967209,None,1,1.04,True
ACT-2026-005852,2026-08-12,K13,P-MOB-GSM,PID613128,None,1,1.04,True
ACT-2026-005853,2026-08-12,K13,P-MOB-GSM,PID968731,None,1,1.04,True
ACT-2026-005854,2026-08-12,K13,P-MOB-GSM,PID882869,None,1,1.04,True
ACT-2026-005855,2026-08-12,K14,P-MOB-GSM,PID902377,MNP,1,2.09,True
ACT-2026-005856,2026-08-12,K14,P-MOB-GSM,PID345412,None,1,1.04,True
ACT-2026-005857,2026-08-12,K14,P-FIX-FBR,PID347044,None,1,6.69,True
ACT-2026-005858,2026-08-12,K14,P-MOB-GSM,PID777843,None,1,1.04,True
ACT-2026-005859,2026-08-12,K14,P-MOB-GSM,PID710763,None,1,1.04,True
ACT-2026-005860,2026-08-12,K14,P-MOB-GSM,PID727089,MNP,1,2.09,True
ACT-2026-005861,2026-08-12,K14,P-DIG-SVC,PID173245,None,1,4.99,True
ACT-2026-005862,2026-08-12,K14,P-MOB-GSM,PID305703,None,1,1.04,True
ACT-2026-005863,2026-08-12,K14,P-MOB-GSM,PID670268,MNP,1,2.09,True
ACT-2026-005864,2026-08-12,K14,P-MOB-GSM,PID304139,None,1,1.04,True
ACT-2026-005865,2026-08-12,K14,P-MOB-GSM,PID942789,None,1,1.04,True
ACT-2026-005866,2026-08-12,K14,P-MOB-GSM,PID466708,MNP,1,2.09,True
ACT-2026-005867,2026-08-12,K14,P-MOB-GSM,PID186377,MNP,1,2.09,True
ACT-2026-005868,2026-08-12,K15,P-MOB-GSM,PID173193,None,1,1.04,True
ACT-2026-005869,2026-08-12,K15,P-MOB-OTH,PID301792,None,1,1.57,True
ACT-2026-005870,2026-08-12,K15,P-MOB-OTH,PID624279,None,1,1.57,True
ACT-2026-005871,2026-08-12,K15,P-MOB-GSM,PID406454,None,1,1.04,True
ACT-2026-005872,2026-08-12,K15,P-MOB-GSM,PID305999,None,1,1.04,True
ACT-2026-005873,2026-08-12,K15,P-MOB-GSM,PID946705,MNP,1,2.09,True
ACT-2026-005874,2026-08-12,K15,P-MOB-GSM,PID720879,MNP,1,2.09,True
ACT-2026-005875,2026-08-12,K15,P-MOB-GSM,PID832565,None,1,1.04,True
ACT-2026-005876,2026-08-12,K15,P-MOB-GSM,PID192747,None,1,1.04,True
ACT-2026-005877,2026-08-12,K16,P-MOB-GSM,PID322489,None,1,1.04,True
ACT-2026-005878,2026-08-12,K16,P-MOB-GSM,PID105709,None,1,1.04,True
ACT-2026-005879,2026-08-12,K16,P-MOB-GSM,PID135606,None,1,1.04,True
ACT-2026-005880,2026-08-12,K16,P-MOB-GSM,PID668924,MNP,1,2.09,True
ACT-2026-005881,2026-08-12,K16,P-MOB-GSM,PID179359,None,1,1.04,True
ACT-2026-005882,2026-08-12,K16,P-MOB-GSM,PID429087,None,1,1.04,True
ACT-2026-005883,2026-08-12,K16,P-MOB-GSM,PID157017,MNP,1,2.09,True
ACT-2026-005884,2026-08-12,K16,P-MOB-GSM,PID207483,None,1,1.04,True
ACT-2026-005885,2026-08-12,K17,P-MOB-GSM,PID224481,MNP,1,2.09,True
ACT-2026-005886,2026-08-12,K17,P-MOB-GSM,PID369711,None,1,1.04,True
ACT-2026-005887,2026-08-12,K17,P-MOB-GSM,PID390053,None,1,1.04,True
ACT-2026-005888,2026-08-12,K17,P-MOB-GSM,PID345105,MNP,1,2.09,True
ACT-2026-005889,2026-08-12,K17,P-MOB-GSM,PID177780,None,1,1.04,True
ACT-2026-005890,2026-08-12,K18,P-DEV-DEV,PID882537,None,1,6.28,True
ACT-2026-005891,2026-08-12,K18,P-MOB-GSM,PID239076,None,1,1.04,True
ACT-2026-005892,2026-08-12,K18,P-FIX-WFA,PID705708,None,1,4.02,True
ACT-2026-005893,2026-08-12,K18,P-MOB-GSM,PID326581,None,1,1.04,True
ACT-2026-005894,2026-08-12,K18,P-MOB-OTH,PID383218,None,1,1.57,True
ACT-2026-005895,2026-08-12,K18,P-MOB-OTH,PID928271,None,1,1.57,True
ACT-2026-005896,2026-08-13,K01,P-MOB-GSM,PID944937,MNP,1,2.02,True
ACT-2026-005897,2026-08-13,K01,P-MOB-OTH,PID154690,None,1,1.52,True
ACT-2026-005898,2026-08-13,K01,P-MOB-GSM,PID277060,MNP,1,2.02,True
ACT-2026-005899,2026-08-13,K01,P-MOB-GSM,PID814920,None,1,1.01,True
ACT-2026-005900,2026-08-13,K01,P-MOB-GSM,PID814778,None,1,1.01,True
ACT-2026-005901,2026-08-13,K01,P-MOB-GSM,PID469581,MNP,1,2.02,True
ACT-2026-005902,2026-08-13,K01,P-MOB-GSM,PID425360,None,1,1.01,True
ACT-2026-005903,2026-08-13,K01,P-MOB-GSM,PID704123,None,1,1.01,True
ACT-2026-005904,2026-08-13,K01,P-MOB-GSM,PID929856,None,1,1.01,True
ACT-2026-005905,2026-08-13,K01,P-DIG-SVC,PID131898,None,1,5.58,True
ACT-2026-005906,2026-08-13,K01,P-MOB-GSM,PID677724,None,1,1.01,True
ACT-2026-005907,2026-08-13,K01,P-MOB-GSM,PID401901,None,1,1.01,True
ACT-2026-005908,2026-08-13,K01,P-MOB-GSM,PID565468,None,1,1.01,True
ACT-2026-005909,2026-08-13,K01,P-MOB-GSM,PID340217,MNP,1,2.02,True
ACT-2026-005910,2026-08-13,K01,P-MOB-GSM,PID889178,MNP,1,2.02,True
ACT-2026-005911,2026-08-13,K01,P-MOB-GSM,PID381500,None,1,1.01,True
ACT-2026-005912,2026-08-13,K01,P-MOB-GSM,PID326146,None,1,1.01,True
ACT-2026-005913,2026-08-13,K01,P-MOB-GSM,PID819642,None,1,1.01,True
ACT-2026-005914,2026-08-13,K01,P-MOB-GSM,PID721335,None,1,1.01,True
ACT-2026-005915,2026-08-13,K01,P-MOB-OTH,PID747794,None,1,1.52,True
ACT-2026-005916,2026-08-13,K01,P-MOB-GSM,PID476755,MNP,1,2.02,True
ACT-2026-005917,2026-08-13,K01,P-MOB-OTH,PID761491,None,1,1.52,True
ACT-2026-005918,2026-08-13,K01,P-MOB-GSM,PID111560,None,1,1.01,True
ACT-2026-005919,2026-08-13,K01,P-MOB-GSM,PID986113,None,1,1.01,True
ACT-2026-005920,2026-08-13,K02,P-MOB-GSM,PID996847,MNP,1,2.02,True
ACT-2026-005921,2026-08-13,K02,P-DIG-SVC,PID938079,None,1,5.58,True
ACT-2026-005922,2026-08-13,K02,P-MOB-GSM,PID714160,MNP,1,2.02,True
ACT-2026-005923,2026-08-13,K02,P-MOB-GSM,PID923936,None,1,1.01,True
ACT-2026-005924,2026-08-13,K02,P-MOB-GSM,PID395244,MNP,1,2.02,True
ACT-2026-005925,2026-08-13,K02,P-MOB-GSM,PID954450,None,1,1.01,True
ACT-2026-005926,2026-08-13,K02,P-MOB-GSM,PID586042,None,1,1.01,True
ACT-2026-005927,2026-08-13,K02,P-MOB-GSM,PID651490,MNP,1,2.02,True
ACT-2026-005928,2026-08-13,K02,P-MOB-GSM,PID577019,MNP,1,2.02,True
ACT-2026-005929,2026-08-13,K02,P-MOB-GSM,PID523696,MNP,1,2.02,True
ACT-2026-005930,2026-08-13,K02,P-MOB-GSM,PID757395,None,1,1.01,True
ACT-2026-005931,2026-08-13,K02,P-FIX-WFA,PID429441,None,1,6.55,True
ACT-2026-005932,2026-08-13,K02,P-DIG-SVC,PID981820,None,1,5.58,True
ACT-2026-005933,2026-08-13,K02,P-MOB-GSM,PID953320,None,1,1.01,True
ACT-2026-005934,2026-08-13,K02,P-MOB-OTH,PID194999,None,1,1.52,True
ACT-2026-005935,2026-08-13,K03,P-MOB-GSM,PID969842,None,1,1.01,True
ACT-2026-005936,2026-08-13,K03,P-MOB-GSM,PID812030,MNP,1,2.02,True
ACT-2026-005937,2026-08-13,K03,P-MOB-GSM,PID251424,None,1,1.01,True
ACT-2026-005938,2026-08-13,K03,P-MOB-GSM,PID357208,None,1,1.01,True
ACT-2026-005939,2026-08-13,K03,P-MOB-GSM,PID831640,None,1,1.01,True
ACT-2026-005940,2026-08-13,K03,P-MOB-GSM,PID550421,None,1,1.01,True
ACT-2026-005941,2026-08-13,K03,P-MOB-GSM,PID349856,None,1,1.01,True
ACT-2026-005942,2026-08-13,K03,P-MOB-GSM,PID894486,None,1,1.01,True
ACT-2026-005943,2026-08-13,K03,P-MOB-GSM,PID790890,None,1,1.01,True
ACT-2026-005944,2026-08-13,K03,P-FIX-FBR,PID981519,None,1,10.92,True
ACT-2026-005945,2026-08-13,K03,P-MOB-GSM,PID919830,None,1,1.01,True
ACT-2026-005946,2026-08-13,K03,P-MOB-GSM,PID389246,None,1,1.01,True
ACT-2026-005947,2026-08-13,K03,P-DEV-DEV,PID598959,None,1,4.38,True
ACT-2026-005948,2026-08-13,K04,P-MOB-OTH,PID939365,None,1,1.52,True
ACT-2026-005949,2026-08-13,K04,P-MOB-GSM,PID762531,None,1,1.01,True
ACT-2026-005950,2026-08-13,K04,P-MOB-GSM,PID722023,None,1,1.01,True
ACT-2026-005951,2026-08-13,K04,P-MOB-GSM,PID595282,None,1,1.01,True
ACT-2026-005952,2026-08-13,K04,P-MOB-GSM,PID375675,MNP,1,2.02,True
ACT-2026-005953,2026-08-13,K04,P-FIX-BIB,PID538142,None,1,16.39,True
ACT-2026-005954,2026-08-13,K04,P-MOB-GSM,PID177447,None,1,1.01,True
ACT-2026-005955,2026-08-13,K04,P-MOB-GSM,PID286705,None,1,1.01,True
ACT-2026-005956,2026-08-13,K04,P-MOB-GSM,PID500117,None,1,1.01,True
ACT-2026-005957,2026-08-13,K04,P-MOB-GSM,PID666481,MNP,1,2.02,True
ACT-2026-005958,2026-08-13,K04,P-MOB-OTH,PID626216,None,1,1.52,True
ACT-2026-005959,2026-08-13,K04,P-MOB-GSM,PID531760,None,1,1.01,True
ACT-2026-005960,2026-08-13,K04,P-MOB-GSM,PID537083,MNP,1,2.02,True
ACT-2026-005961,2026-08-13,K04,P-MOB-GSM,PID559810,None,1,1.01,True
ACT-2026-005962,2026-08-13,K05,P-DIG-SVC,PID350872,None,1,5.58,True
ACT-2026-005963,2026-08-13,K05,P-FIX-WFA,PID889762,None,1,6.55,True
ACT-2026-005964,2026-08-13,K05,P-MOB-GSM,PID981097,MNP,1,2.02,True
ACT-2026-005965,2026-08-13,K05,P-MOB-GSM,PID543800,None,1,1.01,True
ACT-2026-005966,2026-08-13,K06,P-MOB-GSM,PID751600,None,1,1.01,True
ACT-2026-005967,2026-08-13,K06,P-MOB-GSM,PID878974,None,1,1.01,True
ACT-2026-005968,2026-08-13,K06,P-MOB-GSM,PID634196,None,1,1.01,True
ACT-2026-005969,2026-08-13,K06,P-MOB-GSM,PID413147,None,1,1.01,True
ACT-2026-005970,2026-08-13,K06,P-MOB-GSM,PID687075,None,1,1.01,True
ACT-2026-005971,2026-08-13,K06,P-MOB-GSM,PID411565,MNP,1,2.02,True
ACT-2026-005972,2026-08-13,K07,P-MOB-GSM,PID590381,None,1,0.97,True
ACT-2026-005973,2026-08-13,K07,P-MOB-GSM,PID352348,MNP,1,1.95,True
ACT-2026-005974,2026-08-13,K07,P-MOB-GSM,PID227270,MNP,1,1.95,True
ACT-2026-005975,2026-08-13,K07,P-MOB-GSM,PID155994,None,1,0.97,True
ACT-2026-005976,2026-08-13,K07,P-MOB-GSM,PID191141,None,1,0.97,True
ACT-2026-005977,2026-08-13,K07,P-MOB-GSM,PID188643,None,1,0.97,True
ACT-2026-005978,2026-08-13,K07,P-MOB-GSM,PID866223,MNP,1,1.95,True
ACT-2026-005979,2026-08-13,K07,P-MOB-GSM,PID227776,None,1,0.97,True
ACT-2026-005980,2026-08-13,K07,P-MOB-OTH,PID516802,None,1,1.46,True
ACT-2026-005981,2026-08-13,K07,P-MOB-GSM,PID468100,None,1,0.97,True
ACT-2026-005982,2026-08-13,K07,P-MOB-GSM,PID225358,None,1,0.97,True
ACT-2026-005983,2026-08-13,K07,P-MOB-OTH,PID229653,None,1,1.46,True
ACT-2026-005984,2026-08-13,K07,P-MOB-GSM,PID778445,None,1,0.97,True
ACT-2026-005985,2026-08-13,K07,P-MOB-OTH,PID437207,None,1,1.46,True
ACT-2026-005986,2026-08-13,K07,P-MOB-GSM,PID259153,None,1,0.97,True
ACT-2026-005987,2026-08-13,K07,P-MOB-GSM,PID142925,MNP,1,1.95,True
ACT-2026-005988,2026-08-13,K07,P-MOB-GSM,PID902033,MNP,1,1.95,True
ACT-2026-005989,2026-08-13,K07,P-DIG-SVC,PID240629,None,1,5.73,True
ACT-2026-005990,2026-08-13,K08,P-MOB-GSM,PID104047,None,1,0.97,True
ACT-2026-005991,2026-08-13,K08,P-MOB-GSM,PID371788,None,1,0.97,True
ACT-2026-005992,2026-08-13,K08,P-MOB-GSM,PID231708,None,1,0.97,True
ACT-2026-005993,2026-08-13,K08,P-MOB-GSM,PID970666,None,1,0.97,True
ACT-2026-005994,2026-08-13,K08,P-MOB-GSM,PID417341,MNP,1,1.95,True
ACT-2026-005995,2026-08-13,K08,P-MOB-GSM,PID383229,None,1,0.97,True
ACT-2026-005996,2026-08-13,K08,P-MOB-GSM,PID622671,None,1,0.97,True
ACT-2026-005997,2026-08-13,K08,P-MOB-GSM,PID280637,MNP,1,1.95,True
ACT-2026-005998,2026-08-13,K08,P-MOB-GSM,PID571238,None,1,0.97,True
ACT-2026-005999,2026-08-13,K08,P-MOB-GSM,PID793342,None,1,0.97,True
ACT-2026-006000,2026-08-13,K08,P-MOB-GSM,PID811630,MNP,1,1.95,True
ACT-2026-006001,2026-08-13,K08,P-MOB-GSM,PID658721,None,1,0.97,True
ACT-2026-006002,2026-08-13,K08,P-MOB-GSM,PID815509,None,1,0.97,True
ACT-2026-006003,2026-08-13,K09,P-MOB-GSM,PID286343,None,1,0.97,True
ACT-2026-006004,2026-08-13,K09,P-MOB-GSM,PID416430,None,1,0.97,True
ACT-2026-006005,2026-08-13,K09,P-MOB-GSM,PID391354,None,1,0.97,True
ACT-2026-006006,2026-08-13,K09,P-MOB-GSM,PID603575,None,1,0.97,True
ACT-2026-006007,2026-08-13,K09,P-MOB-GSM,PID997257,None,1,0.97,True
ACT-2026-006008,2026-08-13,K09,P-MOB-GSM,PID703527,None,1,0.97,True
ACT-2026-006009,2026-08-13,K09,P-MOB-GSM,PID320875,None,1,0.97,True
ACT-2026-006010,2026-08-13,K09,P-MOB-GSM,PID903087,MNP,1,1.95,True
ACT-2026-006011,2026-08-13,K09,P-MOB-GSM,PID830620,None,1,0.97,True
ACT-2026-006012,2026-08-13,K09,P-FIX-WFA,PID353088,FNP,1,5.95,True
ACT-2026-006013,2026-08-13,K10,P-FIX-FBR,PID200328,FNP,1,9.91,True
ACT-2026-006014,2026-08-13,K10,P-MOB-GSM,PID906040,MNP,1,1.95,True
ACT-2026-006015,2026-08-13,K10,P-MOB-GSM,PID874811,None,1,0.97,True
ACT-2026-006016,2026-08-13,K10,P-MOB-GSM,PID180010,None,1,0.97,True
ACT-2026-006017,2026-08-13,K10,P-MOB-OTH,PID898752,None,1,1.46,True
ACT-2026-006018,2026-08-13,K11,P-MOB-GSM,PID586304,MNP,1,1.95,True
ACT-2026-006019,2026-08-13,K11,P-MOB-GSM,PID285253,None,1,0.97,True
ACT-2026-006020,2026-08-13,K11,P-MOB-GSM,PID606361,MNP,1,1.95,True
ACT-2026-006021,2026-08-13,K11,P-DIG-SVC,PID672061,None,1,5.73,True
ACT-2026-006022,2026-08-13,K11,P-MOB-GSM,PID629131,None,1,0.97,True
ACT-2026-006023,2026-08-13,K12,P-MOB-GSM,PID677843,None,1,0.97,True
ACT-2026-006024,2026-08-13,K12,P-MOB-GSM,PID316416,MNP,1,3.15,True
ACT-2026-006025,2026-08-13,K12,P-MOB-GSM,PID523834,None,1,0.97,True
ACT-2026-006026,2026-08-13,K12,P-MOB-OTH,PID750231,None,1,1.46,True
ACT-2026-006027,2026-08-13,K12,P-MOB-GSM,PID138111,None,1,0.97,True
ACT-2026-006028,2026-08-13,K12,P-MOB-OTH,PID646872,None,1,1.46,True
ACT-2026-006029,2026-08-13,K13,P-FIX-WFA,PID517615,None,1,4.02,True
ACT-2026-006030,2026-08-13,K13,P-MOB-GSM,PID396382,None,1,1.04,True
ACT-2026-006031,2026-08-13,K13,P-MOB-GSM,PID654652,None,1,1.04,True
ACT-2026-006032,2026-08-13,K13,P-MOB-GSM,PID961381,None,1,1.04,True
ACT-2026-006033,2026-08-13,K13,P-FIX-BIB,PID563964,None,1,10.04,True
ACT-2026-006034,2026-08-13,K13,P-MOB-GSM,PID512947,None,1,1.04,True
ACT-2026-006035,2026-08-13,K13,P-FIX-FBR,PID893941,FNP,1,6.69,True
ACT-2026-006036,2026-08-13,K13,P-MOB-OTH,PID506891,None,1,1.57,True
ACT-2026-006037,2026-08-13,K13,P-MOB-GSM,PID227183,None,1,1.04,True
ACT-2026-006038,2026-08-13,K13,P-MOB-GSM,PID171142,None,1,0.0,False
ACT-2026-006039,2026-08-13,K13,P-MOB-GSM,PID476467,None,1,1.04,True
ACT-2026-006040,2026-08-13,K13,P-MOB-GSM,PID297288,MNP,1,2.09,True
ACT-2026-006041,2026-08-13,K13,P-MOB-GSM,PID153227,MNP,1,2.09,True
ACT-2026-006042,2026-08-13,K13,P-MOB-GSM,PID631970,None,1,1.04,True
ACT-2026-006043,2026-08-13,K13,P-MOB-GSM,PID458369,None,1,1.04,True
ACT-2026-006044,2026-08-13,K13,P-MOB-GSM,PID335834,None,1,1.04,True
ACT-2026-006045,2026-08-13,K13,P-MOB-GSM,PID419081,None,1,1.04,True
ACT-2026-006046,2026-08-13,K13,P-MOB-GSM,PID820262,MNP,1,2.09,True
ACT-2026-006047,2026-08-13,K13,P-MOB-GSM,PID658167,MNP,1,2.09,True
ACT-2026-006048,2026-08-13,K13,P-MOB-GSM,PID686963,None,1,1.04,True
ACT-2026-006049,2026-08-13,K13,P-MOB-GSM,PID112500,None,1,1.04,True
ACT-2026-006050,2026-08-13,K14,P-DEV-DEV,PID477208,None,1,6.35,True
ACT-2026-006051,2026-08-13,K14,P-MOB-GSM,PID980076,None,1,1.04,True
ACT-2026-006052,2026-08-13,K14,P-MOB-GSM,PID628334,None,1,1.04,True
ACT-2026-006053,2026-08-13,K14,P-MOB-GSM,PID285960,None,1,1.04,True
ACT-2026-006054,2026-08-13,K14,P-FIX-FBR,PID822929,None,1,6.69,True
ACT-2026-006055,2026-08-13,K14,P-MOB-GSM,PID819425,MNP,1,2.09,True
ACT-2026-006056,2026-08-13,K14,P-MOB-GSM,PID324115,None,1,1.04,True
ACT-2026-006057,2026-08-13,K14,P-MOB-GSM,PID367341,MNP,1,2.09,True
ACT-2026-006058,2026-08-13,K14,P-MOB-GSM,PID633524,None,1,1.04,True
ACT-2026-006059,2026-08-13,K14,P-MOB-GSM,PID241312,None,1,1.04,True
ACT-2026-006060,2026-08-13,K15,P-MOB-GSM,PID507788,None,1,1.04,True
ACT-2026-006061,2026-08-13,K15,P-MOB-GSM,PID714760,None,1,1.04,True
ACT-2026-006062,2026-08-13,K15,P-FIX-FBR,PID986050,None,1,6.69,True
ACT-2026-006063,2026-08-13,K15,P-MOB-GSM,PID146341,None,1,1.04,True
ACT-2026-006064,2026-08-13,K15,P-MOB-GSM,PID390937,None,1,1.04,True
ACT-2026-006065,2026-08-13,K15,P-MOB-GSM,PID930385,MNP,1,2.09,True
ACT-2026-006066,2026-08-13,K15,P-MOB-GSM,PID422005,MNP,1,2.09,True
ACT-2026-006067,2026-08-13,K15,P-MOB-GSM,PID760107,None,1,1.04,True
ACT-2026-006068,2026-08-13,K15,P-FIX-BIB,PID672577,None,1,10.04,True
ACT-2026-006069,2026-08-13,K16,P-MOB-GSM,PID351158,None,1,1.04,True
ACT-2026-006070,2026-08-13,K16,P-MOB-GSM,PID754344,None,1,1.04,True
ACT-2026-006071,2026-08-13,K16,P-DEV-DEV,PID295254,None,1,6.35,True
ACT-2026-006072,2026-08-13,K16,P-MOB-GSM,PID518373,None,1,1.04,True
ACT-2026-006073,2026-08-13,K17,P-MOB-GSM,PID540888,None,1,1.04,True
ACT-2026-006074,2026-08-13,K17,P-MOB-GSM,PID722730,None,1,1.04,True
ACT-2026-006075,2026-08-13,K17,P-MOB-GSM,PID226344,None,1,1.04,True
ACT-2026-006076,2026-08-13,K18,P-MOB-GSM,PID406530,None,1,1.04,True
ACT-2026-006077,2026-08-13,K18,P-MOB-GSM,PID552105,MNP,1,2.09,True
ACT-2026-006078,2026-08-13,K18,P-MOB-GSM,PID785613,None,1,1.04,True
ACT-2026-006079,2026-08-14,K01,P-MOB-OTH,PID712678,None,1,1.52,True
ACT-2026-006080,2026-08-14,K01,P-DEV-DEV,PID356040,None,1,4.38,True
ACT-2026-006081,2026-08-14,K01,P-MOB-OTH,PID776876,None,1,1.52,True
ACT-2026-006082,2026-08-14,K01,P-MOB-GSM,PID923821,None,1,1.01,True
ACT-2026-006083,2026-08-14,K01,P-MOB-OTH,PID532475,None,1,1.52,True
ACT-2026-006084,2026-08-14,K01,P-FIX-FBR,PID898246,None,1,10.92,True
ACT-2026-006085,2026-08-14,K01,P-MOB-GSM,PID260776,None,1,1.01,True
ACT-2026-006086,2026-08-14,K01,P-MOB-GSM,PID411613,None,1,1.01,True
ACT-2026-006087,2026-08-14,K01,P-FIX-FBR,PID544097,None,1,10.92,True
ACT-2026-006088,2026-08-14,K01,P-MOB-GSM,PID271827,None,1,1.01,True
ACT-2026-006089,2026-08-14,K01,P-MOB-GSM,PID388629,None,1,1.01,True
ACT-2026-006090,2026-08-14,K01,P-MOB-GSM,PID924647,None,1,1.01,True
ACT-2026-006091,2026-08-14,K01,P-MOB-GSM,PID966454,MNP,1,2.02,True
ACT-2026-006092,2026-08-14,K01,P-MOB-GSM,PID589878,MNP,1,2.02,True
ACT-2026-006093,2026-08-14,K01,P-MOB-GSM,PID123675,None,1,1.01,True
ACT-2026-006094,2026-08-14,K01,P-MOB-GSM,PID953747,None,1,1.01,True
ACT-2026-006095,2026-08-14,K01,P-FIX-FBR,PID787075,FNP,1,10.92,True
ACT-2026-006096,2026-08-14,K01,P-MOB-GSM,PID952208,None,1,1.01,True
ACT-2026-006097,2026-08-14,K02,P-MOB-GSM,PID431738,None,1,1.01,True
ACT-2026-006098,2026-08-14,K02,P-MOB-GSM,PID957772,None,1,1.01,True
ACT-2026-006099,2026-08-14,K02,P-MOB-GSM,PID545331,None,1,1.01,True
ACT-2026-006100,2026-08-14,K02,P-MOB-GSM,PID886682,None,1,1.01,True
ACT-2026-006101,2026-08-14,K02,P-MOB-GSM,PID371069,None,1,1.01,True
ACT-2026-006102,2026-08-14,K02,P-MOB-GSM,PID415393,None,1,1.01,True
ACT-2026-006103,2026-08-14,K02,P-MOB-GSM,PID647566,None,1,1.01,True
ACT-2026-006104,2026-08-14,K02,P-MOB-GSM,PID729893,None,1,1.01,True
ACT-2026-006105,2026-08-14,K02,P-MOB-OTH,PID793354,None,1,1.52,True
ACT-2026-006106,2026-08-14,K02,P-MOB-GSM,PID801871,None,1,1.01,True
ACT-2026-006107,2026-08-14,K02,P-MOB-OTH,PID482624,None,1,1.52,True
ACT-2026-006108,2026-08-14,K02,P-MOB-GSM,PID624882,None,1,1.01,True
ACT-2026-006109,2026-08-14,K02,P-MOB-GSM,PID400115,None,1,1.01,True
ACT-2026-006110,2026-08-14,K03,P-DEV-DEV,PID852832,None,1,4.38,True
ACT-2026-006111,2026-08-14,K03,P-MOB-GSM,PID671186,None,1,1.01,True
ACT-2026-006112,2026-08-14,K03,P-MOB-GSM,PID384543,None,1,1.01,True
ACT-2026-006113,2026-08-14,K03,P-MOB-GSM,PID363487,None,1,1.01,True
ACT-2026-006114,2026-08-14,K03,P-MOB-GSM,PID443110,None,1,1.01,True
ACT-2026-006115,2026-08-14,K03,P-MOB-OTH,PID311799,None,1,1.52,True
ACT-2026-006116,2026-08-14,K03,P-MOB-GSM,PID421866,MNP,1,2.02,True
ACT-2026-006117,2026-08-14,K03,P-MOB-GSM,PID378520,MNP,1,2.02,True
ACT-2026-006118,2026-08-14,K03,P-MOB-GSM,PID935599,None,1,1.01,True
ACT-2026-006119,2026-08-14,K03,P-MOB-GSM,PID359551,None,1,1.01,True
ACT-2026-006120,2026-08-14,K03,P-MOB-GSM,PID348833,None,1,1.01,True
ACT-2026-006121,2026-08-14,K04,P-FIX-WFA,PID311533,None,1,6.55,True
ACT-2026-006122,2026-08-14,K04,P-MOB-GSM,PID875309,None,1,1.01,True
ACT-2026-006123,2026-08-14,K04,P-MOB-OTH,PID983649,None,1,1.52,True
ACT-2026-006124,2026-08-14,K04,P-MOB-GSM,PID517919,None,1,1.01,True
ACT-2026-006125,2026-08-14,K04,P-MOB-OTH,PID322290,None,1,1.52,True
ACT-2026-006126,2026-08-14,K04,P-MOB-GSM,PID893958,None,1,1.01,True
ACT-2026-006127,2026-08-14,K04,P-MOB-GSM,PID372814,MNP,1,2.02,True
ACT-2026-006128,2026-08-14,K04,P-MOB-GSM,PID462707,None,1,1.01,True
ACT-2026-006129,2026-08-14,K04,P-MOB-GSM,PID772070,None,1,1.01,True
ACT-2026-006130,2026-08-14,K04,P-MOB-GSM,PID452318,MNP,1,2.02,True
ACT-2026-006131,2026-08-14,K04,P-MOB-GSM,PID213216,None,1,1.01,True
ACT-2026-006132,2026-08-14,K04,P-MOB-GSM,PID622666,None,1,1.01,True
ACT-2026-006133,2026-08-14,K04,P-FIX-FBR,PID786082,None,1,10.92,True
ACT-2026-006134,2026-08-14,K04,P-MOB-GSM,PID348316,None,1,1.01,True
ACT-2026-006135,2026-08-14,K04,P-MOB-GSM,PID771819,None,1,1.01,True
ACT-2026-006136,2026-08-14,K04,P-MOB-GSM,PID197217,None,1,1.01,True
ACT-2026-006137,2026-08-14,K04,P-MOB-GSM,PID816789,None,1,1.01,True
ACT-2026-006138,2026-08-14,K05,P-MOB-GSM,PID529753,None,1,1.01,True
ACT-2026-006139,2026-08-14,K05,P-MOB-OTH,PID901339,None,1,1.52,True
ACT-2026-006140,2026-08-14,K05,P-MOB-GSM,PID793823,None,1,0.0,False
ACT-2026-006141,2026-08-14,K05,P-MOB-GSM,PID820553,MNP,1,2.02,True
ACT-2026-006142,2026-08-14,K05,P-MOB-GSM,PID826083,None,1,1.01,True
ACT-2026-006143,2026-08-14,K05,P-MOB-GSM,PID188717,None,1,1.01,True
ACT-2026-006144,2026-08-14,K05,P-MOB-GSM,PID124402,None,1,1.01,True
ACT-2026-006145,2026-08-14,K06,P-MOB-GSM,PID301742,None,1,1.01,True
ACT-2026-006146,2026-08-14,K06,P-DIG-SVC,PID568525,None,1,5.8,True
ACT-2026-006147,2026-08-14,K06,P-MOB-GSM,PID216003,None,1,1.01,True
ACT-2026-006148,2026-08-14,K06,P-MOB-GSM,PID733633,None,1,1.01,True
ACT-2026-006149,2026-08-14,K06,P-MOB-GSM,PID344886,None,1,1.01,True
ACT-2026-006150,2026-08-14,K06,P-MOB-GSM,PID433567,None,1,1.01,True
ACT-2026-006151,2026-08-14,K07,P-DIG-SVC,PID315228,None,1,5.73,True
ACT-2026-006152,2026-08-14,K07,P-MOB-GSM,PID372501,None,1,0.97,True
ACT-2026-006153,2026-08-14,K07,P-MOB-GSM,PID507634,None,1,0.97,True
ACT-2026-006154,2026-08-14,K07,P-MOB-GSM,PID307398,None,1,0.97,True
ACT-2026-006155,2026-08-14,K07,P-MOB-GSM,PID847066,None,1,0.97,True
ACT-2026-006156,2026-08-14,K07,P-MOB-GSM,PID315444,None,1,0.97,True
ACT-2026-006157,2026-08-14,K07,P-MOB-GSM,PID204734,None,1,0.97,True
ACT-2026-006158,2026-08-14,K07,P-MOB-GSM,PID729124,MNP,1,1.95,True
ACT-2026-006159,2026-08-14,K07,P-MOB-GSM,PID518222,None,1,0.97,True
ACT-2026-006160,2026-08-14,K07,P-FIX-WFA,PID469935,None,1,5.95,True
ACT-2026-006161,2026-08-14,K07,P-MOB-GSM,PID785526,MNP,1,1.95,True
ACT-2026-006162,2026-08-14,K07,P-MOB-GSM,PID576811,None,1,0.97,True
ACT-2026-006163,2026-08-14,K07,P-MOB-GSM,PID936822,None,1,0.97,True
ACT-2026-006164,2026-08-14,K07,P-MOB-OTH,PID847738,None,1,1.46,True
ACT-2026-006165,2026-08-14,K07,P-MOB-GSM,PID418262,MNP,1,1.95,True
ACT-2026-006166,2026-08-14,K07,P-MOB-GSM,PID189535,None,1,0.97,True
ACT-2026-006167,2026-08-14,K07,P-MOB-GSM,PID826944,None,1,0.97,True
ACT-2026-006168,2026-08-14,K07,P-MOB-GSM,PID788515,MNP,1,1.95,True
ACT-2026-006169,2026-08-14,K08,P-MOB-GSM,PID909478,None,1,0.97,True
ACT-2026-006170,2026-08-14,K08,P-MOB-GSM,PID273658,None,1,0.97,True
ACT-2026-006171,2026-08-14,K08,P-MOB-GSM,PID641507,None,1,0.97,True
ACT-2026-006172,2026-08-14,K08,P-MOB-OTH,PID786019,None,1,1.46,True
ACT-2026-006173,2026-08-14,K08,P-MOB-GSM,PID771523,None,1,0.97,True
ACT-2026-006174,2026-08-14,K08,P-DIG-SVC,PID671636,None,1,5.73,True
ACT-2026-006175,2026-08-14,K08,P-MOB-OTH,PID972895,None,1,1.46,True
ACT-2026-006176,2026-08-14,K08,P-MOB-GSM,PID167136,None,1,0.97,True
ACT-2026-006177,2026-08-14,K08,P-MOB-GSM,PID706185,None,1,0.97,True
ACT-2026-006178,2026-08-14,K08,P-MOB-GSM,PID630815,MNP,1,1.95,True
ACT-2026-006179,2026-08-14,K08,P-MOB-GSM,PID480731,None,1,0.97,True
ACT-2026-006180,2026-08-14,K08,P-MOB-GSM,PID124540,None,1,0.97,True
ACT-2026-006181,2026-08-14,K08,P-MOB-GSM,PID995711,None,1,0.97,True
ACT-2026-006182,2026-08-14,K08,P-MOB-GSM,PID107180,None,1,0.97,True
ACT-2026-006183,2026-08-14,K08,P-FIX-BIB,PID557554,None,1,14.87,True
ACT-2026-006184,2026-08-14,K09,P-MOB-GSM,PID660010,None,1,0.97,True
ACT-2026-006185,2026-08-14,K09,P-MOB-GSM,PID362188,None,1,0.97,True
ACT-2026-006186,2026-08-14,K09,P-DIG-SVC,PID303632,None,1,5.73,True
ACT-2026-006187,2026-08-14,K09,P-MOB-GSM,PID715048,None,1,0.97,True
ACT-2026-006188,2026-08-14,K09,P-MOB-GSM,PID298494,None,1,0.97,True
ACT-2026-006189,2026-08-14,K09,P-DIG-SVC,PID846659,None,1,5.73,True
ACT-2026-006190,2026-08-14,K09,P-MOB-GSM,PID277559,None,1,0.97,True
ACT-2026-006191,2026-08-14,K09,P-MOB-GSM,PID616413,MNP,1,1.95,True
ACT-2026-006192,2026-08-14,K09,P-MOB-GSM,PID372269,MNP,1,1.95,True
ACT-2026-006193,2026-08-14,K09,P-MOB-GSM,PID580814,None,1,0.97,True
ACT-2026-006194,2026-08-14,K09,P-MOB-GSM,PID155228,None,1,0.97,True
ACT-2026-006195,2026-08-14,K10,P-MOB-GSM,PID424503,None,1,0.97,True
ACT-2026-006196,2026-08-14,K10,P-DIG-SVC,PID268492,None,1,5.73,True
ACT-2026-006197,2026-08-14,K10,P-MOB-GSM,PID746441,None,1,0.97,True
ACT-2026-006198,2026-08-14,K10,P-MOB-GSM,PID198077,None,1,0.97,True
ACT-2026-006199,2026-08-14,K10,P-MOB-GSM,PID348101,MNP,1,1.95,True
ACT-2026-006200,2026-08-14,K10,P-MOB-GSM,PID316362,None,1,0.97,True
ACT-2026-006201,2026-08-14,K11,P-MOB-GSM,PID654565,None,1,0.97,True
ACT-2026-006202,2026-08-14,K11,P-MOB-GSM,PID839772,None,1,0.97,True
ACT-2026-006203,2026-08-14,K11,P-MOB-OTH,PID100576,None,1,1.46,True
ACT-2026-006204,2026-08-14,K11,P-MOB-GSM,PID570641,MNP,1,1.95,True
ACT-2026-006205,2026-08-14,K11,P-MOB-OTH,PID501127,None,1,1.46,True
ACT-2026-006206,2026-08-14,K11,P-MOB-OTH,PID622929,None,1,1.46,True
ACT-2026-006207,2026-08-14,K12,P-MOB-OTH,PID410221,None,1,1.46,True
ACT-2026-006208,2026-08-14,K12,P-MOB-GSM,PID415678,MNP,1,1.95,True
ACT-2026-006209,2026-08-14,K12,P-MOB-GSM,PID276963,None,1,0.97,True
ACT-2026-006210,2026-08-14,K12,P-DEV-DEV,PID324939,None,1,5.77,True
ACT-2026-006211,2026-08-14,K13,P-MOB-GSM,PID838784,None,1,1.04,True
ACT-2026-006212,2026-08-14,K13,P-MOB-OTH,PID784558,None,1,1.57,True
ACT-2026-006213,2026-08-14,K13,P-FIX-FBR,PID497467,None,1,6.69,True
ACT-2026-006214,2026-08-14,K13,P-MOB-GSM,PID945360,MNP,1,2.09,True
ACT-2026-006215,2026-08-14,K13,P-MOB-OTH,PID252995,None,1,1.57,True
ACT-2026-006216,2026-08-14,K13,P-DIG-SVC,PID998063,None,1,4.99,True
ACT-2026-006217,2026-08-14,K13,P-MOB-OTH,PID535449,None,1,1.57,True
ACT-2026-006218,2026-08-14,K13,P-MOB-GSM,PID176130,None,1,1.04,True
ACT-2026-006219,2026-08-14,K13,P-FIX-FBR,PID529829,None,1,6.69,True
ACT-2026-006220,2026-08-14,K13,P-MOB-GSM,PID904807,None,1,1.04,True
ACT-2026-006221,2026-08-14,K13,P-MOB-GSM,PID659342,None,1,1.04,True
ACT-2026-006222,2026-08-14,K13,P-MOB-GSM,PID583694,None,1,1.04,True
ACT-2026-006223,2026-08-14,K13,P-MOB-GSM,PID917989,MNP,1,2.09,True
ACT-2026-006224,2026-08-14,K13,P-FIX-BIB,PID919672,None,1,10.04,True
ACT-2026-006225,2026-08-14,K13,P-DEV-DEV,PID272633,None,1,6.35,True
ACT-2026-006226,2026-08-14,K13,P-MOB-GSM,PID312878,None,1,1.04,True
ACT-2026-006227,2026-08-14,K13,P-MOB-GSM,PID543511,None,1,1.04,True
ACT-2026-006228,2026-08-14,K13,P-FIX-WFA,PID136654,None,1,4.02,True
ACT-2026-006229,2026-08-14,K13,P-MOB-GSM,PID908607,None,1,1.04,True
ACT-2026-006230,2026-08-14,K13,P-MOB-GSM,PID249432,None,1,1.04,True
ACT-2026-006231,2026-08-14,K14,P-MOB-GSM,PID783458,MNP,1,2.09,True
ACT-2026-006232,2026-08-14,K14,P-MOB-GSM,PID867558,MNP,1,2.09,True
ACT-2026-006233,2026-08-14,K14,P-MOB-GSM,PID132137,None,1,1.04,True
ACT-2026-006234,2026-08-14,K14,P-MOB-OTH,PID780077,None,1,1.57,True
ACT-2026-006235,2026-08-14,K14,P-MOB-GSM,PID478703,None,1,1.04,True
ACT-2026-006236,2026-08-14,K14,P-MOB-GSM,PID124687,MNP,1,2.09,True
ACT-2026-006237,2026-08-14,K14,P-MOB-GSM,PID736395,None,1,1.04,True
ACT-2026-006238,2026-08-14,K14,P-MOB-GSM,PID405704,None,1,1.04,True
ACT-2026-006239,2026-08-14,K15,P-MOB-GSM,PID177009,None,1,1.04,True
ACT-2026-006240,2026-08-14,K15,P-MOB-OTH,PID263095,None,1,1.57,True
ACT-2026-006241,2026-08-14,K15,P-MOB-GSM,PID691073,None,1,1.04,True
ACT-2026-006242,2026-08-14,K15,P-MOB-GSM,PID849992,None,1,1.04,True
ACT-2026-006243,2026-08-14,K15,P-MOB-GSM,PID605998,None,1,1.04,True
ACT-2026-006244,2026-08-14,K15,P-MOB-GSM,PID367235,None,1,1.04,True
ACT-2026-006245,2026-08-14,K15,P-MOB-GSM,PID309785,None,1,1.04,True
ACT-2026-006246,2026-08-14,K15,P-MOB-GSM,PID224667,None,1,1.04,True
ACT-2026-006247,2026-08-14,K15,P-MOB-GSM,PID970076,MNP,1,2.09,True
ACT-2026-006248,2026-08-14,K16,P-MOB-GSM,PID366642,None,1,1.04,True
ACT-2026-006249,2026-08-14,K16,P-MOB-GSM,PID192773,None,1,1.04,True
ACT-2026-006250,2026-08-14,K16,P-MOB-GSM,PID576555,None,1,1.04,True
ACT-2026-006251,2026-08-14,K16,P-MOB-GSM,PID595270,None,1,1.04,True
ACT-2026-006252,2026-08-14,K16,P-MOB-GSM,PID576241,None,1,1.04,True
ACT-2026-006253,2026-08-14,K16,P-FIX-WFA,PID993949,None,1,4.02,True
ACT-2026-006254,2026-08-14,K16,P-MOB-GSM,PID432201,None,1,1.04,True
ACT-2026-006255,2026-08-14,K16,P-MOB-GSM,PID206721,None,1,1.04,True
ACT-2026-006256,2026-08-14,K17,P-MOB-GSM,PID399337,None,1,1.04,True
ACT-2026-006257,2026-08-14,K17,P-MOB-GSM,PID896750,MNP,1,2.09,True
ACT-2026-006258,2026-08-14,K17,P-MOB-GSM,PID443151,MNP,1,2.09,True
ACT-2026-006259,2026-08-14,K17,P-MOB-GSM,PID501971,None,1,1.04,True
ACT-2026-006260,2026-08-14,K18,P-MOB-GSM,PID419053,None,1,1.04,True
ACT-2026-006261,2026-08-14,K18,P-MOB-GSM,PID381867,None,1,1.04,True
ACT-2026-006262,2026-08-15,K01,P-MOB-GSM,PID273587,None,1,1.01,True
ACT-2026-006263,2026-08-15,K01,P-DEV-DEV,PID506736,None,1,4.38,True
ACT-2026-006264,2026-08-15,K01,P-MOB-GSM,PID496800,MNP,1,2.02,True
ACT-2026-006265,2026-08-15,K01,P-MOB-GSM,PID524806,MNP,1,2.02,True
ACT-2026-006266,2026-08-15,K01,P-MOB-GSM,PID539815,None,1,1.01,True
ACT-2026-006267,2026-08-15,K01,P-MOB-GSM,PID470293,None,1,1.01,True
ACT-2026-006268,2026-08-15,K01,P-MOB-GSM,PID516866,MNP,1,2.02,True
ACT-2026-006269,2026-08-15,K02,P-MOB-GSM,PID553226,None,1,1.01,True
ACT-2026-006270,2026-08-15,K02,P-MOB-GSM,PID930397,None,1,1.01,True
ACT-2026-006271,2026-08-15,K02,P-MOB-GSM,PID291388,None,1,1.01,True
ACT-2026-006272,2026-08-15,K02,P-MOB-GSM,PID683357,None,1,1.01,True
ACT-2026-006273,2026-08-15,K02,P-MOB-GSM,PID964541,None,1,1.01,True
ACT-2026-006274,2026-08-15,K02,P-MOB-GSM,PID922847,None,1,1.01,True
ACT-2026-006275,2026-08-15,K03,P-MOB-GSM,PID475245,None,1,1.01,True
ACT-2026-006276,2026-08-15,K03,P-MOB-GSM,PID104448,None,1,1.01,True
ACT-2026-006277,2026-08-15,K03,P-MOB-GSM,PID526933,MNP,1,2.02,True
ACT-2026-006278,2026-08-15,K04,P-MOB-GSM,PID671398,None,1,1.01,True
ACT-2026-006279,2026-08-15,K04,P-FIX-WFA,PID538795,FNP,1,6.55,True
ACT-2026-006280,2026-08-15,K05,P-MOB-GSM,PID407305,MNP,1,2.02,True
ACT-2026-006281,2026-08-15,K06,P-MOB-GSM,PID102271,MNP,1,2.02,True
ACT-2026-006282,2026-08-15,K06,P-MOB-GSM,PID752454,None,1,1.01,True
ACT-2026-006283,2026-08-15,K06,P-MOB-GSM,PID945819,None,1,1.01,True
ACT-2026-006284,2026-08-15,K07,P-FIX-FBR,PID793989,None,1,9.91,True
ACT-2026-006285,2026-08-15,K07,P-MOB-GSM,PID115604,None,1,0.0,False
ACT-2026-006286,2026-08-15,K07,P-MOB-GSM,PID211337,None,1,0.97,True
ACT-2026-006287,2026-08-15,K07,P-MOB-OTH,PID438478,None,1,1.46,True
ACT-2026-006288,2026-08-15,K08,P-MOB-GSM,PID249132,None,1,0.97,True
ACT-2026-006289,2026-08-15,K08,P-MOB-GSM,PID307323,None,1,0.97,True
ACT-2026-006290,2026-08-15,K08,P-MOB-GSM,PID469354,None,1,0.97,True
ACT-2026-006291,2026-08-15,K09,P-MOB-OTH,PID404822,None,1,1.46,True
ACT-2026-006292,2026-08-15,K10,P-MOB-GSM,PID563426,None,1,0.97,True
ACT-2026-006293,2026-08-15,K10,P-MOB-GSM,PID665499,None,1,0.97,True
ACT-2026-006294,2026-08-15,K10,P-FIX-WFA,PID657468,None,1,5.95,True
ACT-2026-006295,2026-08-15,K11,P-MOB-GSM,PID383650,None,1,0.97,True
ACT-2026-006296,2026-08-15,K11,P-MOB-GSM,PID425453,None,1,0.97,True
ACT-2026-006297,2026-08-15,K11,P-MOB-GSM,PID837681,None,1,0.97,True
ACT-2026-006298,2026-08-15,K13,P-MOB-GSM,PID291623,None,1,1.04,True
ACT-2026-006299,2026-08-15,K13,P-MOB-GSM,PID341647,None,1,1.04,True
ACT-2026-006300,2026-08-15,K14,P-MOB-GSM,PID784356,None,1,1.04,True
ACT-2026-006301,2026-08-15,K14,P-MOB-GSM,PID379393,None,1,1.04,True
ACT-2026-006302,2026-08-15,K14,P-MOB-GSM,PID929116,None,1,1.04,True
ACT-2026-006303,2026-08-15,K14,P-FIX-WFA,PID700050,None,1,4.02,True
ACT-2026-006304,2026-08-15,K15,P-MOB-GSM,PID651027,None,1,1.04,True
ACT-2026-006305,2026-08-15,K15,P-MOB-GSM,PID732136,None,1,1.04,True
ACT-2026-006306,2026-08-15,K15,P-MOB-GSM,PID711299,None,1,1.04,True
ACT-2026-006307,2026-08-15,K15,P-MOB-GSM,PID663580,None,1,1.04,True
ACT-2026-006308,2026-08-16,K01,P-MOB-GSM,PID923075,None,1,0.0,True
ACT-2026-006309,2026-08-16,K01,P-FIX-BIB,PID384081,None,1,16.39,True
ACT-2026-006310,2026-08-16,K01,P-MOB-GSM,PID183595,None,1,1.01,True
ACT-2026-006311,2026-08-16,K01,P-MOB-OTH,PID692336,None,1,1.52,True
ACT-2026-006312,2026-08-16,K01,P-MOB-GSM,PID268022,None,1,1.01,True
ACT-2026-006313,2026-08-16,K01,P-MOB-GSM,PID329112,None,1,1.01,True
ACT-2026-006314,2026-08-16,K02,P-FIX-FBR,PID438434,None,1,10.92,True
ACT-2026-006315,2026-08-16,K02,P-MOB-GSM,PID575195,None,1,1.01,True
ACT-2026-006316,2026-08-16,K02,P-MOB-GSM,PID592289,None,1,1.01,True
ACT-2026-006317,2026-08-16,K02,P-MOB-GSM,PID748882,None,1,1.01,True
ACT-2026-006318,2026-08-16,K02,P-MOB-GSM,PID323237,None,1,1.01,True
ACT-2026-006319,2026-08-16,K03,P-MOB-GSM,PID912968,None,1,1.01,True
ACT-2026-006320,2026-08-16,K03,P-FIX-BIB,PID774491,None,1,16.39,True
ACT-2026-006321,2026-08-16,K04,P-MOB-GSM,PID623800,None,1,1.01,True
ACT-2026-006322,2026-08-16,K04,P-MOB-GSM,PID930957,None,1,1.01,True
ACT-2026-006323,2026-08-16,K05,P-MOB-GSM,PID280382,None,1,1.01,True
ACT-2026-006324,2026-08-16,K05,P-MOB-GSM,PID885291,None,1,1.01,True
ACT-2026-006325,2026-08-16,K05,P-MOB-GSM,PID849908,MNP,1,2.02,True
ACT-2026-006326,2026-08-16,K07,P-MOB-GSM,PID467712,MNP,1,1.95,True
ACT-2026-006327,2026-08-16,K07,P-MOB-OTH,PID704748,None,1,1.46,True
ACT-2026-006328,2026-08-16,K07,P-MOB-GSM,PID350865,None,1,0.97,True
ACT-2026-006329,2026-08-16,K08,P-MOB-GSM,PID802954,None,1,0.97,True
ACT-2026-006330,2026-08-16,K08,P-MOB-GSM,PID578798,None,1,0.97,True
ACT-2026-006331,2026-08-16,K08,P-MOB-GSM,PID999832,None,1,0.97,True
ACT-2026-006332,2026-08-16,K08,P-MOB-GSM,PID407458,None,1,0.97,True
ACT-2026-006333,2026-08-16,K09,P-MOB-GSM,PID619946,None,1,0.97,True
ACT-2026-006334,2026-08-16,K10,P-MOB-GSM,PID906366,None,1,0.97,True
ACT-2026-006335,2026-08-16,K10,P-MOB-GSM,PID314078,None,1,0.97,True
ACT-2026-006336,2026-08-16,K11,P-MOB-GSM,PID465099,None,1,0.97,True
ACT-2026-006337,2026-08-16,K13,P-MOB-GSM,PID531236,None,1,1.04,True
ACT-2026-006338,2026-08-16,K13,P-MOB-GSM,PID361774,MNP,1,2.09,True
ACT-2026-006339,2026-08-16,K13,P-MOB-OTH,PID619718,None,1,1.57,True
ACT-2026-006340,2026-08-16,K13,P-MOB-GSM,PID431809,None,1,1.04,True
ACT-2026-006341,2026-08-16,K13,P-MOB-GSM,PID348821,None,1,1.04,True
ACT-2026-006342,2026-08-16,K13,P-MOB-GSM,PID664802,None,1,1.04,True
ACT-2026-006343,2026-08-16,K13,P-MOB-GSM,PID227269,None,1,1.04,True
ACT-2026-006344,2026-08-16,K14,P-MOB-GSM,PID315673,MNP,1,2.09,True
ACT-2026-006345,2026-08-16,K14,P-MOB-GSM,PID740190,None,1,1.04,True
ACT-2026-006346,2026-08-16,K15,P-MOB-GSM,PID378421,None,1,1.04,True
ACT-2026-006347,2026-08-16,K15,P-MOB-GSM,PID206582,None,1,1.04,True
ACT-2026-006348,2026-08-16,K15,P-MOB-GSM,PID789686,None,1,1.04,True
ACT-2026-006349,2026-08-16,K15,P-MOB-GSM,PID611884,None,1,1.04,True
ACT-2026-006350,2026-08-16,K15,P-MOB-GSM,PID925884,None,1,1.04,True
ACT-2026-006351,2026-08-16,K16,P-FIX-WFA,PID333771,None,1,4.02,True
ACT-2026-006352,2026-08-16,K16,P-MOB-GSM,PID594109,None,1,1.04,True
ACT-2026-006353,2026-08-16,K17,P-MOB-GSM,PID608267,None,1,1.04,True
ACT-2026-006354,2026-08-17,K01,P-FIX-WFA,PID653756,None,1,6.55,True
ACT-2026-006355,2026-08-17,K01,P-MOB-GSM,PID663527,None,1,1.01,True
ACT-2026-006356,2026-08-17,K01,P-MOB-GSM,PID539720,None,1,1.01,True
ACT-2026-006357,2026-08-17,K01,P-MOB-OTH,PID133672,None,1,1.52,True
ACT-2026-006358,2026-08-17,K01,P-MOB-GSM,PID518816,None,1,1.01,True
ACT-2026-006359,2026-08-17,K01,P-MOB-GSM,PID391465,MNP,1,2.02,True
ACT-2026-006360,2026-08-17,K01,P-MOB-GSM,PID125023,None,1,1.01,True
ACT-2026-006361,2026-08-17,K01,P-MOB-GSM,PID554977,None,1,1.01,True
ACT-2026-006362,2026-08-17,K01,P-MOB-GSM,PID960687,MNP,1,2.02,True
ACT-2026-006363,2026-08-17,K01,P-MOB-GSM,PID698465,None,1,1.01,True
ACT-2026-006364,2026-08-17,K01,P-MOB-GSM,PID946710,None,1,1.01,True
ACT-2026-006365,2026-08-17,K01,P-MOB-GSM,PID341970,None,1,1.01,True
ACT-2026-006366,2026-08-17,K01,P-MOB-GSM,PID449518,None,1,1.01,True
ACT-2026-006367,2026-08-17,K01,P-MOB-GSM,PID785146,MNP,1,2.02,True
ACT-2026-006368,2026-08-17,K01,P-MOB-OTH,PID373282,None,1,1.52,True
ACT-2026-006369,2026-08-17,K01,P-MOB-GSM,PID155222,None,1,0.0,False
ACT-2026-006370,2026-08-17,K01,P-DIG-SVC,PID428858,None,1,5.58,True
ACT-2026-006371,2026-08-17,K01,P-MOB-GSM,PID469932,None,1,1.01,True
ACT-2026-006372,2026-08-17,K01,P-MOB-GSM,PID764000,MNP,1,2.02,True
ACT-2026-006373,2026-08-17,K01,P-MOB-GSM,PID231174,MNP,1,2.02,True
ACT-2026-006374,2026-08-17,K01,P-DEV-DEV,PID781660,None,1,4.38,True
ACT-2026-006375,2026-08-17,K01,P-MOB-GSM,PID950816,MNP,1,2.02,True
ACT-2026-006376,2026-08-17,K01,P-MOB-GSM,PID525425,MNP,1,2.02,True
ACT-2026-006377,2026-08-17,K02,P-MOB-OTH,PID727628,None,1,1.52,True
ACT-2026-006378,2026-08-17,K02,P-MOB-GSM,PID354586,None,1,1.01,True
ACT-2026-006379,2026-08-17,K02,P-FIX-FBR,PID841242,None,1,10.92,True
ACT-2026-006380,2026-08-17,K02,P-MOB-OTH,PID187333,None,1,1.52,True
ACT-2026-006381,2026-08-17,K02,P-MOB-GSM,PID974773,MNP,1,2.02,True
ACT-2026-006382,2026-08-17,K02,P-MOB-GSM,PID384868,None,1,1.01,True
ACT-2026-006383,2026-08-17,K02,P-MOB-GSM,PID257565,None,1,1.01,True
ACT-2026-006384,2026-08-17,K02,P-MOB-GSM,PID825703,None,1,1.01,True
ACT-2026-006385,2026-08-17,K02,P-MOB-GSM,PID793534,None,1,1.01,True
ACT-2026-006386,2026-08-17,K02,P-MOB-OTH,PID693431,None,1,1.52,True
ACT-2026-006387,2026-08-17,K02,P-MOB-GSM,PID447099,None,1,1.01,True
ACT-2026-006388,2026-08-17,K02,P-MOB-GSM,PID266412,MNP,1,2.02,True
ACT-2026-006389,2026-08-17,K02,P-MOB-GSM,PID842409,MNP,1,2.02,True
ACT-2026-006390,2026-08-17,K02,P-MOB-GSM,PID273078,None,1,1.01,True
ACT-2026-006391,2026-08-17,K02,P-MOB-GSM,PID540139,MNP,1,2.02,True
ACT-2026-006392,2026-08-17,K02,P-MOB-GSM,PID478963,MNP,1,2.02,True
ACT-2026-006393,2026-08-17,K02,P-MOB-GSM,PID724532,None,1,1.01,True
ACT-2026-006394,2026-08-17,K02,P-MOB-GSM,PID246614,MNP,1,2.02,True
ACT-2026-006395,2026-08-17,K02,P-MOB-GSM,PID896064,None,1,1.01,True
ACT-2026-006396,2026-08-17,K02,P-MOB-GSM,PID115524,MNP,1,2.02,True
ACT-2026-006397,2026-08-17,K02,P-MOB-OTH,PID394636,None,1,1.52,True
ACT-2026-006398,2026-08-17,K02,P-MOB-GSM,PID766757,None,1,1.01,True
ACT-2026-006399,2026-08-17,K02,P-MOB-GSM,PID957106,None,1,1.01,True
ACT-2026-006400,2026-08-17,K02,P-MOB-GSM,PID862857,None,1,1.01,True
ACT-2026-006401,2026-08-17,K03,P-MOB-GSM,PID830702,None,1,0.0,False
ACT-2026-006402,2026-08-17,K03,P-MOB-GSM,PID715481,None,1,1.01,True
ACT-2026-006403,2026-08-17,K03,P-MOB-GSM,PID866802,None,1,1.01,True
ACT-2026-006404,2026-08-17,K03,P-MOB-GSM,PID169461,MNP,1,2.02,True
ACT-2026-006405,2026-08-17,K03,P-MOB-GSM,PID920789,None,1,1.01,True
ACT-2026-006406,2026-08-17,K03,P-FIX-WFA,PID955032,None,1,6.55,True
ACT-2026-006407,2026-08-17,K03,P-FIX-WFA,PID900003,None,1,6.55,True
ACT-2026-006408,2026-08-17,K03,P-MOB-GSM,PID170758,MNP,1,2.02,True
ACT-2026-006409,2026-08-17,K03,P-FIX-FBR,PID526018,None,1,10.92,True
ACT-2026-006410,2026-08-17,K03,P-MOB-GSM,PID743920,None,1,1.01,True
ACT-2026-006411,2026-08-17,K03,P-MOB-GSM,PID714412,None,1,1.01,True
ACT-2026-006412,2026-08-17,K04,P-MOB-GSM,PID923635,None,1,1.01,True
ACT-2026-006413,2026-08-17,K04,P-MOB-GSM,PID588653,None,1,1.01,True
ACT-2026-006414,2026-08-17,K04,P-MOB-GSM,PID507629,None,1,0.0,False
ACT-2026-006415,2026-08-17,K04,P-MOB-GSM,PID605392,None,1,1.01,True
ACT-2026-006416,2026-08-17,K04,P-MOB-GSM,PID662000,None,1,1.01,True
ACT-2026-006417,2026-08-17,K04,P-MOB-GSM,PID166531,None,1,1.01,True
ACT-2026-006418,2026-08-17,K04,P-MOB-GSM,PID842503,None,1,1.01,True
ACT-2026-006419,2026-08-17,K04,P-DEV-DEV,PID748648,None,1,4.38,True
ACT-2026-006420,2026-08-17,K04,P-MOB-GSM,PID576086,MNP,1,2.02,True
ACT-2026-006421,2026-08-17,K05,P-MOB-GSM,PID988339,None,1,1.01,True
ACT-2026-006422,2026-08-17,K05,P-MOB-GSM,PID454636,None,1,1.01,True
ACT-2026-006423,2026-08-17,K05,P-MOB-GSM,PID578587,None,1,1.01,True
ACT-2026-006424,2026-08-17,K05,P-MOB-GSM,PID612288,None,1,1.01,True
ACT-2026-006425,2026-08-17,K05,P-MOB-GSM,PID814515,None,1,1.01,True
ACT-2026-006426,2026-08-17,K05,P-MOB-GSM,PID932145,None,1,1.01,True
ACT-2026-006427,2026-08-17,K05,P-DEV-DEV,PID455673,None,1,4.38,True
ACT-2026-006428,2026-08-17,K06,P-MOB-GSM,PID265496,None,1,1.01,True
ACT-2026-006429,2026-08-17,K06,P-MOB-GSM,PID739090,None,1,1.01,True
ACT-2026-006430,2026-08-17,K06,P-MOB-GSM,PID692060,None,1,1.01,True
ACT-2026-006431,2026-08-17,K07,P-MOB-GSM,PID757596,None,1,0.97,True
ACT-2026-006432,2026-08-17,K07,P-FIX-BIB,PID616135,None,1,14.87,True
ACT-2026-006433,2026-08-17,K07,P-MOB-GSM,PID640469,None,1,0.97,True
ACT-2026-006434,2026-08-17,K07,P-MOB-GSM,PID122779,None,1,0.97,True
ACT-2026-006435,2026-08-17,K07,P-MOB-GSM,PID460290,None,1,0.97,True
ACT-2026-006436,2026-08-17,K07,P-MOB-GSM,PID353484,None,1,0.97,True
ACT-2026-006437,2026-08-17,K07,P-MOB-GSM,PID159020,None,1,0.97,True
ACT-2026-006438,2026-08-17,K07,P-MOB-GSM,PID346742,None,1,0.97,True
ACT-2026-006439,2026-08-17,K07,P-MOB-GSM,PID723554,None,1,0.97,True
ACT-2026-006440,2026-08-17,K08,P-MOB-OTH,PID873888,None,1,1.46,True
ACT-2026-006441,2026-08-17,K08,P-MOB-GSM,PID132582,MNP,1,1.95,True
ACT-2026-006442,2026-08-17,K08,P-MOB-GSM,PID130692,None,1,0.97,True
ACT-2026-006443,2026-08-17,K08,P-DIG-SVC,PID309777,None,1,5.73,True
ACT-2026-006444,2026-08-17,K08,P-MOB-GSM,PID150572,None,1,0.97,True
ACT-2026-006445,2026-08-17,K08,P-MOB-OTH,PID991495,None,1,1.46,True
ACT-2026-006446,2026-08-17,K08,P-MOB-GSM,PID469913,None,1,0.97,True
ACT-2026-006447,2026-08-17,K08,P-MOB-GSM,PID414303,None,1,0.97,True
ACT-2026-006448,2026-08-17,K08,P-MOB-GSM,PID376595,MNP,1,1.95,True
ACT-2026-006449,2026-08-17,K08,P-MOB-GSM,PID582554,None,1,0.97,True
ACT-2026-006450,2026-08-17,K08,P-FIX-WFA,PID797271,None,1,5.95,True
ACT-2026-006451,2026-08-17,K09,P-MOB-GSM,PID838789,None,1,0.97,True
ACT-2026-006452,2026-08-17,K09,P-MOB-OTH,PID991110,None,1,1.46,True
ACT-2026-006453,2026-08-17,K09,P-MOB-GSM,PID372771,None,1,0.97,True
ACT-2026-006454,2026-08-17,K09,P-MOB-GSM,PID360707,MNP,1,1.95,True
ACT-2026-006455,2026-08-17,K09,P-MOB-GSM,PID440126,None,1,0.97,True
ACT-2026-006456,2026-08-17,K09,P-MOB-OTH,PID273876,None,1,1.46,True
ACT-2026-006457,2026-08-17,K09,P-MOB-GSM,PID194067,None,1,0.97,True
ACT-2026-006458,2026-08-17,K09,P-MOB-GSM,PID597713,None,1,0.97,True
ACT-2026-006459,2026-08-17,K09,P-MOB-GSM,PID111112,None,1,0.97,True
ACT-2026-006460,2026-08-17,K10,P-MOB-GSM,PID161732,MNP,1,1.95,True
ACT-2026-006461,2026-08-17,K10,P-MOB-GSM,PID523765,None,1,0.97,True
ACT-2026-006462,2026-08-17,K10,P-MOB-GSM,PID276788,None,1,0.97,True
ACT-2026-006463,2026-08-17,K10,P-FIX-WFA,PID481124,None,1,5.95,True
ACT-2026-006464,2026-08-17,K10,P-MOB-GSM,PID118787,None,1,0.97,True
ACT-2026-006465,2026-08-17,K10,P-MOB-GSM,PID747969,None,1,0.97,True
ACT-2026-006466,2026-08-17,K10,P-MOB-GSM,PID881833,None,1,0.97,True
ACT-2026-006467,2026-08-17,K11,P-MOB-GSM,PID389992,None,1,0.97,True
ACT-2026-006468,2026-08-17,K11,P-MOB-GSM,PID816539,MNP,1,1.95,True
ACT-2026-006469,2026-08-17,K11,P-MOB-GSM,PID622751,None,1,0.97,True
ACT-2026-006470,2026-08-17,K11,P-MOB-GSM,PID972734,None,1,0.97,True
ACT-2026-006471,2026-08-17,K11,P-MOB-GSM,PID756419,None,1,0.97,True
ACT-2026-006472,2026-08-17,K11,P-MOB-GSM,PID490339,None,1,0.97,True
ACT-2026-006473,2026-08-17,K11,P-MOB-OTH,PID377941,None,1,1.46,True
ACT-2026-006474,2026-08-17,K11,P-MOB-GSM,PID513704,None,1,0.97,True
ACT-2026-006475,2026-08-17,K11,P-MOB-GSM,PID799952,None,1,0.97,True
ACT-2026-006476,2026-08-17,K12,P-MOB-GSM,PID575729,MNP,1,1.95,True
ACT-2026-006477,2026-08-17,K12,P-MOB-GSM,PID961692,None,1,0.97,True
ACT-2026-006478,2026-08-17,K12,P-MOB-GSM,PID964282,None,1,0.97,True
ACT-2026-006479,2026-08-17,K12,P-MOB-GSM,PID740621,None,1,0.97,True
ACT-2026-006480,2026-08-17,K12,P-MOB-GSM,PID132534,None,1,0.97,True
ACT-2026-006481,2026-08-17,K13,P-MOB-GSM,PID120917,MNP,1,2.09,True
ACT-2026-006482,2026-08-17,K13,P-MOB-OTH,PID472301,None,1,1.57,True
ACT-2026-006483,2026-08-17,K13,P-MOB-GSM,PID527621,None,1,1.04,True
ACT-2026-006484,2026-08-17,K13,P-MOB-GSM,PID246104,None,1,1.04,True
ACT-2026-006485,2026-08-17,K13,P-MOB-GSM,PID882340,None,1,1.04,True
ACT-2026-006486,2026-08-17,K13,P-MOB-GSM,PID999502,None,1,1.04,True
ACT-2026-006487,2026-08-17,K13,P-DIG-SVC,PID655730,None,1,4.99,True
ACT-2026-006488,2026-08-17,K13,P-MOB-GSM,PID304615,None,1,1.04,True
ACT-2026-006489,2026-08-17,K13,P-MOB-GSM,PID763812,None,1,1.04,True
ACT-2026-006490,2026-08-17,K13,P-MOB-GSM,PID823749,None,1,1.04,True
ACT-2026-006491,2026-08-17,K13,P-MOB-GSM,PID905411,None,1,1.04,True
ACT-2026-006492,2026-08-17,K13,P-MOB-OTH,PID152778,None,1,1.57,True
ACT-2026-006493,2026-08-17,K13,P-MOB-GSM,PID443544,None,1,1.04,True
ACT-2026-006494,2026-08-17,K13,P-MOB-GSM,PID689846,None,1,1.04,True
ACT-2026-006495,2026-08-17,K13,P-MOB-GSM,PID305371,MNP,1,2.09,True
ACT-2026-006496,2026-08-17,K13,P-MOB-GSM,PID763438,None,1,1.04,True
ACT-2026-006497,2026-08-17,K13,P-MOB-GSM,PID391336,MNP,1,2.09,True
ACT-2026-006498,2026-08-17,K14,P-MOB-GSM,PID913357,None,1,1.04,True
ACT-2026-006499,2026-08-17,K14,P-MOB-GSM,PID184882,None,1,1.04,True
ACT-2026-006500,2026-08-17,K14,P-MOB-GSM,PID909477,None,1,1.04,True
ACT-2026-006501,2026-08-17,K14,P-FIX-WFA,PID196705,FNP,1,4.02,True
ACT-2026-006502,2026-08-17,K14,P-MOB-GSM,PID191594,None,1,1.04,True
ACT-2026-006503,2026-08-17,K14,P-FIX-BIB,PID264161,None,1,10.04,True
ACT-2026-006504,2026-08-17,K14,P-MOB-GSM,PID372546,None,1,1.04,True
ACT-2026-006505,2026-08-17,K14,P-MOB-GSM,PID970606,None,1,1.04,True
ACT-2026-006506,2026-08-17,K14,P-MOB-GSM,PID922620,None,1,1.04,True
ACT-2026-006507,2026-08-17,K14,P-MOB-OTH,PID553680,None,1,1.57,True
ACT-2026-006508,2026-08-17,K14,P-MOB-GSM,PID594586,None,1,1.04,True
ACT-2026-006509,2026-08-17,K14,P-MOB-GSM,PID535523,None,1,1.04,True
ACT-2026-006510,2026-08-17,K14,P-MOB-OTH,PID235656,None,1,1.57,True
ACT-2026-006511,2026-08-17,K14,P-MOB-GSM,PID575500,MNP,1,2.09,True
ACT-2026-006512,2026-08-17,K14,P-DIG-SVC,PID102615,None,1,4.99,True
ACT-2026-006513,2026-08-17,K15,P-MOB-GSM,PID756572,None,1,1.04,True
ACT-2026-006514,2026-08-17,K15,P-MOB-GSM,PID450394,None,1,1.04,True
ACT-2026-006515,2026-08-17,K15,P-MOB-GSM,PID459615,MNP,1,2.09,True
ACT-2026-006516,2026-08-17,K15,P-MOB-GSM,PID323491,None,1,1.04,True
ACT-2026-006517,2026-08-17,K15,P-MOB-GSM,PID202210,MNP,1,2.09,True
ACT-2026-006518,2026-08-17,K15,P-MOB-GSM,PID906979,None,1,1.04,True
ACT-2026-006519,2026-08-17,K16,P-MOB-GSM,PID256284,None,1,1.04,True
ACT-2026-006520,2026-08-17,K16,P-MOB-GSM,PID660436,None,1,1.04,True
ACT-2026-006521,2026-08-17,K16,P-DIG-SVC,PID487391,None,1,4.99,True
ACT-2026-006522,2026-08-17,K16,P-MOB-GSM,PID457259,None,1,1.04,True
ACT-2026-006523,2026-08-17,K17,P-MOB-OTH,PID214316,None,1,1.57,True
ACT-2026-006524,2026-08-17,K17,P-MOB-GSM,PID502837,None,1,1.04,True
ACT-2026-006525,2026-08-17,K17,P-MOB-GSM,PID167820,None,1,1.04,True
ACT-2026-006526,2026-08-17,K17,P-MOB-GSM,PID639682,MNP,1,2.09,True
ACT-2026-006527,2026-08-17,K17,P-MOB-GSM,PID776309,None,1,1.04,True
ACT-2026-006528,2026-08-17,K17,P-MOB-GSM,PID775950,None,1,1.04,True
ACT-2026-006529,2026-08-17,K17,P-MOB-GSM,PID133514,None,1,1.04,True
ACT-2026-006530,2026-08-17,K17,P-MOB-GSM,PID862464,None,1,1.04,True
ACT-2026-006531,2026-08-17,K18,P-MOB-GSM,PID773247,None,1,1.04,True
ACT-2026-006532,2026-08-17,K18,P-MOB-GSM,PID777748,None,1,1.04,True
ACT-2026-006533,2026-08-17,K18,P-MOB-OTH,PID568973,None,1,1.57,True
ACT-2026-006534,2026-08-17,K18,P-MOB-GSM,PID427059,None,1,1.04,True
ACT-2026-006535,2026-08-17,K18,P-MOB-OTH,PID642299,None,1,1.57,True
ACT-2026-006536,2026-08-17,K18,P-MOB-GSM,PID978607,None,1,1.04,True
ACT-2026-006537,2026-08-18,K01,P-MOB-GSM,PID399240,None,1,1.01,True
ACT-2026-006538,2026-08-18,K01,P-MOB-GSM,PID737561,None,1,1.01,True
ACT-2026-006539,2026-08-18,K01,P-MOB-GSM,PID768749,None,1,1.01,True
ACT-2026-006540,2026-08-18,K01,P-MOB-GSM,PID601369,None,1,1.01,True
ACT-2026-006541,2026-08-18,K01,P-MOB-GSM,PID147553,None,1,1.01,True
ACT-2026-006542,2026-08-18,K01,P-MOB-GSM,PID306404,None,1,1.01,True
ACT-2026-006543,2026-08-18,K01,P-MOB-GSM,PID735351,None,1,1.01,True
ACT-2026-006544,2026-08-18,K01,P-MOB-GSM,PID770178,None,1,1.01,True
ACT-2026-006545,2026-08-18,K01,P-FIX-WFA,PID887610,FNP,1,6.55,True
ACT-2026-006546,2026-08-18,K01,P-MOB-GSM,PID207035,None,1,1.01,True
ACT-2026-006547,2026-08-18,K01,P-MOB-GSM,PID596574,None,1,1.01,True
ACT-2026-006548,2026-08-18,K01,P-MOB-GSM,PID953539,None,1,1.01,True
ACT-2026-006549,2026-08-18,K01,P-MOB-GSM,PID675519,None,1,1.01,True
ACT-2026-006550,2026-08-18,K01,P-FIX-FBR,PID854938,None,1,10.92,True
ACT-2026-006551,2026-08-18,K01,P-MOB-GSM,PID381250,None,1,1.01,True
ACT-2026-006552,2026-08-18,K01,P-MOB-OTH,PID342923,None,1,1.52,True
ACT-2026-006553,2026-08-18,K01,P-MOB-GSM,PID523250,MNP,1,2.02,True
ACT-2026-006554,2026-08-18,K01,P-MOB-GSM,PID788480,MNP,1,2.02,True
ACT-2026-006555,2026-08-18,K01,P-MOB-GSM,PID590135,MNP,1,2.02,True
ACT-2026-006556,2026-08-18,K01,P-MOB-GSM,PID594776,None,1,1.01,True
ACT-2026-006557,2026-08-18,K01,P-MOB-GSM,PID196851,None,1,1.01,True
ACT-2026-006558,2026-08-18,K01,P-MOB-GSM,PID683421,None,1,1.01,True
ACT-2026-006559,2026-08-18,K01,P-MOB-GSM,PID447024,None,1,1.01,True
ACT-2026-006560,2026-08-18,K01,P-MOB-GSM,PID911686,None,1,1.01,True
ACT-2026-006561,2026-08-18,K01,P-MOB-GSM,PID601611,None,1,1.01,True
ACT-2026-006562,2026-08-18,K01,P-MOB-GSM,PID124908,None,1,1.01,True
ACT-2026-006563,2026-08-18,K01,P-MOB-GSM,PID313486,None,1,1.01,True
ACT-2026-006564,2026-08-18,K01,P-MOB-GSM,PID667316,None,1,1.01,True
ACT-2026-006565,2026-08-18,K02,P-MOB-OTH,PID132808,None,1,1.52,True
ACT-2026-006566,2026-08-18,K02,P-DEV-DEV,PID676305,None,1,4.38,True
ACT-2026-006567,2026-08-18,K02,P-MOB-GSM,PID278430,None,1,1.01,True
ACT-2026-006568,2026-08-18,K02,P-MOB-GSM,PID833751,None,1,1.01,True
ACT-2026-006569,2026-08-18,K02,P-MOB-GSM,PID246202,None,1,1.01,True
ACT-2026-006570,2026-08-18,K02,P-MOB-GSM,PID640105,None,1,1.01,True
ACT-2026-006571,2026-08-18,K02,P-MOB-OTH,PID205834,None,1,1.52,True
ACT-2026-006572,2026-08-18,K02,P-MOB-GSM,PID160464,None,1,1.01,True
ACT-2026-006573,2026-08-18,K02,P-MOB-GSM,PID456757,None,1,1.01,True
ACT-2026-006574,2026-08-18,K02,P-MOB-GSM,PID564367,None,1,1.01,True
ACT-2026-006575,2026-08-18,K03,P-MOB-GSM,PID196878,None,1,1.01,True
ACT-2026-006576,2026-08-18,K03,P-MOB-GSM,PID731729,None,1,1.01,True
ACT-2026-006577,2026-08-18,K03,P-MOB-GSM,PID321044,None,1,1.01,True
ACT-2026-006578,2026-08-18,K03,P-MOB-GSM,PID239265,MNP,1,2.02,True
ACT-2026-006579,2026-08-18,K03,P-MOB-GSM,PID277327,None,1,1.01,True
ACT-2026-006580,2026-08-18,K03,P-FIX-BIB,PID359494,None,1,16.39,True
ACT-2026-006581,2026-08-18,K03,P-MOB-GSM,PID407160,None,1,1.01,True
ACT-2026-006582,2026-08-18,K03,P-MOB-GSM,PID288666,None,1,1.01,True
ACT-2026-006583,2026-08-18,K03,P-MOB-GSM,PID582476,None,1,1.01,True
ACT-2026-006584,2026-08-18,K03,P-MOB-OTH,PID233751,None,1,1.52,True
ACT-2026-006585,2026-08-18,K04,P-MOB-GSM,PID771104,MNP,1,2.02,True
ACT-2026-006586,2026-08-18,K04,P-FIX-BIB,PID217403,None,1,16.39,True
ACT-2026-006587,2026-08-18,K04,P-MOB-GSM,PID805889,MNP,1,2.02,True
ACT-2026-006588,2026-08-18,K04,P-MOB-GSM,PID463612,None,1,1.01,True
ACT-2026-006589,2026-08-18,K04,P-MOB-GSM,PID572813,None,1,1.01,True
ACT-2026-006590,2026-08-18,K04,P-MOB-GSM,PID549287,None,1,1.01,True
ACT-2026-006591,2026-08-18,K04,P-MOB-GSM,PID156914,MNP,1,2.02,True
ACT-2026-006592,2026-08-18,K04,P-MOB-GSM,PID688849,None,1,1.01,True
ACT-2026-006593,2026-08-18,K04,P-MOB-GSM,PID953124,None,1,1.01,True
ACT-2026-006594,2026-08-18,K04,P-MOB-GSM,PID823257,None,1,1.01,True
ACT-2026-006595,2026-08-18,K05,P-FIX-WFA,PID422641,None,1,6.55,True
ACT-2026-006596,2026-08-18,K05,P-MOB-GSM,PID240009,None,1,1.01,True
ACT-2026-006597,2026-08-18,K05,P-MOB-GSM,PID773072,None,1,1.01,True
ACT-2026-006598,2026-08-18,K05,P-MOB-GSM,PID772958,None,1,1.01,True
ACT-2026-006599,2026-08-18,K05,P-MOB-GSM,PID710803,None,1,1.01,True
ACT-2026-006600,2026-08-18,K05,P-MOB-GSM,PID240622,MNP,1,2.02,True
ACT-2026-006601,2026-08-18,K06,P-MOB-GSM,PID350097,None,1,1.01,True
ACT-2026-006602,2026-08-18,K06,P-MOB-OTH,PID720884,None,1,1.52,True
ACT-2026-006603,2026-08-18,K06,P-MOB-GSM,PID429048,None,1,1.01,True
ACT-2026-006604,2026-08-18,K07,P-MOB-OTH,PID661678,None,1,1.46,True
ACT-2026-006605,2026-08-18,K07,P-MOB-GSM,PID262118,None,1,0.97,True
ACT-2026-006606,2026-08-18,K07,P-MOB-GSM,PID712622,None,1,0.97,True
ACT-2026-006607,2026-08-18,K07,P-MOB-GSM,PID366323,None,1,0.97,True
ACT-2026-006608,2026-08-18,K07,P-MOB-GSM,PID928285,MNP,1,1.95,True
ACT-2026-006609,2026-08-18,K07,P-MOB-GSM,PID914803,None,1,0.97,True
ACT-2026-006610,2026-08-18,K07,P-FIX-FBR,PID534394,None,1,9.91,True
ACT-2026-006611,2026-08-18,K07,P-MOB-GSM,PID732294,None,1,0.97,True
ACT-2026-006612,2026-08-18,K07,P-MOB-GSM,PID479205,None,1,0.97,True
ACT-2026-006613,2026-08-18,K07,P-DEV-DEV,PID484569,None,1,5.73,True
ACT-2026-006614,2026-08-18,K07,P-MOB-GSM,PID590140,None,1,0.97,True
ACT-2026-006615,2026-08-18,K07,P-FIX-WFA,PID130146,None,1,5.95,True
ACT-2026-006616,2026-08-18,K07,P-MOB-GSM,PID482027,None,1,0.97,True
ACT-2026-006617,2026-08-18,K07,P-MOB-GSM,PID190502,MNP,1,1.95,True
ACT-2026-006618,2026-08-18,K07,P-MOB-GSM,PID342523,MNP,1,1.95,True
ACT-2026-006619,2026-08-18,K07,P-MOB-GSM,PID736646,None,1,0.97,True
ACT-2026-006620,2026-08-18,K07,P-MOB-GSM,PID849231,None,1,0.97,True
ACT-2026-006621,2026-08-18,K07,P-MOB-GSM,PID330883,None,1,0.97,True
ACT-2026-006622,2026-08-18,K07,P-MOB-GSM,PID128041,None,1,0.97,True
ACT-2026-006623,2026-08-18,K07,P-MOB-GSM,PID364439,None,1,0.97,True
ACT-2026-006624,2026-08-18,K07,P-FIX-FBR,PID613660,None,1,9.91,True
ACT-2026-006625,2026-08-18,K07,P-MOB-GSM,PID270814,None,1,0.97,True
ACT-2026-006626,2026-08-18,K08,P-MOB-GSM,PID226922,None,1,0.97,True
ACT-2026-006627,2026-08-18,K08,P-MOB-GSM,PID807222,None,1,0.97,True
ACT-2026-006628,2026-08-18,K08,P-MOB-GSM,PID158147,None,1,0.97,True
ACT-2026-006629,2026-08-18,K08,P-MOB-GSM,PID218912,None,1,0.97,True
ACT-2026-006630,2026-08-18,K08,P-MOB-GSM,PID652073,None,1,0.97,True
ACT-2026-006631,2026-08-18,K08,P-MOB-OTH,PID726568,None,1,1.46,True
ACT-2026-006632,2026-08-18,K08,P-MOB-GSM,PID205130,MNP,1,1.95,True
ACT-2026-006633,2026-08-18,K08,P-MOB-GSM,PID644615,None,1,0.97,True
ACT-2026-006634,2026-08-18,K08,P-MOB-GSM,PID907759,None,1,0.97,True
ACT-2026-006635,2026-08-18,K08,P-MOB-GSM,PID763617,None,1,0.97,True
ACT-2026-006636,2026-08-18,K08,P-MOB-GSM,PID706341,MNP,1,1.95,True
ACT-2026-006637,2026-08-18,K08,P-MOB-GSM,PID694744,None,1,0.97,True
ACT-2026-006638,2026-08-18,K09,P-MOB-GSM,PID865964,None,1,0.97,True
ACT-2026-006639,2026-08-18,K09,P-MOB-OTH,PID253102,None,1,1.46,True
ACT-2026-006640,2026-08-18,K09,P-MOB-GSM,PID883494,MNP,1,1.95,True
ACT-2026-006641,2026-08-18,K09,P-MOB-OTH,PID336928,None,1,1.46,True
ACT-2026-006642,2026-08-18,K09,P-MOB-GSM,PID795332,None,1,0.97,True
ACT-2026-006643,2026-08-18,K09,P-FIX-BIB,PID992926,None,1,14.87,True
ACT-2026-006644,2026-08-18,K09,P-MOB-GSM,PID833053,None,1,0.97,True
ACT-2026-006645,2026-08-18,K09,P-MOB-GSM,PID764969,None,1,0.97,True
ACT-2026-006646,2026-08-18,K09,P-DIG-SVC,PID865127,None,1,5.73,True
ACT-2026-006647,2026-08-18,K09,P-FIX-BIB,PID547710,None,1,14.87,True
ACT-2026-006648,2026-08-18,K09,P-MOB-GSM,PID254575,None,1,0.97,True
ACT-2026-006649,2026-08-18,K09,P-MOB-GSM,PID824061,None,1,0.97,True
ACT-2026-006650,2026-08-18,K09,P-MOB-GSM,PID531712,None,1,0.97,True
ACT-2026-006651,2026-08-18,K09,P-MOB-GSM,PID515201,None,1,0.97,True
ACT-2026-006652,2026-08-18,K09,P-MOB-GSM,PID900669,None,1,0.97,True
ACT-2026-006653,2026-08-18,K09,P-MOB-GSM,PID126328,None,1,0.97,True
ACT-2026-006654,2026-08-18,K10,P-MOB-GSM,PID723845,None,1,0.97,True
ACT-2026-006655,2026-08-18,K10,P-MOB-GSM,PID285753,None,1,0.97,True
ACT-2026-006656,2026-08-18,K10,P-MOB-GSM,PID457342,None,1,0.97,True
ACT-2026-006657,2026-08-18,K10,P-MOB-GSM,PID751042,None,1,0.97,True
ACT-2026-006658,2026-08-18,K10,P-MOB-GSM,PID460314,None,1,0.97,True
ACT-2026-006659,2026-08-18,K10,P-MOB-GSM,PID588486,MNP,1,1.95,True
ACT-2026-006660,2026-08-18,K10,P-MOB-OTH,PID521297,None,1,1.46,True
ACT-2026-006661,2026-08-18,K10,P-MOB-GSM,PID911671,None,1,0.97,True
ACT-2026-006662,2026-08-18,K11,P-MOB-GSM,PID495799,MNP,1,1.95,True
ACT-2026-006663,2026-08-18,K11,P-DIG-SVC,PID794694,None,1,5.73,True
ACT-2026-006664,2026-08-18,K11,P-MOB-GSM,PID285218,None,1,0.97,True
ACT-2026-006665,2026-08-18,K11,P-MOB-GSM,PID584246,None,1,0.97,True
ACT-2026-006666,2026-08-18,K11,P-DIG-SVC,PID388706,None,1,5.73,True
ACT-2026-006667,2026-08-18,K11,P-FIX-FBR,PID160705,None,1,9.91,True
ACT-2026-006668,2026-08-18,K11,P-MOB-GSM,PID224487,None,1,0.97,True
ACT-2026-006669,2026-08-18,K12,P-MOB-GSM,PID367972,MNP,1,1.95,True
ACT-2026-006670,2026-08-18,K12,P-MOB-GSM,PID208744,MNP,1,1.95,True
ACT-2026-006671,2026-08-18,K13,P-MOB-OTH,PID498403,None,1,1.57,True
ACT-2026-006672,2026-08-18,K13,P-MOB-GSM,PID548263,None,1,1.04,True
ACT-2026-006673,2026-08-18,K13,P-MOB-GSM,PID388184,None,1,1.04,True
ACT-2026-006674,2026-08-18,K13,P-MOB-GSM,PID162741,None,1,1.04,True
ACT-2026-006675,2026-08-18,K13,P-MOB-GSM,PID472355,None,1,1.04,True
ACT-2026-006676,2026-08-18,K13,P-MOB-GSM,PID947397,None,1,1.04,True
ACT-2026-006677,2026-08-18,K13,P-MOB-GSM,PID795089,MNP,1,2.09,True
ACT-2026-006678,2026-08-18,K13,P-MOB-GSM,PID497508,None,1,1.04,True
ACT-2026-006679,2026-08-18,K13,P-MOB-GSM,PID829681,None,1,1.04,True
ACT-2026-006680,2026-08-18,K13,P-MOB-GSM,PID202055,None,1,1.04,True
ACT-2026-006681,2026-08-18,K13,P-MOB-GSM,PID932926,None,1,1.04,True
ACT-2026-006682,2026-08-18,K14,P-MOB-GSM,PID582541,None,1,1.04,True
ACT-2026-006683,2026-08-18,K14,P-MOB-GSM,PID604747,MNP,1,2.09,True
ACT-2026-006684,2026-08-18,K14,P-MOB-GSM,PID540570,None,1,1.04,True
ACT-2026-006685,2026-08-18,K14,P-DIG-SVC,PID554870,None,1,4.99,True
ACT-2026-006686,2026-08-18,K14,P-MOB-OTH,PID822490,None,1,1.57,True
ACT-2026-006687,2026-08-18,K14,P-MOB-GSM,PID299772,None,1,1.04,True
ACT-2026-006688,2026-08-18,K14,P-DEV-DEV,PID774123,None,1,6.35,True
ACT-2026-006689,2026-08-18,K14,P-FIX-FBR,PID608404,None,1,6.69,True
ACT-2026-006690,2026-08-18,K14,P-MOB-GSM,PID519533,None,1,1.04,True
ACT-2026-006691,2026-08-18,K14,P-MOB-GSM,PID472822,None,1,1.04,True
ACT-2026-006692,2026-08-18,K14,P-MOB-GSM,PID996746,None,1,1.04,True
ACT-2026-006693,2026-08-18,K14,P-MOB-OTH,PID850431,None,1,1.57,True
ACT-2026-006694,2026-08-18,K15,P-MOB-OTH,PID679572,None,1,1.57,True
ACT-2026-006695,2026-08-18,K15,P-MOB-GSM,PID148150,MNP,1,2.09,True
ACT-2026-006696,2026-08-18,K15,P-MOB-GSM,PID209850,MNP,1,2.09,True
ACT-2026-006697,2026-08-18,K15,P-MOB-GSM,PID836925,MNP,1,2.09,True
ACT-2026-006698,2026-08-18,K15,P-MOB-GSM,PID164514,MNP,1,2.09,True
ACT-2026-006699,2026-08-18,K15,P-DIG-SVC,PID869534,None,1,4.99,True
ACT-2026-006700,2026-08-18,K15,P-MOB-GSM,PID975123,None,1,1.04,True
ACT-2026-006701,2026-08-18,K15,P-FIX-FBR,PID789549,None,1,6.69,True
ACT-2026-006702,2026-08-18,K15,P-MOB-GSM,PID309550,None,1,1.04,True
ACT-2026-006703,2026-08-18,K15,P-MOB-GSM,PID279336,MNP,1,2.09,True
ACT-2026-006704,2026-08-18,K16,P-MOB-GSM,PID844875,MNP,1,2.09,True
ACT-2026-006705,2026-08-18,K16,P-MOB-GSM,PID911495,MNP,1,2.09,True
ACT-2026-006706,2026-08-18,K16,P-MOB-OTH,PID894981,None,1,1.57,True
ACT-2026-006707,2026-08-18,K16,P-MOB-GSM,PID119358,None,1,1.04,True
ACT-2026-006708,2026-08-18,K16,P-MOB-GSM,PID621291,None,1,1.04,True
ACT-2026-006709,2026-08-18,K16,P-MOB-GSM,PID583843,None,1,1.04,True
ACT-2026-006710,2026-08-18,K16,P-MOB-GSM,PID102021,None,1,1.04,True
ACT-2026-006711,2026-08-18,K16,P-MOB-GSM,PID275827,None,1,1.04,True
ACT-2026-006712,2026-08-18,K17,P-MOB-GSM,PID849234,MNP,1,2.09,True
ACT-2026-006713,2026-08-18,K17,P-MOB-GSM,PID229269,None,1,1.04,True
ACT-2026-006714,2026-08-18,K17,P-FIX-FBR,PID612854,None,1,6.69,True
ACT-2026-006715,2026-08-18,K17,P-MOB-GSM,PID403899,None,1,1.04,True
ACT-2026-006716,2026-08-18,K17,P-MOB-GSM,PID530293,MNP,1,2.09,True
ACT-2026-006717,2026-08-18,K18,P-MOB-GSM,PID338622,None,1,1.04,True
ACT-2026-006718,2026-08-18,K18,P-MOB-GSM,PID927607,MNP,1,2.09,True
ACT-2026-006719,2026-08-18,K18,P-MOB-OTH,PID366564,None,1,1.57,True
ACT-2026-006720,2026-08-19,K01,P-MOB-OTH,PID159143,None,1,1.52,True
ACT-2026-006721,2026-08-19,K01,P-MOB-GSM,PID433961,None,1,1.01,True
ACT-2026-006722,2026-08-19,K01,P-MOB-GSM,PID963700,None,1,1.01,True
ACT-2026-006723,2026-08-19,K01,P-FIX-FBR,PID861087,None,1,10.92,True
ACT-2026-006724,2026-08-19,K01,P-MOB-OTH,PID253726,None,1,1.52,True
ACT-2026-006725,2026-08-19,K01,P-MOB-GSM,PID265873,None,1,1.01,True
ACT-2026-006726,2026-08-19,K01,P-MOB-GSM,PID829469,None,1,1.01,True
ACT-2026-006727,2026-08-19,K01,P-MOB-GSM,PID120897,None,1,1.01,True
ACT-2026-006728,2026-08-19,K01,P-FIX-FBR,PID522542,None,1,10.92,True
ACT-2026-006729,2026-08-19,K01,P-MOB-GSM,PID959918,MNP,1,2.02,True
ACT-2026-006730,2026-08-19,K01,P-MOB-GSM,PID324301,None,1,1.01,True
ACT-2026-006731,2026-08-19,K01,P-MOB-OTH,PID599337,None,1,1.52,True
ACT-2026-006732,2026-08-19,K01,P-MOB-GSM,PID259577,None,1,1.01,True
ACT-2026-006733,2026-08-19,K01,P-MOB-GSM,PID498584,None,1,1.01,True
ACT-2026-006734,2026-08-19,K01,P-MOB-GSM,PID824028,MNP,1,2.02,True
ACT-2026-006735,2026-08-19,K01,P-MOB-GSM,PID208045,None,1,1.01,True
ACT-2026-006736,2026-08-19,K01,P-MOB-GSM,PID263507,None,1,1.01,True
ACT-2026-006737,2026-08-19,K02,P-MOB-GSM,PID879179,None,1,1.01,True
ACT-2026-006738,2026-08-19,K02,P-FIX-FBR,PID633855,None,1,10.92,True
ACT-2026-006739,2026-08-19,K02,P-MOB-GSM,PID982035,None,1,1.01,True
ACT-2026-006740,2026-08-19,K02,P-MOB-GSM,PID893127,None,1,1.01,True
ACT-2026-006741,2026-08-19,K02,P-MOB-GSM,PID407481,None,1,1.01,True
ACT-2026-006742,2026-08-19,K02,P-MOB-OTH,PID837310,None,1,1.52,True
ACT-2026-006743,2026-08-19,K02,P-MOB-GSM,PID792545,MNP,1,2.02,True
ACT-2026-006744,2026-08-19,K02,P-DIG-SVC,PID853626,None,1,5.58,True
ACT-2026-006745,2026-08-19,K02,P-FIX-FBR,PID539008,None,1,10.92,True
ACT-2026-006746,2026-08-19,K02,P-MOB-GSM,PID831567,MNP,1,2.02,True
ACT-2026-006747,2026-08-19,K02,P-MOB-GSM,PID461140,None,1,1.01,True
ACT-2026-006748,2026-08-19,K02,P-MOB-GSM,PID221684,None,1,1.01,True
ACT-2026-006749,2026-08-19,K02,P-MOB-GSM,PID170454,MNP,1,2.02,True
ACT-2026-006750,2026-08-19,K02,P-MOB-GSM,PID334076,None,1,1.01,True
ACT-2026-006751,2026-08-19,K02,P-MOB-GSM,PID393344,None,1,1.01,True
ACT-2026-006752,2026-08-19,K02,P-MOB-GSM,PID561295,None,1,1.01,True
ACT-2026-006753,2026-08-19,K02,P-MOB-GSM,PID624869,MNP,1,2.02,True
ACT-2026-006754,2026-08-19,K02,P-MOB-GSM,PID297850,None,1,1.01,True
ACT-2026-006755,2026-08-19,K02,P-MOB-GSM,PID678479,None,1,1.01,True
ACT-2026-006756,2026-08-19,K02,P-MOB-GSM,PID563143,MNP,1,2.02,True
ACT-2026-006757,2026-08-19,K03,P-MOB-GSM,PID411334,MNP,1,2.02,True
ACT-2026-006758,2026-08-19,K03,P-MOB-GSM,PID251910,None,1,1.01,True
ACT-2026-006759,2026-08-19,K03,P-MOB-GSM,PID421280,MNP,1,2.02,True
ACT-2026-006760,2026-08-19,K03,P-FIX-WFA,PID482411,None,1,6.55,True
ACT-2026-006761,2026-08-19,K03,P-MOB-GSM,PID228811,None,1,1.01,True
ACT-2026-006762,2026-08-19,K03,P-MOB-GSM,PID949966,None,1,1.01,True
ACT-2026-006763,2026-08-19,K03,P-MOB-GSM,PID277719,None,1,1.01,True
ACT-2026-006764,2026-08-19,K03,P-MOB-GSM,PID155711,MNP,1,2.02,True
ACT-2026-006765,2026-08-19,K03,P-MOB-OTH,PID166656,None,1,1.52,True
ACT-2026-006766,2026-08-19,K03,P-MOB-GSM,PID191391,MNP,1,2.02,True
ACT-2026-006767,2026-08-19,K03,P-MOB-GSM,PID388925,None,1,1.01,True
ACT-2026-006768,2026-08-19,K03,P-MOB-GSM,PID572144,None,1,1.01,True
ACT-2026-006769,2026-08-19,K03,P-DIG-SVC,PID579649,None,1,5.58,True
ACT-2026-006770,2026-08-19,K04,P-MOB-GSM,PID207401,None,1,1.01,True
ACT-2026-006771,2026-08-19,K04,P-MOB-GSM,PID963918,None,1,1.01,True
ACT-2026-006772,2026-08-19,K04,P-MOB-GSM,PID275538,MNP,1,2.02,True
ACT-2026-006773,2026-08-19,K04,P-MOB-GSM,PID850544,MNP,1,2.02,True
ACT-2026-006774,2026-08-19,K04,P-MOB-OTH,PID264537,None,1,1.52,True
ACT-2026-006775,2026-08-19,K04,P-MOB-GSM,PID995723,MNP,1,2.02,True
ACT-2026-006776,2026-08-19,K04,P-MOB-GSM,PID445436,MNP,1,2.02,True
ACT-2026-006777,2026-08-19,K04,P-MOB-GSM,PID176135,MNP,1,2.02,True
ACT-2026-006778,2026-08-19,K04,P-MOB-GSM,PID458303,MNP,1,2.02,True
ACT-2026-006779,2026-08-19,K04,P-FIX-FBR,PID833307,None,1,10.92,True
ACT-2026-006780,2026-08-19,K04,P-MOB-GSM,PID780314,None,1,1.01,True
ACT-2026-006781,2026-08-19,K04,P-MOB-GSM,PID946774,MNP,1,2.02,True
ACT-2026-006782,2026-08-19,K04,P-MOB-GSM,PID676901,MNP,1,2.02,True
ACT-2026-006783,2026-08-19,K04,P-MOB-GSM,PID823460,None,1,1.01,True
ACT-2026-006784,2026-08-19,K04,P-MOB-GSM,PID377738,None,1,1.01,True
ACT-2026-006785,2026-08-19,K05,P-MOB-GSM,PID833884,None,1,1.01,True
ACT-2026-006786,2026-08-19,K05,P-FIX-BIB,PID462226,None,1,16.39,True
ACT-2026-006787,2026-08-19,K05,P-MOB-GSM,PID234552,None,1,1.01,True
ACT-2026-006788,2026-08-19,K05,P-DIG-SVC,PID267758,None,1,5.58,True
ACT-2026-006789,2026-08-19,K05,P-MOB-GSM,PID475426,None,1,1.01,True
ACT-2026-006790,2026-08-19,K05,P-FIX-BIB,PID115353,None,1,16.39,True
ACT-2026-006791,2026-08-19,K05,P-MOB-GSM,PID942053,None,1,1.01,True
ACT-2026-006792,2026-08-19,K06,P-MOB-GSM,PID402203,None,1,1.01,True
ACT-2026-006793,2026-08-19,K07,P-MOB-GSM,PID667982,None,1,0.97,True
ACT-2026-006794,2026-08-19,K07,P-MOB-GSM,PID438367,None,1,0.97,True
ACT-2026-006795,2026-08-19,K07,P-MOB-GSM,PID724102,None,1,0.97,True
ACT-2026-006796,2026-08-19,K07,P-MOB-GSM,PID120388,None,1,0.97,True
ACT-2026-006797,2026-08-19,K07,P-MOB-OTH,PID695331,None,1,1.46,True
ACT-2026-006798,2026-08-19,K07,P-MOB-GSM,PID746896,None,1,0.97,True
ACT-2026-006799,2026-08-19,K07,P-MOB-GSM,PID344781,None,1,0.97,True
ACT-2026-006800,2026-08-19,K07,P-MOB-GSM,PID852414,None,1,0.97,True
ACT-2026-006801,2026-08-19,K07,P-FIX-BIB,PID767535,None,1,14.87,True
ACT-2026-006802,2026-08-19,K07,P-MOB-GSM,PID196263,MNP,1,1.95,True
ACT-2026-006803,2026-08-19,K07,P-MOB-GSM,PID535743,None,1,0.97,True
ACT-2026-006804,2026-08-19,K07,P-FIX-FBR,PID700850,None,1,9.91,True
ACT-2026-006805,2026-08-19,K07,P-MOB-GSM,PID250869,MNP,1,1.95,True
ACT-2026-006806,2026-08-19,K07,P-MOB-GSM,PID958629,MNP,1,1.95,True
ACT-2026-006807,2026-08-19,K07,P-MOB-GSM,PID668304,None,1,0.97,True
ACT-2026-006808,2026-08-19,K07,P-MOB-GSM,PID237046,None,1,0.97,True
ACT-2026-006809,2026-08-19,K07,P-MOB-GSM,PID452359,None,1,0.97,True
ACT-2026-006810,2026-08-19,K07,P-FIX-FBR,PID395984,FNP,1,9.91,True
ACT-2026-006811,2026-08-19,K07,P-MOB-GSM,PID451108,None,1,0.97,True
ACT-2026-006812,2026-08-19,K07,P-MOB-GSM,PID635457,None,1,0.97,True
ACT-2026-006813,2026-08-19,K07,P-MOB-OTH,PID265201,None,1,1.46,True
ACT-2026-006814,2026-08-19,K07,P-MOB-GSM,PID733777,None,1,0.97,True
ACT-2026-006815,2026-08-19,K08,P-MOB-GSM,PID634616,MNP,1,1.95,True
ACT-2026-006816,2026-08-19,K08,P-MOB-GSM,PID535694,None,1,0.97,True
ACT-2026-006817,2026-08-19,K08,P-MOB-GSM,PID120967,None,1,0.97,True
ACT-2026-006818,2026-08-19,K08,P-MOB-GSM,PID184876,None,1,0.97,True
ACT-2026-006819,2026-08-19,K08,P-MOB-GSM,PID114822,None,1,0.97,True
ACT-2026-006820,2026-08-19,K08,P-MOB-GSM,PID168337,None,1,0.97,True
ACT-2026-006821,2026-08-19,K08,P-MOB-GSM,PID307522,None,1,0.97,True
ACT-2026-006822,2026-08-19,K08,P-MOB-OTH,PID228201,None,1,1.46,True
ACT-2026-006823,2026-08-19,K08,P-MOB-GSM,PID674909,None,1,0.97,True
ACT-2026-006824,2026-08-19,K08,P-MOB-GSM,PID820560,MNP,1,1.95,True
ACT-2026-006825,2026-08-19,K08,P-FIX-FBR,PID559406,FNP,1,9.91,True
ACT-2026-006826,2026-08-19,K08,P-MOB-GSM,PID906273,MNP,1,1.95,True
ACT-2026-006827,2026-08-19,K09,P-DIG-SVC,PID462880,None,1,5.73,True
ACT-2026-006828,2026-08-19,K09,P-MOB-GSM,PID100065,MNP,1,1.95,True
ACT-2026-006829,2026-08-19,K09,P-MOB-GSM,PID920309,None,1,0.97,True
ACT-2026-006830,2026-08-19,K09,P-DEV-DEV,PID159076,None,1,5.73,True
ACT-2026-006831,2026-08-19,K09,P-MOB-GSM,PID202026,None,1,0.97,True
ACT-2026-006832,2026-08-19,K10,P-MOB-GSM,PID338553,MNP,1,1.95,True
ACT-2026-006833,2026-08-19,K10,P-MOB-GSM,PID774627,None,1,0.97,True
ACT-2026-006834,2026-08-19,K10,P-MOB-OTH,PID816030,None,1,1.46,True
ACT-2026-006835,2026-08-19,K10,P-MOB-GSM,PID146228,None,1,0.97,True
ACT-2026-006836,2026-08-19,K10,P-MOB-OTH,PID774582,None,1,1.46,True
ACT-2026-006837,2026-08-19,K10,P-FIX-FBR,PID675154,None,1,9.91,True
ACT-2026-006838,2026-08-19,K10,P-MOB-GSM,PID921843,None,1,0.97,True
ACT-2026-006839,2026-08-19,K11,P-MOB-GSM,PID936163,None,1,0.97,True
ACT-2026-006840,2026-08-19,K11,P-MOB-GSM,PID982639,None,1,0.97,True
ACT-2026-006841,2026-08-19,K11,P-MOB-GSM,PID896957,MNP,1,1.95,True
ACT-2026-006842,2026-08-19,K11,P-MOB-GSM,PID114975,MNP,1,1.95,True
ACT-2026-006843,2026-08-19,K11,P-MOB-GSM,PID169709,MNP,1,1.95,True
ACT-2026-006844,2026-08-19,K12,P-MOB-GSM,PID611748,MNP,1,1.95,True
ACT-2026-006845,2026-08-19,K12,P-MOB-GSM,PID892767,None,1,0.97,True
ACT-2026-006846,2026-08-19,K13,P-MOB-GSM,PID307345,None,1,1.04,True
ACT-2026-006847,2026-08-19,K13,P-MOB-GSM,PID696395,None,1,1.04,True
ACT-2026-006848,2026-08-19,K13,P-MOB-GSM,PID270609,None,1,1.04,True
ACT-2026-006849,2026-08-19,K13,P-MOB-GSM,PID788778,MNP,1,2.09,True
ACT-2026-006850,2026-08-19,K13,P-MOB-GSM,PID913898,None,1,1.04,True
ACT-2026-006851,2026-08-19,K13,P-MOB-GSM,PID664169,None,1,1.04,True
ACT-2026-006852,2026-08-19,K13,P-MOB-GSM,PID704405,None,1,1.04,True
ACT-2026-006853,2026-08-19,K13,P-MOB-OTH,PID294715,None,1,1.57,True
ACT-2026-006854,2026-08-19,K13,P-MOB-GSM,PID678353,MNP,1,2.09,True
ACT-2026-006855,2026-08-19,K13,P-MOB-GSM,PID950157,None,1,1.04,True
ACT-2026-006856,2026-08-19,K13,P-MOB-GSM,PID809753,None,1,1.04,True
ACT-2026-006857,2026-08-19,K13,P-MOB-GSM,PID620147,None,1,1.04,True
ACT-2026-006858,2026-08-19,K13,P-MOB-GSM,PID363309,None,1,1.04,True
ACT-2026-006859,2026-08-19,K13,P-MOB-GSM,PID214449,None,1,1.04,True
ACT-2026-006860,2026-08-19,K13,P-MOB-GSM,PID540167,None,1,1.04,True
ACT-2026-006861,2026-08-19,K13,P-MOB-GSM,PID523797,None,1,1.04,True
ACT-2026-006862,2026-08-19,K13,P-MOB-GSM,PID988272,MNP,1,2.09,True
ACT-2026-006863,2026-08-19,K13,P-MOB-GSM,PID228277,MNP,1,2.09,True
ACT-2026-006864,2026-08-19,K13,P-MOB-GSM,PID426716,MNP,1,2.09,True
ACT-2026-006865,2026-08-19,K13,P-MOB-GSM,PID547930,MNP,1,2.09,True
ACT-2026-006866,2026-08-19,K13,P-MOB-OTH,PID701389,None,1,1.57,True
ACT-2026-006867,2026-08-19,K13,P-FIX-WFA,PID781996,None,1,4.02,True
ACT-2026-006868,2026-08-19,K14,P-MOB-GSM,PID914496,None,1,1.04,True
ACT-2026-006869,2026-08-19,K14,P-MOB-GSM,PID780029,None,1,1.04,True
ACT-2026-006870,2026-08-19,K14,P-MOB-OTH,PID378600,None,1,1.57,True
ACT-2026-006871,2026-08-19,K14,P-MOB-GSM,PID809411,None,1,1.04,True
ACT-2026-006872,2026-08-19,K14,P-MOB-GSM,PID734301,None,1,1.04,True
ACT-2026-006873,2026-08-19,K14,P-MOB-GSM,PID700959,None,1,1.04,True
ACT-2026-006874,2026-08-19,K14,P-MOB-GSM,PID833757,None,1,1.04,True
ACT-2026-006875,2026-08-19,K14,P-MOB-GSM,PID756191,None,1,1.04,True
ACT-2026-006876,2026-08-19,K14,P-DEV-DEV,PID535396,None,1,6.35,True
ACT-2026-006877,2026-08-19,K15,P-MOB-GSM,PID902522,None,1,1.04,True
ACT-2026-006878,2026-08-19,K15,P-MOB-GSM,PID960843,MNP,1,2.09,True
ACT-2026-006879,2026-08-19,K15,P-FIX-BIB,PID872770,None,1,10.04,True
ACT-2026-006880,2026-08-19,K15,P-MOB-GSM,PID571507,MNP,1,2.09,True
ACT-2026-006881,2026-08-19,K15,P-FIX-FBR,PID630098,None,1,6.69,True
ACT-2026-006882,2026-08-19,K15,P-MOB-GSM,PID793055,None,1,1.04,True
ACT-2026-006883,2026-08-19,K15,P-MOB-GSM,PID237397,None,1,1.04,True
ACT-2026-006884,2026-08-19,K15,P-MOB-GSM,PID564768,None,1,1.04,True
ACT-2026-006885,2026-08-19,K15,P-MOB-OTH,PID637662,None,1,1.57,True
ACT-2026-006886,2026-08-19,K16,P-MOB-OTH,PID121279,None,1,1.57,True
ACT-2026-006887,2026-08-19,K16,P-MOB-GSM,PID137286,None,1,1.04,True
ACT-2026-006888,2026-08-19,K16,P-MOB-GSM,PID258847,MNP,1,2.09,True
ACT-2026-006889,2026-08-19,K16,P-MOB-GSM,PID943032,MNP,1,2.09,True
ACT-2026-006890,2026-08-19,K16,P-MOB-OTH,PID662755,None,1,1.57,True
ACT-2026-006891,2026-08-19,K16,P-FIX-FBR,PID517996,None,1,6.69,True
ACT-2026-006892,2026-08-19,K16,P-MOB-GSM,PID644379,None,1,1.04,True
ACT-2026-006893,2026-08-19,K16,P-DIG-SVC,PID308092,None,1,4.99,True
ACT-2026-006894,2026-08-19,K16,P-MOB-GSM,PID897713,None,1,1.04,True
ACT-2026-006895,2026-08-19,K17,P-MOB-GSM,PID648579,MNP,1,2.09,True
ACT-2026-006896,2026-08-19,K17,P-MOB-GSM,PID604789,MNP,1,2.09,True
ACT-2026-006897,2026-08-19,K17,P-MOB-GSM,PID816388,None,1,1.04,True
ACT-2026-006898,2026-08-19,K17,P-MOB-GSM,PID466915,None,1,1.04,True
ACT-2026-006899,2026-08-19,K17,P-MOB-GSM,PID590222,None,1,1.04,True
ACT-2026-006900,2026-08-19,K17,P-MOB-GSM,PID931677,None,1,1.04,True
ACT-2026-006901,2026-08-19,K18,P-MOB-GSM,PID483598,None,1,1.04,True
ACT-2026-006902,2026-08-19,K18,P-MOB-GSM,PID593291,None,1,1.04,True
ACT-2026-006903,2026-08-20,K01,P-MOB-GSM,PID211816,None,1,1.01,True
ACT-2026-006904,2026-08-20,K01,P-MOB-GSM,PID685376,None,1,1.01,True
ACT-2026-006905,2026-08-20,K01,P-MOB-OTH,PID647510,None,1,1.52,True
ACT-2026-006906,2026-08-20,K01,P-MOB-GSM,PID349181,None,1,1.01,True
ACT-2026-006907,2026-08-20,K01,P-MOB-GSM,PID963294,None,1,1.01,True
ACT-2026-006908,2026-08-20,K01,P-FIX-WFA,PID336080,FNP,1,6.55,True
ACT-2026-006909,2026-08-20,K01,P-MOB-GSM,PID528065,None,1,1.01,True
ACT-2026-006910,2026-08-20,K01,P-MOB-OTH,PID527143,None,1,1.52,True
ACT-2026-006911,2026-08-20,K01,P-MOB-GSM,PID344486,None,1,1.01,True
ACT-2026-006912,2026-08-20,K01,P-MOB-GSM,PID163631,MNP,1,2.02,True
ACT-2026-006913,2026-08-20,K01,P-MOB-GSM,PID334838,None,1,1.01,True
ACT-2026-006914,2026-08-20,K01,P-MOB-OTH,PID229645,None,1,1.52,True
ACT-2026-006915,2026-08-20,K01,P-FIX-BIB,PID466669,None,1,16.39,True
ACT-2026-006916,2026-08-20,K01,P-MOB-OTH,PID473343,None,1,1.52,True
ACT-2026-006917,2026-08-20,K01,P-MOB-GSM,PID295394,None,1,1.01,True
ACT-2026-006918,2026-08-20,K01,P-MOB-GSM,PID105944,None,1,1.01,True
ACT-2026-006919,2026-08-20,K01,P-MOB-GSM,PID637279,None,1,1.01,True
ACT-2026-006920,2026-08-20,K01,P-MOB-GSM,PID596540,None,1,1.01,True
ACT-2026-006921,2026-08-20,K01,P-MOB-GSM,PID111994,None,1,1.01,True
ACT-2026-006922,2026-08-20,K02,P-MOB-GSM,PID644731,None,1,1.01,True
ACT-2026-006923,2026-08-20,K02,P-MOB-GSM,PID835835,None,1,1.01,True
ACT-2026-006924,2026-08-20,K02,P-MOB-GSM,PID831810,None,1,1.01,True
ACT-2026-006925,2026-08-20,K02,P-MOB-GSM,PID890964,None,1,1.01,True
ACT-2026-006926,2026-08-20,K02,P-MOB-GSM,PID776762,MNP,1,2.02,True
ACT-2026-006927,2026-08-20,K02,P-MOB-GSM,PID864639,None,1,1.01,True
ACT-2026-006928,2026-08-20,K02,P-MOB-GSM,PID454455,None,1,1.01,True
ACT-2026-006929,2026-08-20,K02,P-MOB-GSM,PID538862,None,1,1.01,True
ACT-2026-006930,2026-08-20,K02,P-FIX-FBR,PID191407,None,1,10.92,True
ACT-2026-006931,2026-08-20,K02,P-MOB-GSM,PID889137,None,1,1.01,True
ACT-2026-006932,2026-08-20,K02,P-MOB-GSM,PID309545,None,1,1.01,True
ACT-2026-006933,2026-08-20,K03,P-MOB-GSM,PID488703,None,1,1.01,True
ACT-2026-006934,2026-08-20,K03,P-MOB-GSM,PID940831,None,1,1.01,True
ACT-2026-006935,2026-08-20,K03,P-MOB-GSM,PID453732,None,1,1.01,True
ACT-2026-006936,2026-08-20,K03,P-MOB-GSM,PID557559,None,1,1.01,True
ACT-2026-006937,2026-08-20,K03,P-DEV-DEV,PID528413,None,1,4.38,True
ACT-2026-006938,2026-08-20,K03,P-MOB-GSM,PID116626,None,1,1.01,True
ACT-2026-006939,2026-08-20,K03,P-MOB-GSM,PID469694,None,1,1.01,True
ACT-2026-006940,2026-08-20,K03,P-MOB-GSM,PID618359,None,1,1.01,True
ACT-2026-006941,2026-08-20,K03,P-MOB-GSM,PID409875,None,1,1.01,True
ACT-2026-006942,2026-08-20,K03,P-MOB-OTH,PID334323,None,1,1.52,True
ACT-2026-006943,2026-08-20,K03,P-MOB-GSM,PID953514,None,1,0.0,False
ACT-2026-006944,2026-08-20,K03,P-MOB-GSM,PID147907,None,1,1.01,True
ACT-2026-006945,2026-08-20,K03,P-MOB-GSM,PID530912,MNP,1,2.02,True
ACT-2026-006946,2026-08-20,K03,P-MOB-GSM,PID304471,None,1,1.01,True
ACT-2026-006947,2026-08-20,K03,P-MOB-GSM,PID430801,None,1,1.01,True
ACT-2026-006948,2026-08-20,K03,P-MOB-OTH,PID640425,None,1,1.52,True
ACT-2026-006949,2026-08-20,K03,P-MOB-GSM,PID672059,None,1,1.01,True
ACT-2026-006950,2026-08-20,K03,P-MOB-GSM,PID419241,None,1,1.01,True
ACT-2026-006951,2026-08-20,K03,P-MOB-GSM,PID756533,None,1,1.01,True
ACT-2026-006952,2026-08-20,K03,P-MOB-GSM,PID986363,MNP,1,2.02,True
ACT-2026-006953,2026-08-20,K03,P-MOB-GSM,PID960716,None,1,1.01,True
ACT-2026-006954,2026-08-20,K03,P-MOB-GSM,PID446937,None,1,1.01,True
ACT-2026-006955,2026-08-20,K04,P-MOB-GSM,PID611084,None,1,1.01,True
ACT-2026-006956,2026-08-20,K04,P-MOB-GSM,PID980238,None,1,1.01,True
ACT-2026-006957,2026-08-20,K04,P-FIX-WFA,PID120191,None,1,6.55,True
ACT-2026-006958,2026-08-20,K04,P-MOB-GSM,PID788256,None,1,1.01,True
ACT-2026-006959,2026-08-20,K04,P-MOB-GSM,PID693019,None,1,1.01,True
ACT-2026-006960,2026-08-20,K04,P-MOB-GSM,PID325120,None,1,1.01,True
ACT-2026-006961,2026-08-20,K04,P-MOB-GSM,PID319219,None,1,1.01,True
ACT-2026-006962,2026-08-20,K04,P-MOB-GSM,PID885611,None,1,1.01,True
ACT-2026-006963,2026-08-20,K05,P-MOB-GSM,PID618978,None,1,1.01,True
ACT-2026-006964,2026-08-20,K05,P-MOB-GSM,PID124089,None,1,1.01,True
ACT-2026-006965,2026-08-20,K05,P-MOB-GSM,PID691896,None,1,1.01,True
ACT-2026-006966,2026-08-20,K05,P-DEV-DEV,PID219487,None,1,4.38,True
ACT-2026-006967,2026-08-20,K05,P-MOB-GSM,PID859410,None,1,1.01,True
ACT-2026-006968,2026-08-20,K05,P-MOB-GSM,PID617777,None,1,1.01,True
ACT-2026-006969,2026-08-20,K05,P-MOB-GSM,PID589299,None,1,1.01,True
ACT-2026-006970,2026-08-20,K06,P-MOB-GSM,PID387113,None,1,1.01,True
ACT-2026-006971,2026-08-20,K07,P-MOB-GSM,PID359307,MNP,1,1.95,True
ACT-2026-006972,2026-08-20,K07,P-MOB-GSM,PID750937,None,1,0.97,True
ACT-2026-006973,2026-08-20,K07,P-MOB-GSM,PID217543,None,1,0.97,True
ACT-2026-006974,2026-08-20,K07,P-MOB-GSM,PID628067,None,1,0.97,True
ACT-2026-006975,2026-08-20,K07,P-MOB-GSM,PID870289,None,1,0.97,True
ACT-2026-006976,2026-08-20,K07,P-DIG-SVC,PID712049,None,1,5.73,True
ACT-2026-006977,2026-08-20,K07,P-MOB-GSM,PID933845,None,1,0.97,True
ACT-2026-006978,2026-08-20,K07,P-MOB-GSM,PID111890,None,1,0.97,True
ACT-2026-006979,2026-08-20,K07,P-MOB-GSM,PID440304,None,1,0.97,True
ACT-2026-006980,2026-08-20,K07,P-MOB-GSM,PID338483,None,1,0.97,True
ACT-2026-006981,2026-08-20,K07,P-FIX-FBR,PID547806,None,1,9.91,True
ACT-2026-006982,2026-08-20,K07,P-MOB-GSM,PID738084,None,1,0.97,True
ACT-2026-006983,2026-08-20,K07,P-MOB-GSM,PID403535,None,1,0.97,True
ACT-2026-006984,2026-08-20,K07,P-MOB-GSM,PID780519,None,1,0.97,True
ACT-2026-006985,2026-08-20,K07,P-MOB-GSM,PID992092,None,1,0.97,True
ACT-2026-006986,2026-08-20,K07,P-FIX-WFA,PID635767,None,1,5.95,True
ACT-2026-006987,2026-08-20,K07,P-MOB-GSM,PID687986,None,1,0.97,True
ACT-2026-006988,2026-08-20,K07,P-MOB-GSM,PID738491,None,1,0.97,True
ACT-2026-006989,2026-08-20,K07,P-MOB-OTH,PID695045,None,1,1.46,True
ACT-2026-006990,2026-08-20,K07,P-MOB-GSM,PID411665,None,1,0.97,True
ACT-2026-006991,2026-08-20,K07,P-MOB-GSM,PID662029,MNP,1,1.95,True
ACT-2026-006992,2026-08-20,K08,P-MOB-GSM,PID660665,MNP,1,1.95,True
ACT-2026-006993,2026-08-20,K08,P-MOB-GSM,PID308195,None,1,0.97,True
ACT-2026-006994,2026-08-20,K08,P-MOB-GSM,PID476885,None,1,0.97,True
ACT-2026-006995,2026-08-20,K08,P-MOB-GSM,PID374650,None,1,0.97,True
ACT-2026-006996,2026-08-20,K08,P-MOB-GSM,PID892739,None,1,0.97,True
ACT-2026-006997,2026-08-20,K08,P-MOB-GSM,PID184832,None,1,0.97,True
ACT-2026-006998,2026-08-20,K08,P-MOB-OTH,PID323969,None,1,1.46,True
ACT-2026-006999,2026-08-20,K08,P-MOB-GSM,PID223402,None,1,0.97,True
ACT-2026-007000,2026-08-20,K08,P-MOB-GSM,PID164403,None,1,0.97,True
ACT-2026-007001,2026-08-20,K08,P-DIG-SVC,PID803639,None,1,5.73,True
ACT-2026-007002,2026-08-20,K08,P-MOB-GSM,PID852341,None,1,0.97,True
ACT-2026-007003,2026-08-20,K08,P-MOB-GSM,PID319513,None,1,0.97,True
ACT-2026-007004,2026-08-20,K08,P-MOB-GSM,PID439876,None,1,0.97,True
ACT-2026-007005,2026-08-20,K08,P-MOB-GSM,PID420011,None,1,0.97,True
ACT-2026-007006,2026-08-20,K08,P-MOB-GSM,PID255889,None,1,0.97,True
ACT-2026-007007,2026-08-20,K08,P-FIX-FBR,PID496045,None,1,9.91,True
ACT-2026-007008,2026-08-20,K08,P-MOB-GSM,PID339112,MNP,1,1.95,True
ACT-2026-007009,2026-08-20,K09,P-FIX-FBR,PID698409,None,1,9.91,True
ACT-2026-007010,2026-08-20,K09,P-MOB-GSM,PID912474,None,1,0.97,True
ACT-2026-007011,2026-08-20,K09,P-MOB-GSM,PID596558,None,1,0.97,True
ACT-2026-007012,2026-08-20,K09,P-MOB-GSM,PID369202,None,1,0.97,True
ACT-2026-007013,2026-08-20,K09,P-MOB-GSM,PID218332,None,1,0.97,True
ACT-2026-007014,2026-08-20,K09,P-MOB-GSM,PID324133,None,1,0.97,True
ACT-2026-007015,2026-08-20,K09,P-MOB-GSM,PID139419,None,1,0.97,True
ACT-2026-007016,2026-08-20,K09,P-MOB-OTH,PID170403,None,1,1.46,True
ACT-2026-007017,2026-08-20,K09,P-MOB-GSM,PID564175,None,1,0.97,True
ACT-2026-007018,2026-08-20,K10,P-MOB-GSM,PID823130,None,1,0.97,True
ACT-2026-007019,2026-08-20,K10,P-MOB-GSM,PID950328,None,1,0.97,True
ACT-2026-007020,2026-08-20,K10,P-MOB-GSM,PID845685,None,1,0.97,True
ACT-2026-007021,2026-08-20,K10,P-MOB-GSM,PID158860,MNP,1,1.95,True
ACT-2026-007022,2026-08-20,K10,P-MOB-GSM,PID264818,None,1,0.97,True
ACT-2026-007023,2026-08-20,K10,P-MOB-GSM,PID950065,None,1,0.97,True
ACT-2026-007024,2026-08-20,K10,P-MOB-GSM,PID730125,None,1,0.97,True
ACT-2026-007025,2026-08-20,K10,P-MOB-GSM,PID125048,MNP,1,1.95,True
ACT-2026-007026,2026-08-20,K10,P-MOB-GSM,PID533475,None,1,0.97,True
ACT-2026-007027,2026-08-20,K10,P-FIX-WFA,PID653689,None,1,5.95,True
ACT-2026-007028,2026-08-20,K11,P-MOB-GSM,PID152768,None,1,0.97,True
ACT-2026-007029,2026-08-20,K11,P-MOB-OTH,PID540177,None,1,1.46,True
ACT-2026-007030,2026-08-20,K11,P-MOB-GSM,PID454893,MNP,1,1.95,True
ACT-2026-007031,2026-08-20,K11,P-MOB-GSM,PID875403,None,1,0.97,True
ACT-2026-007032,2026-08-20,K12,P-FIX-WFA,PID636865,FNP,1,5.95,True
ACT-2026-007033,2026-08-20,K12,P-MOB-GSM,PID859233,None,1,0.97,True
ACT-2026-007034,2026-08-20,K12,P-FIX-WFA,PID838296,None,1,5.95,True
ACT-2026-007035,2026-08-20,K12,P-MOB-GSM,PID713166,None,1,0.97,True
ACT-2026-007036,2026-08-20,K12,P-MOB-GSM,PID461770,MNP,1,1.95,True
ACT-2026-007037,2026-08-20,K13,P-MOB-GSM,PID503166,None,1,1.04,True
ACT-2026-007038,2026-08-20,K13,P-MOB-GSM,PID887376,MNP,1,2.09,True
ACT-2026-007039,2026-08-20,K13,P-MOB-GSM,PID750108,None,1,1.04,True
ACT-2026-007040,2026-08-20,K13,P-MOB-GSM,PID999520,None,1,1.04,True
ACT-2026-007041,2026-08-20,K13,P-MOB-GSM,PID984681,None,1,1.04,True
ACT-2026-007042,2026-08-20,K13,P-MOB-GSM,PID714226,None,1,1.04,True
ACT-2026-007043,2026-08-20,K13,P-MOB-GSM,PID990931,None,1,1.04,True
ACT-2026-007044,2026-08-20,K13,P-MOB-GSM,PID743731,None,1,1.04,True
ACT-2026-007045,2026-08-20,K13,P-MOB-GSM,PID707244,None,1,1.04,True
ACT-2026-007046,2026-08-20,K13,P-MOB-OTH,PID128931,None,1,1.57,True
ACT-2026-007047,2026-08-20,K13,P-FIX-FBR,PID569090,None,1,6.69,True
ACT-2026-007048,2026-08-20,K13,P-MOB-GSM,PID810769,None,1,1.04,True
ACT-2026-007049,2026-08-20,K13,P-MOB-GSM,PID633839,None,1,1.04,True
ACT-2026-007050,2026-08-20,K13,P-MOB-GSM,PID135004,MNP,1,2.09,True
ACT-2026-007051,2026-08-20,K14,P-MOB-GSM,PID970696,None,1,1.04,True
ACT-2026-007052,2026-08-20,K14,P-MOB-GSM,PID450039,None,1,1.04,True
ACT-2026-007053,2026-08-20,K14,P-MOB-GSM,PID183566,None,1,1.04,True
ACT-2026-007054,2026-08-20,K14,P-MOB-GSM,PID807632,None,1,1.04,True
ACT-2026-007055,2026-08-20,K14,P-MOB-GSM,PID651276,None,1,1.04,True
ACT-2026-007056,2026-08-20,K14,P-MOB-GSM,PID356133,None,1,1.04,True
ACT-2026-007057,2026-08-20,K14,P-MOB-GSM,PID493625,None,1,1.04,True
ACT-2026-007058,2026-08-20,K14,P-MOB-GSM,PID167937,None,1,1.04,True
ACT-2026-007059,2026-08-20,K14,P-MOB-GSM,PID282575,None,1,1.04,True
ACT-2026-007060,2026-08-20,K14,P-FIX-FBR,PID715585,None,1,6.69,True
ACT-2026-007061,2026-08-20,K15,P-MOB-GSM,PID986756,None,1,1.04,True
ACT-2026-007062,2026-08-20,K15,P-FIX-BIB,PID256950,None,1,10.04,True
ACT-2026-007063,2026-08-20,K15,P-MOB-GSM,PID105698,MNP,1,2.09,True
ACT-2026-007064,2026-08-20,K15,P-MOB-GSM,PID114958,None,1,1.04,True
ACT-2026-007065,2026-08-20,K15,P-FIX-FBR,PID967645,None,1,6.69,True
ACT-2026-007066,2026-08-20,K15,P-MOB-GSM,PID402600,MNP,1,2.09,True
ACT-2026-007067,2026-08-20,K15,P-DEV-DEV,PID543169,None,1,6.35,True
ACT-2026-007068,2026-08-20,K15,P-MOB-GSM,PID538405,None,1,1.04,True
ACT-2026-007069,2026-08-20,K15,P-MOB-GSM,PID525695,MNP,1,2.09,True
ACT-2026-007070,2026-08-20,K15,P-MOB-GSM,PID319839,None,1,1.04,True
ACT-2026-007071,2026-08-20,K15,P-MOB-GSM,PID273625,None,1,1.04,True
ACT-2026-007072,2026-08-20,K16,P-MOB-GSM,PID792974,None,1,1.04,True
ACT-2026-007073,2026-08-20,K16,P-DIG-SVC,PID822194,None,1,4.99,True
ACT-2026-007074,2026-08-20,K16,P-MOB-GSM,PID532822,None,1,1.04,True
ACT-2026-007075,2026-08-20,K16,P-MOB-GSM,PID689067,None,1,1.04,True
ACT-2026-007076,2026-08-20,K16,P-MOB-GSM,PID936673,None,1,1.04,True
ACT-2026-007077,2026-08-20,K16,P-MOB-GSM,PID667908,None,1,1.04,True
ACT-2026-007078,2026-08-20,K17,P-MOB-GSM,PID610814,None,1,1.04,True
ACT-2026-007079,2026-08-20,K17,P-MOB-GSM,PID237394,None,1,1.04,True
ACT-2026-007080,2026-08-20,K17,P-DEV-DEV,PID573738,None,1,6.35,True
ACT-2026-007081,2026-08-20,K17,P-MOB-GSM,PID939556,None,1,1.04,True
ACT-2026-007082,2026-08-20,K17,P-MOB-GSM,PID655462,None,1,1.04,True
ACT-2026-007083,2026-08-20,K17,P-MOB-GSM,PID830085,None,1,1.04,True
ACT-2026-007084,2026-08-20,K17,P-MOB-GSM,PID412241,None,1,1.04,True
ACT-2026-007085,2026-08-20,K17,P-MOB-GSM,PID903297,None,1,1.04,True
ACT-2026-007086,2026-08-21,K01,P-MOB-OTH,PID850904,None,1,1.52,True
ACT-2026-007087,2026-08-21,K01,P-MOB-GSM,PID570665,None,1,1.01,True
ACT-2026-007088,2026-08-21,K01,P-MOB-GSM,PID815483,None,1,1.01,True
ACT-2026-007089,2026-08-21,K01,P-DIG-SVC,PID198219,None,1,5.58,True
ACT-2026-007090,2026-08-21,K01,P-FIX-FBR,PID896712,None,1,10.92,True
ACT-2026-007091,2026-08-21,K01,P-MOB-GSM,PID443376,MNP,1,2.02,True
ACT-2026-007092,2026-08-21,K01,P-MOB-GSM,PID758200,MNP,1,2.02,True
ACT-2026-007093,2026-08-21,K01,P-MOB-GSM,PID786703,None,1,1.01,True
ACT-2026-007094,2026-08-21,K01,P-FIX-WFA,PID544015,None,1,6.55,True
ACT-2026-007095,2026-08-21,K01,P-DEV-DEV,PID532216,None,1,4.38,True
ACT-2026-007096,2026-08-21,K01,P-MOB-GSM,PID560932,None,1,1.01,True
ACT-2026-007097,2026-08-21,K01,P-MOB-GSM,PID294519,None,1,1.01,True
ACT-2026-007098,2026-08-21,K01,P-MOB-GSM,PID716583,None,1,1.01,True
ACT-2026-007099,2026-08-21,K01,P-MOB-GSM,PID269999,None,1,1.01,True
ACT-2026-007100,2026-08-21,K01,P-MOB-GSM,PID189845,MNP,1,2.02,True
ACT-2026-007101,2026-08-21,K01,P-MOB-GSM,PID413314,None,1,1.01,True
ACT-2026-007102,2026-08-21,K01,P-MOB-GSM,PID755960,None,1,1.01,True
ACT-2026-007103,2026-08-21,K01,P-MOB-GSM,PID254112,None,1,1.01,True
ACT-2026-007104,2026-08-21,K01,P-MOB-GSM,PID959028,None,1,1.01,True
ACT-2026-007105,2026-08-21,K02,P-MOB-GSM,PID896936,MNP,1,2.02,True
ACT-2026-007106,2026-08-21,K02,P-MOB-GSM,PID797030,None,1,1.01,True
ACT-2026-007107,2026-08-21,K02,P-MOB-GSM,PID962559,MNP,1,2.02,True
ACT-2026-007108,2026-08-21,K02,P-MOB-GSM,PID918378,None,1,1.01,True
ACT-2026-007109,2026-08-21,K02,P-MOB-GSM,PID944452,MNP,1,2.02,True
ACT-2026-007110,2026-08-21,K02,P-MOB-GSM,PID433773,MNP,1,2.02,True
ACT-2026-007111,2026-08-21,K02,P-MOB-GSM,PID660424,None,1,1.01,True
ACT-2026-007112,2026-08-21,K02,P-MOB-GSM,PID387219,None,1,1.01,True
ACT-2026-007113,2026-08-21,K02,P-MOB-GSM,PID113471,None,1,1.01,True
ACT-2026-007114,2026-08-21,K02,P-FIX-BIB,PID485237,None,1,16.39,True
ACT-2026-007115,2026-08-21,K02,P-MOB-GSM,PID493912,None,1,1.01,True
ACT-2026-007116,2026-08-21,K02,P-MOB-GSM,PID868220,None,1,1.01,True
ACT-2026-007117,2026-08-21,K02,P-MOB-OTH,PID876923,None,1,1.52,True
ACT-2026-007118,2026-08-21,K02,P-MOB-GSM,PID582961,None,1,1.01,True
ACT-2026-007119,2026-08-21,K02,P-MOB-GSM,PID607254,None,1,1.01,True
ACT-2026-007120,2026-08-21,K02,P-MOB-GSM,PID111647,MNP,1,2.02,True
ACT-2026-007121,2026-08-21,K02,P-MOB-GSM,PID143510,None,1,1.01,True
ACT-2026-007122,2026-08-21,K02,P-MOB-GSM,PID736298,None,1,1.01,True
ACT-2026-007123,2026-08-21,K02,P-MOB-GSM,PID645892,None,1,1.01,True
ACT-2026-007124,2026-08-21,K02,P-MOB-GSM,PID609009,None,1,1.01,True
ACT-2026-007125,2026-08-21,K03,P-MOB-GSM,PID312301,MNP,1,2.02,True
ACT-2026-007126,2026-08-21,K03,P-MOB-GSM,PID791507,None,1,1.01,True
ACT-2026-007127,2026-08-21,K03,P-MOB-GSM,PID121213,None,1,1.01,True
ACT-2026-007128,2026-08-21,K03,P-MOB-GSM,PID675445,None,1,1.01,True
ACT-2026-007129,2026-08-21,K03,P-MOB-GSM,PID361441,None,1,1.01,True
ACT-2026-007130,2026-08-21,K03,P-MOB-GSM,PID987682,None,1,1.01,True
ACT-2026-007131,2026-08-21,K03,P-MOB-GSM,PID663594,None,1,1.01,True
ACT-2026-007132,2026-08-21,K03,P-MOB-GSM,PID475536,MNP,1,2.02,True
ACT-2026-007133,2026-08-21,K03,P-FIX-FBR,PID992462,None,1,10.92,True
ACT-2026-007134,2026-08-21,K03,P-MOB-GSM,PID936852,None,1,1.01,True
ACT-2026-007135,2026-08-21,K03,P-MOB-GSM,PID562780,None,1,1.01,True
ACT-2026-007136,2026-08-21,K03,P-FIX-FBR,PID668438,None,1,10.92,True
ACT-2026-007137,2026-08-21,K03,P-MOB-GSM,PID737645,MNP,1,2.02,True
ACT-2026-007138,2026-08-21,K03,P-MOB-GSM,PID578219,MNP,1,2.02,True
ACT-2026-007139,2026-08-21,K03,P-MOB-GSM,PID946070,None,1,1.01,True
ACT-2026-007140,2026-08-21,K04,P-MOB-GSM,PID690529,None,1,1.01,True
ACT-2026-007141,2026-08-21,K04,P-DIG-SVC,PID268040,None,1,5.58,True
ACT-2026-007142,2026-08-21,K04,P-MOB-GSM,PID555698,None,1,1.01,True
ACT-2026-007143,2026-08-21,K04,P-MOB-OTH,PID486188,None,1,1.52,True
ACT-2026-007144,2026-08-21,K04,P-MOB-GSM,PID841018,MNP,1,2.02,True
ACT-2026-007145,2026-08-21,K04,P-FIX-FBR,PID854483,None,1,10.92,True
ACT-2026-007146,2026-08-21,K04,P-MOB-GSM,PID205415,None,1,1.01,True
ACT-2026-007147,2026-08-21,K04,P-MOB-OTH,PID128017,None,1,1.52,True
ACT-2026-007148,2026-08-21,K04,P-MOB-GSM,PID165338,None,1,1.01,True
ACT-2026-007149,2026-08-21,K04,P-MOB-GSM,PID660608,None,1,1.01,True
ACT-2026-007150,2026-08-21,K04,P-MOB-GSM,PID827848,None,1,1.01,True
ACT-2026-007151,2026-08-21,K04,P-MOB-GSM,PID482869,None,1,1.01,True
ACT-2026-007081,2026-08-21,K05,P-MOB-GSM,PID885115,None,1,1.01,True
ACT-2026-007153,2026-08-21,K05,P-FIX-BIB,PID467634,None,1,16.39,True
ACT-2026-007154,2026-08-21,K05,P-MOB-GSM,PID703592,None,1,1.01,True
ACT-2026-007155,2026-08-21,K05,P-MOB-GSM,PID726808,MNP,1,2.02,True
ACT-2026-007156,2026-08-21,K05,P-DEV-DEV,PID646095,None,1,4.38,True
ACT-2026-007157,2026-08-21,K05,P-MOB-GSM,PID434598,None,1,1.01,True
ACT-2026-007158,2026-08-21,K05,P-MOB-GSM,PID337986,None,1,1.01,True
ACT-2026-007159,2026-08-21,K05,P-MOB-GSM,PID800228,MNP,1,2.02,True
ACT-2026-007160,2026-08-21,K06,P-MOB-GSM,PID815790,MNP,1,2.02,True
ACT-2026-007161,2026-08-21,K06,P-MOB-GSM,PID832638,None,1,1.01,True
ACT-2026-007162,2026-08-21,K07,P-MOB-GSM,PID832824,None,1,0.97,True
ACT-2026-007163,2026-08-21,K07,P-MOB-GSM,PID255036,None,1,0.97,True
ACT-2026-007164,2026-08-21,K07,P-MOB-GSM,PID702050,None,1,0.97,True
ACT-2026-007165,2026-08-21,K07,P-MOB-GSM,PID617015,None,1,0.97,True
ACT-2026-007166,2026-08-21,K07,P-MOB-GSM,PID164900,None,1,0.97,True
ACT-2026-007167,2026-08-21,K07,P-MOB-GSM,PID751841,None,1,0.97,True
ACT-2026-007168,2026-08-21,K07,P-MOB-GSM,PID427539,None,1,0.97,True
ACT-2026-007169,2026-08-21,K07,P-MOB-GSM,PID526587,None,1,0.97,True
ACT-2026-007170,2026-08-21,K07,P-MOB-GSM,PID789707,None,1,0.97,True
ACT-2026-007171,2026-08-21,K07,P-MOB-GSM,PID612412,None,1,0.97,True
ACT-2026-007172,2026-08-21,K07,P-FIX-FBR,PID424552,None,1,9.91,True
ACT-2026-007173,2026-08-21,K07,P-MOB-GSM,PID941793,None,1,0.97,True
ACT-2026-007174,2026-08-21,K07,P-MOB-GSM,PID952063,None,1,0.97,True
ACT-2026-007175,2026-08-21,K07,P-MOB-GSM,PID775793,MNP,1,1.95,True
ACT-2026-007176,2026-08-21,K07,P-DEV-DEV,PID728910,None,1,5.73,True
ACT-2026-007177,2026-08-21,K07,P-MOB-GSM,PID523900,MNP,1,1.95,True
ACT-2026-007178,2026-08-21,K07,P-MOB-GSM,PID698296,MNP,1,1.95,True
ACT-2026-007179,2026-08-21,K08,P-MOB-GSM,PID287432,MNP,1,1.95,True
ACT-2026-007180,2026-08-21,K08,P-MOB-GSM,PID759308,None,1,0.97,True
ACT-2026-007181,2026-08-21,K08,P-DIG-SVC,PID429672,None,1,5.73,True
ACT-2026-007182,2026-08-21,K08,P-MOB-GSM,PID191032,None,1,0.97,True
ACT-2026-007183,2026-08-21,K08,P-MOB-GSM,PID595680,MNP,1,1.95,True
ACT-2026-007184,2026-08-21,K08,P-MOB-GSM,PID172065,None,1,0.97,True
ACT-2026-007185,2026-08-21,K08,P-MOB-GSM,PID938646,None,1,0.97,True
ACT-2026-007186,2026-08-21,K08,P-MOB-GSM,PID489863,None,1,0.97,True
ACT-2026-007187,2026-08-21,K08,P-MOB-GSM,PID289817,None,1,0.97,True
ACT-2026-007188,2026-08-21,K08,P-MOB-GSM,PID570934,None,1,0.97,True
ACT-2026-007189,2026-08-21,K08,P-MOB-GSM,PID328058,MNP,1,1.95,True
ACT-2026-007190,2026-08-21,K08,P-MOB-GSM,PID483178,None,1,0.97,True
ACT-2026-007191,2026-08-21,K08,P-FIX-FBR,PID853782,FNP,1,9.91,True
ACT-2026-007192,2026-08-21,K08,P-MOB-GSM,PID278976,None,1,0.97,True
ACT-2026-007193,2026-08-21,K08,P-MOB-GSM,PID260295,None,1,0.97,True
ACT-2026-007194,2026-08-21,K09,P-MOB-GSM,PID208383,None,1,0.97,True
ACT-2026-007195,2026-08-21,K09,P-MOB-GSM,PID112488,None,1,0.97,True
ACT-2026-007196,2026-08-21,K09,P-MOB-GSM,PID326246,None,1,0.97,True
ACT-2026-007197,2026-08-21,K09,P-MOB-GSM,PID541260,None,1,0.97,True
ACT-2026-007198,2026-08-21,K09,P-MOB-GSM,PID795129,None,1,0.97,True
ACT-2026-007199,2026-08-21,K09,P-MOB-GSM,PID698345,None,1,0.97,True
ACT-2026-007200,2026-08-21,K09,P-MOB-OTH,PID976426,None,1,1.46,True
ACT-2026-007201,2026-08-21,K09,P-MOB-GSM,PID486733,None,1,0.97,True
ACT-2026-007202,2026-08-21,K09,P-MOB-GSM,PID310165,MNP,1,1.95,True
ACT-2026-007203,2026-08-21,K09,P-MOB-GSM,PID184809,None,1,0.97,True
ACT-2026-007204,2026-08-21,K09,P-DEV-DEV,PID926111,None,1,5.73,True
ACT-2026-007205,2026-08-21,K10,P-MOB-OTH,PID108119,None,1,1.46,True
ACT-2026-007206,2026-08-21,K10,P-MOB-OTH,PID808093,None,1,1.46,True
ACT-2026-007207,2026-08-21,K10,P-MOB-OTH,PID431601,None,1,1.46,True
ACT-2026-007208,2026-08-21,K10,P-MOB-GSM,PID116370,None,1,0.97,True
ACT-2026-007209,2026-08-21,K10,P-MOB-GSM,PID920647,None,1,0.97,True
ACT-2026-007210,2026-08-21,K10,P-MOB-GSM,PID336388,None,1,0.97,True
ACT-2026-007211,2026-08-21,K10,P-MOB-GSM,PID702839,None,1,0.97,True
ACT-2026-007212,2026-08-21,K10,P-MOB-GSM,PID814765,None,1,0.97,True
ACT-2026-007213,2026-08-21,K10,P-MOB-GSM,PID537869,None,1,0.97,True
ACT-2026-007214,2026-08-21,K10,P-MOB-GSM,PID429513,None,1,0.97,True
ACT-2026-007215,2026-08-21,K10,P-MOB-GSM,PID959217,None,1,0.97,True
ACT-2026-007216,2026-08-21,K10,P-MOB-GSM,PID388030,MNP,1,1.95,True
ACT-2026-007217,2026-08-21,K11,P-FIX-WFA,PID102038,None,1,5.95,True
ACT-2026-007218,2026-08-21,K11,P-MOB-GSM,PID417052,MNP,1,1.95,True
ACT-2026-007219,2026-08-21,K11,P-MOB-OTH,PID794863,None,1,1.46,True
ACT-2026-007220,2026-08-21,K12,P-FIX-FBR,PID856183,None,1,9.91,True
ACT-2026-007221,2026-08-21,K13,P-MOB-GSM,PID309907,None,1,1.04,True
ACT-2026-007222,2026-08-21,K13,P-MOB-GSM,PID156155,None,1,1.04,True
ACT-2026-007223,2026-08-21,K13,P-MOB-GSM,PID574532,None,1,1.04,True
ACT-2026-007224,2026-08-21,K13,P-MOB-GSM,PID212397,None,1,1.04,True
ACT-2026-007225,2026-08-21,K13,P-MOB-GSM,PID452295,None,1,1.04,True
ACT-2026-007226,2026-08-21,K13,P-MOB-OTH,PID985051,None,1,1.57,True
ACT-2026-007227,2026-08-21,K13,P-MOB-GSM,PID789079,None,1,1.04,True
ACT-2026-007228,2026-08-21,K13,P-MOB-GSM,PID382370,None,1,1.04,True
ACT-2026-007229,2026-08-21,K13,P-MOB-OTH,PID487485,None,1,1.57,True
ACT-2026-007230,2026-08-21,K13,P-MOB-GSM,PID870436,None,1,1.04,True
ACT-2026-007231,2026-08-21,K13,P-MOB-GSM,PID485746,None,1,1.04,True
ACT-2026-007232,2026-08-21,K13,P-MOB-GSM,PID515340,None,1,1.04,True
ACT-2026-007233,2026-08-21,K13,P-MOB-GSM,PID496883,None,1,1.04,True
ACT-2026-007234,2026-08-21,K13,P-MOB-GSM,PID476408,MNP,1,2.09,True
ACT-2026-007235,2026-08-21,K13,P-MOB-GSM,PID104415,None,1,1.04,True
ACT-2026-007236,2026-08-21,K13,P-MOB-GSM,PID521787,None,1,1.04,True
ACT-2026-007237,2026-08-21,K13,P-FIX-BIB,PID821888,None,1,10.04,True
ACT-2026-007238,2026-08-21,K14,P-MOB-GSM,PID793233,None,1,1.04,True
ACT-2026-007239,2026-08-21,K14,P-MOB-GSM,PID122971,None,1,1.04,True
ACT-2026-007240,2026-08-21,K14,P-MOB-GSM,PID218484,None,1,1.04,True
ACT-2026-007241,2026-08-21,K14,P-MOB-GSM,PID437529,MNP,1,2.09,True
ACT-2026-007242,2026-08-21,K14,P-MOB-GSM,PID331678,None,1,1.04,True
ACT-2026-007243,2026-08-21,K14,P-MOB-GSM,PID616527,MNP,1,0.0,False
ACT-2026-007244,2026-08-21,K14,P-MOB-GSM,PID105946,None,1,1.04,True
ACT-2026-007245,2026-08-21,K15,P-DIG-SVC,PID816172,None,1,4.99,True
ACT-2026-007246,2026-08-21,K15,P-MOB-GSM,PID802222,None,1,1.04,True
ACT-2026-007247,2026-08-21,K15,P-MOB-GSM,PID916557,None,1,1.04,True
ACT-2026-007248,2026-08-21,K15,P-MOB-GSM,PID800862,None,1,1.04,True
ACT-2026-007249,2026-08-21,K15,P-DIG-SVC,PID437300,None,1,4.99,True
ACT-2026-007250,2026-08-21,K16,P-MOB-GSM,PID661530,None,1,1.04,True
ACT-2026-007251,2026-08-21,K16,P-FIX-BIB,PID370454,None,1,10.04,True
ACT-2026-007252,2026-08-21,K16,P-MOB-GSM,PID953530,None,1,1.04,True
ACT-2026-007253,2026-08-21,K16,P-MOB-GSM,PID747106,None,1,1.04,True
ACT-2026-007254,2026-08-21,K16,P-MOB-GSM,PID536170,None,1,1.04,True
ACT-2026-007255,2026-08-21,K16,P-MOB-GSM,PID769528,None,1,1.04,True
ACT-2026-007256,2026-08-21,K16,P-MOB-GSM,PID636799,None,1,1.04,True
ACT-2026-007257,2026-08-21,K16,P-FIX-WFA,PID853473,FNP,1,4.02,True
ACT-2026-007258,2026-08-21,K16,P-MOB-GSM,PID866553,None,1,1.04,True
ACT-2026-007259,2026-08-21,K16,P-MOB-OTH,PID439040,None,1,1.57,True
ACT-2026-007260,2026-08-21,K16,P-MOB-GSM,PID992251,MNP,1,2.09,True
ACT-2026-007261,2026-08-21,K16,P-MOB-GSM,PID428342,None,1,1.04,True
ACT-2026-007262,2026-08-21,K17,P-MOB-GSM,PID459034,None,1,1.04,True
ACT-2026-007263,2026-08-21,K17,P-DIG-SVC,PID406286,None,1,4.99,True
ACT-2026-007264,2026-08-21,K17,P-FIX-WFA,PID229529,None,1,4.02,True
ACT-2026-007265,2026-08-21,K18,P-MOB-GSM,PID452144,MNP,1,2.09,True
ACT-2026-007266,2026-08-21,K18,P-MOB-GSM,PID452273,None,1,1.04,True
ACT-2026-007267,2026-08-21,K18,P-MOB-GSM,PID650132,MNP,1,2.09,True
ACT-2026-007268,2026-08-21,K18,P-MOB-GSM,PID260189,None,1,1.04,True
ACT-2026-007269,2026-08-22,K01,P-MOB-OTH,PID255980,None,1,1.52,True
ACT-2026-007270,2026-08-22,K01,P-MOB-GSM,PID133623,None,1,1.01,True
ACT-2026-007271,2026-08-22,K01,P-MOB-GSM,PID327652,None,1,1.01,True
ACT-2026-007272,2026-08-22,K01,P-MOB-GSM,PID725896,None,1,1.01,True
ACT-2026-007273,2026-08-22,K02,P-MOB-GSM,PID648243,None,1,1.01,True
ACT-2026-007274,2026-08-22,K02,P-MOB-GSM,PID117427,None,1,1.01,True
ACT-2026-007275,2026-08-22,K02,P-MOB-GSM,PID963569,MNP,1,2.02,True
ACT-2026-007276,2026-08-22,K02,P-MOB-GSM,PID284724,MNP,1,2.02,True
ACT-2026-007277,2026-08-22,K02,P-MOB-GSM,PID592585,MNP,1,2.02,True
ACT-2026-007278,2026-08-22,K02,P-MOB-GSM,PID169207,None,1,1.01,True
ACT-2026-007279,2026-08-22,K02,P-MOB-GSM,PID804324,None,1,1.01,True
ACT-2026-007280,2026-08-22,K02,P-MOB-GSM,PID676548,None,1,1.01,True
ACT-2026-007281,2026-08-22,K02,P-MOB-GSM,PID584226,None,1,1.01,True
ACT-2026-007282,2026-08-22,K02,P-FIX-FBR,PID942875,None,1,10.92,True
ACT-2026-007283,2026-08-22,K03,P-MOB-GSM,PID882738,None,1,1.01,True
ACT-2026-007284,2026-08-22,K03,P-MOB-GSM,PID220054,None,1,1.01,True
ACT-2026-007285,2026-08-22,K03,P-MOB-GSM,PID190723,None,1,1.01,True
ACT-2026-007286,2026-08-22,K03,P-MOB-GSM,PID584434,None,1,1.01,True
ACT-2026-007287,2026-08-22,K04,P-MOB-GSM,PID378909,None,1,1.01,True
ACT-2026-007288,2026-08-22,K05,P-DIG-SVC,PID985488,None,1,5.58,True
ACT-2026-007289,2026-08-22,K05,P-MOB-OTH,PID285107,None,1,1.52,True
ACT-2026-007290,2026-08-22,K07,P-MOB-GSM,PID394324,None,1,0.97,True
ACT-2026-007291,2026-08-22,K07,P-MOB-OTH,PID577705,None,1,1.46,True
ACT-2026-007292,2026-08-22,K07,P-MOB-GSM,PID724685,None,1,0.97,True
ACT-2026-007293,2026-08-22,K07,P-FIX-WFA,PID349048,None,1,5.95,True
ACT-2026-007294,2026-08-22,K07,P-MOB-GSM,PID966950,None,1,0.97,True
ACT-2026-007295,2026-08-22,K07,P-MOB-GSM,PID177328,MNP,1,1.95,True
ACT-2026-007296,2026-08-22,K08,P-MOB-GSM,PID392910,None,1,0.97,True
ACT-2026-007297,2026-08-22,K08,P-MOB-GSM,PID465868,MNP,1,1.95,True
ACT-2026-007298,2026-08-22,K08,P-MOB-GSM,PID297746,None,1,0.97,True
ACT-2026-007299,2026-08-22,K09,P-FIX-BIB,PID254992,None,1,14.87,True
ACT-2026-007300,2026-08-22,K09,P-MOB-GSM,PID341372,None,1,0.97,True
ACT-2026-007301,2026-08-22,K09,P-MOB-GSM,PID771379,MNP,1,1.95,True
ACT-2026-007302,2026-08-22,K09,P-FIX-FBR,PID602048,None,1,9.91,True
ACT-2026-007303,2026-08-22,K10,P-MOB-OTH,PID526630,None,1,1.46,True
ACT-2026-007304,2026-08-22,K10,P-MOB-GSM,PID286355,MNP,1,1.95,True
ACT-2026-007305,2026-08-22,K11,P-MOB-GSM,PID474679,MNP,1,1.95,True
ACT-2026-007306,2026-08-22,K12,P-MOB-GSM,PID423691,None,1,0.97,True
ACT-2026-007307,2026-08-22,K13,P-MOB-GSM,PID219741,None,1,1.04,True
ACT-2026-007308,2026-08-22,K13,P-MOB-GSM,PID391613,None,1,1.04,True
ACT-2026-007309,2026-08-22,K13,P-MOB-GSM,PID735265,None,1,1.04,True
ACT-2026-007310,2026-08-22,K13,P-MOB-GSM,PID126865,None,1,1.04,True
ACT-2026-007311,2026-08-22,K13,P-MOB-GSM,PID923560,None,1,1.04,True
ACT-2026-007312,2026-08-22,K14,P-MOB-GSM,PID652818,None,1,1.04,True
ACT-2026-007313,2026-08-22,K16,P-MOB-GSM,PID182264,MNP,1,2.09,True
ACT-2026-007314,2026-08-22,K18,P-MOB-OTH,PID828210,None,1,1.57,True
ACT-2026-007315,2026-08-23,K01,P-MOB-GSM,PID720197,None,1,1.01,True
ACT-2026-007316,2026-08-23,K01,P-MOB-GSM,PID413861,None,1,1.01,True
ACT-2026-007317,2026-08-23,K02,P-FIX-FBR,PID925705,None,1,10.92,True
ACT-2026-007318,2026-08-23,K02,P-MOB-GSM,PID162150,None,1,1.01,True
ACT-2026-007319,2026-08-23,K02,P-MOB-GSM,PID390506,MNP,1,2.02,True
ACT-2026-007320,2026-08-23,K02,P-MOB-GSM,PID103641,None,1,1.01,True
ACT-2026-007321,2026-08-23,K02,P-MOB-GSM,PID948692,None,1,1.01,True
ACT-2026-007322,2026-08-23,K02,P-MOB-GSM,PID454534,None,1,1.01,True
ACT-2026-007323,2026-08-23,K02,P-MOB-GSM,PID107200,None,1,1.01,True
ACT-2026-007324,2026-08-23,K02,P-FIX-FBR,PID942922,None,1,10.92,True
ACT-2026-007325,2026-08-23,K02,P-MOB-GSM,PID726054,None,1,1.01,True
ACT-2026-007326,2026-08-23,K03,P-MOB-GSM,PID913668,MNP,1,2.02,True
ACT-2026-007327,2026-08-23,K03,P-MOB-GSM,PID301490,None,1,1.01,True
ACT-2026-007328,2026-08-23,K03,P-MOB-GSM,PID405344,None,1,1.01,True
ACT-2026-007329,2026-08-23,K03,P-MOB-GSM,PID214166,None,1,1.01,True
ACT-2026-007330,2026-08-23,K03,P-MOB-GSM,PID997786,None,1,1.01,True
ACT-2026-007331,2026-08-23,K03,P-MOB-GSM,PID657364,None,1,1.01,True
ACT-2026-007332,2026-08-23,K04,P-MOB-GSM,PID400464,None,1,1.01,True
ACT-2026-007333,2026-08-23,K05,P-MOB-GSM,PID522673,None,1,1.01,True
ACT-2026-007334,2026-08-23,K05,P-MOB-GSM,PID587014,None,1,1.01,True
ACT-2026-007335,2026-08-23,K05,P-MOB-GSM,PID925304,None,1,1.01,True
ACT-2026-007336,2026-08-23,K05,P-MOB-GSM,PID482793,MNP,1,2.02,True
ACT-2026-007337,2026-08-23,K06,P-MOB-GSM,PID165261,None,1,1.01,True
ACT-2026-007338,2026-08-23,K07,P-MOB-GSM,PID271572,MNP,1,1.95,True
ACT-2026-007339,2026-08-23,K07,P-MOB-GSM,PID689795,None,1,0.97,True
ACT-2026-007340,2026-08-23,K07,P-MOB-GSM,PID692567,None,1,0.97,True
ACT-2026-007341,2026-08-23,K07,P-MOB-GSM,PID187798,None,1,0.97,True
ACT-2026-007342,2026-08-23,K07,P-MOB-GSM,PID356445,None,1,0.97,True
ACT-2026-007343,2026-08-23,K07,P-MOB-GSM,PID495993,None,1,0.97,True
ACT-2026-007344,2026-08-23,K07,P-MOB-GSM,PID840005,None,1,0.97,True
ACT-2026-007345,2026-08-23,K08,P-MOB-GSM,PID336332,None,1,0.97,True
ACT-2026-007346,2026-08-23,K08,P-DIG-SVC,PID100713,None,1,5.73,True
ACT-2026-007347,2026-08-23,K09,P-MOB-GSM,PID526890,None,1,0.0,False
ACT-2026-007348,2026-08-23,K09,P-DIG-SVC,PID264453,None,1,5.73,True
ACT-2026-007349,2026-08-23,K10,P-MOB-GSM,PID466821,None,1,0.97,True
ACT-2026-007350,2026-08-23,K10,P-MOB-GSM,PID810993,None,1,0.97,True
ACT-2026-007351,2026-08-23,K10,P-MOB-GSM,PID854458,None,1,0.97,True
ACT-2026-007352,2026-08-23,K11,P-MOB-GSM,PID880083,MNP,1,1.95,True
ACT-2026-007353,2026-08-23,K11,P-MOB-GSM,PID750858,MNP,1,1.95,True
ACT-2026-007354,2026-08-23,K11,P-MOB-GSM,PID686717,None,1,0.97,True
ACT-2026-007355,2026-08-23,K13,P-MOB-GSM,PID557432,None,1,1.04,True
ACT-2026-007356,2026-08-23,K14,P-MOB-GSM,PID702645,None,1,1.04,True
ACT-2026-007357,2026-08-23,K14,P-MOB-GSM,PID871592,MNP,1,2.09,True
ACT-2026-007358,2026-08-23,K16,P-MOB-GSM,PID331753,None,1,1.04,True
ACT-2026-007359,2026-08-23,K16,P-MOB-GSM,PID595355,None,1,1.04,True
ACT-2026-007360,2026-08-23,K16,P-MOB-GSM,PID426390,MNP,1,2.09,True
ACT-2026-007361,2026-08-24,K01,P-MOB-GSM,PID586593,None,1,1.01,True
ACT-2026-007362,2026-08-24,K01,P-MOB-GSM,PID227324,MNP,1,2.02,True
ACT-2026-007363,2026-08-24,K01,P-MOB-GSM,PID789186,None,1,1.01,True
ACT-2026-007364,2026-08-24,K01,P-MOB-GSM,PID823083,MNP,1,2.02,True
ACT-2026-007365,2026-08-24,K01,P-MOB-GSM,PID534285,None,1,1.01,True
ACT-2026-007366,2026-08-24,K01,P-MOB-GSM,PID103571,None,1,1.01,True
ACT-2026-007367,2026-08-24,K01,P-MOB-OTH,PID606532,None,1,1.52,True
ACT-2026-007368,2026-08-24,K01,P-MOB-GSM,PID697691,None,1,1.01,True
ACT-2026-007369,2026-08-24,K01,P-MOB-GSM,PID131825,None,1,1.01,True
ACT-2026-007370,2026-08-24,K01,P-MOB-GSM,PID869293,None,1,1.01,True
ACT-2026-007371,2026-08-24,K01,P-MOB-GSM,PID617164,None,1,1.01,True
ACT-2026-007372,2026-08-24,K01,P-MOB-GSM,PID640973,None,1,1.01,True
ACT-2026-007373,2026-08-24,K01,P-MOB-GSM,PID330879,None,1,1.01,True
ACT-2026-007374,2026-08-24,K01,P-MOB-GSM,PID477499,None,1,1.01,True
ACT-2026-007375,2026-08-24,K01,P-MOB-GSM,PID128421,None,1,1.01,True
ACT-2026-007376,2026-08-24,K01,P-MOB-GSM,PID844418,None,1,1.01,True
ACT-2026-007377,2026-08-24,K01,P-MOB-GSM,PID536204,None,1,1.01,True
ACT-2026-007378,2026-08-24,K01,P-MOB-GSM,PID487333,MNP,1,2.02,True
ACT-2026-007379,2026-08-24,K01,P-MOB-GSM,PID237824,None,1,1.01,True
ACT-2026-007380,2026-08-24,K01,P-MOB-GSM,PID218158,None,1,1.01,True
ACT-2026-007381,2026-08-24,K01,P-MOB-GSM,PID438349,None,1,1.01,True
ACT-2026-007382,2026-08-24,K01,P-MOB-GSM,PID265489,None,1,1.01,True
ACT-2026-007383,2026-08-24,K01,P-MOB-GSM,PID875254,None,1,1.01,True
ACT-2026-007384,2026-08-24,K01,P-MOB-GSM,PID734213,None,1,1.01,True
ACT-2026-007385,2026-08-24,K01,P-MOB-GSM,PID880110,None,1,1.01,True
ACT-2026-007386,2026-08-24,K02,P-MOB-GSM,PID970916,MNP,1,2.02,True
ACT-2026-007387,2026-08-24,K02,P-MOB-GSM,PID953605,None,1,1.01,True
ACT-2026-007388,2026-08-24,K02,P-MOB-GSM,PID648761,None,1,1.01,True
ACT-2026-007389,2026-08-24,K02,P-MOB-GSM,PID173040,None,1,1.01,True
ACT-2026-007390,2026-08-24,K02,P-FIX-FBR,PID348804,None,1,10.92,True
ACT-2026-007391,2026-08-24,K02,P-MOB-GSM,PID631063,None,1,1.01,True
ACT-2026-007392,2026-08-24,K02,P-MOB-OTH,PID128047,None,1,1.52,True
ACT-2026-007393,2026-08-24,K02,P-MOB-GSM,PID301675,None,1,1.01,True
ACT-2026-007394,2026-08-24,K02,P-MOB-GSM,PID275503,None,1,1.01,True
ACT-2026-007395,2026-08-24,K02,P-MOB-GSM,PID349378,None,1,1.01,True
ACT-2026-007396,2026-08-24,K02,P-MOB-GSM,PID177535,None,1,1.01,True
ACT-2026-007397,2026-08-24,K02,P-MOB-GSM,PID488037,None,1,1.01,True
ACT-2026-007398,2026-08-24,K02,P-MOB-GSM,PID223645,None,1,1.01,True
ACT-2026-007399,2026-08-24,K02,P-MOB-GSM,PID795561,None,1,1.01,True
ACT-2026-007400,2026-08-24,K02,P-DEV-DEV,PID941062,None,1,4.38,True
ACT-2026-007401,2026-08-24,K03,P-MOB-GSM,PID577326,None,1,1.01,True
ACT-2026-007402,2026-08-24,K03,P-MOB-GSM,PID900011,MNP,1,2.02,True
ACT-2026-007403,2026-08-24,K03,P-MOB-GSM,PID148407,None,1,1.01,True
ACT-2026-007404,2026-08-24,K03,P-MOB-GSM,PID103050,None,1,1.01,True
ACT-2026-007405,2026-08-24,K03,P-MOB-GSM,PID163558,None,1,1.01,True
ACT-2026-007406,2026-08-24,K03,P-FIX-WFA,PID284015,None,1,6.55,True
ACT-2026-007407,2026-08-24,K03,P-MOB-GSM,PID835116,None,1,1.01,True
ACT-2026-007408,2026-08-24,K03,P-MOB-GSM,PID182638,None,1,1.01,True
ACT-2026-007409,2026-08-24,K03,P-FIX-WFA,PID405023,None,1,6.55,True
ACT-2026-007410,2026-08-24,K03,P-MOB-GSM,PID707598,None,1,1.01,True
ACT-2026-007411,2026-08-24,K03,P-MOB-GSM,PID177338,None,1,1.01,True
ACT-2026-007412,2026-08-24,K03,P-MOB-GSM,PID944808,None,1,1.01,True
ACT-2026-007413,2026-08-24,K03,P-MOB-OTH,PID885284,None,1,1.52,True
ACT-2026-007414,2026-08-24,K03,P-MOB-GSM,PID373516,None,1,1.01,True
ACT-2026-007415,2026-08-24,K03,P-MOB-OTH,PID526264,None,1,1.52,True
ACT-2026-007416,2026-08-24,K04,P-MOB-GSM,PID637049,None,1,1.01,True
ACT-2026-007417,2026-08-24,K04,P-MOB-GSM,PID624993,None,1,1.01,True
ACT-2026-007418,2026-08-24,K04,P-MOB-GSM,PID409045,None,1,1.01,True
ACT-2026-007419,2026-08-24,K04,P-MOB-GSM,PID305751,None,1,1.01,True
ACT-2026-007420,2026-08-24,K04,P-MOB-GSM,PID980914,None,1,1.01,True
ACT-2026-007421,2026-08-24,K04,P-MOB-GSM,PID479581,None,1,1.01,True
ACT-2026-007422,2026-08-24,K04,P-MOB-GSM,PID371346,None,1,1.01,True
ACT-2026-007423,2026-08-24,K04,P-DEV-DEV,PID256705,None,1,4.38,True
ACT-2026-007424,2026-08-24,K04,P-MOB-OTH,PID554048,None,1,1.52,True
ACT-2026-007425,2026-08-24,K04,P-MOB-GSM,PID569297,None,1,1.01,True
ACT-2026-007426,2026-08-24,K05,P-MOB-GSM,PID827125,None,1,1.01,True
ACT-2026-007427,2026-08-24,K05,P-MOB-GSM,PID144256,MNP,1,2.02,True
ACT-2026-007428,2026-08-24,K05,P-MOB-GSM,PID585622,MNP,1,2.02,True
ACT-2026-007429,2026-08-24,K05,P-MOB-GSM,PID700501,None,1,1.01,True
ACT-2026-007430,2026-08-24,K05,P-MOB-GSM,PID755947,MNP,1,2.02,True
ACT-2026-007431,2026-08-24,K05,P-MOB-GSM,PID348660,None,1,1.01,True
ACT-2026-007432,2026-08-24,K05,P-MOB-GSM,PID452827,None,1,1.01,True
ACT-2026-007433,2026-08-24,K06,P-MOB-GSM,PID378934,None,1,1.01,True
ACT-2026-007434,2026-08-24,K06,P-MOB-GSM,PID655836,None,1,1.01,True
ACT-2026-007372,2026-08-24,K06,P-MOB-GSM,PID673608,None,1,1.01,True
ACT-2026-007436,2026-08-24,K06,P-MOB-GSM,PID101986,MNP,1,2.02,True
ACT-2026-007437,2026-08-24,K06,P-MOB-GSM,PID731525,None,1,1.01,True
ACT-2026-007438,2026-08-24,K06,P-MOB-GSM,PID213282,None,1,1.01,True
ACT-2026-007439,2026-08-24,K06,P-MOB-GSM,PID267656,None,1,1.01,True
ACT-2026-007440,2026-08-24,K07,P-MOB-GSM,PID433276,None,1,0.97,True
ACT-2026-007441,2026-08-24,K07,P-MOB-GSM,PID147951,None,1,0.97,True
ACT-2026-007442,2026-08-24,K07,P-MOB-GSM,PID238442,None,1,0.97,True
ACT-2026-007443,2026-08-24,K07,P-MOB-GSM,PID890251,None,1,0.97,True
ACT-2026-007444,2026-08-24,K07,P-MOB-GSM,PID932522,MNP,1,1.95,True
ACT-2026-007445,2026-08-24,K07,P-MOB-GSM,PID221761,None,1,0.97,True
ACT-2026-007446,2026-08-24,K07,P-MOB-GSM,PID572545,None,1,0.97,True
ACT-2026-007447,2026-08-24,K07,P-MOB-GSM,PID656328,MNP,1,1.95,True
ACT-2026-007448,2026-08-24,K07,P-MOB-GSM,PID671262,None,1,0.97,True
ACT-2026-007449,2026-08-24,K07,P-MOB-GSM,PID649420,None,1,0.97,True
ACT-2026-007450,2026-08-24,K07,P-FIX-BIB,PID775252,None,1,14.87,True
ACT-2026-007451,2026-08-24,K07,P-MOB-GSM,PID279446,None,1,0.97,True
ACT-2026-007452,2026-08-24,K07,P-MOB-GSM,PID563752,MNP,1,1.95,True
ACT-2026-007453,2026-08-24,K07,P-MOB-GSM,PID831104,None,1,0.97,True
ACT-2026-007454,2026-08-24,K07,P-MOB-GSM,PID896707,None,1,0.97,True
ACT-2026-007455,2026-08-24,K07,P-MOB-GSM,PID182833,None,1,0.97,True
ACT-2026-007456,2026-08-24,K07,P-MOB-GSM,PID329959,None,1,0.97,True
ACT-2026-007457,2026-08-24,K07,P-MOB-GSM,PID550855,None,1,0.97,True
ACT-2026-007458,2026-08-24,K08,P-MOB-GSM,PID729285,None,1,0.97,True
ACT-2026-007459,2026-08-24,K08,P-MOB-GSM,PID510302,MNP,1,1.95,True
ACT-2026-007460,2026-08-24,K08,P-DIG-SVC,PID702059,None,1,5.73,True
ACT-2026-007461,2026-08-24,K08,P-MOB-GSM,PID422233,None,1,0.97,True
ACT-2026-007462,2026-08-24,K08,P-MOB-GSM,PID492404,None,1,0.97,True
ACT-2026-007463,2026-08-24,K08,P-MOB-GSM,PID834551,None,1,0.97,True
ACT-2026-007464,2026-08-24,K08,P-MOB-GSM,PID853869,None,1,0.97,True
ACT-2026-007465,2026-08-24,K08,P-FIX-FBR,PID747828,None,1,9.91,True
ACT-2026-007466,2026-08-24,K08,P-FIX-FBR,PID512018,None,1,9.91,True
ACT-2026-007467,2026-08-24,K09,P-MOB-GSM,PID951528,None,1,0.97,True
ACT-2026-007468,2026-08-24,K09,P-MOB-GSM,PID451269,None,1,0.97,True
ACT-2026-007469,2026-08-24,K09,P-MOB-GSM,PID193019,MNP,1,1.95,True
ACT-2026-007470,2026-08-24,K09,P-MOB-GSM,PID314690,None,1,0.97,True
ACT-2026-007471,2026-08-24,K09,P-MOB-GSM,PID438198,MNP,1,1.95,True
ACT-2026-007472,2026-08-24,K09,P-MOB-GSM,PID862242,None,1,0.97,True
ACT-2026-007473,2026-08-24,K09,P-MOB-GSM,PID608170,None,1,0.97,True
ACT-2026-007474,2026-08-24,K10,P-MOB-GSM,PID779711,None,1,0.97,True
ACT-2026-007475,2026-08-24,K10,P-MOB-GSM,PID622179,None,1,0.97,True
ACT-2026-007476,2026-08-24,K10,P-MOB-GSM,PID176078,None,1,0.97,True
ACT-2026-007477,2026-08-24,K10,P-MOB-GSM,PID716150,None,1,0.97,True
ACT-2026-007478,2026-08-24,K10,P-MOB-GSM,PID166240,None,1,0.97,True
ACT-2026-007479,2026-08-24,K10,P-FIX-BIB,PID345923,None,1,14.87,True
ACT-2026-007480,2026-08-24,K10,P-MOB-GSM,PID229666,None,1,0.97,True
ACT-2026-007481,2026-08-24,K10,P-MOB-GSM,PID235779,None,1,0.97,True
ACT-2026-007482,2026-08-24,K10,P-MOB-GSM,PID734671,None,1,0.97,True
ACT-2026-007483,2026-08-24,K10,P-MOB-GSM,PID116683,None,1,0.97,True
ACT-2026-007484,2026-08-24,K10,P-DIG-SVC,PID308598,None,1,5.73,True
ACT-2026-007485,2026-08-24,K10,P-MOB-GSM,PID696051,None,1,0.97,True
ACT-2026-007486,2026-08-24,K10,P-MOB-GSM,PID293629,MNP,1,1.95,True
ACT-2026-007487,2026-08-24,K10,P-MOB-GSM,PID719729,None,1,0.97,True
ACT-2026-007488,2026-08-24,K11,P-MOB-GSM,PID740987,None,1,0.97,True
ACT-2026-007489,2026-08-24,K11,P-MOB-GSM,PID874131,None,1,0.97,True
ACT-2026-007490,2026-08-24,K11,P-MOB-GSM,PID678068,MNP,1,1.95,True
ACT-2026-007491,2026-08-24,K11,P-MOB-GSM,PID302456,None,1,0.97,True
ACT-2026-007492,2026-08-24,K12,P-MOB-GSM,PID111009,None,1,0.97,True
ACT-2026-007493,2026-08-24,K12,P-MOB-GSM,PID161037,MNP,1,1.95,True
ACT-2026-007494,2026-08-24,K12,P-DIG-SVC,PID973756,None,1,5.73,True
ACT-2026-007495,2026-08-24,K12,P-MOB-GSM,PID787033,None,1,0.97,True
ACT-2026-007496,2026-08-24,K12,P-MOB-GSM,PID707228,MNP,1,1.95,True
ACT-2026-007497,2026-08-24,K12,P-MOB-GSM,PID480631,None,1,0.97,True
ACT-2026-007498,2026-08-24,K13,P-MOB-GSM,PID922416,None,1,1.04,True
ACT-2026-007499,2026-08-24,K13,P-MOB-OTH,PID104957,None,1,1.57,True
ACT-2026-007500,2026-08-24,K13,P-MOB-GSM,PID900293,None,1,1.04,True
ACT-2026-007501,2026-08-24,K13,P-MOB-GSM,PID538424,None,1,1.04,True
ACT-2026-007502,2026-08-24,K13,P-MOB-GSM,PID360903,None,1,1.04,True
ACT-2026-007503,2026-08-24,K13,P-MOB-OTH,PID707101,None,1,1.57,True
ACT-2026-007504,2026-08-24,K13,P-MOB-GSM,PID652146,MNP,1,2.09,True
ACT-2026-007505,2026-08-24,K13,P-MOB-GSM,PID236213,None,1,1.04,True
ACT-2026-007506,2026-08-24,K13,P-MOB-GSM,PID817674,None,1,1.04,True
ACT-2026-007507,2026-08-24,K13,P-MOB-GSM,PID731170,None,1,1.04,True
ACT-2026-007508,2026-08-24,K13,P-MOB-GSM,PID344006,None,1,1.04,True
ACT-2026-007509,2026-08-24,K13,P-MOB-GSM,PID153681,None,1,1.04,True
ACT-2026-007510,2026-08-24,K14,P-MOB-GSM,PID113744,None,1,1.04,True
ACT-2026-007511,2026-08-24,K14,P-MOB-OTH,PID940230,None,1,1.57,True
ACT-2026-007512,2026-08-24,K14,P-MOB-GSM,PID386741,MNP,1,2.09,True
ACT-2026-007513,2026-08-24,K14,P-MOB-GSM,PID136882,None,1,1.04,True
ACT-2026-007514,2026-08-24,K14,P-MOB-GSM,PID563670,None,1,1.04,True
ACT-2026-007515,2026-08-24,K14,P-MOB-GSM,PID604350,None,1,1.04,True
ACT-2026-007516,2026-08-24,K14,P-MOB-GSM,PID673309,None,1,1.04,True
ACT-2026-007517,2026-08-24,K14,P-MOB-GSM,PID107721,None,1,1.04,True
ACT-2026-007518,2026-08-24,K14,P-MOB-GSM,PID483246,None,1,1.04,True
ACT-2026-007519,2026-08-24,K14,P-MOB-GSM,PID455716,None,1,1.04,True
ACT-2026-007520,2026-08-24,K14,P-MOB-GSM,PID368694,None,1,1.04,True
ACT-2026-007521,2026-08-24,K14,P-MOB-GSM,PID245315,None,1,1.04,True
ACT-2026-007522,2026-08-24,K14,P-MOB-GSM,PID988156,MNP,1,2.09,True
ACT-2026-007523,2026-08-24,K15,P-MOB-GSM,PID695812,None,1,1.04,True
ACT-2026-007524,2026-08-24,K15,P-FIX-BIB,PID289194,None,1,10.04,True
ACT-2026-007525,2026-08-24,K15,P-MOB-GSM,PID748597,None,1,1.04,True
ACT-2026-007526,2026-08-24,K15,P-MOB-GSM,PID440004,None,1,1.04,True
ACT-2026-007527,2026-08-24,K15,P-MOB-GSM,PID588055,None,1,0.0,False
ACT-2026-007528,2026-08-24,K15,P-MOB-GSM,PID832696,None,1,1.04,True
ACT-2026-007529,2026-08-24,K15,P-MOB-GSM,PID181266,MNP,1,2.09,True
ACT-2026-007530,2026-08-24,K15,P-MOB-GSM,PID704141,None,1,1.04,True
ACT-2026-007531,2026-08-24,K15,P-MOB-GSM,PID116959,None,1,1.04,True
ACT-2026-007532,2026-08-24,K15,P-MOB-GSM,PID678177,None,1,1.04,True
ACT-2026-007533,2026-08-24,K16,P-MOB-GSM,PID543649,None,1,1.04,True
ACT-2026-007534,2026-08-24,K16,P-MOB-GSM,PID810956,None,1,1.04,True
ACT-2026-007535,2026-08-24,K17,P-MOB-OTH,PID568460,None,1,1.57,True
ACT-2026-007536,2026-08-24,K17,P-MOB-GSM,PID451369,MNP,1,2.09,True
ACT-2026-007537,2026-08-24,K17,P-MOB-GSM,PID530452,MNP,1,2.09,True
ACT-2026-007538,2026-08-24,K17,P-MOB-GSM,PID765208,None,1,1.04,True
ACT-2026-007539,2026-08-24,K18,P-FIX-FBR,PID743831,None,1,6.69,True
ACT-2026-007540,2026-08-24,K18,P-MOB-GSM,PID904971,MNP,1,2.09,True
ACT-2026-007541,2026-08-24,K18,P-MOB-GSM,PID750180,None,1,1.04,True
ACT-2026-007542,2026-08-24,K18,P-MOB-GSM,PID753016,None,1,1.04,True
ACT-2026-007543,2026-08-24,K18,P-MOB-GSM,PID732383,None,1,1.04,True
ACT-2026-007544,2026-08-25,K01,P-MOB-GSM,PID836294,None,1,1.01,True
ACT-2026-007545,2026-08-25,K01,P-MOB-GSM,PID799362,MNP,1,2.02,True
ACT-2026-007546,2026-08-25,K01,P-MOB-GSM,PID159800,None,1,1.01,True
ACT-2026-007547,2026-08-25,K01,P-MOB-GSM,PID230270,None,1,1.01,True
ACT-2026-007548,2026-08-25,K01,P-MOB-GSM,PID671021,None,1,1.01,True
ACT-2026-007549,2026-08-25,K01,P-MOB-GSM,PID446330,None,1,1.01,True
ACT-2026-007550,2026-08-25,K01,P-MOB-GSM,PID245025,None,1,1.01,True
ACT-2026-007551,2026-08-25,K01,P-MOB-GSM,PID996563,None,1,1.01,True
ACT-2026-007552,2026-08-25,K01,P-MOB-GSM,PID762897,None,1,1.01,True
ACT-2026-007553,2026-08-25,K01,P-DIG-SVC,PID422024,None,1,5.58,True
ACT-2026-007554,2026-08-25,K01,P-MOB-GSM,PID733707,MNP,1,2.02,True
ACT-2026-007555,2026-08-25,K01,P-MOB-GSM,PID531601,None,1,1.01,True
ACT-2026-007556,2026-08-25,K01,P-MOB-GSM,PID296925,None,1,1.01,True
ACT-2026-007557,2026-08-25,K01,P-MOB-GSM,PID596498,MNP,1,2.02,True
ACT-2026-007558,2026-08-25,K01,P-MOB-GSM,PID645854,None,1,1.01,True
ACT-2026-007559,2026-08-25,K01,P-MOB-GSM,PID524294,None,1,1.01,True
ACT-2026-007560,2026-08-25,K01,P-MOB-GSM,PID689162,None,1,1.01,True
ACT-2026-007561,2026-08-25,K01,P-MOB-GSM,PID779984,None,1,1.01,True
ACT-2026-007562,2026-08-25,K01,P-MOB-GSM,PID626774,None,1,1.01,True
ACT-2026-007563,2026-08-25,K01,P-MOB-GSM,PID394672,None,1,1.01,True
ACT-2026-007564,2026-08-25,K01,P-MOB-GSM,PID971435,MNP,1,2.02,True
ACT-2026-007565,2026-08-25,K01,P-MOB-GSM,PID941513,MNP,1,2.02,True
ACT-2026-007566,2026-08-25,K02,P-MOB-GSM,PID245752,None,1,1.01,True
ACT-2026-007567,2026-08-25,K02,P-MOB-GSM,PID207159,None,1,1.01,True
ACT-2026-007568,2026-08-25,K02,P-MOB-GSM,PID128077,None,1,1.01,True
ACT-2026-007569,2026-08-25,K02,P-MOB-GSM,PID955138,MNP,1,2.02,True
ACT-2026-007570,2026-08-25,K02,P-MOB-GSM,PID606926,None,1,1.01,True
ACT-2026-007571,2026-08-25,K02,P-MOB-GSM,PID702189,None,1,1.01,True
ACT-2026-007572,2026-08-25,K02,P-MOB-GSM,PID967657,MNP,1,2.02,True
ACT-2026-007573,2026-08-25,K02,P-MOB-GSM,PID223103,None,1,1.01,True
ACT-2026-007574,2026-08-25,K02,P-MOB-GSM,PID862254,None,1,1.01,True
ACT-2026-007575,2026-08-25,K02,P-MOB-OTH,PID531721,None,1,1.52,True
ACT-2026-007576,2026-08-25,K02,P-MOB-GSM,PID237120,MNP,1,2.02,True
ACT-2026-007577,2026-08-25,K02,P-MOB-GSM,PID102827,None,1,1.01,True
ACT-2026-007578,2026-08-25,K02,P-MOB-GSM,PID675505,None,1,1.01,True
ACT-2026-007579,2026-08-25,K02,P-MOB-GSM,PID575668,None,1,1.01,True
ACT-2026-007580,2026-08-25,K02,P-MOB-GSM,PID871192,MNP,1,2.02,True
ACT-2026-007581,2026-08-25,K03,P-MOB-GSM,PID471795,MNP,1,2.02,True
ACT-2026-007582,2026-08-25,K03,P-MOB-GSM,PID329165,None,1,1.01,True
ACT-2026-007583,2026-08-25,K03,P-MOB-GSM,PID171092,None,1,1.01,True
ACT-2026-007584,2026-08-25,K03,P-FIX-WFA,PID834117,None,1,6.55,True
ACT-2026-007585,2026-08-25,K03,P-MOB-GSM,PID676471,None,1,1.01,True
ACT-2026-007586,2026-08-25,K03,P-MOB-GSM,PID336176,None,1,1.01,True
ACT-2026-007587,2026-08-25,K03,P-FIX-BIB,PID405655,None,1,16.39,True
ACT-2026-007588,2026-08-25,K03,P-MOB-GSM,PID580912,None,1,1.01,True
ACT-2026-007589,2026-08-25,K03,P-MOB-GSM,PID644881,None,1,1.01,True
ACT-2026-007590,2026-08-25,K03,P-MOB-GSM,PID773248,MNP,1,2.02,True
ACT-2026-007591,2026-08-25,K03,P-MOB-GSM,PID968246,MNP,1,2.02,True
ACT-2026-007592,2026-08-25,K04,P-MOB-GSM,PID981249,None,1,1.01,True
ACT-2026-007593,2026-08-25,K04,P-MOB-GSM,PID633396,None,1,1.01,True
ACT-2026-007594,2026-08-25,K04,P-MOB-GSM,PID492068,None,1,1.01,True
ACT-2026-007595,2026-08-25,K04,P-DEV-DEV,PID691408,None,1,4.38,True
ACT-2026-007596,2026-08-25,K05,P-MOB-GSM,PID106034,MNP,1,2.02,True
ACT-2026-007597,2026-08-25,K05,P-MOB-GSM,PID794389,MNP,1,2.02,True
ACT-2026-007598,2026-08-25,K05,P-MOB-GSM,PID310544,None,1,1.01,True
ACT-2026-007599,2026-08-25,K05,P-MOB-GSM,PID580502,None,1,1.01,True
ACT-2026-007600,2026-08-25,K05,P-MOB-OTH,PID319735,None,1,1.52,True
ACT-2026-007601,2026-08-25,K06,P-MOB-GSM,PID737363,None,1,1.01,True
ACT-2026-007602,2026-08-25,K06,P-MOB-GSM,PID976768,None,1,1.01,True
ACT-2026-007603,2026-08-25,K06,P-MOB-GSM,PID375108,None,1,1.01,True
ACT-2026-007604,2026-08-25,K06,P-MOB-GSM,PID939293,None,1,1.01,True
ACT-2026-007605,2026-08-25,K06,P-MOB-GSM,PID829793,None,1,1.01,True
ACT-2026-007606,2026-08-25,K06,P-MOB-GSM,PID227845,None,1,1.01,True
ACT-2026-007607,2026-08-25,K06,P-MOB-GSM,PID507918,None,1,1.01,True
ACT-2026-007608,2026-08-25,K06,P-MOB-OTH,PID599847,None,1,1.52,True
ACT-2026-007609,2026-08-25,K06,P-FIX-WFA,PID783921,None,1,6.55,True
ACT-2026-007610,2026-08-25,K06,P-MOB-GSM,PID331342,None,1,1.01,True
ACT-2026-007611,2026-08-25,K06,P-MOB-GSM,PID311091,None,1,1.01,True
ACT-2026-007612,2026-08-25,K07,P-MOB-GSM,PID532164,None,1,0.97,True
ACT-2026-007613,2026-08-25,K07,P-MOB-GSM,PID747998,None,1,0.97,True
ACT-2026-007614,2026-08-25,K07,P-MOB-GSM,PID663331,MNP,1,1.95,True
ACT-2026-007615,2026-08-25,K07,P-MOB-GSM,PID312686,None,1,0.97,True
ACT-2026-007616,2026-08-25,K07,P-MOB-GSM,PID744249,None,1,0.97,True
ACT-2026-007617,2026-08-25,K07,P-MOB-GSM,PID525327,None,1,0.97,True
ACT-2026-007618,2026-08-25,K07,P-MOB-GSM,PID477853,None,1,0.97,True
ACT-2026-007619,2026-08-25,K07,P-MOB-GSM,PID302789,MNP,1,1.95,True
ACT-2026-007620,2026-08-25,K07,P-MOB-GSM,PID577226,None,1,0.97,True
ACT-2026-007621,2026-08-25,K07,P-MOB-GSM,PID878253,None,1,0.97,True
ACT-2026-007622,2026-08-25,K07,P-FIX-FBR,PID978760,None,1,9.91,True
ACT-2026-007623,2026-08-25,K07,P-MOB-GSM,PID976284,None,1,0.97,True
ACT-2026-007624,2026-08-25,K07,P-MOB-GSM,PID872502,None,1,0.97,True
ACT-2026-007625,2026-08-25,K07,P-MOB-GSM,PID707116,MNP,1,1.95,True
ACT-2026-007626,2026-08-25,K07,P-MOB-GSM,PID417135,MNP,1,1.95,True
ACT-2026-007627,2026-08-25,K07,P-MOB-GSM,PID446247,None,1,0.97,True
ACT-2026-007628,2026-08-25,K07,P-MOB-GSM,PID262025,None,1,0.97,True
ACT-2026-007629,2026-08-25,K07,P-MOB-GSM,PID733834,None,1,0.97,True
ACT-2026-007630,2026-08-25,K07,P-MOB-GSM,PID338700,None,1,0.97,True
ACT-2026-007631,2026-08-25,K07,P-MOB-GSM,PID131600,None,1,0.97,True
ACT-2026-007632,2026-08-25,K07,P-MOB-GSM,PID601351,None,1,0.97,True
ACT-2026-007633,2026-08-25,K08,P-MOB-GSM,PID977216,MNP,1,1.95,True
ACT-2026-007634,2026-08-25,K08,P-FIX-FBR,PID725706,None,1,9.91,True
ACT-2026-007635,2026-08-25,K08,P-MOB-GSM,PID329183,None,1,0.97,True
ACT-2026-007636,2026-08-25,K08,P-MOB-GSM,PID751480,MNP,1,1.95,True
ACT-2026-007637,2026-08-25,K08,P-MOB-GSM,PID892505,None,1,0.97,True
ACT-2026-007638,2026-08-25,K08,P-MOB-GSM,PID182150,None,1,0.97,True
ACT-2026-007639,2026-08-25,K08,P-MOB-GSM,PID238096,None,1,0.97,True
ACT-2026-007640,2026-08-25,K08,P-MOB-GSM,PID741987,None,1,0.97,True
ACT-2026-007641,2026-08-25,K08,P-MOB-GSM,PID730768,None,1,0.97,True
ACT-2026-007642,2026-08-25,K08,P-MOB-GSM,PID771338,MNP,1,1.95,True
ACT-2026-007643,2026-08-25,K09,P-MOB-GSM,PID105516,None,1,0.97,True
ACT-2026-007644,2026-08-25,K09,P-MOB-GSM,PID603371,None,1,0.97,True
ACT-2026-007645,2026-08-25,K09,P-MOB-GSM,PID448438,None,1,0.97,True
ACT-2026-007646,2026-08-25,K09,P-MOB-GSM,PID745248,None,1,0.97,True
ACT-2026-007647,2026-08-25,K09,P-MOB-GSM,PID156227,None,1,0.97,True
ACT-2026-007648,2026-08-25,K09,P-FIX-BIB,PID159589,None,1,14.87,True
ACT-2026-007649,2026-08-25,K09,P-MOB-GSM,PID783544,None,1,0.97,True
ACT-2026-007650,2026-08-25,K09,P-MOB-GSM,PID606343,None,1,0.97,True
ACT-2026-007651,2026-08-25,K09,P-MOB-GSM,PID559024,None,1,0.97,True
ACT-2026-007652,2026-08-25,K09,P-MOB-GSM,PID756780,None,1,0.97,True
ACT-2026-007653,2026-08-25,K09,P-MOB-GSM,PID764227,None,1,0.97,True
ACT-2026-007654,2026-08-25,K09,P-MOB-GSM,PID884184,None,1,0.97,True
ACT-2026-007655,2026-08-25,K10,P-MOB-GSM,PID718427,None,1,0.97,True
ACT-2026-007656,2026-08-25,K10,P-MOB-GSM,PID472121,None,1,0.97,True
ACT-2026-007657,2026-08-25,K10,P-MOB-GSM,PID515263,MNP,1,1.95,True
ACT-2026-007658,2026-08-25,K10,P-MOB-GSM,PID463997,None,1,0.97,True
ACT-2026-007659,2026-08-25,K10,P-MOB-GSM,PID723992,None,1,0.97,True
ACT-2026-007660,2026-08-25,K10,P-MOB-GSM,PID616817,None,1,0.97,True
ACT-2026-007661,2026-08-25,K10,P-MOB-GSM,PID990212,MNP,1,1.95,True
ACT-2026-007662,2026-08-25,K10,P-MOB-GSM,PID509828,None,1,0.97,True
ACT-2026-007663,2026-08-25,K10,P-FIX-FBR,PID301586,None,1,9.91,True
ACT-2026-007664,2026-08-25,K11,P-MOB-GSM,PID284156,None,1,0.97,True
ACT-2026-007665,2026-08-25,K11,P-MOB-GSM,PID753205,None,1,0.97,True
ACT-2026-007666,2026-08-25,K11,P-MOB-GSM,PID658634,None,1,0.97,True
ACT-2026-007667,2026-08-25,K11,P-MOB-GSM,PID174829,None,1,0.97,True
ACT-2026-007668,2026-08-25,K12,P-MOB-GSM,PID509583,None,1,0.97,True
ACT-2026-007669,2026-08-25,K12,P-MOB-GSM,PID396062,None,1,0.97,True
ACT-2026-007670,2026-08-25,K12,P-MOB-GSM,PID758875,None,1,0.97,True
ACT-2026-007671,2026-08-25,K13,P-MOB-GSM,PID952726,None,1,1.04,True
ACT-2026-007672,2026-08-25,K13,P-MOB-GSM,PID751915,None,1,1.04,True
ACT-2026-007673,2026-08-25,K13,P-DEV-DEV,PID452594,None,1,6.35,True
ACT-2026-007674,2026-08-25,K13,P-MOB-OTH,PID194461,None,1,1.57,True
ACT-2026-007675,2026-08-25,K13,P-MOB-OTH,PID829068,None,1,1.57,True
ACT-2026-007676,2026-08-25,K13,P-FIX-WFA,PID514293,None,1,4.02,True
ACT-2026-007677,2026-08-25,K13,P-MOB-GSM,PID649140,None,1,1.04,True
ACT-2026-007678,2026-08-25,K13,P-MOB-GSM,PID848739,None,1,1.04,True
ACT-2026-007679,2026-08-25,K13,P-DIG-SVC,PID264948,None,1,4.99,True
ACT-2026-007680,2026-08-25,K13,P-MOB-GSM,PID983291,None,1,1.04,True
ACT-2026-007681,2026-08-25,K13,P-MOB-GSM,PID131314,None,1,1.04,True
ACT-2026-007682,2026-08-25,K13,P-MOB-GSM,PID412737,None,1,1.04,True
ACT-2026-007683,2026-08-25,K13,P-MOB-GSM,PID147275,MNP,1,2.09,True
ACT-2026-007684,2026-08-25,K13,P-MOB-GSM,PID543207,None,1,1.04,True
ACT-2026-007685,2026-08-25,K13,P-MOB-GSM,PID394932,None,1,1.04,True
ACT-2026-007686,2026-08-25,K13,P-MOB-GSM,PID896862,None,1,1.04,True
ACT-2026-007687,2026-08-25,K13,P-MOB-GSM,PID430413,None,1,1.04,True
ACT-2026-007688,2026-08-25,K13,P-MOB-GSM,PID900356,None,1,1.04,True
ACT-2026-007689,2026-08-25,K13,P-MOB-OTH,PID662278,None,1,1.57,True
ACT-2026-007690,2026-08-25,K13,P-MOB-GSM,PID743051,None,1,1.04,True
ACT-2026-007691,2026-08-25,K13,P-MOB-GSM,PID559776,None,1,1.04,True
ACT-2026-007692,2026-08-25,K13,P-MOB-GSM,PID740340,None,1,1.04,True
ACT-2026-007693,2026-08-25,K14,P-MOB-GSM,PID181872,None,1,1.04,True
ACT-2026-007694,2026-08-25,K14,P-MOB-GSM,PID701201,None,1,1.04,True
ACT-2026-007695,2026-08-25,K14,P-MOB-GSM,PID286420,None,1,1.04,True
ACT-2026-007696,2026-08-25,K14,P-MOB-GSM,PID157016,None,1,1.04,True
ACT-2026-007697,2026-08-25,K14,P-FIX-WFA,PID244871,None,1,4.02,True
ACT-2026-007698,2026-08-25,K14,P-MOB-GSM,PID615125,None,1,1.04,True
ACT-2026-007699,2026-08-25,K14,P-DIG-SVC,PID950752,None,1,4.99,True
ACT-2026-007700,2026-08-25,K14,P-FIX-WFA,PID102597,None,1,4.02,True
ACT-2026-007701,2026-08-25,K14,P-MOB-GSM,PID541580,None,1,1.04,True
ACT-2026-007702,2026-08-25,K14,P-MOB-GSM,PID205128,None,1,1.04,True
ACT-2026-007703,2026-08-25,K14,P-MOB-GSM,PID967994,None,1,1.04,True
ACT-2026-007704,2026-08-25,K14,P-MOB-OTH,PID510524,None,1,1.57,True
ACT-2026-007705,2026-08-25,K14,P-MOB-GSM,PID617374,None,1,1.04,True
ACT-2026-007706,2026-08-25,K14,P-MOB-GSM,PID612793,None,1,1.04,True
ACT-2026-007707,2026-08-25,K14,P-MOB-GSM,PID520299,None,1,1.04,True
ACT-2026-007708,2026-08-25,K14,P-FIX-FBR,PID552093,None,1,6.69,True
ACT-2026-007709,2026-08-25,K15,P-MOB-GSM,PID378221,None,1,1.04,True
ACT-2026-007710,2026-08-25,K15,P-MOB-GSM,PID236190,None,1,1.04,True
ACT-2026-007711,2026-08-25,K15,P-MOB-OTH,PID674349,None,1,1.57,True
ACT-2026-007712,2026-08-25,K15,P-MOB-GSM,PID518283,None,1,1.04,True
ACT-2026-007713,2026-08-25,K15,P-MOB-GSM,PID791816,None,1,1.04,True
ACT-2026-007714,2026-08-25,K16,P-MOB-GSM,PID518328,None,1,1.04,True
ACT-2026-007715,2026-08-25,K16,P-MOB-GSM,PID869304,MNP,1,2.09,True
ACT-2026-007716,2026-08-25,K16,P-MOB-GSM,PID321037,None,1,1.04,True
ACT-2026-007717,2026-08-25,K16,P-MOB-GSM,PID222059,None,1,1.04,True
ACT-2026-007718,2026-08-25,K16,P-FIX-FBR,PID474985,None,1,6.69,True
ACT-2026-007719,2026-08-25,K16,P-MOB-GSM,PID405242,None,1,1.04,True
ACT-2026-007720,2026-08-25,K16,P-MOB-GSM,PID622748,None,1,1.04,True
ACT-2026-007721,2026-08-25,K17,P-MOB-OTH,PID497264,None,1,1.57,True
ACT-2026-007722,2026-08-25,K17,P-MOB-GSM,PID737534,None,1,1.04,True
ACT-2026-007723,2026-08-25,K17,P-MOB-GSM,PID567546,MNP,1,2.09,True
ACT-2026-007724,2026-08-25,K18,P-MOB-GSM,PID187444,None,1,1.04,True
ACT-2026-007725,2026-08-25,K18,P-MOB-GSM,PID685639,None,1,1.04,True
ACT-2026-007726,2026-08-25,K18,P-MOB-GSM,PID317931,None,1,1.04,True
ACT-2026-007727,2026-08-26,K01,P-MOB-GSM,PID415327,None,1,1.01,True
ACT-2026-007728,2026-08-26,K01,P-MOB-GSM,PID631938,None,1,1.01,True
ACT-2026-007729,2026-08-26,K01,P-MOB-GSM,PID500756,MNP,1,2.02,True
ACT-2026-007730,2026-08-26,K01,P-MOB-GSM,PID981353,None,1,1.01,True
ACT-2026-007731,2026-08-26,K01,P-MOB-GSM,PID155409,None,1,1.01,True
ACT-2026-007732,2026-08-26,K01,P-MOB-GSM,PID910967,None,1,1.01,True
ACT-2026-007733,2026-08-26,K01,P-MOB-GSM,PID848870,None,1,1.01,True
ACT-2026-007734,2026-08-26,K01,P-MOB-GSM,PID221825,None,1,1.01,True
ACT-2026-007735,2026-08-26,K01,P-MOB-GSM,PID350191,None,1,1.01,True
ACT-2026-007736,2026-08-26,K01,P-MOB-GSM,PID969306,None,1,1.01,True
ACT-2026-007737,2026-08-26,K01,P-MOB-GSM,PID625208,MNP,1,2.02,True
ACT-2026-007738,2026-08-26,K01,P-MOB-GSM,PID247870,None,1,1.01,True
ACT-2026-007739,2026-08-26,K01,P-MOB-GSM,PID627143,MNP,1,2.02,True
ACT-2026-007740,2026-08-26,K01,P-MOB-GSM,PID343987,MNP,1,2.02,True
ACT-2026-007741,2026-08-26,K01,P-MOB-GSM,PID838198,None,1,1.01,True
ACT-2026-007742,2026-08-26,K01,P-MOB-GSM,PID573670,None,1,1.01,True
ACT-2026-007743,2026-08-26,K01,P-MOB-GSM,PID562799,None,1,1.01,True
ACT-2026-007744,2026-08-26,K01,P-MOB-GSM,PID567313,None,1,1.01,True
ACT-2026-007745,2026-08-26,K01,P-MOB-GSM,PID717931,None,1,1.01,True
ACT-2026-007746,2026-08-26,K01,P-MOB-GSM,PID163118,None,1,1.01,True
ACT-2026-007747,2026-08-26,K01,P-MOB-GSM,PID830321,None,1,1.01,True
ACT-2026-007748,2026-08-26,K01,P-MOB-GSM,PID686405,MNP,1,2.02,True
ACT-2026-007749,2026-08-26,K01,P-MOB-GSM,PID632051,None,1,1.01,True
ACT-2026-007750,2026-08-26,K01,P-MOB-GSM,PID707238,None,1,1.01,True
ACT-2026-007751,2026-08-26,K01,P-DIG-SVC,PID153252,None,1,5.58,True
ACT-2026-007752,2026-08-26,K01,P-MOB-OTH,PID433388,None,1,1.52,True
ACT-2026-007753,2026-08-26,K01,P-MOB-GSM,PID391243,None,1,1.01,True
ACT-2026-007754,2026-08-26,K01,P-DIG-SVC,PID961653,None,1,5.58,True
ACT-2026-007755,2026-08-26,K01,P-FIX-BIB,PID735867,None,1,16.39,True
ACT-2026-007756,2026-08-26,K01,P-MOB-GSM,PID124624,None,1,1.01,True
ACT-2026-007757,2026-08-26,K01,P-MOB-GSM,PID648679,MNP,1,2.02,True
ACT-2026-007758,2026-08-26,K02,P-MOB-GSM,PID899948,None,1,1.01,True
ACT-2026-007759,2026-08-26,K02,P-MOB-OTH,PID134998,None,1,1.52,True
ACT-2026-007760,2026-08-26,K02,P-MOB-GSM,PID584995,MNP,1,2.02,True
ACT-2026-007761,2026-08-26,K02,P-MOB-GSM,PID719479,None,1,1.01,True
ACT-2026-007762,2026-08-26,K02,P-MOB-GSM,PID835730,None,1,1.01,True
ACT-2026-007763,2026-08-26,K02,P-MOB-GSM,PID488880,None,1,1.01,True
ACT-2026-007764,2026-08-26,K02,P-MOB-GSM,PID830078,None,1,1.01,True
ACT-2026-007765,2026-08-26,K02,P-FIX-FBR,PID408173,None,1,10.92,True
ACT-2026-007766,2026-08-26,K02,P-MOB-GSM,PID879460,None,1,1.01,True
ACT-2026-007767,2026-08-26,K02,P-MOB-GSM,PID632715,None,1,1.01,True
ACT-2026-007768,2026-08-26,K02,P-MOB-OTH,PID891012,None,1,1.52,True
ACT-2026-007769,2026-08-26,K02,P-MOB-GSM,PID703454,None,1,1.01,True
ACT-2026-007770,2026-08-26,K02,P-MOB-GSM,PID520538,MNP,1,2.02,True
ACT-2026-007771,2026-08-26,K02,P-MOB-GSM,PID202195,None,1,1.01,True
ACT-2026-007772,2026-08-26,K03,P-MOB-GSM,PID797006,None,1,1.01,True
ACT-2026-007773,2026-08-26,K03,P-MOB-GSM,PID788600,MNP,1,2.02,True
ACT-2026-007774,2026-08-26,K03,P-MOB-GSM,PID159823,None,1,1.01,True
ACT-2026-007775,2026-08-26,K03,P-MOB-GSM,PID843830,None,1,1.01,True
ACT-2026-007776,2026-08-26,K03,P-MOB-GSM,PID551203,None,1,1.01,True
ACT-2026-007777,2026-08-26,K03,P-MOB-OTH,PID679741,None,1,1.52,True
ACT-2026-007778,2026-08-26,K03,P-MOB-GSM,PID183959,None,1,1.01,True
ACT-2026-007779,2026-08-26,K03,P-FIX-FBR,PID594387,None,1,10.92,True
ACT-2026-007780,2026-08-26,K03,P-MOB-GSM,PID341073,MNP,1,2.02,True
ACT-2026-007781,2026-08-26,K03,P-MOB-GSM,PID833982,None,1,1.01,True
ACT-2026-007782,2026-08-26,K03,P-MOB-GSM,PID898982,MNP,1,2.02,True
ACT-2026-007783,2026-08-26,K04,P-MOB-GSM,PID611430,None,1,1.01,True
ACT-2026-007784,2026-08-26,K04,P-MOB-GSM,PID660799,None,1,1.01,True
ACT-2026-007785,2026-08-26,K04,P-DIG-SVC,PID626177,None,1,5.58,True
ACT-2026-007786,2026-08-26,K04,P-MOB-GSM,PID572875,MNP,1,2.02,True
ACT-2026-007787,2026-08-26,K04,P-MOB-GSM,PID989968,None,1,1.01,True
ACT-2026-007788,2026-08-26,K04,P-MOB-GSM,PID824648,None,1,1.01,True
ACT-2026-007789,2026-08-26,K04,P-MOB-GSM,PID464965,None,1,1.01,True
ACT-2026-007790,2026-08-26,K04,P-MOB-GSM,PID150415,None,1,1.01,True
ACT-2026-007791,2026-08-26,K04,P-MOB-GSM,PID241013,None,1,1.01,True
ACT-2026-007792,2026-08-26,K04,P-MOB-GSM,PID524886,None,1,1.01,True
ACT-2026-007793,2026-08-26,K04,P-MOB-GSM,PID604531,None,1,1.01,True
ACT-2026-007794,2026-08-26,K05,P-MOB-GSM,PID513173,None,1,1.01,True
ACT-2026-007795,2026-08-26,K05,P-DIG-SVC,PID910676,None,1,5.58,True
ACT-2026-007796,2026-08-26,K05,P-DIG-SVC,PID530313,None,1,5.58,True
ACT-2026-007797,2026-08-26,K05,P-MOB-GSM,PID692081,None,1,1.01,True
ACT-2026-007798,2026-08-26,K05,P-MOB-GSM,PID671058,None,1,1.01,True
ACT-2026-007799,2026-08-26,K05,P-MOB-OTH,PID183052,None,1,1.52,True
ACT-2026-007800,2026-08-26,K05,P-MOB-GSM,PID973094,None,1,1.01,True
ACT-2026-007801,2026-08-26,K06,P-MOB-GSM,PID537680,MNP,1,2.02,True
ACT-2026-007802,2026-08-26,K06,P-MOB-GSM,PID351468,MNP,1,2.02,True
ACT-2026-007803,2026-08-26,K06,P-MOB-GSM,PID250402,None,1,4.75,True
ACT-2026-007804,2026-08-26,K06,P-MOB-GSM,PID360229,None,1,1.01,True
ACT-2026-007805,2026-08-26,K07,P-MOB-OTH,PID550354,None,1,1.46,True
ACT-2026-007806,2026-08-26,K07,P-MOB-GSM,PID498011,None,1,0.97,True
ACT-2026-007807,2026-08-26,K07,P-MOB-GSM,PID336139,None,1,0.97,True
ACT-2026-007808,2026-08-26,K07,P-FIX-BIB,PID932208,None,1,14.87,True
ACT-2026-007809,2026-08-26,K07,P-MOB-GSM,PID595745,None,1,0.97,True
ACT-2026-007810,2026-08-26,K07,P-MOB-GSM,PID992922,None,1,0.97,True
ACT-2026-007811,2026-08-26,K07,P-MOB-GSM,PID973801,MNP,1,1.95,True
ACT-2026-007812,2026-08-26,K07,P-MOB-GSM,PID640472,None,1,0.97,True
ACT-2026-007813,2026-08-26,K07,P-MOB-GSM,PID540862,None,1,0.97,True
ACT-2026-007814,2026-08-26,K07,P-MOB-GSM,PID211304,None,1,0.97,True
ACT-2026-007815,2026-08-26,K07,P-MOB-GSM,PID266980,None,1,0.97,True
ACT-2026-007816,2026-08-26,K07,P-MOB-GSM,PID613817,None,1,0.97,True
ACT-2026-007817,2026-08-26,K07,P-FIX-FBR,PID909462,None,1,9.91,True
ACT-2026-007818,2026-08-26,K07,P-MOB-GSM,PID490254,None,1,0.97,True
ACT-2026-007819,2026-08-26,K07,P-MOB-GSM,PID298291,None,1,0.97,True
ACT-2026-007820,2026-08-26,K07,P-MOB-GSM,PID887102,None,1,0.97,True
ACT-2026-007821,2026-08-26,K08,P-MOB-OTH,PID102542,None,1,1.46,True
ACT-2026-007822,2026-08-26,K08,P-MOB-GSM,PID172524,MNP,1,1.95,True
ACT-2026-007823,2026-08-26,K08,P-FIX-BIB,PID406218,None,1,14.87,True
ACT-2026-007824,2026-08-26,K08,P-MOB-GSM,PID174979,MNP,1,1.95,True
ACT-2026-007825,2026-08-26,K08,P-MOB-OTH,PID618918,None,1,1.46,True
ACT-2026-007826,2026-08-26,K08,P-MOB-GSM,PID895231,None,1,0.97,True
ACT-2026-007827,2026-08-26,K08,P-MOB-GSM,PID213467,None,1,0.97,True
ACT-2026-007828,2026-08-26,K08,P-MOB-GSM,PID721474,None,1,0.97,True
ACT-2026-007829,2026-08-26,K08,P-MOB-GSM,PID512510,None,1,0.97,True
ACT-2026-007830,2026-08-26,K09,P-MOB-GSM,PID576997,None,1,0.97,True
ACT-2026-007831,2026-08-26,K09,P-MOB-GSM,PID102876,None,1,0.97,True
ACT-2026-007832,2026-08-26,K09,P-MOB-GSM,PID945885,None,1,0.97,True
ACT-2026-007833,2026-08-26,K09,P-MOB-GSM,PID827700,None,1,0.97,True
ACT-2026-007834,2026-08-26,K09,P-FIX-FBR,PID415224,None,1,9.91,True
ACT-2026-007835,2026-08-26,K09,P-MOB-GSM,PID445930,None,1,0.97,True
ACT-2026-007836,2026-08-26,K09,P-FIX-WFA,PID633114,None,1,5.95,True
ACT-2026-007837,2026-08-26,K09,P-MOB-GSM,PID906287,MNP,1,1.95,True
ACT-2026-007838,2026-08-26,K09,P-MOB-GSM,PID128864,None,1,0.97,True
ACT-2026-007839,2026-08-26,K09,P-MOB-GSM,PID463134,None,1,0.97,True
ACT-2026-007840,2026-08-26,K10,P-MOB-GSM,PID649760,MNP,1,1.95,True
ACT-2026-007841,2026-08-26,K10,P-MOB-GSM,PID325415,None,1,0.97,True
ACT-2026-007842,2026-08-26,K10,P-MOB-GSM,PID625050,MNP,1,1.95,True
ACT-2026-007843,2026-08-26,K10,P-MOB-GSM,PID644719,None,1,0.97,True
ACT-2026-007844,2026-08-26,K10,P-MOB-GSM,PID472444,None,1,0.97,True
ACT-2026-007845,2026-08-26,K10,P-MOB-GSM,PID906601,None,1,0.97,True
ACT-2026-007846,2026-08-26,K10,P-MOB-OTH,PID468699,None,1,1.46,True
ACT-2026-007847,2026-08-26,K10,P-FIX-BIB,PID831366,None,1,14.87,True
ACT-2026-007848,2026-08-26,K10,P-MOB-GSM,PID143728,None,1,0.97,True
ACT-2026-007849,2026-08-26,K10,P-MOB-GSM,PID643564,MNP,1,0.0,False
ACT-2026-007850,2026-08-26,K10,P-MOB-GSM,PID202526,None,1,0.97,True
ACT-2026-007851,2026-08-26,K11,P-MOB-GSM,PID410739,None,1,0.97,True
ACT-2026-007852,2026-08-26,K11,P-MOB-GSM,PID268294,None,1,0.97,True
ACT-2026-007853,2026-08-26,K11,P-MOB-GSM,PID474568,None,1,0.97,True
ACT-2026-007854,2026-08-26,K11,P-MOB-GSM,PID424464,None,1,0.97,True
ACT-2026-007855,2026-08-26,K12,P-MOB-GSM,PID995377,None,1,0.97,True
ACT-2026-007856,2026-08-26,K12,P-MOB-GSM,PID938297,None,1,0.97,True
ACT-2026-007857,2026-08-26,K12,P-FIX-WFA,PID893954,None,1,6.18,True
ACT-2026-007858,2026-08-26,K12,P-MOB-GSM,PID153338,None,1,0.97,True
ACT-2026-007859,2026-08-26,K13,P-MOB-GSM,PID549200,MNP,1,2.09,True
ACT-2026-007860,2026-08-26,K13,P-DIG-SVC,PID632462,None,1,4.99,True
ACT-2026-007861,2026-08-26,K13,P-MOB-GSM,PID515622,None,1,1.04,True
ACT-2026-007862,2026-08-26,K13,P-MOB-GSM,PID384438,None,1,1.04,True
ACT-2026-007863,2026-08-26,K13,P-MOB-GSM,PID313331,None,1,1.04,True
ACT-2026-007864,2026-08-26,K13,P-MOB-GSM,PID536552,None,1,1.04,True
ACT-2026-007865,2026-08-26,K13,P-MOB-GSM,PID779034,None,1,1.04,True
ACT-2026-007866,2026-08-26,K13,P-MOB-GSM,PID154561,None,1,1.04,True
ACT-2026-007867,2026-08-26,K13,P-MOB-GSM,PID987732,None,1,1.04,True
ACT-2026-007868,2026-08-26,K13,P-FIX-FBR,PID441895,None,1,6.69,True
ACT-2026-007869,2026-08-26,K13,P-FIX-WFA,PID925727,None,1,4.02,True
ACT-2026-007870,2026-08-26,K13,P-DIG-SVC,PID719837,None,1,4.99,True
ACT-2026-007871,2026-08-26,K13,P-MOB-GSM,PID486925,MNP,1,2.09,True
ACT-2026-007872,2026-08-26,K13,P-MOB-GSM,PID373801,None,1,1.04,True
ACT-2026-007873,2026-08-26,K13,P-FIX-FBR,PID701301,None,1,6.69,True
ACT-2026-007874,2026-08-26,K13,P-MOB-GSM,PID432554,MNP,1,2.09,True
ACT-2026-007875,2026-08-26,K13,P-MOB-GSM,PID767999,None,1,1.04,True
ACT-2026-007876,2026-08-26,K13,P-MOB-GSM,PID878207,None,1,1.04,True
ACT-2026-007877,2026-08-26,K13,P-MOB-GSM,PID446368,None,1,1.04,True
ACT-2026-007878,2026-08-26,K13,P-MOB-GSM,PID607784,MNP,1,2.09,True
ACT-2026-007879,2026-08-26,K14,P-MOB-GSM,PID911096,None,1,1.04,True
ACT-2026-007880,2026-08-26,K14,P-MOB-GSM,PID269651,None,1,1.04,True
ACT-2026-007881,2026-08-26,K14,P-MOB-GSM,PID783427,None,1,1.04,True
ACT-2026-007882,2026-08-26,K14,P-MOB-GSM,PID978497,None,1,1.04,True
ACT-2026-007883,2026-08-26,K14,P-MOB-GSM,PID475343,None,1,1.04,True
ACT-2026-007884,2026-08-26,K14,P-FIX-FBR,PID114604,None,1,6.69,True
ACT-2026-007885,2026-08-26,K14,P-MOB-GSM,PID554819,None,1,1.04,True
ACT-2026-007886,2026-08-26,K14,P-MOB-GSM,PID955985,None,1,1.04,True
ACT-2026-007887,2026-08-26,K14,P-MOB-GSM,PID273859,None,1,1.04,True
ACT-2026-007888,2026-08-26,K15,P-MOB-GSM,PID791674,None,1,1.04,True
ACT-2026-007889,2026-08-26,K15,P-MOB-GSM,PID329173,None,1,1.04,True
ACT-2026-007890,2026-08-26,K15,P-MOB-GSM,PID267125,MNP,1,2.09,True
ACT-2026-007891,2026-08-26,K15,P-MOB-GSM,PID621213,None,1,1.04,True
ACT-2026-007892,2026-08-26,K15,P-MOB-GSM,PID792692,None,1,1.04,True
ACT-2026-007893,2026-08-26,K15,P-MOB-GSM,PID173258,None,1,1.04,True
ACT-2026-007894,2026-08-26,K15,P-MOB-GSM,PID778735,None,1,1.04,True
ACT-2026-007895,2026-08-26,K15,P-MOB-GSM,PID431539,MNP,1,2.09,True
ACT-2026-007896,2026-08-26,K15,P-MOB-GSM,PID141799,None,1,1.04,True
ACT-2026-007897,2026-08-26,K16,P-MOB-GSM,PID427527,None,1,1.04,True
ACT-2026-007898,2026-08-26,K16,P-MOB-GSM,PID205631,MNP,1,2.09,True
ACT-2026-007899,2026-08-26,K16,P-MOB-GSM,PID901920,None,1,1.04,True
ACT-2026-007900,2026-08-26,K16,P-MOB-GSM,PID816254,None,1,1.04,True
ACT-2026-007901,2026-08-26,K16,P-MOB-GSM,PID457525,None,1,1.04,True
ACT-2026-007902,2026-08-26,K16,P-MOB-GSM,PID982998,None,1,1.04,True
ACT-2026-007903,2026-08-26,K17,P-FIX-BIB,PID567950,None,1,10.04,True
ACT-2026-007904,2026-08-26,K18,P-FIX-WFA,PID421489,FNP,1,4.02,True
ACT-2026-007905,2026-08-26,K18,P-MOB-GSM,PID724656,MNP,1,2.09,True
ACT-2026-007906,2026-08-26,K18,P-MOB-GSM,PID211232,None,1,1.04,True
ACT-2026-007907,2026-08-26,K18,P-MOB-GSM,PID899702,None,1,1.04,True
ACT-2026-007908,2026-08-26,K18,P-MOB-GSM,PID263307,None,1,1.04,True
ACT-2026-007909,2026-08-26,K18,P-MOB-GSM,PID705685,None,1,1.04,True
ACT-2026-007910,2026-08-27,K01,P-MOB-GSM,PID894285,None,1,1.01,True
ACT-2026-007911,2026-08-27,K01,P-MOB-GSM,PID503485,None,1,1.01,True
ACT-2026-007912,2026-08-27,K01,P-MOB-GSM,PID240402,MNP,1,2.02,True
ACT-2026-007913,2026-08-27,K01,P-MOB-GSM,PID105227,None,1,1.01,True
ACT-2026-007914,2026-08-27,K01,P-DEV-DEV,PID595426,None,1,4.38,True
ACT-2026-007915,2026-08-27,K01,P-MOB-GSM,PID465006,None,1,1.01,True
ACT-2026-007916,2026-08-27,K01,P-MOB-GSM,PID139971,None,1,1.01,True
ACT-2026-007917,2026-08-27,K01,P-MOB-GSM,PID563750,None,1,1.01,True
ACT-2026-007918,2026-08-27,K01,P-MOB-GSM,PID218998,None,1,1.01,True
ACT-2026-007919,2026-08-27,K01,P-FIX-WFA,PID902444,None,1,6.55,True
ACT-2026-007920,2026-08-27,K01,P-MOB-GSM,PID357621,None,1,1.01,True
ACT-2026-007921,2026-08-27,K01,P-MOB-GSM,PID530324,None,1,1.01,True
ACT-2026-007922,2026-08-27,K01,P-MOB-GSM,PID474413,None,1,1.01,True
ACT-2026-007923,2026-08-27,K01,P-MOB-GSM,PID816332,None,1,1.01,True
ACT-2026-007924,2026-08-27,K01,P-MOB-GSM,PID184770,None,1,1.01,True
ACT-2026-007925,2026-08-27,K01,P-MOB-GSM,PID406829,None,1,1.01,True
ACT-2026-007926,2026-08-27,K01,P-MOB-GSM,PID705936,MNP,1,2.02,True
ACT-2026-007927,2026-08-27,K01,P-MOB-GSM,PID692779,MNP,1,0.0,False
ACT-2026-007928,2026-08-27,K01,P-MOB-GSM,PID872954,None,1,1.01,True
ACT-2026-007929,2026-08-27,K01,P-MOB-GSM,PID406267,MNP,1,2.02,True
ACT-2026-007930,2026-08-27,K01,P-MOB-GSM,PID448078,MNP,1,2.02,True
ACT-2026-007931,2026-08-27,K01,P-MOB-OTH,PID400989,None,1,1.52,True
ACT-2026-007932,2026-08-27,K01,P-MOB-GSM,PID835892,None,1,1.01,True
ACT-2026-007933,2026-08-27,K02,P-MOB-GSM,PID534018,None,1,1.01,True
ACT-2026-007934,2026-08-27,K02,P-DIG-SVC,PID771925,None,1,5.58,True
ACT-2026-007935,2026-08-27,K02,P-FIX-BIB,PID405006,None,1,16.39,True
ACT-2026-007936,2026-08-27,K02,P-MOB-GSM,PID661080,MNP,1,2.02,True
ACT-2026-007937,2026-08-27,K02,P-MOB-GSM,PID596887,MNP,1,2.02,True
ACT-2026-007938,2026-08-27,K02,P-MOB-GSM,PID143444,None,1,1.01,True
ACT-2026-007939,2026-08-27,K02,P-MOB-GSM,PID928864,None,1,1.01,True
ACT-2026-007940,2026-08-27,K02,P-MOB-GSM,PID553128,None,1,1.01,True
ACT-2026-007941,2026-08-27,K02,P-MOB-GSM,PID714577,None,1,1.01,True
ACT-2026-007942,2026-08-27,K02,P-MOB-GSM,PID195333,None,1,1.01,True
ACT-2026-007943,2026-08-27,K02,P-MOB-GSM,PID573661,None,1,1.01,True
ACT-2026-007944,2026-08-27,K02,P-MOB-GSM,PID774249,None,1,1.01,True
ACT-2026-007945,2026-08-27,K02,P-MOB-GSM,PID380838,MNP,1,2.02,True
ACT-2026-007946,2026-08-27,K02,P-MOB-OTH,PID546962,None,1,1.52,True
ACT-2026-007947,2026-08-27,K02,P-MOB-GSM,PID752480,None,1,1.01,True
ACT-2026-007948,2026-08-27,K02,P-MOB-GSM,PID654970,None,1,1.01,True
ACT-2026-007949,2026-08-27,K03,P-MOB-GSM,PID597851,None,1,1.01,True
ACT-2026-007950,2026-08-27,K03,P-FIX-WFA,PID246023,None,1,6.55,True
ACT-2026-007951,2026-08-27,K03,P-MOB-GSM,PID703567,None,1,1.01,True
ACT-2026-007952,2026-08-27,K03,P-MOB-GSM,PID645530,None,1,1.01,True
ACT-2026-007953,2026-08-27,K03,P-FIX-FBR,PID485553,None,1,10.92,True
ACT-2026-007954,2026-08-27,K03,P-MOB-GSM,PID485506,None,1,1.01,True
ACT-2026-007955,2026-08-27,K03,P-MOB-GSM,PID348720,MNP,1,2.02,True
ACT-2026-007956,2026-08-27,K03,P-MOB-GSM,PID208495,None,1,1.01,True
ACT-2026-007957,2026-08-27,K03,P-MOB-GSM,PID450713,None,1,1.01,True
ACT-2026-007958,2026-08-27,K03,P-MOB-GSM,PID513011,None,1,1.01,True
ACT-2026-007959,2026-08-27,K03,P-MOB-GSM,PID624751,None,1,1.01,True
ACT-2026-007960,2026-08-27,K03,P-FIX-WFA,PID807280,None,1,6.55,True
ACT-2026-007961,2026-08-27,K04,P-MOB-GSM,PID759180,None,1,1.01,True
ACT-2026-007962,2026-08-27,K04,P-MOB-GSM,PID970677,None,1,1.01,True
ACT-2026-007963,2026-08-27,K04,P-MOB-GSM,PID943764,None,1,1.01,True
ACT-2026-007964,2026-08-27,K04,P-DEV-DEV,PID973715,None,1,4.38,True
ACT-2026-007965,2026-08-27,K04,P-DIG-SVC,PID463899,None,1,5.58,True
ACT-2026-007966,2026-08-27,K04,P-MOB-GSM,PID362871,None,1,1.01,True
ACT-2026-007967,2026-08-27,K04,P-MOB-GSM,PID791894,None,1,1.01,True
ACT-2026-007968,2026-08-27,K04,P-MOB-GSM,PID416097,None,1,1.01,True
ACT-2026-007969,2026-08-27,K04,P-MOB-GSM,PID376228,None,1,1.01,True
ACT-2026-007970,2026-08-27,K04,P-MOB-GSM,PID947389,None,1,1.01,True
ACT-2026-007971,2026-08-27,K04,P-FIX-FBR,PID664671,None,1,10.92,True
ACT-2026-007972,2026-08-27,K04,P-MOB-GSM,PID929654,None,1,1.01,True
ACT-2026-007973,2026-08-27,K04,P-MOB-GSM,PID690489,None,1,1.01,True
ACT-2026-007974,2026-08-27,K04,P-MOB-GSM,PID749968,None,1,1.01,True
ACT-2026-007975,2026-08-27,K04,P-MOB-GSM,PID959859,None,1,1.01,True
ACT-2026-007976,2026-08-27,K04,P-MOB-GSM,PID907234,MNP,1,2.02,True
ACT-2026-007977,2026-08-27,K05,P-MOB-GSM,PID329678,MNP,1,2.02,True
ACT-2026-007978,2026-08-27,K05,P-MOB-GSM,PID708318,None,1,1.01,True
ACT-2026-007979,2026-08-27,K05,P-MOB-GSM,PID533437,None,1,1.01,True
ACT-2026-007980,2026-08-27,K05,P-MOB-GSM,PID518884,None,1,1.01,True
ACT-2026-007981,2026-08-27,K05,P-MOB-GSM,PID335902,None,1,1.01,True
ACT-2026-007982,2026-08-27,K05,P-FIX-BIB,PID265255,None,1,16.39,True
ACT-2026-007983,2026-08-27,K05,P-MOB-GSM,PID618775,None,1,1.01,True
ACT-2026-007984,2026-08-27,K05,P-MOB-GSM,PID998813,None,1,1.01,True
ACT-2026-007985,2026-08-27,K06,P-MOB-GSM,PID925779,None,1,1.01,True
ACT-2026-007986,2026-08-27,K06,P-FIX-BIB,PID298130,None,1,16.39,True
ACT-2026-007987,2026-08-27,K06,P-MOB-GSM,PID389503,MNP,1,2.02,True
ACT-2026-007988,2026-08-27,K06,P-MOB-GSM,PID913388,None,1,1.01,True
ACT-2026-007989,2026-08-27,K06,P-MOB-OTH,PID224287,None,1,1.52,True
ACT-2026-007990,2026-08-27,K06,P-FIX-FBR,PID354018,None,1,10.92,True
ACT-2026-007991,2026-08-27,K07,P-MOB-GSM,PID536576,None,1,0.97,True
ACT-2026-007992,2026-08-27,K07,P-MOB-GSM,PID174831,MNP,1,1.95,True
ACT-2026-007993,2026-08-27,K07,P-MOB-OTH,PID457510,None,1,1.46,True
ACT-2026-007994,2026-08-27,K07,P-MOB-GSM,PID565792,None,1,0.97,True
ACT-2026-007995,2026-08-27,K07,P-MOB-GSM,PID526938,None,1,0.97,True
ACT-2026-007996,2026-08-27,K07,P-MOB-GSM,PID971342,None,1,0.97,True
ACT-2026-007997,2026-08-27,K07,P-MOB-GSM,PID676786,None,1,0.97,True
ACT-2026-007998,2026-08-27,K07,P-MOB-GSM,PID159461,None,1,0.97,True
ACT-2026-007999,2026-08-27,K07,P-MOB-GSM,PID890725,MNP,1,1.95,True
ACT-2026-008000,2026-08-27,K07,P-MOB-GSM,PID539491,None,1,0.97,True
ACT-2026-008001,2026-08-27,K07,P-MOB-GSM,PID277686,None,1,0.97,True
ACT-2026-008002,2026-08-27,K07,P-MOB-GSM,PID160515,MNP,1,1.95,True
ACT-2026-008003,2026-08-27,K07,P-MOB-GSM,PID623576,None,1,0.97,True
ACT-2026-008004,2026-08-27,K08,P-MOB-GSM,PID926336,None,1,0.97,True
ACT-2026-008005,2026-08-27,K08,P-MOB-GSM,PID555143,None,1,0.97,True
ACT-2026-008006,2026-08-27,K08,P-MOB-GSM,PID762013,None,1,0.97,True
ACT-2026-008007,2026-08-27,K08,P-MOB-GSM,PID299484,None,1,0.97,True
ACT-2026-008008,2026-08-27,K08,P-FIX-FBR,PID372511,None,1,9.91,True
ACT-2026-008009,2026-08-27,K08,P-FIX-FBR,PID918611,None,1,9.91,True
ACT-2026-008010,2026-08-27,K08,P-MOB-GSM,PID594388,MNP,1,1.95,True
ACT-2026-008011,2026-08-27,K08,P-MOB-GSM,PID981679,None,1,0.97,True
ACT-2026-008012,2026-08-27,K08,P-MOB-GSM,PID933194,None,1,0.97,True
ACT-2026-008013,2026-08-27,K08,P-MOB-GSM,PID250766,None,1,0.97,True
ACT-2026-008014,2026-08-27,K08,P-MOB-GSM,PID543081,None,1,0.97,True
ACT-2026-008015,2026-08-27,K09,P-MOB-GSM,PID618423,None,1,0.97,True
ACT-2026-008016,2026-08-27,K09,P-MOB-GSM,PID905859,None,1,0.97,True
ACT-2026-008017,2026-08-27,K09,P-MOB-GSM,PID853189,None,1,0.97,True
ACT-2026-008018,2026-08-27,K09,P-MOB-GSM,PID443040,None,1,0.97,True
ACT-2026-008019,2026-08-27,K09,P-MOB-GSM,PID615558,None,1,0.97,True
ACT-2026-008020,2026-08-27,K09,P-MOB-GSM,PID391693,MNP,1,1.95,True
ACT-2026-008021,2026-08-27,K09,P-MOB-GSM,PID983319,MNP,1,1.95,True
ACT-2026-008022,2026-08-27,K09,P-FIX-FBR,PID965114,None,1,9.91,True
ACT-2026-008023,2026-08-27,K09,P-MOB-GSM,PID369188,None,1,0.97,True
ACT-2026-008024,2026-08-27,K09,P-MOB-GSM,PID390726,None,1,0.97,True
ACT-2026-008025,2026-08-27,K09,P-MOB-GSM,PID534516,None,1,0.97,True
ACT-2026-008026,2026-08-27,K09,P-MOB-GSM,PID742302,None,1,0.97,True
ACT-2026-008027,2026-08-27,K09,P-MOB-GSM,PID313137,None,1,0.0,False
ACT-2026-008028,2026-08-27,K09,P-MOB-GSM,PID640952,None,1,0.97,True
ACT-2026-008029,2026-08-27,K09,P-MOB-GSM,PID161022,None,1,0.97,True
ACT-2026-008030,2026-08-27,K09,P-MOB-GSM,PID393742,MNP,1,1.95,True
ACT-2026-008031,2026-08-27,K10,P-MOB-GSM,PID731291,None,1,0.97,True
ACT-2026-008032,2026-08-27,K10,P-MOB-GSM,PID838196,None,1,0.97,True
ACT-2026-008033,2026-08-27,K10,P-MOB-GSM,PID957285,None,1,0.97,True
ACT-2026-008034,2026-08-27,K10,P-FIX-FBR,PID399536,None,1,9.91,True
ACT-2026-008035,2026-08-27,K10,P-MOB-GSM,PID694825,None,1,0.97,True
ACT-2026-008036,2026-08-27,K10,P-MOB-GSM,PID113503,None,1,0.97,True
ACT-2026-008037,2026-08-27,K11,P-MOB-GSM,PID101213,None,1,0.97,True
ACT-2026-008038,2026-08-27,K11,P-MOB-GSM,PID221645,MNP,1,1.95,True
ACT-2026-008039,2026-08-27,K11,P-MOB-GSM,PID760010,MNP,1,1.95,True
ACT-2026-008040,2026-08-27,K11,P-MOB-GSM,PID918133,None,1,0.97,True
ACT-2026-008041,2026-08-27,K11,P-MOB-GSM,PID392154,None,1,0.97,True
ACT-2026-008042,2026-08-27,K11,P-MOB-GSM,PID579469,None,1,0.97,True
ACT-2026-008043,2026-08-27,K12,P-MOB-GSM,PID658599,None,1,0.97,True
ACT-2026-008044,2026-08-27,K13,P-FIX-WFA,PID343501,None,1,4.02,True
ACT-2026-008045,2026-08-27,K13,P-MOB-GSM,PID689620,MNP,1,2.09,True
ACT-2026-008046,2026-08-27,K13,P-MOB-GSM,PID359455,None,1,1.04,True
ACT-2026-008047,2026-08-27,K13,P-MOB-GSM,PID199136,None,1,1.04,True
ACT-2026-008048,2026-08-27,K13,P-MOB-GSM,PID626328,MNP,1,2.09,True
ACT-2026-008049,2026-08-27,K13,P-MOB-GSM,PID802047,None,1,1.04,True
ACT-2026-008050,2026-08-27,K13,P-MOB-GSM,PID610125,None,1,1.04,True
ACT-2026-008051,2026-08-27,K13,P-MOB-GSM,PID381907,None,1,1.04,True
ACT-2026-008052,2026-08-27,K13,P-FIX-FBR,PID337713,None,1,6.69,True
ACT-2026-008053,2026-08-27,K13,P-MOB-GSM,PID413752,None,1,1.04,True
ACT-2026-008054,2026-08-27,K13,P-MOB-GSM,PID774875,None,1,1.04,True
ACT-2026-008055,2026-08-27,K14,P-MOB-GSM,PID149995,None,1,1.04,True
ACT-2026-008056,2026-08-27,K14,P-MOB-GSM,PID857138,None,1,1.04,True
ACT-2026-008057,2026-08-27,K14,P-MOB-GSM,PID676317,None,1,1.04,True
ACT-2026-008058,2026-08-27,K14,P-MOB-GSM,PID283492,None,1,1.04,True
ACT-2026-008059,2026-08-27,K14,P-MOB-GSM,PID910031,None,1,1.04,True
ACT-2026-008060,2026-08-27,K14,P-MOB-GSM,PID951839,None,1,1.04,True
ACT-2026-008061,2026-08-27,K14,P-MOB-GSM,PID762126,None,1,1.04,True
ACT-2026-008062,2026-08-27,K14,P-DIG-SVC,PID872521,None,1,4.99,True
ACT-2026-008063,2026-08-27,K14,P-MOB-GSM,PID992344,None,1,1.04,True
ACT-2026-008064,2026-08-27,K14,P-MOB-GSM,PID733082,None,1,1.04,True
ACT-2026-008065,2026-08-27,K14,P-MOB-GSM,PID669395,MNP,1,2.09,True
ACT-2026-008066,2026-08-27,K14,P-FIX-FBR,PID422891,FNP,1,6.69,True
ACT-2026-008067,2026-08-27,K15,P-MOB-GSM,PID669067,None,1,1.04,True
ACT-2026-008068,2026-08-27,K15,P-MOB-GSM,PID725899,None,1,1.04,True
ACT-2026-008069,2026-08-27,K15,P-MOB-GSM,PID647196,None,1,1.04,True
ACT-2026-008070,2026-08-27,K15,P-MOB-GSM,PID189411,None,1,1.04,True
ACT-2026-008071,2026-08-27,K15,P-FIX-FBR,PID217799,None,1,6.69,True
ACT-2026-008072,2026-08-27,K15,P-MOB-GSM,PID787951,None,1,1.04,True
ACT-2026-008073,2026-08-27,K15,P-FIX-WFA,PID733967,None,1,4.02,True
ACT-2026-008074,2026-08-27,K15,P-MOB-GSM,PID728388,None,1,1.04,True
ACT-2026-008075,2026-08-27,K15,P-MOB-GSM,PID997653,None,1,1.04,True
ACT-2026-008076,2026-08-27,K15,P-MOB-GSM,PID597254,None,1,1.04,True
ACT-2026-008077,2026-08-27,K15,P-MOB-GSM,PID488309,None,1,1.04,True
ACT-2026-008078,2026-08-27,K15,P-MOB-OTH,PID620461,None,1,1.57,True
ACT-2026-008079,2026-08-27,K16,P-MOB-GSM,PID608112,MNP,1,2.09,True
ACT-2026-008080,2026-08-27,K16,P-MOB-GSM,PID470357,None,1,1.04,True
ACT-2026-008081,2026-08-27,K16,P-MOB-GSM,PID939301,MNP,1,2.09,True
ACT-2026-008082,2026-08-27,K17,P-MOB-GSM,PID541577,None,1,1.04,True
ACT-2026-008083,2026-08-27,K17,P-FIX-WFA,PID829596,FNP,1,4.02,True
ACT-2026-008084,2026-08-27,K17,P-MOB-GSM,PID231918,MNP,1,2.09,True
ACT-2026-008085,2026-08-27,K17,P-MOB-GSM,PID499534,None,1,1.04,True
ACT-2026-008086,2026-08-27,K17,P-MOB-GSM,PID636019,None,1,1.04,True
ACT-2026-008087,2026-08-27,K17,P-MOB-GSM,PID541621,None,1,1.04,True
ACT-2026-008088,2026-08-27,K18,P-MOB-GSM,PID222421,MNP,1,2.09,True
ACT-2026-008089,2026-08-27,K18,P-FIX-FBR,PID224519,None,1,6.69,True
ACT-2026-008090,2026-08-27,K18,P-MOB-GSM,PID141593,None,1,1.04,True
ACT-2026-008091,2026-08-27,K18,P-MOB-GSM,PID554175,None,1,1.04,True
ACT-2026-008092,2026-08-27,K18,P-MOB-OTH,PID244920,None,1,1.57,True
ACT-2026-008093,2026-08-28,K01,P-MOB-OTH,PID448168,None,1,1.52,True
ACT-2026-008094,2026-08-28,K01,P-MOB-GSM,PID331394,None,1,1.01,True
ACT-2026-008095,2026-08-28,K01,P-MOB-GSM,PID103502,None,1,1.01,True
ACT-2026-008096,2026-08-28,K01,P-MOB-GSM,PID903102,None,1,1.01,True
ACT-2026-008097,2026-08-28,K01,P-MOB-GSM,PID311603,None,1,1.01,True
ACT-2026-008098,2026-08-28,K01,P-MOB-OTH,PID288837,None,1,1.52,True
ACT-2026-008099,2026-08-28,K01,P-MOB-GSM,PID781661,None,1,1.01,True
ACT-2026-008100,2026-08-28,K01,P-FIX-WFA,PID782694,None,1,6.55,True
ACT-2026-008101,2026-08-28,K01,P-FIX-FBR,PID144618,None,1,10.92,True
ACT-2026-008102,2026-08-28,K01,P-MOB-GSM,PID594000,None,1,1.01,True
ACT-2026-008103,2026-08-28,K01,P-MOB-GSM,PID238318,None,1,1.01,True
ACT-2026-008104,2026-08-28,K01,P-MOB-GSM,PID158147,None,1,1.01,True
ACT-2026-008105,2026-08-28,K01,P-MOB-GSM,PID614163,None,1,1.01,True
ACT-2026-008106,2026-08-28,K01,P-MOB-GSM,PID220998,None,1,1.01,True
ACT-2026-008107,2026-08-28,K01,P-FIX-WFA,PID804545,FNP,1,6.55,True
ACT-2026-008108,2026-08-28,K01,P-MOB-GSM,PID748406,None,1,1.01,True
ACT-2026-008109,2026-08-28,K01,P-MOB-GSM,PID935371,MNP,1,2.02,True
ACT-2026-008110,2026-08-28,K01,P-MOB-GSM,PID671568,None,1,1.01,True
ACT-2026-008111,2026-08-28,K02,P-MOB-GSM,PID852198,None,1,1.01,True
ACT-2026-008112,2026-08-28,K02,P-FIX-FBR,PID535815,None,1,10.92,True
ACT-2026-008113,2026-08-28,K02,P-MOB-GSM,PID422489,None,1,1.01,True
ACT-2026-008114,2026-08-28,K02,P-MOB-GSM,PID328355,None,1,1.01,True
ACT-2026-008115,2026-08-28,K02,P-FIX-BIB,PID100134,None,1,16.39,True
ACT-2026-008116,2026-08-28,K02,P-MOB-GSM,PID382764,MNP,1,2.02,True
ACT-2026-008117,2026-08-28,K02,P-FIX-BIB,PID998854,None,1,16.39,True
ACT-2026-008118,2026-08-28,K02,P-MOB-GSM,PID572066,MNP,1,2.02,True
ACT-2026-008119,2026-08-28,K02,P-MOB-OTH,PID813633,None,1,1.52,True
ACT-2026-008120,2026-08-28,K02,P-MOB-GSM,PID866839,None,1,1.01,True
ACT-2026-008121,2026-08-28,K02,P-MOB-GSM,PID692266,MNP,1,2.02,True
ACT-2026-008122,2026-08-28,K02,P-MOB-GSM,PID472992,None,1,1.01,True
ACT-2026-008123,2026-08-28,K02,P-FIX-WFA,PID503716,None,1,6.55,True
ACT-2026-008124,2026-08-28,K02,P-MOB-GSM,PID210060,None,1,1.01,True
ACT-2026-008125,2026-08-28,K02,P-MOB-GSM,PID845723,None,1,1.01,True
ACT-2026-008126,2026-08-28,K03,P-MOB-GSM,PID621375,None,1,1.01,True
ACT-2026-008127,2026-08-28,K03,P-MOB-GSM,PID869567,MNP,1,2.02,True
ACT-2026-008128,2026-08-28,K03,P-MOB-OTH,PID591999,None,1,1.52,True
ACT-2026-008129,2026-08-28,K03,P-MOB-OTH,PID569629,None,1,1.52,True
ACT-2026-008130,2026-08-28,K03,P-MOB-GSM,PID363593,None,1,1.01,True
ACT-2026-008131,2026-08-28,K03,P-MOB-GSM,PID200826,MNP,1,2.02,True
ACT-2026-008132,2026-08-28,K03,P-MOB-GSM,PID245264,None,1,1.01,True
ACT-2026-008133,2026-08-28,K03,P-MOB-GSM,PID365239,MNP,1,2.02,True
ACT-2026-008134,2026-08-28,K03,P-MOB-GSM,PID497486,None,1,1.01,True
ACT-2026-008135,2026-08-28,K03,P-MOB-GSM,PID534561,None,1,1.01,True
ACT-2026-008136,2026-08-28,K03,P-MOB-GSM,PID901383,MNP,1,2.02,True
ACT-2026-008137,2026-08-28,K03,P-MOB-GSM,PID125485,None,1,1.01,True
ACT-2026-008138,2026-08-28,K03,P-FIX-FBR,PID792569,None,1,10.92,True
ACT-2026-008139,2026-08-28,K03,P-DIG-SVC,PID146874,None,1,5.58,True
ACT-2026-008140,2026-08-28,K03,P-MOB-GSM,PID183863,None,1,1.01,True
ACT-2026-008141,2026-08-28,K03,P-MOB-GSM,PID347854,None,1,1.01,True
ACT-2026-008142,2026-08-28,K03,P-MOB-GSM,PID519267,None,1,1.01,True
ACT-2026-008143,2026-08-28,K04,P-MOB-GSM,PID835347,None,1,1.01,True
ACT-2026-008144,2026-08-28,K04,P-MOB-OTH,PID351862,None,1,1.52,True
ACT-2026-008145,2026-08-28,K04,P-FIX-FBR,PID564588,None,1,10.92,True
ACT-2026-008146,2026-08-28,K04,P-MOB-GSM,PID638831,None,1,1.01,True
ACT-2026-008147,2026-08-28,K04,P-MOB-GSM,PID104198,None,1,1.01,True
ACT-2026-008148,2026-08-28,K04,P-MOB-GSM,PID697303,None,1,1.01,True
ACT-2026-008149,2026-08-28,K04,P-MOB-OTH,PID691592,None,1,1.52,True
ACT-2026-008150,2026-08-28,K04,P-MOB-GSM,PID130000,None,1,1.01,True
ACT-2026-008151,2026-08-28,K04,P-MOB-GSM,PID238895,None,1,1.01,True
ACT-2026-008152,2026-08-28,K04,P-MOB-GSM,PID605179,None,1,1.01,True
ACT-2026-008153,2026-08-28,K04,P-FIX-WFA,PID566613,None,1,6.55,True
ACT-2026-008154,2026-08-28,K05,P-MOB-GSM,PID834664,MNP,1,2.02,True
ACT-2026-008155,2026-08-28,K05,P-MOB-GSM,PID795341,None,1,1.01,True
ACT-2026-008156,2026-08-28,K05,P-MOB-GSM,PID121535,None,1,1.01,True
ACT-2026-008157,2026-08-28,K05,P-MOB-GSM,PID518763,None,1,1.01,True
ACT-2026-008158,2026-08-28,K05,P-MOB-GSM,PID850048,None,1,1.01,True
ACT-2026-008159,2026-08-28,K05,P-MOB-GSM,PID944599,MNP,1,2.02,True
ACT-2026-008160,2026-08-28,K05,P-MOB-GSM,PID269226,None,1,1.01,True
ACT-2026-008161,2026-08-28,K05,P-MOB-GSM,PID894546,None,1,1.01,True
ACT-2026-008162,2026-08-28,K06,P-MOB-GSM,PID865270,MNP,1,2.02,True
ACT-2026-008163,2026-08-28,K06,P-MOB-OTH,PID137591,None,1,1.52,True
ACT-2026-008164,2026-08-28,K06,P-MOB-GSM,PID546963,None,1,1.01,True
ACT-2026-008165,2026-08-28,K07,P-MOB-GSM,PID948569,None,1,0.97,True
ACT-2026-008166,2026-08-28,K07,P-MOB-GSM,PID150374,MNP,1,1.95,True
ACT-2026-008167,2026-08-28,K07,P-MOB-GSM,PID869486,MNP,1,1.95,True
ACT-2026-008168,2026-08-28,K07,P-MOB-GSM,PID716412,MNP,1,1.95,True
ACT-2026-008169,2026-08-28,K07,P-MOB-GSM,PID116242,None,1,0.97,True
ACT-2026-008170,2026-08-28,K07,P-MOB-GSM,PID626866,None,1,0.97,True
ACT-2026-008171,2026-08-28,K07,P-MOB-GSM,PID148432,MNP,1,1.95,True
ACT-2026-008172,2026-08-28,K07,P-MOB-GSM,PID451128,None,1,0.97,True
ACT-2026-008173,2026-08-28,K07,P-MOB-OTH,PID307564,None,1,1.46,True
ACT-2026-008174,2026-08-28,K07,P-MOB-GSM,PID363635,None,1,0.97,True
ACT-2026-008175,2026-08-28,K07,P-MOB-GSM,PID166096,None,1,0.97,True
ACT-2026-008176,2026-08-28,K07,P-MOB-GSM,PID243340,None,1,0.97,True
ACT-2026-008177,2026-08-28,K07,P-MOB-OTH,PID138014,None,1,1.46,True
ACT-2026-008178,2026-08-28,K07,P-MOB-GSM,PID367585,None,1,0.97,True
ACT-2026-008179,2026-08-28,K07,P-MOB-GSM,PID897615,MNP,1,1.95,True
ACT-2026-008180,2026-08-28,K07,P-MOB-GSM,PID372168,None,1,0.97,True
ACT-2026-008181,2026-08-28,K07,P-MOB-GSM,PID411708,MNP,1,1.95,True
ACT-2026-008182,2026-08-28,K07,P-MOB-GSM,PID774951,None,1,0.0,False
ACT-2026-008183,2026-08-28,K07,P-MOB-GSM,PID312467,None,1,0.97,True
ACT-2026-008184,2026-08-28,K07,P-DIG-SVC,PID323622,None,1,5.73,True
ACT-2026-008185,2026-08-28,K07,P-MOB-GSM,PID963329,None,1,0.97,True
ACT-2026-008186,2026-08-28,K08,P-MOB-OTH,PID356962,None,1,1.46,True
ACT-2026-008187,2026-08-28,K08,P-MOB-GSM,PID537065,None,1,0.97,True
ACT-2026-008188,2026-08-28,K08,P-MOB-GSM,PID871445,None,1,0.97,True
ACT-2026-008189,2026-08-28,K08,P-MOB-GSM,PID537388,None,1,0.97,True
ACT-2026-008190,2026-08-28,K08,P-MOB-GSM,PID132350,None,1,0.97,True
ACT-2026-008191,2026-08-28,K08,P-MOB-GSM,PID400014,None,1,0.97,True
ACT-2026-008192,2026-08-28,K08,P-MOB-GSM,PID228891,None,1,0.97,True
ACT-2026-008193,2026-08-28,K08,P-MOB-GSM,PID681099,None,1,0.97,True
ACT-2026-008194,2026-08-28,K08,P-MOB-GSM,PID329870,None,1,0.97,True
ACT-2026-008195,2026-08-28,K08,P-MOB-GSM,PID946227,None,1,0.97,True
ACT-2026-008196,2026-08-28,K08,P-MOB-GSM,PID111706,None,1,0.97,True
ACT-2026-008197,2026-08-28,K08,P-MOB-GSM,PID575967,None,1,0.97,True
ACT-2026-008198,2026-08-28,K08,P-FIX-WFA,PID133125,None,1,5.95,True
ACT-2026-008199,2026-08-28,K09,P-MOB-GSM,PID360125,None,1,0.97,True
ACT-2026-008200,2026-08-28,K09,P-MOB-GSM,PID632776,None,1,0.97,True
ACT-2026-008201,2026-08-28,K09,P-MOB-GSM,PID470605,None,1,0.97,True
ACT-2026-008202,2026-08-28,K09,P-FIX-FBR,PID178193,None,1,9.91,True
ACT-2026-008203,2026-08-28,K09,P-MOB-OTH,PID127982,None,1,1.46,True
ACT-2026-008204,2026-08-28,K09,P-MOB-GSM,PID893597,MNP,1,1.95,True
ACT-2026-008205,2026-08-28,K09,P-MOB-GSM,PID390397,None,1,0.97,True
ACT-2026-008206,2026-08-28,K09,P-MOB-GSM,PID818470,None,1,0.97,True
ACT-2026-008207,2026-08-28,K09,P-MOB-GSM,PID935934,MNP,1,1.95,True
ACT-2026-008208,2026-08-28,K09,P-MOB-GSM,PID642813,None,1,0.97,True
ACT-2026-008209,2026-08-28,K10,P-MOB-OTH,PID486235,None,1,1.46,True
ACT-2026-008210,2026-08-28,K10,P-MOB-OTH,PID189643,None,1,1.46,True
ACT-2026-008211,2026-08-28,K11,P-MOB-GSM,PID437924,MNP,1,1.95,True
ACT-2026-008212,2026-08-28,K11,P-MOB-OTH,PID990868,None,1,1.46,True
ACT-2026-008213,2026-08-28,K12,P-MOB-GSM,PID587175,None,1,0.97,True
ACT-2026-008214,2026-08-28,K12,P-MOB-GSM,PID523271,MNP,1,1.95,True
ACT-2026-008215,2026-08-28,K12,P-MOB-GSM,PID155051,None,1,0.97,True
ACT-2026-008216,2026-08-28,K12,P-MOB-GSM,PID255843,MNP,1,1.95,True
ACT-2026-008217,2026-08-28,K13,P-DEV-DEV,PID896876,None,1,6.35,True
ACT-2026-008218,2026-08-28,K13,P-MOB-GSM,PID502987,MNP,1,2.09,True
ACT-2026-008219,2026-08-28,K13,P-MOB-GSM,PID318398,MNP,1,2.09,True
ACT-2026-008220,2026-08-28,K13,P-MOB-GSM,PID416887,None,1,1.04,True
ACT-2026-008221,2026-08-28,K13,P-MOB-GSM,PID559772,None,1,1.04,True
ACT-2026-008222,2026-08-28,K13,P-MOB-GSM,PID767394,None,1,1.04,True
ACT-2026-008223,2026-08-28,K13,P-MOB-GSM,PID591892,None,1,1.04,True
ACT-2026-008224,2026-08-28,K13,P-MOB-OTH,PID985901,None,1,1.57,True
ACT-2026-008225,2026-08-28,K13,P-MOB-GSM,PID656743,None,1,1.04,True
ACT-2026-008226,2026-08-28,K13,P-MOB-GSM,PID682803,None,1,1.04,True
ACT-2026-008227,2026-08-28,K13,P-DEV-DEV,PID995889,None,1,6.35,True
ACT-2026-008228,2026-08-28,K13,P-MOB-GSM,PID801236,None,1,1.04,True
ACT-2026-008229,2026-08-28,K13,P-MOB-GSM,PID475804,MNP,1,2.09,True
ACT-2026-008230,2026-08-28,K13,P-MOB-GSM,PID333790,None,1,1.04,True
ACT-2026-008231,2026-08-28,K13,P-MOB-GSM,PID960858,None,1,1.04,True
ACT-2026-008232,2026-08-28,K13,P-MOB-OTH,PID998714,None,1,1.57,True
ACT-2026-008233,2026-08-28,K13,P-MOB-GSM,PID951815,None,1,1.04,True
ACT-2026-008234,2026-08-28,K13,P-MOB-GSM,PID744991,None,1,1.04,True
ACT-2026-008235,2026-08-28,K13,P-FIX-FBR,PID271625,FNP,1,6.69,True
ACT-2026-008236,2026-08-28,K13,P-MOB-GSM,PID848608,None,1,1.04,True
ACT-2026-008237,2026-08-28,K14,P-MOB-GSM,PID499838,None,1,1.04,True
ACT-2026-008238,2026-08-28,K14,P-MOB-GSM,PID481907,None,1,1.04,True
ACT-2026-008239,2026-08-28,K14,P-MOB-GSM,PID331129,None,1,1.04,True
ACT-2026-008240,2026-08-28,K14,P-MOB-GSM,PID262903,None,1,1.04,True
ACT-2026-008241,2026-08-28,K14,P-MOB-GSM,PID741331,None,1,1.04,True
ACT-2026-008242,2026-08-28,K14,P-MOB-GSM,PID943482,None,1,1.04,True
ACT-2026-008243,2026-08-28,K14,P-MOB-GSM,PID674168,None,1,1.04,True
ACT-2026-008244,2026-08-28,K14,P-MOB-GSM,PID597449,None,1,1.04,True
ACT-2026-008245,2026-08-28,K14,P-MOB-GSM,PID306030,None,1,1.04,True
ACT-2026-008246,2026-08-28,K14,P-MOB-GSM,PID495548,None,1,1.04,True
ACT-2026-008247,2026-08-28,K14,P-MOB-GSM,PID459008,MNP,1,2.09,True
ACT-2026-008248,2026-08-28,K14,P-MOB-GSM,PID423502,MNP,1,2.09,True
ACT-2026-008249,2026-08-28,K14,P-MOB-GSM,PID286038,None,1,1.04,True
ACT-2026-008250,2026-08-28,K14,P-MOB-GSM,PID137076,MNP,1,2.09,True
ACT-2026-008251,2026-08-28,K14,P-MOB-GSM,PID716600,None,1,1.04,True
ACT-2026-008252,2026-08-28,K14,P-MOB-GSM,PID752201,None,1,1.04,True
ACT-2026-008253,2026-08-28,K15,P-MOB-GSM,PID210841,None,1,1.04,True
ACT-2026-008254,2026-08-28,K15,P-MOB-OTH,PID774491,None,1,1.57,True
ACT-2026-008255,2026-08-28,K15,P-MOB-GSM,PID541604,None,1,1.04,True
ACT-2026-008256,2026-08-28,K15,P-MOB-GSM,PID777144,None,1,1.04,True
ACT-2026-008257,2026-08-28,K15,P-MOB-GSM,PID824866,None,1,1.04,True
ACT-2026-008258,2026-08-28,K15,P-MOB-GSM,PID741129,None,1,1.04,True
ACT-2026-008259,2026-08-28,K15,P-MOB-GSM,PID379908,MNP,1,2.09,True
ACT-2026-008260,2026-08-28,K15,P-MOB-GSM,PID687914,None,1,1.04,True
ACT-2026-008261,2026-08-28,K15,P-MOB-GSM,PID376368,None,1,1.04,True
ACT-2026-008262,2026-08-28,K15,P-MOB-GSM,PID169274,MNP,1,2.09,True
ACT-2026-008263,2026-08-28,K15,P-MOB-GSM,PID607995,None,1,1.04,True
ACT-2026-008264,2026-08-28,K15,P-MOB-GSM,PID775494,None,1,1.04,True
ACT-2026-008265,2026-08-28,K15,P-MOB-GSM,PID340582,None,1,1.04,True
ACT-2026-008266,2026-08-28,K16,P-MOB-GSM,PID473267,None,1,1.04,True
ACT-2026-008267,2026-08-28,K16,P-MOB-GSM,PID545294,None,1,1.04,True
ACT-2026-008268,2026-08-28,K16,P-MOB-GSM,PID233799,None,1,1.04,True
ACT-2026-008269,2026-08-28,K16,P-MOB-GSM,PID240296,None,1,1.04,True
ACT-2026-008270,2026-08-28,K17,P-MOB-GSM,PID580943,None,1,1.04,True
ACT-2026-008271,2026-08-28,K17,P-MOB-GSM,PID358071,None,1,1.04,True
ACT-2026-008272,2026-08-28,K17,P-FIX-FBR,PID135537,None,1,6.69,True
ACT-2026-008273,2026-08-28,K17,P-MOB-GSM,PID351801,None,1,1.04,True
ACT-2026-008274,2026-08-28,K17,P-MOB-GSM,PID153270,None,1,1.04,True
ACT-2026-008275,2026-08-28,K17,P-MOB-GSM,PID689046,MNP,1,2.09,True
ACT-2026-008276,2026-08-29,K01,P-MOB-GSM,PID160823,None,1,1.01,True
ACT-2026-008277,2026-08-29,K01,P-MOB-GSM,PID713645,MNP,1,2.02,True
ACT-2026-008278,2026-08-29,K01,P-MOB-GSM,PID473768,None,1,1.01,True
ACT-2026-008279,2026-08-29,K01,P-FIX-FBR,PID738988,None,1,10.92,True
ACT-2026-008280,2026-08-29,K01,P-MOB-GSM,PID719591,None,1,1.01,True
ACT-2026-008281,2026-08-29,K01,P-MOB-GSM,PID193171,None,1,1.01,True
ACT-2026-008282,2026-08-29,K01,P-MOB-GSM,PID537312,None,1,1.01,True
ACT-2026-008283,2026-08-29,K01,P-MOB-GSM,PID770764,None,1,1.01,True
ACT-2026-008284,2026-08-29,K01,P-MOB-GSM,PID486863,None,1,1.01,True
ACT-2026-008285,2026-08-29,K01,P-MOB-GSM,PID231184,None,1,0.0,False
ACT-2026-008286,2026-08-29,K02,P-MOB-GSM,PID440907,None,1,1.01,True
ACT-2026-008287,2026-08-29,K02,P-MOB-GSM,PID959250,None,1,1.01,True
ACT-2026-008288,2026-08-29,K02,P-MOB-OTH,PID590623,None,1,1.52,True
ACT-2026-008289,2026-08-29,K02,P-FIX-FBR,PID292453,None,1,10.92,True
ACT-2026-008290,2026-08-29,K02,P-MOB-GSM,PID959103,None,1,1.01,True
ACT-2026-008291,2026-08-29,K03,P-MOB-GSM,PID346248,MNP,1,2.02,True
ACT-2026-008292,2026-08-29,K03,P-MOB-OTH,PID991088,None,1,1.52,True
ACT-2026-008293,2026-08-29,K03,P-MOB-GSM,PID178929,None,1,1.01,True
ACT-2026-008294,2026-08-29,K04,P-MOB-GSM,PID113102,MNP,1,2.02,True
ACT-2026-008295,2026-08-29,K04,P-MOB-GSM,PID986169,None,1,1.01,True
ACT-2026-008296,2026-08-29,K04,P-MOB-OTH,PID690731,None,1,1.52,True
ACT-2026-008297,2026-08-29,K05,P-MOB-GSM,PID298658,None,1,1.01,True
ACT-2026-008298,2026-08-29,K05,P-MOB-GSM,PID628431,MNP,1,2.02,True
ACT-2026-008299,2026-08-29,K07,P-MOB-GSM,PID944904,None,1,0.97,True
ACT-2026-008300,2026-08-29,K07,P-DIG-SVC,PID908697,None,1,5.73,True
ACT-2026-008301,2026-08-29,K08,P-MOB-GSM,PID897960,None,1,0.97,True
ACT-2026-008302,2026-08-29,K08,P-MOB-GSM,PID813115,None,1,0.97,True
ACT-2026-008303,2026-08-29,K08,P-MOB-GSM,PID790414,MNP,1,1.95,True
ACT-2026-008304,2026-08-29,K10,P-MOB-GSM,PID538508,MNP,1,1.95,True
ACT-2026-008305,2026-08-29,K10,P-MOB-GSM,PID380288,None,1,0.97,True
ACT-2026-008306,2026-08-29,K11,P-FIX-WFA,PID123875,None,1,5.95,True
ACT-2026-008307,2026-08-29,K13,P-MOB-GSM,PID697891,None,1,1.04,True
ACT-2026-008308,2026-08-29,K13,P-MOB-GSM,PID773312,None,1,1.04,True
ACT-2026-008309,2026-08-29,K13,P-MOB-GSM,PID347384,MNP,1,2.09,True
ACT-2026-008310,2026-08-29,K14,P-MOB-GSM,PID625350,None,1,1.04,True
ACT-2026-008311,2026-08-29,K14,P-MOB-GSM,PID399104,None,1,1.04,True
ACT-2026-008312,2026-08-29,K14,P-MOB-GSM,PID245513,MNP,1,2.09,True
ACT-2026-008313,2026-08-29,K15,P-MOB-GSM,PID653947,None,1,1.04,True
ACT-2026-008314,2026-08-29,K15,P-MOB-OTH,PID315531,None,1,1.57,True
ACT-2026-008315,2026-08-29,K15,P-MOB-GSM,PID502524,MNP,1,2.09,True
ACT-2026-008316,2026-08-29,K15,P-MOB-GSM,PID215717,MNP,1,2.09,True
ACT-2026-008317,2026-08-29,K16,P-MOB-GSM,PID121459,None,1,1.04,True
ACT-2026-008318,2026-08-29,K16,P-MOB-GSM,PID109518,None,1,1.04,True
ACT-2026-008319,2026-08-29,K16,P-MOB-GSM,PID907190,None,1,1.04,True
ACT-2026-008320,2026-08-29,K17,P-MOB-GSM,PID746124,None,1,1.04,True
ACT-2026-008321,2026-08-29,K17,P-MOB-GSM,PID825286,None,1,1.04,True
ACT-2026-008322,2026-08-30,K01,P-MOB-GSM,PID524467,MNP,1,2.02,True
ACT-2026-008323,2026-08-30,K01,P-DEV-DEV,PID181620,None,1,4.38,True
ACT-2026-008324,2026-08-30,K01,P-MOB-GSM,PID664415,None,1,1.01,True
ACT-2026-008325,2026-08-30,K01,P-MOB-GSM,PID318763,None,1,1.01,True
ACT-2026-008326,2026-08-30,K01,P-MOB-GSM,PID854585,None,1,1.01,True
ACT-2026-008327,2026-08-30,K01,P-MOB-GSM,PID945127,None,1,1.01,True
ACT-2026-008328,2026-08-30,K01,P-MOB-OTH,PID173816,None,1,1.52,True
ACT-2026-008329,2026-08-30,K02,P-MOB-GSM,PID428615,MNP,1,2.02,True
ACT-2026-008330,2026-08-30,K02,P-MOB-GSM,PID910511,None,1,1.01,True
ACT-2026-008331,2026-08-30,K02,P-MOB-GSM,PID220451,None,1,0.0,False
ACT-2026-008332,2026-08-30,K02,P-MOB-GSM,PID190843,None,1,1.01,True
ACT-2026-008333,2026-08-30,K03,P-MOB-GSM,PID730085,None,1,1.01,True
ACT-2026-008334,2026-08-30,K03,P-MOB-GSM,PID501019,None,1,1.01,True
ACT-2026-008335,2026-08-30,K04,P-MOB-GSM,PID558748,MNP,1,2.02,True
ACT-2026-008336,2026-08-30,K05,P-MOB-GSM,PID260231,None,1,1.01,True
ACT-2026-008337,2026-08-30,K05,P-MOB-GSM,PID966142,None,1,1.01,True
ACT-2026-008338,2026-08-30,K05,P-MOB-GSM,PID805155,None,1,1.01,True
ACT-2026-008339,2026-08-30,K05,P-MOB-GSM,PID448175,None,1,1.01,True
ACT-2026-008340,2026-08-30,K06,P-MOB-GSM,PID355151,None,1,1.01,True
ACT-2026-008341,2026-08-30,K07,P-MOB-GSM,PID843313,None,1,0.97,True
ACT-2026-008342,2026-08-30,K07,P-MOB-GSM,PID103938,None,1,0.97,True
ACT-2026-008343,2026-08-30,K07,P-MOB-GSM,PID985678,None,1,0.97,True
ACT-2026-008344,2026-08-30,K08,P-MOB-GSM,PID239685,None,1,0.97,True
ACT-2026-008345,2026-08-30,K08,P-MOB-GSM,PID473563,MNP,1,1.95,True
ACT-2026-008346,2026-08-30,K08,P-MOB-GSM,PID537213,None,1,0.97,True
ACT-2026-008347,2026-08-30,K09,P-MOB-GSM,PID388951,MNP,1,1.95,True
ACT-2026-008348,2026-08-30,K09,P-MOB-GSM,PID353196,MNP,1,1.95,True
ACT-2026-008349,2026-08-30,K09,P-MOB-GSM,PID914185,MNP,1,1.95,True
ACT-2026-008350,2026-08-30,K09,P-MOB-OTH,PID573975,None,1,1.46,True
ACT-2026-008351,2026-08-30,K10,P-MOB-GSM,PID160338,None,1,0.97,True
ACT-2026-008352,2026-08-30,K10,P-MOB-GSM,PID310341,None,1,0.97,True
ACT-2026-008353,2026-08-30,K11,P-MOB-GSM,PID326603,MNP,1,1.95,True
ACT-2026-008354,2026-08-30,K13,P-DEV-DEV,PID474625,None,1,6.35,True
ACT-2026-008355,2026-08-30,K13,P-MOB-GSM,PID760968,MNP,1,2.09,True
ACT-2026-008356,2026-08-30,K13,P-MOB-OTH,PID331651,None,1,1.57,True
ACT-2026-008357,2026-08-30,K14,P-FIX-WFA,PID666992,None,1,4.02,True
ACT-2026-008358,2026-08-30,K14,P-MOB-GSM,PID583587,None,1,1.04,True
ACT-2026-008359,2026-08-30,K14,P-MOB-GSM,PID466859,None,1,1.04,True
ACT-2026-008360,2026-08-30,K15,P-MOB-GSM,PID478949,None,1,1.04,True
ACT-2026-008361,2026-08-30,K15,P-DIG-SVC,PID904461,None,1,4.99,True
ACT-2026-008362,2026-08-30,K15,P-FIX-BIB,PID408019,None,1,10.04,True
ACT-2026-008363,2026-08-30,K15,P-FIX-BIB,PID925002,None,1,10.04,True
ACT-2026-008364,2026-08-30,K15,P-FIX-WFA,PID880653,None,1,4.02,True
ACT-2026-008365,2026-08-30,K16,P-FIX-BIB,PID823848,None,1,10.04,True
ACT-2026-008366,2026-08-30,K16,P-MOB-GSM,PID576122,None,1,1.04,True
ACT-2026-008367,2026-08-30,K18,P-MOB-GSM,PID392447,None,1,1.04,True
ACT-2026-008368,2026-08-31,K01,P-MOB-GSM,PID181857,None,1,1.01,True
ACT-2026-008369,2026-08-31,K01,P-MOB-GSM,PID775982,None,1,1.01,True
ACT-2026-008370,2026-08-31,K01,P-MOB-GSM,PID732568,None,1,1.01,True
ACT-2026-008371,2026-08-31,K01,P-MOB-GSM,PID148088,None,1,1.01,True
ACT-2026-008372,2026-08-31,K01,P-MOB-OTH,PID559200,None,1,1.52,True
ACT-2026-008373,2026-08-31,K01,P-MOB-GSM,PID124644,None,1,1.01,True
ACT-2026-008374,2026-08-31,K01,P-MOB-GSM,PID613078,None,1,1.01,True
ACT-2026-008375,2026-08-31,K01,P-MOB-GSM,PID270069,None,1,1.01,True
ACT-2026-008376,2026-08-31,K01,P-FIX-FBR,PID257512,None,1,10.92,True
ACT-2026-008377,2026-08-31,K01,P-MOB-GSM,PID829686,None,1,1.01,True
ACT-2026-008378,2026-08-31,K01,P-MOB-GSM,PID169740,None,1,1.01,True
ACT-2026-008379,2026-08-31,K01,P-DIG-SVC,PID321864,None,1,5.58,True
ACT-2026-008380,2026-08-31,K01,P-MOB-GSM,PID163582,MNP,1,2.02,True
ACT-2026-008381,2026-08-31,K01,P-MOB-GSM,PID859098,None,1,1.01,True
ACT-2026-008382,2026-08-31,K01,P-MOB-GSM,PID371322,None,1,1.01,True
ACT-2026-008383,2026-08-31,K01,P-MOB-GSM,PID502025,MNP,1,2.02,True
ACT-2026-008384,2026-08-31,K01,P-MOB-GSM,PID525296,None,1,1.01,True
ACT-2026-008385,2026-08-31,K01,P-MOB-GSM,PID587212,None,1,1.01,True
ACT-2026-008386,2026-08-31,K01,P-MOB-GSM,PID748913,MNP,1,2.02,True
ACT-2026-008387,2026-08-31,K01,P-MOB-GSM,PID754976,None,1,1.01,True
ACT-2026-008388,2026-08-31,K01,P-MOB-GSM,PID267867,MNP,1,2.02,True
ACT-2026-008389,2026-08-31,K01,P-FIX-FBR,PID789943,None,1,10.92,True
ACT-2026-008390,2026-08-31,K01,P-MOB-GSM,PID322307,None,1,1.01,True
ACT-2026-008391,2026-08-31,K02,P-MOB-GSM,PID694944,None,1,1.01,True
ACT-2026-008392,2026-08-31,K02,P-MOB-GSM,PID804232,None,1,1.01,True
ACT-2026-008393,2026-08-31,K02,P-MOB-GSM,PID353319,MNP,1,2.02,True
ACT-2026-008394,2026-08-31,K02,P-MOB-GSM,PID350234,MNP,1,2.02,True
ACT-2026-008395,2026-08-31,K02,P-MOB-GSM,PID898852,None,1,1.01,True
ACT-2026-008396,2026-08-31,K02,P-MOB-GSM,PID474350,None,1,1.01,True
ACT-2026-008397,2026-08-31,K02,P-MOB-GSM,PID557908,None,1,1.01,True
ACT-2026-008398,2026-08-31,K02,P-MOB-GSM,PID555104,None,1,1.01,True
ACT-2026-008399,2026-08-31,K02,P-MOB-OTH,PID977560,None,1,1.52,True
ACT-2026-008400,2026-08-31,K02,P-MOB-GSM,PID240010,None,1,1.01,True
ACT-2026-008401,2026-08-31,K03,P-MOB-GSM,PID480782,None,1,1.01,True
ACT-2026-008402,2026-08-31,K03,P-MOB-GSM,PID115084,MNP,1,2.02,True
ACT-2026-008403,2026-08-31,K03,P-MOB-GSM,PID267289,None,1,1.01,True
ACT-2026-008404,2026-08-31,K03,P-MOB-GSM,PID495116,None,1,1.01,True
ACT-2026-008405,2026-08-31,K03,P-MOB-GSM,PID747155,None,1,1.01,True
ACT-2026-008406,2026-08-31,K03,P-MOB-GSM,PID268852,None,1,1.01,True
ACT-2026-008407,2026-08-31,K03,P-MOB-GSM,PID886033,None,1,1.01,True
ACT-2026-008408,2026-08-31,K03,P-MOB-GSM,PID357833,None,1,1.01,True
ACT-2026-008409,2026-08-31,K03,P-MOB-GSM,PID429007,MNP,1,2.02,True
ACT-2026-008410,2026-08-31,K03,P-MOB-GSM,PID770911,None,1,1.01,True
ACT-2026-008411,2026-08-31,K03,P-MOB-GSM,PID732727,None,1,1.01,True
ACT-2026-008412,2026-08-31,K04,P-MOB-GSM,PID721237,None,1,1.01,True
ACT-2026-008413,2026-08-31,K04,P-MOB-GSM,PID820639,None,1,1.01,True
ACT-2026-008414,2026-08-31,K04,P-MOB-GSM,PID131636,None,1,1.01,True
ACT-2026-008415,2026-08-31,K04,P-MOB-GSM,PID808361,None,1,1.01,True
ACT-2026-008416,2026-08-31,K04,P-MOB-GSM,PID769715,None,1,1.01,True
ACT-2026-008417,2026-08-31,K04,P-MOB-GSM,PID302863,None,1,1.01,True
ACT-2026-008418,2026-08-31,K04,P-MOB-GSM,PID448562,None,1,1.01,True
ACT-2026-008419,2026-08-31,K04,P-MOB-GSM,PID356079,None,1,1.01,True
ACT-2026-008420,2026-08-31,K04,P-MOB-GSM,PID866317,MNP,1,2.02,True
ACT-2026-008421,2026-08-31,K04,P-DIG-SVC,PID945288,None,1,5.58,True
ACT-2026-008422,2026-08-31,K04,P-MOB-GSM,PID882987,MNP,1,2.02,True
ACT-2026-008423,2026-08-31,K04,P-MOB-GSM,PID113308,None,1,1.01,True
ACT-2026-008424,2026-08-31,K04,P-MOB-GSM,PID615121,None,1,1.01,True
ACT-2026-008425,2026-08-31,K04,P-MOB-GSM,PID784070,MNP,1,2.02,True
ACT-2026-008426,2026-08-31,K04,P-MOB-GSM,PID774837,None,1,1.01,True
ACT-2026-008427,2026-08-31,K05,P-MOB-GSM,PID837078,None,1,1.01,True
ACT-2026-008428,2026-08-31,K05,P-MOB-GSM,PID326588,None,1,1.01,True
ACT-2026-008429,2026-08-31,K05,P-MOB-GSM,PID304046,None,1,1.01,True
ACT-2026-008430,2026-08-31,K05,P-FIX-FBR,PID495547,None,1,10.92,True
ACT-2026-008431,2026-08-31,K05,P-MOB-GSM,PID289403,None,1,1.01,True
ACT-2026-008432,2026-08-31,K05,P-MOB-GSM,PID989108,None,1,1.01,True
ACT-2026-008433,2026-08-31,K05,P-MOB-GSM,PID523784,None,1,1.01,True
ACT-2026-008434,2026-08-31,K05,P-MOB-GSM,PID424799,None,1,1.01,True
ACT-2026-008435,2026-08-31,K05,P-MOB-GSM,PID882758,None,1,1.01,True
ACT-2026-008436,2026-08-31,K05,P-FIX-FBR,PID587917,None,1,10.92,True
ACT-2026-008437,2026-08-31,K06,P-MOB-GSM,PID108636,None,1,1.01,True
ACT-2026-008438,2026-08-31,K06,P-MOB-GSM,PID431943,None,1,1.01,True
ACT-2026-008439,2026-08-31,K06,P-MOB-GSM,PID119263,None,1,1.01,True
ACT-2026-008440,2026-08-31,K06,P-MOB-GSM,PID883277,None,1,1.01,True
ACT-2026-008441,2026-08-31,K06,P-MOB-OTH,PID326992,None,1,1.52,True
ACT-2026-008442,2026-08-31,K06,P-FIX-WFA,PID956040,None,1,6.55,True
ACT-2026-008443,2026-08-31,K06,P-MOB-GSM,PID113037,None,1,1.01,True
ACT-2026-008444,2026-08-31,K07,P-DIG-SVC,PID403212,None,1,5.73,True
ACT-2026-008445,2026-08-31,K07,P-MOB-GSM,PID658593,None,1,0.97,True
ACT-2026-008446,2026-08-31,K07,P-MOB-GSM,PID403056,MNP,1,1.95,True
ACT-2026-008447,2026-08-31,K07,P-MOB-GSM,PID465818,None,1,0.97,True
ACT-2026-008448,2026-08-31,K07,P-MOB-GSM,PID983301,None,1,0.97,True
ACT-2026-008449,2026-08-31,K07,P-MOB-GSM,PID461140,None,1,0.97,True
ACT-2026-008450,2026-08-31,K07,P-MOB-GSM,PID762290,None,1,0.97,True
ACT-2026-008451,2026-08-31,K07,P-MOB-GSM,PID107675,None,1,0.97,True
ACT-2026-008452,2026-08-31,K07,P-FIX-FBR,PID110534,None,1,9.91,True
ACT-2026-008453,2026-08-31,K07,P-DIG-SVC,PID883533,None,1,5.73,True
ACT-2026-008454,2026-08-31,K07,P-MOB-GSM,PID683933,None,1,0.97,True
ACT-2026-008455,2026-08-31,K07,P-MOB-GSM,PID829192,None,1,0.97,True
ACT-2026-008456,2026-08-31,K07,P-MOB-GSM,PID599672,None,1,0.97,True
ACT-2026-008457,2026-08-31,K08,P-MOB-GSM,PID405790,None,1,0.97,True
ACT-2026-008458,2026-08-31,K08,P-MOB-GSM,PID945240,None,1,0.97,True
ACT-2026-008459,2026-08-31,K08,P-MOB-GSM,PID682497,None,1,0.97,True
ACT-2026-008460,2026-08-31,K08,P-MOB-GSM,PID922018,None,1,0.97,True
ACT-2026-008461,2026-08-31,K08,P-MOB-GSM,PID388509,None,1,0.97,True
ACT-2026-008462,2026-08-31,K08,P-MOB-GSM,PID517247,None,1,0.97,True
ACT-2026-008463,2026-08-31,K08,P-MOB-GSM,PID805343,MNP,1,1.95,True
ACT-2026-008464,2026-08-31,K08,P-MOB-GSM,PID398115,MNP,1,1.95,True
ACT-2026-008465,2026-08-31,K08,P-MOB-GSM,PID396460,None,1,0.97,True
ACT-2026-008466,2026-08-31,K08,P-MOB-GSM,PID674943,None,1,0.97,True
ACT-2026-008467,2026-08-31,K08,P-DEV-DEV,PID239844,None,1,5.73,True
ACT-2026-008468,2026-08-31,K08,P-MOB-GSM,PID535459,None,1,0.97,True
ACT-2026-008469,2026-08-31,K08,P-MOB-GSM,PID126487,None,1,0.97,True
ACT-2026-008470,2026-08-31,K08,P-MOB-GSM,PID281567,None,1,0.97,True
ACT-2026-008471,2026-08-31,K08,P-MOB-GSM,PID340564,None,1,0.97,True
ACT-2026-008472,2026-08-31,K09,P-MOB-GSM,PID489084,None,1,0.97,True
ACT-2026-008473,2026-08-31,K09,P-MOB-GSM,PID963745,None,1,0.97,True
ACT-2026-008474,2026-08-31,K09,P-MOB-GSM,PID231189,None,1,0.97,True
ACT-2026-008475,2026-08-31,K09,P-MOB-GSM,PID223409,MNP,1,1.95,True
ACT-2026-008476,2026-08-31,K09,P-MOB-GSM,PID776592,MNP,1,1.95,True
ACT-2026-008477,2026-08-31,K09,P-MOB-GSM,PID973861,None,1,0.97,True
ACT-2026-008478,2026-08-31,K09,P-MOB-GSM,PID898038,None,1,0.97,True
ACT-2026-008479,2026-08-31,K09,P-MOB-GSM,PID857030,None,1,0.97,True
ACT-2026-008480,2026-08-31,K09,P-MOB-GSM,PID734253,None,1,0.97,True
ACT-2026-008481,2026-08-31,K09,P-MOB-GSM,PID795815,None,1,0.97,True
ACT-2026-008482,2026-08-31,K09,P-MOB-GSM,PID563481,MNP,1,1.95,True
ACT-2026-008483,2026-08-31,K09,P-DIG-SVC,PID244670,None,1,5.73,True
ACT-2026-008484,2026-08-31,K09,P-MOB-GSM,PID736944,None,1,0.97,True
ACT-2026-008485,2026-08-31,K09,P-FIX-WFA,PID609453,FNP,1,5.95,True
ACT-2026-008486,2026-08-31,K09,P-MOB-OTH,PID244414,None,1,1.46,True
ACT-2026-008487,2026-08-31,K10,P-MOB-GSM,PID965884,None,1,0.97,True
ACT-2026-008488,2026-08-31,K10,P-MOB-GSM,PID238972,None,1,0.97,True
ACT-2026-008489,2026-08-31,K10,P-DIG-SVC,PID663488,None,1,5.73,True
ACT-2026-008490,2026-08-31,K10,P-MOB-GSM,PID822833,MNP,1,1.95,True
ACT-2026-008491,2026-08-31,K10,P-MOB-GSM,PID927606,None,1,0.97,True
ACT-2026-008492,2026-08-31,K10,P-MOB-GSM,PID483158,None,1,0.97,True
ACT-2026-008493,2026-08-31,K11,P-MOB-GSM,PID752835,MNP,1,1.95,True
ACT-2026-008494,2026-08-31,K11,P-MOB-GSM,PID507029,MNP,1,1.95,True
ACT-2026-008495,2026-08-31,K11,P-MOB-GSM,PID618563,None,1,0.97,True
ACT-2026-008496,2026-08-31,K11,P-FIX-FBR,PID319432,FNP,1,9.91,True
ACT-2026-008497,2026-08-31,K11,P-MOB-GSM,PID260184,None,1,0.97,True
ACT-2026-008498,2026-08-31,K11,P-MOB-GSM,PID697426,None,1,0.97,True
ACT-2026-008499,2026-08-31,K11,P-FIX-FBR,PID591970,None,1,9.91,True
ACT-2026-008500,2026-08-31,K12,P-MOB-OTH,PID764899,None,1,1.46,True
ACT-2026-008501,2026-08-31,K12,P-MOB-GSM,PID466471,MNP,1,1.95,True
ACT-2026-008502,2026-08-31,K12,P-MOB-GSM,PID450339,None,1,0.97,True
ACT-2026-008503,2026-08-31,K12,P-MOB-GSM,PID135346,None,1,0.0,False
ACT-2026-008504,2026-08-31,K12,P-MOB-GSM,PID850478,None,1,0.97,True
ACT-2026-008505,2026-08-31,K12,P-MOB-GSM,PID937238,MNP,1,1.95,True
ACT-2026-008506,2026-08-31,K13,P-MOB-GSM,PID517715,MNP,1,2.09,True
ACT-2026-008507,2026-08-31,K13,P-FIX-FBR,PID439636,None,1,6.69,True
ACT-2026-008508,2026-08-31,K13,P-MOB-GSM,PID273387,MNP,1,2.09,True
ACT-2026-008509,2026-08-31,K13,P-MOB-GSM,PID988592,None,1,1.04,True
ACT-2026-008510,2026-08-31,K13,P-DEV-DEV,PID967882,None,1,6.35,True
ACT-2026-008511,2026-08-31,K13,P-MOB-GSM,PID935802,None,1,1.04,True
ACT-2026-008512,2026-08-31,K13,P-MOB-GSM,PID555348,None,1,1.04,True
ACT-2026-008513,2026-08-31,K13,P-MOB-GSM,PID627345,MNP,1,2.09,True
ACT-2026-008514,2026-08-31,K13,P-MOB-GSM,PID267638,None,1,1.04,True
ACT-2026-008515,2026-08-31,K13,P-MOB-GSM,PID240311,None,1,1.04,True
ACT-2026-008516,2026-08-31,K13,P-MOB-GSM,PID527279,MNP,1,2.09,True
ACT-2026-008517,2026-08-31,K13,P-MOB-GSM,PID710953,None,1,1.04,True
ACT-2026-008518,2026-08-31,K13,P-MOB-GSM,PID710015,MNP,1,2.09,True
ACT-2026-008519,2026-08-31,K13,P-FIX-WFA,PID824488,None,1,4.02,True
ACT-2026-008520,2026-08-31,K13,P-MOB-GSM,PID869434,None,1,1.04,True
ACT-2026-008521,2026-08-31,K13,P-MOB-GSM,PID650652,None,1,1.04,True
ACT-2026-008522,2026-08-31,K14,P-MOB-GSM,PID325412,None,1,1.04,True
ACT-2026-008523,2026-08-31,K14,P-MOB-GSM,PID735193,None,1,1.04,True
ACT-2026-008524,2026-08-31,K14,P-MOB-GSM,PID397918,None,1,1.04,True
ACT-2026-008525,2026-08-31,K14,P-MOB-GSM,PID347843,None,1,1.04,True
ACT-2026-008526,2026-08-31,K14,P-DEV-DEV,PID598159,None,1,6.35,True
ACT-2026-008527,2026-08-31,K14,P-MOB-GSM,PID298743,None,1,1.04,True
ACT-2026-008528,2026-08-31,K14,P-MOB-GSM,PID313266,None,1,1.04,True
ACT-2026-008529,2026-08-31,K15,P-MOB-GSM,PID196385,None,1,1.04,True
ACT-2026-008530,2026-08-31,K15,P-MOB-GSM,PID101569,None,1,1.04,True
ACT-2026-008531,2026-08-31,K15,P-MOB-GSM,PID320297,MNP,1,2.09,True
ACT-2026-008532,2026-08-31,K15,P-MOB-GSM,PID398986,None,1,1.04,True
ACT-2026-008533,2026-08-31,K15,P-FIX-FBR,PID803822,None,1,6.69,True
ACT-2026-008534,2026-08-31,K15,P-MOB-GSM,PID572906,None,1,1.04,True
ACT-2026-008535,2026-08-31,K15,P-MOB-OTH,PID609946,None,1,1.57,True
ACT-2026-008536,2026-08-31,K15,P-MOB-GSM,PID577564,None,1,1.04,True
ACT-2026-008537,2026-08-31,K16,P-FIX-FBR,PID306663,None,1,6.69,True
ACT-2026-008538,2026-08-31,K16,P-MOB-GSM,PID142413,None,1,1.04,True
ACT-2026-008539,2026-08-31,K16,P-MOB-GSM,PID833623,None,1,1.04,True
ACT-2026-008540,2026-08-31,K16,P-MOB-GSM,PID823791,None,1,1.04,True
ACT-2026-008541,2026-08-31,K16,P-MOB-GSM,PID116749,None,1,1.04,True
ACT-2026-008542,2026-08-31,K16,P-MOB-GSM,PID622566,None,1,1.04,True
ACT-2026-008543,2026-08-31,K16,P-MOB-GSM,PID321159,None,1,1.04,True
ACT-2026-008544,2026-08-31,K17,P-FIX-FBR,PID897121,None,1,6.69,True
ACT-2026-008545,2026-08-31,K17,P-MOB-GSM,PID271697,None,1,1.04,True
ACT-2026-008546,2026-08-31,K17,P-MOB-GSM,PID207361,None,1,1.04,True
ACT-2026-008547,2026-08-31,K18,P-MOB-GSM,PID410520,None,1,1.04,True
ACT-2026-008548,2026-08-31,K18,P-MOB-GSM,PID224294,None,1,1.04,True
ACT-2026-008549,2026-08-31,K18,P-MOB-GSM,PID866881,None,1,1.04,True
ACT-2026-008550,2026-08-31,K18,P-MOB-GSM,PID589917,None,1,1.04,True
ACT-2026-008551,2026-09-01,K01,P-MOB-GSM,PID137566,None,1,1.08,True
ACT-2026-008552,2026-09-01,K01,P-MOB-GSM,PID807812,None,1,1.08,True
ACT-2026-008553,2026-09-01,K01,P-MOB-GSM,PID550906,MNP,1,2.16,True
ACT-2026-008554,2026-09-01,K01,P-MOB-GSM,PID999921,None,1,1.08,True
ACT-2026-008555,2026-09-01,K01,P-MOB-GSM,PID144540,None,1,1.08,True
ACT-2026-008556,2026-09-01,K01,P-DEV-DEV,PID492365,None,1,4.27,True
ACT-2026-008557,2026-09-01,K01,P-MOB-GSM,PID239904,MNP,1,2.16,True
ACT-2026-008558,2026-09-01,K01,P-MOB-GSM,PID265936,None,1,1.08,True
ACT-2026-008559,2026-09-01,K01,P-MOB-GSM,PID758937,None,1,1.08,True
ACT-2026-008560,2026-09-01,K01,P-MOB-GSM,PID180603,None,1,1.08,True
ACT-2026-008561,2026-09-01,K01,P-MOB-OTH,PID949444,None,1,1.62,True
ACT-2026-008562,2026-09-01,K01,P-MOB-GSM,PID205514,None,1,1.08,True
ACT-2026-008563,2026-09-01,K01,P-MOB-GSM,PID313038,None,1,1.08,True
ACT-2026-008564,2026-09-01,K01,P-MOB-GSM,PID422411,MNP,1,2.16,True
ACT-2026-008565,2026-09-01,K01,P-FIX-FBR,PID862272,None,1,10.73,True
ACT-2026-008566,2026-09-01,K01,P-MOB-GSM,PID636493,MNP,1,2.16,True
ACT-2026-008567,2026-09-01,K01,P-MOB-GSM,PID405837,MNP,1,2.16,True
ACT-2026-008568,2026-09-01,K01,P-FIX-FBR,PID413884,FNP,1,10.73,True
ACT-2026-008569,2026-09-01,K01,P-MOB-GSM,PID145066,None,1,1.08,True
ACT-2026-008570,2026-09-01,K01,P-MOB-GSM,PID428296,None,1,1.08,True
ACT-2026-008571,2026-09-01,K01,P-FIX-FBR,PID302737,FNP,1,10.73,True
ACT-2026-008572,2026-09-01,K01,P-MOB-GSM,PID488327,None,1,0.0,False
ACT-2026-008573,2026-09-01,K01,P-FIX-BIB,PID959120,None,1,16.1,True
ACT-2026-008574,2026-09-01,K01,P-MOB-GSM,PID159738,None,1,1.08,True
ACT-2026-008575,2026-09-01,K01,P-MOB-GSM,PID245989,None,1,1.08,True
ACT-2026-008576,2026-09-01,K01,P-MOB-GSM,PID993446,None,1,1.08,True
ACT-2026-008577,2026-09-01,K01,P-MOB-GSM,PID321734,None,1,1.08,True
ACT-2026-008578,2026-09-01,K01,P-MOB-GSM,PID712044,None,1,1.08,True
ACT-2026-008579,2026-09-01,K01,P-MOB-GSM,PID880835,None,1,1.08,True
ACT-2026-008580,2026-09-01,K01,P-MOB-GSM,PID943945,None,1,1.08,True
ACT-2026-008581,2026-09-01,K01,P-MOB-GSM,PID841416,None,1,1.08,True
ACT-2026-008582,2026-09-01,K01,P-MOB-GSM,PID684873,None,1,1.08,True
ACT-2026-008583,2026-09-01,K01,P-MOB-GSM,PID466543,None,1,1.08,True
ACT-2026-008584,2026-09-01,K01,P-MOB-GSM,PID754445,None,1,1.08,True
ACT-2026-008585,2026-09-01,K01,P-FIX-FBR,PID616698,None,1,10.73,True
ACT-2026-008586,2026-09-01,K01,P-MOB-GSM,PID702693,None,1,1.08,True
ACT-2026-008587,2026-09-01,K01,P-MOB-GSM,PID742775,None,1,1.08,True
ACT-2026-008588,2026-09-01,K01,P-MOB-GSM,PID690670,None,1,1.08,True
ACT-2026-008589,2026-09-01,K01,P-MOB-GSM,PID360037,None,1,1.08,True
ACT-2026-008590,2026-09-01,K01,P-FIX-FBR,PID301516,None,1,10.73,True
ACT-2026-008591,2026-09-01,K01,P-MOB-GSM,PID127502,None,1,1.08,True
ACT-2026-008592,2026-09-01,K01,P-MOB-GSM,PID481600,None,1,1.08,True
ACT-2026-008593,2026-09-01,K01,P-MOB-GSM,PID566983,None,1,1.08,True
ACT-2026-008594,2026-09-01,K01,P-MOB-GSM,PID809159,MNP,1,2.16,True
ACT-2026-008595,2026-09-01,K01,P-MOB-GSM,PID247718,None,1,1.08,True
ACT-2026-008596,2026-09-01,K01,P-MOB-GSM,PID154016,None,1,1.08,True
ACT-2026-008597,2026-09-01,K01,P-DEV-DEV,PID810192,None,1,4.27,True
ACT-2026-008598,2026-09-01,K01,P-MOB-GSM,PID352012,None,1,1.08,True
ACT-2026-008599,2026-09-01,K01,P-MOB-GSM,PID959633,None,1,1.08,True
ACT-2026-008600,2026-09-01,K01,P-DIG-SVC,PID874030,None,1,5.78,True
ACT-2026-008601,2026-09-01,K01,P-DEV-DEV,PID965443,None,1,4.27,True
ACT-2026-008602,2026-09-01,K01,P-DEV-DEV,PID738323,None,1,4.27,True
ACT-2026-008603,2026-09-01,K01,P-MOB-GSM,PID318859,MNP,1,2.16,True
ACT-2026-008604,2026-09-01,K01,P-FIX-BIB,PID258506,None,1,16.1,True
ACT-2026-008605,2026-09-01,K01,P-MOB-GSM,PID484141,None,1,1.08,True
ACT-2026-008606,2026-09-01,K01,P-MOB-GSM,PID728165,None,1,1.08,True
ACT-2026-008607,2026-09-01,K01,P-MOB-GSM,PID143417,None,1,1.08,True
ACT-2026-008608,2026-09-01,K01,P-MOB-GSM,PID353005,MNP,1,2.16,True
ACT-2026-008609,2026-09-01,K02,P-MOB-GSM,PID544636,None,1,1.08,True
ACT-2026-008610,2026-09-01,K02,P-MOB-OTH,PID423735,None,1,1.62,True
ACT-2026-008611,2026-09-01,K02,P-MOB-GSM,PID434573,None,1,1.08,True
ACT-2026-008612,2026-09-01,K02,P-MOB-GSM,PID232264,MNP,1,2.16,True
ACT-2026-008613,2026-09-01,K02,P-MOB-GSM,PID692773,None,1,1.08,True
ACT-2026-008614,2026-09-01,K02,P-MOB-GSM,PID832726,None,1,1.08,True
ACT-2026-008615,2026-09-01,K02,P-MOB-GSM,PID141840,MNP,1,2.16,True
ACT-2026-008616,2026-09-01,K02,P-MOB-GSM,PID746623,None,1,1.08,True
ACT-2026-008617,2026-09-01,K02,P-MOB-GSM,PID642340,None,1,1.08,True
ACT-2026-008618,2026-09-01,K02,P-MOB-GSM,PID967428,MNP,1,2.16,True
ACT-2026-008619,2026-09-01,K02,P-MOB-GSM,PID871896,None,1,1.08,True
ACT-2026-008620,2026-09-01,K02,P-MOB-GSM,PID508471,None,1,1.08,True
ACT-2026-008621,2026-09-01,K02,P-MOB-GSM,PID398529,None,1,1.08,True
ACT-2026-008622,2026-09-01,K02,P-FIX-BIB,PID273729,None,1,16.1,True
ACT-2026-008623,2026-09-01,K02,P-MOB-GSM,PID689300,None,1,1.08,True
ACT-2026-008624,2026-09-01,K02,P-MOB-GSM,PID246365,None,1,1.08,True
ACT-2026-008625,2026-09-01,K02,P-DEV-DEV,PID222257,None,1,4.27,True
ACT-2026-008626,2026-09-01,K02,P-MOB-GSM,PID757193,None,1,1.08,True
ACT-2026-008627,2026-09-01,K02,P-MOB-GSM,PID234526,None,1,1.08,True
ACT-2026-008628,2026-09-01,K02,P-MOB-GSM,PID138020,None,1,1.08,True
ACT-2026-008629,2026-09-01,K02,P-MOB-GSM,PID938217,None,1,1.08,True
ACT-2026-008630,2026-09-01,K02,P-MOB-GSM,PID471087,None,1,1.08,True
ACT-2026-008631,2026-09-01,K02,P-MOB-GSM,PID242666,None,1,1.08,True
ACT-2026-008632,2026-09-01,K02,P-MOB-GSM,PID109798,None,1,1.08,True
ACT-2026-008633,2026-09-01,K02,P-MOB-GSM,PID934897,None,1,1.08,True
ACT-2026-008634,2026-09-01,K02,P-MOB-GSM,PID555057,None,1,1.08,True
ACT-2026-008635,2026-09-01,K02,P-MOB-GSM,PID221694,MNP,1,2.16,True
ACT-2026-008636,2026-09-01,K02,P-MOB-GSM,PID965067,None,1,1.08,True
ACT-2026-008637,2026-09-01,K02,P-MOB-GSM,PID978118,None,1,1.08,True
ACT-2026-008638,2026-09-01,K02,P-MOB-GSM,PID808715,None,1,1.08,True
ACT-2026-008639,2026-09-01,K02,P-MOB-GSM,PID467611,None,1,1.08,True
ACT-2026-008640,2026-09-01,K02,P-MOB-GSM,PID327638,None,1,1.08,True
ACT-2026-008641,2026-09-01,K02,P-MOB-GSM,PID329534,None,1,1.08,True
ACT-2026-008642,2026-09-01,K02,P-MOB-OTH,PID925718,None,1,1.62,True
ACT-2026-008643,2026-09-01,K02,P-MOB-GSM,PID471159,None,1,1.08,True
ACT-2026-008644,2026-09-01,K02,P-FIX-BIB,PID545862,None,1,16.1,True
ACT-2026-008645,2026-09-01,K02,P-FIX-FBR,PID211170,None,1,10.73,True
ACT-2026-008646,2026-09-01,K02,P-MOB-GSM,PID808627,None,1,1.08,True
ACT-2026-008647,2026-09-01,K02,P-MOB-GSM,PID905115,MNP,1,2.16,True
ACT-2026-008648,2026-09-01,K02,P-MOB-OTH,PID911807,None,1,1.62,True
ACT-2026-008649,2026-09-01,K02,P-MOB-GSM,PID130382,None,1,1.08,True
ACT-2026-008650,2026-09-01,K02,P-MOB-GSM,PID945866,None,1,1.08,True
ACT-2026-008651,2026-09-01,K02,P-MOB-GSM,PID637657,None,1,1.08,True
ACT-2026-008652,2026-09-01,K02,P-FIX-WFA,PID992629,None,1,6.44,True
ACT-2026-008653,2026-09-01,K02,P-MOB-GSM,PID787770,None,1,1.08,True
ACT-2026-008654,2026-09-01,K02,P-MOB-GSM,PID721436,None,1,1.08,True
ACT-2026-008655,2026-09-01,K02,P-MOB-GSM,PID919435,None,1,1.08,True
ACT-2026-008656,2026-09-01,K02,P-MOB-GSM,PID325544,None,1,1.08,True
ACT-2026-008657,2026-09-01,K02,P-MOB-GSM,PID435366,None,1,1.08,True
ACT-2026-008658,2026-09-01,K03,P-MOB-GSM,PID151061,MNP,1,2.16,True
ACT-2026-008659,2026-09-01,K03,P-MOB-GSM,PID545276,MNP,1,2.16,True
ACT-2026-008660,2026-09-01,K03,P-MOB-GSM,PID762471,None,1,1.08,True
ACT-2026-008661,2026-09-01,K03,P-MOB-GSM,PID654534,None,1,1.08,True
ACT-2026-008662,2026-09-01,K03,P-MOB-GSM,PID538968,None,1,1.08,True
ACT-2026-008663,2026-09-01,K03,P-MOB-GSM,PID951267,None,1,1.08,True
ACT-2026-008664,2026-09-01,K03,P-MOB-GSM,PID617678,None,1,1.08,True
ACT-2026-008665,2026-09-01,K03,P-MOB-GSM,PID473299,MNP,1,2.16,True
ACT-2026-008666,2026-09-01,K03,P-MOB-GSM,PID878860,MNP,1,2.16,True
ACT-2026-008667,2026-09-01,K03,P-MOB-GSM,PID550613,None,1,1.08,True
ACT-2026-008668,2026-09-01,K03,P-MOB-GSM,PID722256,MNP,1,2.16,True
ACT-2026-008669,2026-09-01,K03,P-MOB-GSM,PID676039,None,1,1.08,True
ACT-2026-008670,2026-09-01,K03,P-MOB-GSM,PID232116,None,1,1.08,True
ACT-2026-008671,2026-09-01,K03,P-MOB-GSM,PID719637,None,1,1.08,True
ACT-2026-008672,2026-09-01,K03,P-MOB-OTH,PID721285,None,1,1.62,True
ACT-2026-008673,2026-09-01,K03,P-MOB-GSM,PID846287,MNP,1,2.16,True
ACT-2026-008674,2026-09-01,K03,P-MOB-GSM,PID996857,MNP,1,2.16,True
ACT-2026-008675,2026-09-01,K03,P-MOB-GSM,PID904879,MNP,1,2.16,True
ACT-2026-008676,2026-09-01,K03,P-MOB-GSM,PID657981,None,1,1.08,True
ACT-2026-008677,2026-09-01,K03,P-MOB-OTH,PID939583,None,1,1.62,True
ACT-2026-008678,2026-09-01,K03,P-MOB-GSM,PID282940,MNP,1,2.16,True
ACT-2026-008679,2026-09-01,K03,P-MOB-GSM,PID594787,None,1,1.08,True
ACT-2026-008680,2026-09-01,K03,P-DEV-DEV,PID314040,None,1,4.27,True
ACT-2026-008681,2026-09-01,K03,P-DIG-SVC,PID528226,None,1,5.78,True
ACT-2026-008682,2026-09-01,K03,P-MOB-GSM,PID531627,MNP,1,2.16,True
ACT-2026-008683,2026-09-01,K03,P-FIX-FBR,PID429708,None,1,10.73,True
ACT-2026-008684,2026-09-01,K03,P-DIG-SVC,PID883865,None,1,5.78,True
ACT-2026-008685,2026-09-01,K03,P-MOB-GSM,PID376021,None,1,1.08,True
ACT-2026-008686,2026-09-01,K03,P-MOB-GSM,PID128758,None,1,1.08,True
ACT-2026-008687,2026-09-01,K03,P-MOB-GSM,PID991146,None,1,1.08,True
ACT-2026-008688,2026-09-01,K03,P-MOB-GSM,PID104374,None,1,1.08,True
ACT-2026-008689,2026-09-01,K03,P-MOB-GSM,PID113625,None,1,0.0,False
ACT-2026-008690,2026-09-01,K03,P-MOB-GSM,PID699400,None,1,1.08,True
ACT-2026-008691,2026-09-01,K03,P-MOB-OTH,PID101982,None,1,1.62,True
ACT-2026-008692,2026-09-01,K03,P-MOB-GSM,PID757469,None,1,1.08,True
ACT-2026-008693,2026-09-01,K03,P-MOB-OTH,PID628177,None,1,1.62,True
ACT-2026-008694,2026-09-01,K03,P-MOB-GSM,PID722201,None,1,1.08,True
ACT-2026-008695,2026-09-01,K03,P-MOB-GSM,PID321344,None,1,1.08,True
ACT-2026-008696,2026-09-01,K03,P-MOB-GSM,PID678068,None,1,1.08,True
ACT-2026-008697,2026-09-01,K03,P-MOB-GSM,PID473639,MNP,1,2.16,True
ACT-2026-008698,2026-09-01,K03,P-FIX-FBR,PID393568,FNP,1,10.73,True
ACT-2026-008699,2026-09-01,K03,P-MOB-GSM,PID249280,MNP,1,2.16,True
ACT-2026-008700,2026-09-01,K03,P-FIX-WFA,PID282952,None,1,6.44,True
ACT-2026-008701,2026-09-01,K03,P-MOB-GSM,PID269683,None,1,1.08,True
ACT-2026-008702,2026-09-01,K04,P-MOB-GSM,PID520703,None,1,1.08,True
ACT-2026-008703,2026-09-01,K04,P-MOB-GSM,PID662415,None,1,1.08,True
ACT-2026-008704,2026-09-01,K04,P-MOB-GSM,PID890151,MNP,1,2.16,True
ACT-2026-008705,2026-09-01,K04,P-FIX-FBR,PID586519,None,1,10.73,True
ACT-2026-008706,2026-09-01,K04,P-MOB-OTH,PID874932,None,1,1.62,True
ACT-2026-008707,2026-09-01,K04,P-FIX-WFA,PID105133,None,1,6.44,True
ACT-2026-008708,2026-09-01,K04,P-MOB-GSM,PID916261,None,1,1.08,True
ACT-2026-008709,2026-09-01,K04,P-DIG-SVC,PID533383,None,1,5.78,True
ACT-2026-008710,2026-09-01,K04,P-MOB-GSM,PID878940,MNP,1,2.16,True
ACT-2026-008711,2026-09-01,K04,P-MOB-GSM,PID232673,None,1,1.08,True
ACT-2026-008712,2026-09-01,K04,P-MOB-GSM,PID100030,MNP,1,2.16,True
ACT-2026-008713,2026-09-01,K04,P-MOB-GSM,PID999929,None,1,1.08,True
ACT-2026-008714,2026-09-01,K04,P-MOB-GSM,PID968408,None,1,1.08,True
ACT-2026-008715,2026-09-01,K04,P-MOB-GSM,PID599575,None,1,1.08,True
ACT-2026-008716,2026-09-01,K04,P-MOB-GSM,PID858618,None,1,1.08,True
ACT-2026-008717,2026-09-01,K04,P-MOB-GSM,PID634388,MNP,1,2.16,True
ACT-2026-008718,2026-09-01,K04,P-MOB-GSM,PID603205,None,1,1.08,True
ACT-2026-008719,2026-09-01,K04,P-MOB-GSM,PID429066,None,1,1.08,True
ACT-2026-008720,2026-09-01,K04,P-MOB-GSM,PID619855,None,1,1.08,True
ACT-2026-008721,2026-09-01,K04,P-MOB-OTH,PID265464,None,1,1.62,True
ACT-2026-008722,2026-09-01,K04,P-MOB-GSM,PID406735,None,1,1.08,True
ACT-2026-008723,2026-09-01,K04,P-MOB-GSM,PID113306,None,1,1.08,True
ACT-2026-008724,2026-09-01,K04,P-MOB-GSM,PID673864,None,1,1.08,True
ACT-2026-008725,2026-09-01,K04,P-MOB-OTH,PID400186,None,1,1.62,True
ACT-2026-008726,2026-09-01,K04,P-MOB-GSM,PID532367,None,1,1.08,True
ACT-2026-008727,2026-09-01,K04,P-MOB-GSM,PID366365,MNP,1,2.16,True
ACT-2026-008728,2026-09-01,K04,P-MOB-GSM,PID493507,None,1,1.08,True
ACT-2026-008729,2026-09-01,K04,P-MOB-GSM,PID765937,MNP,1,2.16,True
ACT-2026-008730,2026-09-01,K04,P-DEV-DEV,PID871832,None,1,4.27,True
ACT-2026-008731,2026-09-01,K05,P-MOB-GSM,PID651782,None,1,1.08,True
ACT-2026-008732,2026-09-01,K05,P-MOB-GSM,PID144777,MNP,1,2.16,True
ACT-2026-008733,2026-09-01,K05,P-MOB-GSM,PID937561,None,1,1.08,True
ACT-2026-008734,2026-09-01,K05,P-MOB-GSM,PID176067,None,1,1.08,True
ACT-2026-008735,2026-09-01,K05,P-MOB-GSM,PID383085,None,1,1.08,True
ACT-2026-008736,2026-09-01,K05,P-MOB-GSM,PID107076,None,1,1.08,True
ACT-2026-008737,2026-09-01,K05,P-MOB-OTH,PID741974,None,1,1.62,True
ACT-2026-008738,2026-09-01,K05,P-MOB-GSM,PID222545,None,1,1.08,True
ACT-2026-008739,2026-09-01,K05,P-FIX-WFA,PID490074,FNP,1,6.44,True
ACT-2026-008740,2026-09-01,K05,P-MOB-GSM,PID114940,None,1,1.08,True
ACT-2026-008741,2026-09-01,K05,P-MOB-GSM,PID303309,None,1,1.08,True
ACT-2026-008742,2026-09-01,K05,P-MOB-GSM,PID433259,None,1,1.08,True
ACT-2026-008743,2026-09-01,K05,P-MOB-GSM,PID306832,None,1,1.08,True
ACT-2026-008744,2026-09-01,K05,P-MOB-GSM,PID322344,None,1,1.08,True
ACT-2026-008745,2026-09-01,K05,P-MOB-GSM,PID921163,None,1,1.08,True
ACT-2026-008746,2026-09-01,K05,P-MOB-OTH,PID422822,None,1,1.62,True
ACT-2026-008747,2026-09-01,K05,P-MOB-GSM,PID583120,None,1,1.08,True
ACT-2026-008748,2026-09-01,K05,P-MOB-GSM,PID842735,None,1,1.08,True
ACT-2026-008749,2026-09-01,K05,P-MOB-OTH,PID986205,None,1,1.62,True
ACT-2026-008750,2026-09-01,K05,P-MOB-OTH,PID902565,None,1,1.62,True
ACT-2026-008751,2026-09-01,K05,P-MOB-GSM,PID670106,None,1,1.08,True
ACT-2026-008752,2026-09-01,K06,P-MOB-GSM,PID343086,None,1,1.08,True
ACT-2026-008753,2026-09-01,K06,P-MOB-GSM,PID751301,MNP,1,2.16,True
ACT-2026-008754,2026-09-01,K06,P-MOB-GSM,PID278665,None,1,1.08,True
ACT-2026-008755,2026-09-01,K06,P-MOB-GSM,PID874912,MNP,1,2.16,True
ACT-2026-008756,2026-09-01,K06,P-MOB-GSM,PID785620,None,1,1.08,True
ACT-2026-008757,2026-09-01,K06,P-MOB-GSM,PID724181,None,1,0.0,False
ACT-2026-008758,2026-09-01,K06,P-MOB-GSM,PID812728,None,1,1.08,True
ACT-2026-008759,2026-09-01,K06,P-MOB-GSM,PID262507,None,1,1.08,True
ACT-2026-008760,2026-09-01,K06,P-MOB-GSM,PID348904,None,1,1.08,True
ACT-2026-008761,2026-09-01,K06,P-MOB-GSM,PID544377,None,1,1.08,True
ACT-2026-008762,2026-09-01,K06,P-FIX-FBR,PID757093,FNP,1,10.73,True
ACT-2026-008763,2026-09-01,K06,P-MOB-GSM,PID755526,None,1,1.08,True
ACT-2026-008764,2026-09-01,K06,P-MOB-GSM,PID680353,None,1,1.08,True
ACT-2026-008765,2026-09-01,K06,P-MOB-GSM,PID999804,None,1,1.08,True
ACT-2026-008766,2026-09-01,K06,P-MOB-GSM,PID340531,None,1,1.08,True
ACT-2026-008767,2026-09-01,K06,P-MOB-GSM,PID382510,None,1,1.08,True
ACT-2026-008768,2026-09-01,K07,P-DEV-DEV,PID148981,None,1,5.8,True
ACT-2026-008769,2026-09-01,K07,P-MOB-GSM,PID224098,None,1,1.0,True
ACT-2026-008770,2026-09-01,K07,P-MOB-GSM,PID907898,MNP,1,1.99,True
ACT-2026-008771,2026-09-01,K07,P-MOB-GSM,PID801857,None,1,1.0,True
ACT-2026-008772,2026-09-01,K07,P-MOB-GSM,PID928254,None,1,1.0,True
ACT-2026-008773,2026-09-01,K07,P-FIX-FBR,PID779846,None,1,9.72,True
ACT-2026-008774,2026-09-01,K07,P-MOB-GSM,PID826791,None,1,1.0,True
ACT-2026-008775,2026-09-01,K07,P-MOB-GSM,PID254196,None,1,1.0,True
ACT-2026-008776,2026-09-01,K07,P-MOB-GSM,PID363886,None,1,1.0,True
ACT-2026-008777,2026-09-01,K07,P-MOB-GSM,PID872425,MNP,1,1.99,True
ACT-2026-008778,2026-09-01,K07,P-MOB-GSM,PID327076,MNP,1,1.99,True
ACT-2026-008779,2026-09-01,K07,P-DIG-SVC,PID603353,None,1,5.59,True
ACT-2026-008780,2026-09-01,K07,P-MOB-GSM,PID956070,None,1,1.0,True
ACT-2026-008781,2026-09-01,K07,P-MOB-GSM,PID247738,MNP,1,1.99,True
ACT-2026-008782,2026-09-01,K07,P-MOB-GSM,PID395772,None,1,1.0,True
ACT-2026-008783,2026-09-01,K07,P-MOB-GSM,PID420162,None,1,1.0,True
ACT-2026-008784,2026-09-01,K07,P-MOB-GSM,PID520623,None,1,1.0,True
ACT-2026-008785,2026-09-01,K07,P-MOB-GSM,PID308063,None,1,1.0,True
ACT-2026-008786,2026-09-01,K07,P-MOB-GSM,PID754203,None,1,0.0,False
ACT-2026-008787,2026-09-01,K07,P-MOB-GSM,PID473195,None,1,1.0,True
ACT-2026-008788,2026-09-01,K07,P-MOB-GSM,PID414076,None,1,1.0,True
ACT-2026-008789,2026-09-01,K07,P-MOB-GSM,PID157996,None,1,1.0,True
ACT-2026-008790,2026-09-01,K07,P-MOB-GSM,PID738439,None,1,1.0,True
ACT-2026-008791,2026-09-01,K07,P-MOB-GSM,PID360620,None,1,1.0,True
ACT-2026-008792,2026-09-01,K07,P-MOB-GSM,PID727910,None,1,1.0,True
ACT-2026-008793,2026-09-01,K07,P-MOB-GSM,PID270532,None,1,1.0,True
ACT-2026-008794,2026-09-01,K07,P-MOB-GSM,PID964499,None,1,1.0,True
ACT-2026-008795,2026-09-01,K07,P-MOB-GSM,PID645595,MNP,1,1.99,True
ACT-2026-008796,2026-09-01,K07,P-MOB-GSM,PID749547,MNP,1,1.99,True
ACT-2026-008797,2026-09-01,K07,P-FIX-WFA,PID811168,None,1,5.83,True
ACT-2026-008798,2026-09-01,K07,P-MOB-GSM,PID793976,None,1,1.0,True
ACT-2026-008799,2026-09-01,K07,P-MOB-GSM,PID969779,MNP,1,1.99,True
ACT-2026-008800,2026-09-01,K07,P-MOB-GSM,PID521140,MNP,1,1.99,True
ACT-2026-008801,2026-09-01,K07,P-MOB-GSM,PID737147,None,1,1.0,True
ACT-2026-008802,2026-09-01,K07,P-MOB-GSM,PID251235,None,1,1.0,True
ACT-2026-008803,2026-09-01,K07,P-MOB-GSM,PID562483,MNP,1,1.99,True
ACT-2026-008804,2026-09-01,K07,P-MOB-GSM,PID654545,None,1,1.0,True
ACT-2026-008805,2026-09-01,K07,P-DIG-SVC,PID788534,None,1,5.59,True
ACT-2026-008806,2026-09-01,K07,P-MOB-OTH,PID938015,None,1,1.49,True
ACT-2026-008807,2026-09-01,K07,P-MOB-GSM,PID219830,MNP,1,1.99,True
ACT-2026-008808,2026-09-01,K07,P-MOB-GSM,PID311411,None,1,1.0,True
ACT-2026-008809,2026-09-01,K07,P-MOB-GSM,PID318863,MNP,1,1.99,True
ACT-2026-008810,2026-09-01,K07,P-MOB-GSM,PID899948,MNP,1,1.99,True
ACT-2026-008811,2026-09-01,K07,P-MOB-GSM,PID238341,None,1,1.0,True
ACT-2026-008812,2026-09-01,K07,P-MOB-GSM,PID637564,None,1,1.0,True
ACT-2026-008813,2026-09-01,K08,P-MOB-GSM,PID807738,None,1,1.0,True
ACT-2026-008814,2026-09-01,K08,P-DIG-SVC,PID918698,None,1,5.59,True
ACT-2026-008815,2026-09-01,K08,P-MOB-GSM,PID267251,None,1,1.0,True
ACT-2026-008816,2026-09-01,K08,P-MOB-GSM,PID767324,None,1,1.0,True
ACT-2026-008817,2026-09-01,K08,P-MOB-GSM,PID975904,None,1,1.0,True
ACT-2026-008818,2026-09-01,K08,P-MOB-GSM,PID958586,None,1,1.0,True
ACT-2026-008819,2026-09-01,K08,P-MOB-GSM,PID950191,None,1,1.0,True
ACT-2026-008820,2026-09-01,K08,P-MOB-OTH,PID158942,None,1,1.49,True
ACT-2026-008821,2026-09-01,K08,P-MOB-GSM,PID896848,None,1,1.0,True
ACT-2026-008822,2026-09-01,K08,P-MOB-GSM,PID913241,None,1,1.0,True
ACT-2026-008823,2026-09-01,K08,P-FIX-WFA,PID234668,FNP,1,5.83,True
ACT-2026-008824,2026-09-01,K08,P-MOB-GSM,PID463219,None,1,1.0,True
ACT-2026-008825,2026-09-01,K08,P-MOB-GSM,PID583877,None,1,1.0,True
ACT-2026-008826,2026-09-01,K08,P-MOB-GSM,PID728699,None,1,1.0,True
ACT-2026-008827,2026-09-01,K08,P-MOB-GSM,PID947276,None,1,1.0,True
ACT-2026-008828,2026-09-01,K08,P-MOB-GSM,PID998850,MNP,1,1.99,True
ACT-2026-008829,2026-09-01,K08,P-MOB-GSM,PID220673,None,1,1.0,True
ACT-2026-008830,2026-09-01,K08,P-MOB-OTH,PID978668,None,1,1.49,True
ACT-2026-008831,2026-09-01,K08,P-FIX-WFA,PID739156,None,1,5.83,True
ACT-2026-008832,2026-09-01,K08,P-MOB-GSM,PID645642,None,1,1.0,True
ACT-2026-008833,2026-09-01,K08,P-MOB-GSM,PID752400,None,1,1.0,True
ACT-2026-008834,2026-09-01,K08,P-MOB-GSM,PID103493,None,1,1.0,True
ACT-2026-008835,2026-09-01,K08,P-MOB-GSM,PID261178,None,1,1.0,True
ACT-2026-008836,2026-09-01,K08,P-MOB-GSM,PID226486,MNP,1,1.99,True
ACT-2026-008837,2026-09-01,K08,P-MOB-GSM,PID493631,None,1,1.0,True
ACT-2026-008838,2026-09-01,K08,P-MOB-GSM,PID482171,None,1,1.0,True
ACT-2026-008839,2026-09-01,K08,P-MOB-GSM,PID554617,MNP,1,1.99,True
ACT-2026-008840,2026-09-01,K08,P-MOB-GSM,PID707354,None,1,1.0,True
ACT-2026-008841,2026-09-01,K08,P-MOB-GSM,PID773300,None,1,1.0,True
ACT-2026-008842,2026-09-01,K08,P-MOB-GSM,PID924546,None,1,1.0,True
ACT-2026-008843,2026-09-01,K09,P-MOB-GSM,PID396491,None,1,1.0,True
ACT-2026-008844,2026-09-01,K09,P-MOB-GSM,PID339851,MNP,1,1.99,True
ACT-2026-008845,2026-09-01,K09,P-MOB-GSM,PID408366,MNP,1,1.99,True
ACT-2026-008846,2026-09-01,K09,P-MOB-GSM,PID416727,None,1,1.0,True
ACT-2026-008847,2026-09-01,K09,P-MOB-GSM,PID389588,None,1,1.0,True
ACT-2026-008848,2026-09-01,K09,P-MOB-GSM,PID794581,None,1,1.0,True
ACT-2026-008849,2026-09-01,K09,P-MOB-GSM,PID370277,None,1,1.0,True
ACT-2026-008850,2026-09-01,K09,P-MOB-GSM,PID952401,MNP,1,1.99,True
ACT-2026-008851,2026-09-01,K09,P-MOB-GSM,PID742367,None,1,1.0,True
ACT-2026-008852,2026-09-01,K09,P-MOB-OTH,PID735909,None,1,1.49,True
ACT-2026-008853,2026-09-01,K09,P-MOB-GSM,PID133851,None,1,1.0,True
ACT-2026-008854,2026-09-01,K09,P-MOB-GSM,PID122531,None,1,1.0,True
ACT-2026-008855,2026-09-01,K09,P-MOB-GSM,PID106809,None,1,1.0,True
ACT-2026-008856,2026-09-01,K09,P-MOB-GSM,PID617124,MNP,1,1.99,True
ACT-2026-008857,2026-09-01,K09,P-MOB-GSM,PID451121,None,1,1.0,True
ACT-2026-008858,2026-09-01,K09,P-MOB-GSM,PID308881,None,1,1.0,True
ACT-2026-008859,2026-09-01,K09,P-MOB-GSM,PID497984,None,1,1.0,True
ACT-2026-008860,2026-09-01,K09,P-MOB-GSM,PID301290,None,1,1.0,True
ACT-2026-008861,2026-09-01,K09,P-MOB-GSM,PID675346,None,1,1.0,True
ACT-2026-008862,2026-09-01,K09,P-MOB-GSM,PID976395,None,1,1.0,True
ACT-2026-008863,2026-09-01,K09,P-MOB-GSM,PID557222,None,1,1.0,True
ACT-2026-008864,2026-09-01,K09,P-MOB-GSM,PID910137,None,1,1.0,True
ACT-2026-008865,2026-09-01,K09,P-MOB-GSM,PID516583,None,1,1.0,True
ACT-2026-008866,2026-09-01,K09,P-MOB-GSM,PID452379,None,1,1.0,True
ACT-2026-008867,2026-09-01,K09,P-MOB-GSM,PID746227,MNP,1,1.99,True
ACT-2026-008868,2026-09-01,K09,P-MOB-GSM,PID103359,None,1,1.0,True
ACT-2026-008869,2026-09-01,K09,P-MOB-OTH,PID693124,None,1,1.49,True
ACT-2026-008870,2026-09-01,K09,P-MOB-OTH,PID555197,None,1,1.49,True
ACT-2026-008871,2026-09-01,K09,P-MOB-GSM,PID382635,MNP,1,1.99,True
ACT-2026-008872,2026-09-01,K09,P-MOB-GSM,PID551356,None,1,1.0,True
ACT-2026-008873,2026-09-01,K09,P-MOB-GSM,PID840802,MNP,1,1.99,True
ACT-2026-008874,2026-09-01,K09,P-MOB-GSM,PID629775,None,1,1.0,True
ACT-2026-008875,2026-09-01,K09,P-MOB-GSM,PID620903,None,1,1.0,True
ACT-2026-008876,2026-09-01,K09,P-MOB-OTH,PID706013,None,1,1.49,True
ACT-2026-008877,2026-09-01,K09,P-MOB-OTH,PID960436,None,1,1.49,True
ACT-2026-008878,2026-09-01,K10,P-MOB-GSM,PID165847,MNP,1,1.99,True
ACT-2026-008879,2026-09-01,K10,P-MOB-GSM,PID269979,MNP,1,1.99,True
ACT-2026-008880,2026-09-01,K10,P-MOB-OTH,PID165198,None,1,1.49,True
ACT-2026-008881,2026-09-01,K10,P-MOB-GSM,PID830512,None,1,1.0,True
ACT-2026-008882,2026-09-01,K10,P-MOB-GSM,PID731913,None,1,1.0,True
ACT-2026-008883,2026-09-01,K10,P-MOB-GSM,PID313035,None,1,1.0,True
ACT-2026-008884,2026-09-01,K10,P-MOB-GSM,PID276571,None,1,1.0,True
ACT-2026-008885,2026-09-01,K10,P-MOB-GSM,PID980908,MNP,1,1.99,True
ACT-2026-008886,2026-09-01,K10,P-DIG-SVC,PID154714,None,1,5.59,True
ACT-2026-008887,2026-09-01,K10,P-MOB-GSM,PID815037,None,1,1.0,True
ACT-2026-008888,2026-09-01,K10,P-MOB-GSM,PID847101,None,1,1.0,True
ACT-2026-008889,2026-09-01,K10,P-MOB-GSM,PID350728,None,1,1.0,True
ACT-2026-008890,2026-09-01,K10,P-MOB-GSM,PID775265,None,1,1.0,True
ACT-2026-008891,2026-09-01,K10,P-MOB-GSM,PID723979,None,1,1.0,True
ACT-2026-008892,2026-09-01,K10,P-MOB-GSM,PID782552,None,1,1.0,True
ACT-2026-008893,2026-09-01,K10,P-MOB-GSM,PID152725,None,1,1.0,True
ACT-2026-008894,2026-09-01,K10,P-MOB-GSM,PID166458,MNP,1,1.99,True
ACT-2026-008895,2026-09-01,K10,P-MOB-GSM,PID943660,None,1,1.0,True
ACT-2026-008896,2026-09-01,K10,P-MOB-GSM,PID991864,MNP,1,1.99,True
ACT-2026-008897,2026-09-01,K10,P-MOB-GSM,PID816414,None,1,1.0,True
ACT-2026-008898,2026-09-01,K10,P-MOB-GSM,PID893410,None,1,1.0,True
ACT-2026-008899,2026-09-01,K10,P-MOB-GSM,PID602002,None,1,1.0,True
ACT-2026-008900,2026-09-01,K11,P-MOB-GSM,PID293949,MNP,1,1.99,True
ACT-2026-008901,2026-09-01,K11,P-MOB-GSM,PID102459,None,1,1.0,True
ACT-2026-008902,2026-09-01,K11,P-MOB-GSM,PID130604,None,1,1.0,True
ACT-2026-008903,2026-09-01,K11,P-FIX-WFA,PID366702,FNP,1,5.83,True
ACT-2026-008904,2026-09-01,K11,P-FIX-WFA,PID523250,None,1,5.83,True
ACT-2026-008905,2026-09-01,K11,P-MOB-GSM,PID930759,None,1,1.0,True
ACT-2026-008906,2026-09-01,K11,P-MOB-GSM,PID538133,None,1,1.0,True
ACT-2026-008907,2026-09-01,K11,P-MOB-GSM,PID765723,None,1,1.0,True
ACT-2026-008908,2026-09-01,K11,P-MOB-GSM,PID586289,None,1,1.0,True
ACT-2026-008909,2026-09-01,K11,P-MOB-GSM,PID158533,None,1,1.0,True
ACT-2026-008910,2026-09-01,K11,P-MOB-GSM,PID851282,MNP,1,0.0,False
ACT-2026-008911,2026-09-01,K11,P-MOB-OTH,PID932098,None,1,1.49,True
ACT-2026-008912,2026-09-01,K11,P-MOB-GSM,PID379509,None,1,1.0,True
ACT-2026-008913,2026-09-01,K11,P-MOB-GSM,PID861850,None,1,1.0,True
ACT-2026-008914,2026-09-01,K11,P-DIG-SVC,PID427770,None,1,5.59,True
ACT-2026-008915,2026-09-01,K11,P-MOB-GSM,PID859306,None,1,1.0,True
ACT-2026-008916,2026-09-01,K12,P-FIX-FBR,PID325293,FNP,1,9.72,True
ACT-2026-008917,2026-09-01,K12,P-MOB-GSM,PID714517,None,1,1.0,True
ACT-2026-008918,2026-09-01,K12,P-MOB-OTH,PID938726,None,1,1.49,True
ACT-2026-008919,2026-09-01,K12,P-MOB-GSM,PID286249,None,1,1.0,True
ACT-2026-008920,2026-09-01,K12,P-MOB-GSM,PID672149,None,1,1.0,True
ACT-2026-008921,2026-09-01,K12,P-MOB-GSM,PID130840,None,1,1.0,True
ACT-2026-008922,2026-09-01,K12,P-DIG-SVC,PID229751,None,1,5.61,True
ACT-2026-008923,2026-09-01,K12,P-MOB-GSM,PID962869,None,1,1.0,True
ACT-2026-008924,2026-09-01,K13,P-MOB-GSM,PID694374,None,1,1.01,True
ACT-2026-008925,2026-09-01,K13,P-MOB-GSM,PID739069,None,1,1.01,True
ACT-2026-008926,2026-09-01,K13,P-MOB-OTH,PID795827,None,1,1.51,True
ACT-2026-008927,2026-09-01,K13,P-MOB-GSM,PID958007,None,1,1.01,True
ACT-2026-008928,2026-09-01,K13,P-MOB-GSM,PID742302,None,1,1.01,True
ACT-2026-008929,2026-09-01,K13,P-MOB-GSM,PID403739,None,1,1.01,True
ACT-2026-008930,2026-09-01,K13,P-MOB-GSM,PID261595,MNP,1,2.01,True
ACT-2026-008931,2026-09-01,K13,P-MOB-GSM,PID263539,MNP,1,2.01,True
ACT-2026-008932,2026-09-01,K13,P-MOB-GSM,PID884292,None,1,1.01,True
ACT-2026-008933,2026-09-01,K13,P-MOB-GSM,PID569400,None,1,1.01,True
ACT-2026-008934,2026-09-01,K13,P-MOB-OTH,PID514592,None,1,1.51,True
ACT-2026-008935,2026-09-01,K13,P-MOB-GSM,PID409033,None,1,1.01,True
ACT-2026-008936,2026-09-01,K13,P-MOB-GSM,PID691325,None,1,1.01,True
ACT-2026-008937,2026-09-01,K13,P-MOB-GSM,PID699269,None,1,1.01,True
ACT-2026-008938,2026-09-01,K13,P-MOB-GSM,PID466301,None,1,1.01,True
ACT-2026-008939,2026-09-01,K13,P-MOB-GSM,PID461627,None,1,1.01,True
ACT-2026-008940,2026-09-01,K13,P-MOB-GSM,PID438470,None,1,1.01,True
ACT-2026-008941,2026-09-01,K13,P-MOB-GSM,PID832639,None,1,1.01,True
ACT-2026-008942,2026-09-01,K13,P-MOB-GSM,PID303142,None,1,0.0,False
ACT-2026-008943,2026-09-01,K13,P-MOB-GSM,PID459809,None,1,1.01,True
ACT-2026-008944,2026-09-01,K13,P-MOB-GSM,PID163260,MNP,1,2.01,True
ACT-2026-008945,2026-09-01,K13,P-MOB-GSM,PID974130,MNP,1,2.01,True
ACT-2026-008946,2026-09-01,K13,P-MOB-GSM,PID378659,None,1,1.01,True
ACT-2026-008947,2026-09-01,K13,P-MOB-GSM,PID490100,None,1,1.01,True
ACT-2026-008948,2026-09-01,K13,P-DIG-SVC,PID282462,None,1,5.07,True
ACT-2026-008949,2026-09-01,K13,P-MOB-GSM,PID968848,None,1,1.01,True
ACT-2026-008950,2026-09-01,K13,P-MOB-GSM,PID831464,MNP,1,2.01,True
ACT-2026-008951,2026-09-01,K13,P-FIX-WFA,PID134506,None,1,3.82,True
ACT-2026-008952,2026-09-01,K13,P-MOB-GSM,PID642158,None,1,1.01,True
ACT-2026-008953,2026-09-01,K13,P-MOB-GSM,PID865911,None,1,1.01,True
ACT-2026-008954,2026-09-01,K13,P-MOB-GSM,PID470393,None,1,1.01,True
ACT-2026-008955,2026-09-01,K13,P-MOB-GSM,PID179307,None,1,1.01,True
ACT-2026-008956,2026-09-01,K13,P-MOB-GSM,PID578032,None,1,1.01,True
ACT-2026-008957,2026-09-01,K13,P-MOB-GSM,PID823738,None,1,1.01,True
ACT-2026-008958,2026-09-01,K13,P-MOB-GSM,PID279702,None,1,1.01,True
ACT-2026-008959,2026-09-01,K13,P-MOB-OTH,PID732758,None,1,1.51,True
ACT-2026-008960,2026-09-01,K13,P-MOB-GSM,PID796129,MNP,1,2.01,True
ACT-2026-008961,2026-09-01,K13,P-MOB-GSM,PID652490,None,1,1.01,True
ACT-2026-008962,2026-09-01,K13,P-MOB-GSM,PID507194,None,1,1.01,True
ACT-2026-008963,2026-09-01,K13,P-MOB-GSM,PID541247,None,1,1.01,True
ACT-2026-008964,2026-09-01,K13,P-MOB-GSM,PID127603,MNP,1,2.01,True
ACT-2026-008965,2026-09-01,K13,P-MOB-GSM,PID194154,MNP,1,2.01,True
ACT-2026-008966,2026-09-01,K13,P-MOB-GSM,PID903893,None,1,1.01,True
ACT-2026-008967,2026-09-01,K13,P-MOB-GSM,PID732703,None,1,1.01,True
ACT-2026-008968,2026-09-01,K13,P-FIX-WFA,PID468525,None,1,3.82,True
ACT-2026-008969,2026-09-01,K13,P-MOB-GSM,PID163224,None,1,1.01,True
ACT-2026-008970,2026-09-01,K13,P-MOB-GSM,PID845914,None,1,1.01,True
ACT-2026-008971,2026-09-01,K13,P-FIX-BIB,PID174626,None,1,9.56,True
ACT-2026-008972,2026-09-01,K13,P-DEV-DEV,PID585435,None,1,6.3,True
ACT-2026-008973,2026-09-01,K13,P-MOB-GSM,PID419163,None,1,1.01,True
ACT-2026-008974,2026-09-01,K13,P-MOB-GSM,PID509185,MNP,1,2.01,True
ACT-2026-008975,2026-09-01,K13,P-MOB-GSM,PID143671,None,1,1.01,True
ACT-2026-008976,2026-09-01,K13,P-MOB-GSM,PID561872,None,1,1.01,True
ACT-2026-008977,2026-09-01,K13,P-FIX-WFA,PID168328,None,1,3.82,True
ACT-2026-008978,2026-09-01,K13,P-MOB-GSM,PID407628,None,1,1.01,True
ACT-2026-008979,2026-09-01,K13,P-MOB-GSM,PID980693,None,1,1.01,True
ACT-2026-008980,2026-09-01,K13,P-MOB-GSM,PID786212,None,1,1.01,True
ACT-2026-008981,2026-09-01,K14,P-MOB-GSM,PID137441,None,1,1.01,True
ACT-2026-008982,2026-09-01,K14,P-MOB-GSM,PID207101,None,1,1.01,True
ACT-2026-008983,2026-09-01,K14,P-MOB-GSM,PID295023,None,1,1.01,True
ACT-2026-008984,2026-09-01,K14,P-MOB-GSM,PID750355,None,1,1.01,True
ACT-2026-008985,2026-09-01,K14,P-MOB-GSM,PID893916,None,1,1.01,True
ACT-2026-008986,2026-09-01,K14,P-FIX-WFA,PID413075,None,1,3.82,True
ACT-2026-008987,2026-09-01,K14,P-MOB-GSM,PID474096,None,1,1.01,True
ACT-2026-008988,2026-09-01,K14,P-MOB-GSM,PID472403,None,1,1.01,True
ACT-2026-008989,2026-09-01,K14,P-DIG-SVC,PID157165,None,1,5.07,True
ACT-2026-008990,2026-09-01,K14,P-MOB-GSM,PID593844,None,1,1.01,True
ACT-2026-008991,2026-09-01,K14,P-MOB-GSM,PID639909,MNP,1,2.01,True
ACT-2026-008992,2026-09-01,K14,P-MOB-GSM,PID560793,None,1,1.01,True
ACT-2026-008993,2026-09-01,K14,P-MOB-GSM,PID270199,MNP,1,2.01,True
ACT-2026-008994,2026-09-01,K14,P-MOB-GSM,PID749253,MNP,1,2.01,True
ACT-2026-008995,2026-09-01,K14,P-MOB-GSM,PID635886,MNP,1,2.01,True
ACT-2026-008996,2026-09-01,K14,P-DEV-DEV,PID188852,None,1,6.3,True
ACT-2026-008997,2026-09-01,K14,P-MOB-GSM,PID636276,None,1,1.01,True
ACT-2026-008998,2026-09-01,K14,P-MOB-GSM,PID956907,None,1,1.01,True
ACT-2026-008999,2026-09-01,K14,P-MOB-GSM,PID972234,None,1,1.01,True
ACT-2026-009000,2026-09-01,K14,P-MOB-OTH,PID741650,None,1,1.51,True
ACT-2026-009001,2026-09-01,K14,P-MOB-GSM,PID749708,None,1,1.01,True
ACT-2026-009002,2026-09-01,K14,P-MOB-GSM,PID551124,MNP,1,2.01,True
ACT-2026-009003,2026-09-01,K14,P-MOB-GSM,PID745536,MNP,1,2.01,True
ACT-2026-009004,2026-09-01,K14,P-MOB-GSM,PID518906,None,1,1.01,True
ACT-2026-009005,2026-09-01,K14,P-MOB-GSM,PID347528,None,1,1.01,True
ACT-2026-009006,2026-09-01,K14,P-MOB-GSM,PID440372,None,1,1.01,True
ACT-2026-009007,2026-09-01,K14,P-MOB-GSM,PID860785,None,1,1.01,True
ACT-2026-009008,2026-09-01,K14,P-FIX-FBR,PID999115,None,1,6.37,True
ACT-2026-009009,2026-09-01,K14,P-MOB-GSM,PID179907,MNP,1,2.01,True
ACT-2026-009010,2026-09-01,K14,P-MOB-GSM,PID649301,None,1,1.01,True
ACT-2026-009011,2026-09-01,K14,P-MOB-GSM,PID186767,None,1,1.01,True
ACT-2026-009012,2026-09-01,K14,P-MOB-GSM,PID209906,None,1,1.01,True
ACT-2026-009013,2026-09-01,K14,P-MOB-GSM,PID445967,None,1,1.01,True
ACT-2026-009014,2026-09-01,K14,P-MOB-GSM,PID874060,None,1,1.01,True
ACT-2026-009015,2026-09-01,K14,P-MOB-GSM,PID273757,None,1,1.01,True
ACT-2026-009016,2026-09-01,K14,P-MOB-GSM,PID755311,None,1,1.01,True
ACT-2026-009017,2026-09-01,K15,P-MOB-GSM,PID129763,None,1,1.01,True
ACT-2026-009018,2026-09-01,K15,P-MOB-GSM,PID822169,None,1,1.01,True
ACT-2026-009019,2026-09-01,K15,P-MOB-GSM,PID998869,MNP,1,2.01,True
ACT-2026-009020,2026-09-01,K15,P-MOB-GSM,PID817742,MNP,1,2.01,True
ACT-2026-009021,2026-09-01,K15,P-FIX-FBR,PID268408,None,1,6.37,True
ACT-2026-009022,2026-09-01,K15,P-MOB-GSM,PID778482,MNP,1,2.01,True
ACT-2026-009023,2026-09-01,K15,P-MOB-GSM,PID100228,None,1,1.01,True
ACT-2026-009024,2026-09-01,K15,P-MOB-GSM,PID223362,None,1,1.01,True
ACT-2026-009025,2026-09-01,K15,P-MOB-GSM,PID895204,None,1,1.01,True
ACT-2026-009026,2026-09-01,K15,P-MOB-GSM,PID238761,MNP,1,2.01,True
ACT-2026-009027,2026-09-01,K15,P-MOB-GSM,PID328348,None,1,1.01,True
ACT-2026-009028,2026-09-01,K15,P-MOB-GSM,PID166128,None,1,1.01,True
ACT-2026-009029,2026-09-01,K15,P-MOB-GSM,PID753544,None,1,1.01,True
ACT-2026-009030,2026-09-01,K15,P-MOB-GSM,PID531644,None,1,1.01,True
ACT-2026-009031,2026-09-01,K15,P-MOB-GSM,PID538053,None,1,1.01,True
ACT-2026-009032,2026-09-01,K15,P-MOB-GSM,PID373596,None,1,1.01,True
ACT-2026-009033,2026-09-01,K15,P-MOB-GSM,PID257128,None,1,1.01,True
ACT-2026-009034,2026-09-01,K15,P-MOB-GSM,PID548834,None,1,1.01,True
ACT-2026-009035,2026-09-01,K15,P-MOB-GSM,PID593799,MNP,1,2.01,True
ACT-2026-009036,2026-09-01,K15,P-MOB-OTH,PID852816,None,1,1.51,True
ACT-2026-009037,2026-09-01,K15,P-DEV-DEV,PID183985,None,1,6.3,True
ACT-2026-009038,2026-09-01,K15,P-MOB-GSM,PID924331,None,1,1.01,True
ACT-2026-009039,2026-09-01,K15,P-MOB-GSM,PID237095,None,1,1.01,True
ACT-2026-009040,2026-09-01,K15,P-MOB-GSM,PID643345,None,1,1.01,True
ACT-2026-009041,2026-09-01,K15,P-MOB-GSM,PID116188,None,1,1.01,True
ACT-2026-009042,2026-09-01,K15,P-MOB-GSM,PID763495,None,1,1.01,True
ACT-2026-009043,2026-09-01,K15,P-MOB-GSM,PID463276,None,1,1.01,True
ACT-2026-009044,2026-09-01,K15,P-MOB-GSM,PID326031,None,1,1.01,True
ACT-2026-009045,2026-09-01,K15,P-MOB-GSM,PID149116,None,1,1.01,True
ACT-2026-009046,2026-09-01,K15,P-MOB-GSM,PID895619,None,1,1.01,True
ACT-2026-009047,2026-09-01,K15,P-MOB-GSM,PID774971,MNP,1,2.01,True
ACT-2026-009048,2026-09-01,K16,P-MOB-GSM,PID788190,None,1,1.01,True
ACT-2026-009049,2026-09-01,K16,P-MOB-GSM,PID971153,MNP,1,2.01,True
ACT-2026-009050,2026-09-01,K16,P-MOB-GSM,PID211257,None,1,1.01,True
ACT-2026-009051,2026-09-01,K16,P-MOB-GSM,PID649824,None,1,1.01,True
ACT-2026-009052,2026-09-01,K16,P-MOB-OTH,PID286807,None,1,1.51,True
ACT-2026-009053,2026-09-01,K16,P-MOB-GSM,PID274630,None,1,1.01,True
ACT-2026-009054,2026-09-01,K16,P-MOB-GSM,PID467662,None,1,1.01,True
ACT-2026-009055,2026-09-01,K16,P-FIX-WFA,PID136527,None,1,3.82,True
ACT-2026-009056,2026-09-01,K16,P-MOB-GSM,PID360480,MNP,1,2.01,True
ACT-2026-009057,2026-09-01,K16,P-MOB-GSM,PID842367,None,1,1.01,True
ACT-2026-009058,2026-09-01,K16,P-MOB-GSM,PID392554,None,1,1.01,True
ACT-2026-009059,2026-09-01,K16,P-MOB-OTH,PID743041,None,1,1.51,True
ACT-2026-009060,2026-09-01,K16,P-MOB-GSM,PID478698,None,1,1.01,True
ACT-2026-009061,2026-09-01,K16,P-MOB-GSM,PID959546,None,1,1.01,True
ACT-2026-009062,2026-09-01,K16,P-FIX-BIB,PID178628,None,1,9.56,True
ACT-2026-009063,2026-09-01,K16,P-MOB-GSM,PID776552,MNP,1,2.01,True
ACT-2026-009064,2026-09-01,K16,P-MOB-GSM,PID112081,None,1,1.01,True
ACT-2026-009065,2026-09-01,K16,P-MOB-GSM,PID835143,None,1,1.01,True
ACT-2026-009066,2026-09-01,K16,P-MOB-GSM,PID198647,None,1,1.01,True
ACT-2026-009067,2026-09-01,K16,P-MOB-GSM,PID800313,None,1,1.01,True
ACT-2026-009068,2026-09-01,K16,P-MOB-GSM,PID500287,None,1,1.01,True
ACT-2026-009069,2026-09-01,K17,P-MOB-GSM,PID973719,None,1,1.01,True
ACT-2026-009070,2026-09-01,K17,P-MOB-GSM,PID600817,None,1,1.01,True
ACT-2026-009071,2026-09-01,K17,P-MOB-GSM,PID290885,MNP,1,2.01,True
ACT-2026-009072,2026-09-01,K17,P-MOB-GSM,PID927676,None,1,1.01,True
ACT-2026-009073,2026-09-01,K17,P-MOB-GSM,PID585780,MNP,1,2.01,True
ACT-2026-009074,2026-09-01,K17,P-FIX-FBR,PID351097,None,1,6.37,True
ACT-2026-009075,2026-09-01,K17,P-MOB-GSM,PID516477,None,1,1.01,True
ACT-2026-009076,2026-09-01,K17,P-MOB-OTH,PID597398,None,1,1.51,True
ACT-2026-009077,2026-09-01,K17,P-MOB-GSM,PID587679,None,1,1.01,True
ACT-2026-009078,2026-09-01,K17,P-MOB-GSM,PID896340,None,1,1.01,True
ACT-2026-009079,2026-09-01,K17,P-MOB-GSM,PID333137,None,1,1.01,True
ACT-2026-009080,2026-09-01,K17,P-MOB-GSM,PID222590,None,1,1.01,True
ACT-2026-009081,2026-09-01,K17,P-MOB-GSM,PID346330,None,1,1.01,True
ACT-2026-009082,2026-09-01,K17,P-MOB-GSM,PID930768,None,1,1.01,True
ACT-2026-009083,2026-09-01,K17,P-MOB-GSM,PID796100,None,1,1.01,True
ACT-2026-009084,2026-09-01,K17,P-MOB-GSM,PID374726,MNP,1,2.01,True
ACT-2026-009085,2026-09-01,K17,P-MOB-GSM,PID368620,None,1,1.01,True
ACT-2026-009086,2026-09-01,K17,P-MOB-OTH,PID180150,None,1,1.51,True
ACT-2026-009087,2026-09-01,K18,P-MOB-GSM,PID934066,None,1,1.01,True
ACT-2026-009088,2026-09-01,K18,P-MOB-GSM,PID873466,MNP,1,2.01,True
ACT-2026-009089,2026-09-01,K18,P-DIG-SVC,PID621016,None,1,5.09,True
ACT-2026-009090,2026-09-01,K18,P-MOB-GSM,PID618060,None,1,1.01,True
ACT-2026-009091,2026-09-01,K18,P-MOB-GSM,PID440017,None,1,1.01,True
ACT-2026-009092,2026-09-01,K18,P-FIX-WFA,PID582653,None,1,3.82,True
ACT-2026-009093,2026-09-01,K18,P-MOB-GSM,PID150429,None,1,1.01,True
ACT-2026-009094,2026-09-01,K18,P-MOB-GSM,PID140084,None,1,1.01,True
ACT-2026-009095,2026-09-01,K18,P-MOB-GSM,PID608264,MNP,1,2.01,True
ACT-2026-009096,2026-09-01,K18,P-MOB-GSM,PID528296,None,1,1.01,True
ACT-2026-009097,2026-09-01,K18,P-MOB-GSM,PID878189,None,1,1.01,True
ACT-2026-009098,2026-09-02,K01,P-MOB-GSM,PID722358,None,1,1.08,True
ACT-2026-009099,2026-09-02,K01,P-DIG-SVC,PID887663,None,1,5.78,True
ACT-2026-009100,2026-09-02,K01,P-MOB-GSM,PID208343,None,1,1.08,True
ACT-2026-009101,2026-09-02,K01,P-MOB-GSM,PID244593,None,1,1.08,True
ACT-2026-009102,2026-09-02,K01,P-MOB-GSM,PID101535,None,1,1.08,True
ACT-2026-009103,2026-09-02,K01,P-MOB-GSM,PID726885,None,1,1.08,True
ACT-2026-009104,2026-09-02,K01,P-MOB-GSM,PID250683,MNP,1,2.16,True
ACT-2026-009105,2026-09-02,K01,P-MOB-GSM,PID449950,None,1,1.08,True
ACT-2026-009106,2026-09-02,K01,P-FIX-FBR,PID834462,None,1,10.73,True
ACT-2026-009107,2026-09-02,K01,P-MOB-GSM,PID551626,None,1,1.08,True
ACT-2026-009108,2026-09-02,K01,P-MOB-GSM,PID616436,None,1,1.08,True
ACT-2026-009109,2026-09-02,K01,P-MOB-GSM,PID748332,None,1,1.08,True
ACT-2026-009110,2026-09-02,K01,P-MOB-GSM,PID596179,None,1,1.08,True
ACT-2026-009111,2026-09-02,K01,P-MOB-GSM,PID797069,MNP,1,2.16,True
ACT-2026-009112,2026-09-02,K01,P-MOB-GSM,PID877452,None,1,1.08,True
ACT-2026-009113,2026-09-02,K01,P-MOB-GSM,PID990768,None,1,1.08,True
ACT-2026-009114,2026-09-02,K01,P-MOB-GSM,PID899142,None,1,1.08,True
ACT-2026-009115,2026-09-02,K01,P-MOB-GSM,PID782973,None,1,1.08,True
ACT-2026-009116,2026-09-02,K01,P-MOB-GSM,PID520038,None,1,1.08,True
ACT-2026-009117,2026-09-02,K01,P-MOB-GSM,PID634824,None,1,1.08,True
ACT-2026-009118,2026-09-02,K01,P-MOB-GSM,PID940111,None,1,1.08,True
ACT-2026-009119,2026-09-02,K01,P-MOB-GSM,PID887774,None,1,1.08,True
ACT-2026-009120,2026-09-02,K01,P-MOB-GSM,PID936265,None,1,1.08,True
ACT-2026-009121,2026-09-02,K01,P-MOB-GSM,PID612737,None,1,1.08,True
ACT-2026-009122,2026-09-02,K02,P-FIX-FBR,PID452553,None,1,10.73,True
ACT-2026-009123,2026-09-02,K02,P-MOB-GSM,PID347985,None,1,1.08,True
ACT-2026-009124,2026-09-02,K02,P-MOB-GSM,PID480042,None,1,1.08,True
ACT-2026-009125,2026-09-02,K02,P-MOB-GSM,PID988952,None,1,1.08,True
ACT-2026-009126,2026-09-02,K02,P-MOB-GSM,PID211991,None,1,1.08,True
ACT-2026-009127,2026-09-02,K02,P-MOB-GSM,PID309264,None,1,1.08,True
ACT-2026-009128,2026-09-02,K02,P-DEV-DEV,PID466011,None,1,4.27,True
ACT-2026-009129,2026-09-02,K02,P-MOB-GSM,PID303740,None,1,1.08,True
ACT-2026-009130,2026-09-02,K02,P-MOB-GSM,PID171526,None,1,1.08,True
ACT-2026-009131,2026-09-02,K02,P-DIG-SVC,PID869682,None,1,5.78,True
ACT-2026-009132,2026-09-02,K02,P-MOB-GSM,PID664572,None,1,1.08,True
ACT-2026-009133,2026-09-02,K02,P-MOB-OTH,PID687286,None,1,1.62,True
ACT-2026-009134,2026-09-02,K02,P-MOB-GSM,PID710899,None,1,1.08,True
ACT-2026-009135,2026-09-02,K02,P-MOB-OTH,PID500055,None,1,1.62,True
ACT-2026-009136,2026-09-02,K02,P-MOB-GSM,PID974063,None,1,1.08,True
ACT-2026-009137,2026-09-02,K02,P-MOB-GSM,PID831777,None,1,1.08,True
ACT-2026-009138,2026-09-02,K02,P-MOB-GSM,PID863202,MNP,1,2.16,True
ACT-2026-009139,2026-09-02,K02,P-MOB-GSM,PID698520,None,1,1.08,True
ACT-2026-009140,2026-09-02,K02,P-MOB-GSM,PID699421,None,1,0.0,False
ACT-2026-009141,2026-09-02,K02,P-MOB-GSM,PID646881,MNP,1,0.0,False
ACT-2026-009142,2026-09-02,K02,P-MOB-GSM,PID785385,None,1,1.08,True
ACT-2026-009143,2026-09-02,K02,P-MOB-GSM,PID492172,MNP,1,2.16,True
ACT-2026-009144,2026-09-02,K02,P-MOB-GSM,PID962674,None,1,1.08,True
ACT-2026-009145,2026-09-02,K02,P-MOB-GSM,PID519271,None,1,1.08,True
ACT-2026-009146,2026-09-02,K03,P-MOB-GSM,PID687174,MNP,1,2.16,True
ACT-2026-009147,2026-09-02,K03,P-MOB-GSM,PID867992,None,1,1.08,True
ACT-2026-009148,2026-09-02,K03,P-MOB-GSM,PID700307,None,1,1.08,True
ACT-2026-009149,2026-09-02,K03,P-MOB-GSM,PID931570,None,1,1.08,True
ACT-2026-009150,2026-09-02,K03,P-MOB-GSM,PID280386,None,1,1.08,True
ACT-2026-009151,2026-09-02,K03,P-MOB-GSM,PID230165,None,1,1.08,True
ACT-2026-009152,2026-09-02,K03,P-MOB-GSM,PID909934,None,1,1.08,True
ACT-2026-009153,2026-09-02,K03,P-MOB-GSM,PID530660,None,1,1.08,True
ACT-2026-009154,2026-09-02,K03,P-MOB-GSM,PID885796,None,1,1.08,True
ACT-2026-009155,2026-09-02,K04,P-MOB-GSM,PID794238,None,1,1.08,True
ACT-2026-009156,2026-09-02,K04,P-MOB-GSM,PID647410,None,1,1.08,True
ACT-2026-009157,2026-09-02,K04,P-MOB-GSM,PID404743,None,1,1.08,True
ACT-2026-009158,2026-09-02,K04,P-MOB-GSM,PID488095,None,1,1.08,True
ACT-2026-009159,2026-09-02,K04,P-MOB-GSM,PID169883,None,1,1.08,True
ACT-2026-009160,2026-09-02,K04,P-MOB-GSM,PID552322,None,1,1.08,True
ACT-2026-009161,2026-09-02,K04,P-MOB-GSM,PID446201,MNP,1,2.16,True
ACT-2026-009162,2026-09-02,K04,P-MOB-GSM,PID923398,None,1,1.08,True
ACT-2026-009163,2026-09-02,K04,P-MOB-GSM,PID671661,None,1,1.08,True
ACT-2026-009164,2026-09-02,K05,P-MOB-GSM,PID517889,None,1,1.08,True
ACT-2026-009165,2026-09-02,K05,P-MOB-GSM,PID478871,None,1,1.08,True
ACT-2026-009166,2026-09-02,K05,P-FIX-FBR,PID936254,None,1,10.73,True
ACT-2026-009167,2026-09-02,K05,P-MOB-GSM,PID464482,MNP,1,2.16,True
ACT-2026-009168,2026-09-02,K05,P-MOB-GSM,PID116003,None,1,1.08,True
ACT-2026-009169,2026-09-02,K05,P-MOB-GSM,PID463258,MNP,1,2.16,True
ACT-2026-009170,2026-09-02,K06,P-MOB-GSM,PID417131,None,1,1.08,True
ACT-2026-009171,2026-09-02,K06,P-MOB-GSM,PID419621,None,1,1.08,True
ACT-2026-009172,2026-09-02,K06,P-DIG-SVC,PID625964,None,1,5.78,True
ACT-2026-009173,2026-09-02,K06,P-MOB-GSM,PID118222,None,1,1.08,True
ACT-2026-009174,2026-09-02,K06,P-MOB-GSM,PID440634,None,1,1.08,True
ACT-2026-009175,2026-09-02,K06,P-MOB-GSM,PID947317,None,1,1.08,True
ACT-2026-009176,2026-09-02,K07,P-MOB-GSM,PID336299,None,1,1.0,True
ACT-2026-009177,2026-09-02,K07,P-MOB-GSM,PID890761,None,1,1.0,True
ACT-2026-009178,2026-09-02,K07,P-MOB-GSM,PID753791,None,1,1.0,True
ACT-2026-009179,2026-09-02,K07,P-FIX-FBR,PID898481,None,1,9.72,True
ACT-2026-009180,2026-09-02,K07,P-MOB-GSM,PID990049,None,1,1.0,True
ACT-2026-009181,2026-09-02,K07,P-MOB-GSM,PID768491,MNP,1,1.99,True
ACT-2026-009182,2026-09-02,K07,P-MOB-GSM,PID956718,None,1,1.0,True
ACT-2026-009183,2026-09-02,K07,P-MOB-GSM,PID983480,None,1,1.0,True
ACT-2026-009184,2026-09-02,K07,P-MOB-GSM,PID491482,None,1,1.0,True
ACT-2026-009185,2026-09-02,K07,P-MOB-GSM,PID891891,None,1,1.0,True
ACT-2026-009186,2026-09-02,K08,P-MOB-GSM,PID529951,None,1,1.0,True
ACT-2026-009187,2026-09-02,K08,P-MOB-GSM,PID770610,None,1,1.0,True
ACT-2026-009188,2026-09-02,K08,P-MOB-GSM,PID289700,None,1,1.0,True
ACT-2026-009189,2026-09-02,K08,P-MOB-GSM,PID158301,MNP,1,1.99,True
ACT-2026-009190,2026-09-02,K08,P-MOB-GSM,PID401459,None,1,1.0,True
ACT-2026-009191,2026-09-02,K08,P-DIG-SVC,PID258479,None,1,5.59,True
ACT-2026-009192,2026-09-02,K08,P-MOB-GSM,PID720761,MNP,1,1.99,True
ACT-2026-009193,2026-09-02,K08,P-MOB-GSM,PID551790,None,1,1.0,True
ACT-2026-009194,2026-09-02,K08,P-MOB-GSM,PID335862,None,1,1.0,True
ACT-2026-009195,2026-09-02,K08,P-MOB-GSM,PID885582,None,1,1.0,True
ACT-2026-009196,2026-09-02,K08,P-MOB-OTH,PID870790,None,1,1.49,True
ACT-2026-009197,2026-09-02,K08,P-MOB-GSM,PID267827,None,1,1.0,True
ACT-2026-009198,2026-09-02,K08,P-MOB-GSM,PID177114,None,1,1.0,True
ACT-2026-009199,2026-09-02,K08,P-MOB-GSM,PID514965,None,1,1.0,True
ACT-2026-009200,2026-09-02,K08,P-MOB-GSM,PID264167,None,1,1.0,True
ACT-2026-009201,2026-09-02,K08,P-MOB-GSM,PID339090,None,1,1.0,True
ACT-2026-009202,2026-09-02,K08,P-MOB-GSM,PID454368,None,1,1.0,True
ACT-2026-009203,2026-09-02,K09,P-DIG-SVC,PID412449,None,1,5.59,True
ACT-2026-009204,2026-09-02,K09,P-FIX-WFA,PID895263,None,1,5.83,True
ACT-2026-009205,2026-09-02,K09,P-MOB-GSM,PID598338,None,1,1.0,True
ACT-2026-009206,2026-09-02,K09,P-MOB-OTH,PID758138,None,1,1.49,True
ACT-2026-009207,2026-09-02,K09,P-MOB-GSM,PID169133,None,1,1.0,True
ACT-2026-009208,2026-09-02,K09,P-MOB-GSM,PID376799,MNP,1,1.99,True
ACT-2026-009209,2026-09-02,K09,P-FIX-FBR,PID264809,None,1,9.72,True
ACT-2026-009210,2026-09-02,K09,P-MOB-GSM,PID121311,None,1,1.0,True
ACT-2026-009211,2026-09-02,K09,P-DIG-SVC,PID266533,None,1,5.59,True
ACT-2026-009212,2026-09-02,K09,P-MOB-GSM,PID104930,None,1,1.0,True
ACT-2026-009213,2026-09-02,K09,P-MOB-GSM,PID721378,None,1,1.0,True
ACT-2026-009214,2026-09-02,K09,P-MOB-GSM,PID650461,None,1,1.0,True
ACT-2026-009215,2026-09-02,K09,P-MOB-GSM,PID566925,None,1,1.0,True
ACT-2026-009216,2026-09-02,K09,P-MOB-GSM,PID416398,MNP,1,1.99,True
ACT-2026-009217,2026-09-02,K09,P-MOB-GSM,PID204527,None,1,1.0,True
ACT-2026-009218,2026-09-02,K10,P-MOB-GSM,PID130562,MNP,1,1.99,True
ACT-2026-009219,2026-09-02,K10,P-MOB-GSM,PID760495,MNP,1,1.99,True
ACT-2026-009220,2026-09-02,K10,P-MOB-GSM,PID524448,None,1,1.0,True
ACT-2026-009221,2026-09-02,K10,P-MOB-GSM,PID916799,None,1,1.0,True
ACT-2026-009222,2026-09-02,K10,P-MOB-GSM,PID516184,None,1,1.0,True
ACT-2026-009223,2026-09-02,K10,P-FIX-WFA,PID165285,None,1,5.83,True
ACT-2026-009224,2026-09-02,K10,P-MOB-GSM,PID319010,None,1,1.0,True
ACT-2026-009225,2026-09-02,K10,P-FIX-WFA,PID542240,None,1,5.83,True
ACT-2026-009226,2026-09-02,K11,P-MOB-GSM,PID999573,None,1,1.0,True
ACT-2026-009227,2026-09-02,K11,P-MOB-GSM,PID631565,None,1,1.0,True
ACT-2026-009228,2026-09-02,K11,P-MOB-GSM,PID533602,None,1,1.0,True
ACT-2026-009229,2026-09-02,K11,P-MOB-GSM,PID666617,None,1,1.0,True
ACT-2026-009230,2026-09-02,K11,P-MOB-GSM,PID925965,MNP,1,1.99,True
ACT-2026-009231,2026-09-02,K11,P-MOB-GSM,PID946324,None,1,1.0,True
ACT-2026-009232,2026-09-02,K12,P-MOB-GSM,PID855721,None,1,1.0,True
ACT-2026-009233,2026-09-02,K12,P-MOB-GSM,PID990689,None,1,1.0,True
ACT-2026-009234,2026-09-02,K12,P-MOB-GSM,PID303321,None,1,1.0,True
ACT-2026-009235,2026-09-02,K12,P-MOB-GSM,PID276060,None,1,1.0,True
ACT-2026-009236,2026-09-02,K13,P-MOB-GSM,PID665660,None,1,1.01,True
ACT-2026-009237,2026-09-02,K13,P-MOB-GSM,PID782008,MNP,1,2.01,True
ACT-2026-009238,2026-09-02,K13,P-MOB-GSM,PID534692,MNP,1,2.01,True
ACT-2026-009239,2026-09-02,K13,P-MOB-GSM,PID408851,None,1,1.01,True
ACT-2026-009240,2026-09-02,K13,P-FIX-FBR,PID828397,None,1,6.37,True
ACT-2026-009241,2026-09-02,K13,P-MOB-GSM,PID121018,None,1,1.01,True
ACT-2026-009242,2026-09-02,K13,P-MOB-GSM,PID464825,MNP,1,2.01,True
ACT-2026-009243,2026-09-02,K13,P-MOB-GSM,PID472422,None,1,1.01,True
ACT-2026-009244,2026-09-02,K13,P-MOB-GSM,PID879348,MNP,1,2.01,True
ACT-2026-009245,2026-09-02,K13,P-MOB-GSM,PID468272,None,1,1.01,True
ACT-2026-009246,2026-09-02,K13,P-MOB-GSM,PID614725,None,1,1.01,True
ACT-2026-009247,2026-09-02,K13,P-MOB-GSM,PID698070,None,1,1.01,True
ACT-2026-009248,2026-09-02,K14,P-MOB-GSM,PID911464,None,1,1.01,True
ACT-2026-009249,2026-09-02,K14,P-MOB-GSM,PID911826,None,1,1.01,True
ACT-2026-009250,2026-09-02,K14,P-MOB-GSM,PID404612,None,1,1.01,True
ACT-2026-009251,2026-09-02,K14,P-MOB-GSM,PID483977,None,1,1.01,True
ACT-2026-009252,2026-09-02,K14,P-MOB-GSM,PID632270,None,1,1.01,True
ACT-2026-009253,2026-09-02,K14,P-MOB-GSM,PID135307,None,1,1.01,True
ACT-2026-009254,2026-09-02,K14,P-MOB-GSM,PID661501,None,1,1.01,True
ACT-2026-009255,2026-09-02,K14,P-MOB-GSM,PID194448,None,1,1.01,True
ACT-2026-009256,2026-09-02,K14,P-MOB-GSM,PID667106,MNP,1,2.01,True
ACT-2026-009257,2026-09-02,K14,P-MOB-GSM,PID838075,None,1,1.01,True
ACT-2026-009258,2026-09-02,K14,P-MOB-GSM,PID203987,None,1,1.01,True
ACT-2026-009259,2026-09-02,K15,P-MOB-OTH,PID403540,None,1,1.51,True
ACT-2026-009260,2026-09-02,K15,P-MOB-GSM,PID993255,None,1,1.01,True
ACT-2026-009261,2026-09-02,K15,P-DIG-SVC,PID721676,None,1,5.07,True
ACT-2026-009262,2026-09-02,K15,P-MOB-GSM,PID639682,None,1,1.01,True
ACT-2026-009263,2026-09-02,K15,P-MOB-OTH,PID821272,None,1,1.51,True
ACT-2026-009264,2026-09-02,K15,P-MOB-GSM,PID996282,None,1,1.01,True
ACT-2026-009265,2026-09-02,K15,P-MOB-GSM,PID411524,MNP,1,2.01,True
ACT-2026-009266,2026-09-02,K15,P-MOB-GSM,PID687956,None,1,1.01,True
ACT-2026-009267,2026-09-02,K15,P-MOB-OTH,PID389837,None,1,1.51,True
ACT-2026-009268,2026-09-02,K16,P-MOB-GSM,PID108236,None,1,1.01,True
ACT-2026-009269,2026-09-02,K16,P-MOB-OTH,PID127714,None,1,1.51,True
ACT-2026-009270,2026-09-02,K16,P-MOB-GSM,PID954629,None,1,1.01,True
ACT-2026-009271,2026-09-02,K16,P-FIX-BIB,PID515587,None,1,9.56,True
ACT-2026-009272,2026-09-02,K16,P-MOB-GSM,PID856193,None,1,1.01,True
ACT-2026-009273,2026-09-02,K16,P-MOB-GSM,PID161528,None,1,1.01,True
ACT-2026-009274,2026-09-02,K17,P-FIX-FBR,PID104746,None,1,6.37,True
ACT-2026-009275,2026-09-02,K17,P-MOB-GSM,PID721038,None,1,1.01,True
ACT-2026-009276,2026-09-02,K17,P-MOB-GSM,PID655167,None,1,1.01,True
ACT-2026-009277,2026-09-02,K17,P-MOB-GSM,PID876971,None,1,1.01,True
ACT-2026-009278,2026-09-02,K17,P-MOB-GSM,PID879087,None,1,1.01,True
ACT-2026-009279,2026-09-02,K18,P-MOB-GSM,PID709423,None,1,1.01,True
ACT-2026-009280,2026-09-02,K18,P-MOB-GSM,PID835421,None,1,1.01,True
ACT-2026-009281,2026-09-03,K01,P-MOB-OTH,PID788922,None,1,1.62,True
ACT-2026-009282,2026-09-03,K01,P-MOB-GSM,PID662881,None,1,1.08,True
ACT-2026-009283,2026-09-03,K01,P-MOB-OTH,PID774144,None,1,1.62,True
ACT-2026-009284,2026-09-03,K01,P-MOB-OTH,PID300083,None,1,1.62,True
ACT-2026-009285,2026-09-03,K01,P-MOB-GSM,PID355848,None,1,1.08,True
ACT-2026-009286,2026-09-03,K01,P-MOB-GSM,PID423926,None,1,1.08,True
ACT-2026-009287,2026-09-03,K01,P-DIG-SVC,PID579380,None,1,5.78,True
ACT-2026-009288,2026-09-03,K01,P-FIX-FBR,PID751018,None,1,10.73,True
ACT-2026-009289,2026-09-03,K01,P-MOB-GSM,PID578552,None,1,1.08,True
ACT-2026-009290,2026-09-03,K01,P-MOB-GSM,PID989763,None,1,1.08,True
ACT-2026-009291,2026-09-03,K01,P-MOB-OTH,PID832875,None,1,1.62,True
ACT-2026-009292,2026-09-03,K01,P-DEV-DEV,PID739407,None,1,4.27,True
ACT-2026-009293,2026-09-03,K01,P-FIX-WFA,PID466227,FNP,1,6.44,True
ACT-2026-009294,2026-09-03,K01,P-MOB-GSM,PID433247,MNP,1,2.16,True
ACT-2026-009295,2026-09-03,K01,P-MOB-GSM,PID691839,MNP,1,2.16,True
ACT-2026-009296,2026-09-03,K01,P-DIG-SVC,PID204234,None,1,5.78,True
ACT-2026-009297,2026-09-03,K01,P-MOB-GSM,PID821008,MNP,1,2.16,True
ACT-2026-009298,2026-09-03,K01,P-DEV-DEV,PID981972,None,1,4.27,True
ACT-2026-009299,2026-09-03,K01,P-MOB-GSM,PID986742,None,1,1.08,True
ACT-2026-009300,2026-09-03,K01,P-MOB-GSM,PID468588,None,1,1.08,True
ACT-2026-009301,2026-09-03,K01,P-MOB-GSM,PID429967,None,1,1.08,True
ACT-2026-009302,2026-09-03,K01,P-MOB-GSM,PID859366,None,1,1.08,True
ACT-2026-009303,2026-09-03,K01,P-MOB-GSM,PID207971,None,1,1.08,True
ACT-2026-009304,2026-09-03,K01,P-MOB-GSM,PID205662,None,1,1.08,True
ACT-2026-009305,2026-09-03,K01,P-FIX-BIB,PID933968,None,1,16.1,True
ACT-2026-009306,2026-09-03,K01,P-MOB-GSM,PID527632,None,1,1.08,True
ACT-2026-009307,2026-09-03,K01,P-MOB-GSM,PID265399,MNP,1,2.16,True
ACT-2026-009308,2026-09-03,K02,P-MOB-GSM,PID337049,None,1,1.08,True
ACT-2026-009309,2026-09-03,K02,P-DEV-DEV,PID911300,None,1,4.27,True
ACT-2026-009310,2026-09-03,K02,P-DIG-SVC,PID837500,None,1,5.78,True
ACT-2026-009311,2026-09-03,K02,P-MOB-GSM,PID771007,None,1,1.08,True
ACT-2026-009312,2026-09-03,K02,P-MOB-GSM,PID645395,MNP,1,2.16,True
ACT-2026-009313,2026-09-03,K02,P-MOB-GSM,PID235676,MNP,1,2.16,True
ACT-2026-009314,2026-09-03,K02,P-MOB-GSM,PID182549,None,1,1.08,True
ACT-2026-009315,2026-09-03,K02,P-MOB-GSM,PID601727,None,1,1.08,True
ACT-2026-009316,2026-09-03,K02,P-MOB-GSM,PID426932,None,1,1.08,True
ACT-2026-009317,2026-09-03,K02,P-MOB-GSM,PID263414,None,1,1.08,True
ACT-2026-009318,2026-09-03,K02,P-MOB-GSM,PID795302,None,1,1.08,True
ACT-2026-009319,2026-09-03,K02,P-MOB-GSM,PID322339,None,1,1.08,True
ACT-2026-009320,2026-09-03,K02,P-MOB-GSM,PID350883,MNP,1,2.16,True
ACT-2026-009321,2026-09-03,K03,P-MOB-GSM,PID919948,None,1,1.08,True
ACT-2026-009322,2026-09-03,K03,P-DIG-SVC,PID184510,None,1,5.78,True
ACT-2026-009323,2026-09-03,K03,P-MOB-GSM,PID284734,None,1,1.08,True
ACT-2026-009324,2026-09-03,K03,P-MOB-GSM,PID955561,None,1,1.08,True
ACT-2026-009325,2026-09-03,K03,P-MOB-OTH,PID206411,None,1,1.62,True
ACT-2026-009326,2026-09-03,K03,P-MOB-GSM,PID991783,None,1,1.08,True
ACT-2026-009327,2026-09-03,K03,P-MOB-GSM,PID562166,None,1,1.08,True
ACT-2026-009328,2026-09-03,K03,P-MOB-GSM,PID246675,MNP,1,2.16,True
ACT-2026-009329,2026-09-03,K03,P-MOB-GSM,PID832157,None,1,1.08,True
ACT-2026-009330,2026-09-03,K03,P-MOB-GSM,PID454877,None,1,1.08,True
ACT-2026-009331,2026-09-03,K03,P-MOB-GSM,PID578922,None,1,1.08,True
ACT-2026-009332,2026-09-03,K03,P-MOB-GSM,PID789691,None,1,1.08,True
ACT-2026-009333,2026-09-03,K03,P-FIX-WFA,PID297578,None,1,6.44,True
ACT-2026-009334,2026-09-03,K03,P-MOB-GSM,PID787322,None,1,1.08,True
ACT-2026-009335,2026-09-03,K04,P-MOB-GSM,PID109849,None,1,1.08,True
ACT-2026-009336,2026-09-03,K04,P-MOB-OTH,PID415067,None,1,0.0,False
ACT-2026-009337,2026-09-03,K04,P-MOB-GSM,PID900966,None,1,1.08,True
ACT-2026-009338,2026-09-03,K04,P-MOB-GSM,PID286399,None,1,1.08,True
ACT-2026-009339,2026-09-03,K04,P-MOB-GSM,PID371238,MNP,1,2.16,True
ACT-2026-009340,2026-09-03,K04,P-MOB-GSM,PID307142,None,1,1.08,True
ACT-2026-009341,2026-09-03,K04,P-MOB-GSM,PID975623,None,1,1.08,True
ACT-2026-009342,2026-09-03,K04,P-MOB-GSM,PID174112,MNP,1,2.16,True
ACT-2026-009343,2026-09-03,K04,P-MOB-GSM,PID569835,None,1,1.08,True
ACT-2026-009344,2026-09-03,K04,P-MOB-GSM,PID244645,None,1,1.08,True
ACT-2026-009345,2026-09-03,K04,P-MOB-GSM,PID138091,None,1,1.08,True
ACT-2026-009346,2026-09-03,K04,P-MOB-GSM,PID957276,None,1,1.08,True
ACT-2026-009347,2026-09-03,K04,P-MOB-GSM,PID902431,None,1,1.08,True
ACT-2026-009348,2026-09-03,K04,P-MOB-GSM,PID500011,None,1,1.08,True
ACT-2026-009349,2026-09-03,K04,P-MOB-GSM,PID584428,None,1,1.08,True
ACT-2026-009350,2026-09-03,K04,P-MOB-GSM,PID317577,None,1,1.08,True
ACT-2026-009351,2026-09-03,K04,P-MOB-GSM,PID266484,None,1,1.08,True
ACT-2026-009352,2026-09-03,K04,P-MOB-GSM,PID686775,None,1,1.08,True
ACT-2026-009353,2026-09-03,K05,P-MOB-GSM,PID425077,None,1,1.08,True
ACT-2026-009354,2026-09-03,K05,P-FIX-FBR,PID405183,None,1,10.73,True
ACT-2026-009355,2026-09-03,K05,P-MOB-GSM,PID778252,None,1,1.08,True
ACT-2026-009356,2026-09-03,K05,P-MOB-OTH,PID649425,None,1,1.62,True
ACT-2026-009357,2026-09-03,K05,P-MOB-OTH,PID915355,None,1,1.62,True
ACT-2026-009358,2026-09-03,K05,P-MOB-GSM,PID253133,MNP,1,0.0,False
ACT-2026-009359,2026-09-03,K05,P-MOB-GSM,PID477522,None,1,1.08,True
ACT-2026-009360,2026-09-03,K05,P-MOB-GSM,PID571272,None,1,1.08,True
ACT-2026-009361,2026-09-03,K06,P-MOB-GSM,PID517733,None,1,1.08,True
ACT-2026-009362,2026-09-03,K06,P-MOB-GSM,PID900741,None,1,1.08,True
ACT-2026-009363,2026-09-03,K06,P-MOB-GSM,PID349446,None,1,1.08,True
ACT-2026-009364,2026-09-03,K06,P-MOB-GSM,PID702193,MNP,1,2.16,True
ACT-2026-009365,2026-09-03,K06,P-MOB-GSM,PID510711,None,1,1.08,True
ACT-2026-009366,2026-09-03,K07,P-MOB-GSM,PID369808,None,1,1.0,True
ACT-2026-009367,2026-09-03,K07,P-MOB-GSM,PID792271,None,1,1.0,True
ACT-2026-009368,2026-09-03,K07,P-MOB-GSM,PID374962,None,1,1.0,True
ACT-2026-009369,2026-09-03,K07,P-MOB-GSM,PID710831,None,1,1.0,True
ACT-2026-009370,2026-09-03,K07,P-MOB-GSM,PID604456,None,1,1.0,True
ACT-2026-009371,2026-09-03,K07,P-MOB-GSM,PID474919,None,1,1.0,True
ACT-2026-009372,2026-09-03,K07,P-MOB-GSM,PID600091,None,1,1.0,True
ACT-2026-009373,2026-09-03,K07,P-MOB-OTH,PID355443,None,1,1.49,True
ACT-2026-009374,2026-09-03,K07,P-MOB-GSM,PID535357,None,1,1.0,True
ACT-2026-009375,2026-09-03,K07,P-MOB-GSM,PID286785,None,1,1.0,True
ACT-2026-009376,2026-09-03,K07,P-MOB-GSM,PID551785,None,1,1.0,True
ACT-2026-009377,2026-09-03,K07,P-MOB-GSM,PID682987,MNP,1,1.99,True
ACT-2026-009378,2026-09-03,K07,P-MOB-GSM,PID452454,None,1,1.0,True
ACT-2026-009379,2026-09-03,K07,P-MOB-GSM,PID786665,None,1,1.0,True
ACT-2026-009380,2026-09-03,K07,P-MOB-OTH,PID293609,None,1,1.49,True
ACT-2026-009381,2026-09-03,K07,P-MOB-GSM,PID697728,None,1,1.0,True
ACT-2026-009382,2026-09-03,K07,P-MOB-OTH,PID648957,None,1,1.49,True
ACT-2026-009383,2026-09-03,K07,P-MOB-OTH,PID301538,None,1,1.49,True
ACT-2026-009384,2026-09-03,K07,P-MOB-GSM,PID486601,MNP,1,1.99,True
ACT-2026-009385,2026-09-03,K08,P-MOB-GSM,PID666733,None,1,1.0,True
ACT-2026-009386,2026-09-03,K08,P-DIG-SVC,PID551934,None,1,5.59,True
ACT-2026-009387,2026-09-03,K08,P-MOB-GSM,PID839769,None,1,1.0,True
ACT-2026-009388,2026-09-03,K08,P-MOB-GSM,PID254654,None,1,1.0,True
ACT-2026-009389,2026-09-03,K08,P-MOB-GSM,PID659291,MNP,1,1.99,True
ACT-2026-009390,2026-09-03,K08,P-MOB-GSM,PID484045,None,1,1.0,True
ACT-2026-009391,2026-09-03,K08,P-MOB-GSM,PID354497,None,1,1.0,True
ACT-2026-009392,2026-09-03,K08,P-MOB-GSM,PID748395,MNP,1,1.99,True
ACT-2026-009393,2026-09-03,K08,P-MOB-GSM,PID319992,None,1,1.0,True
ACT-2026-009394,2026-09-03,K08,P-FIX-FBR,PID228430,None,1,9.72,True
ACT-2026-009395,2026-09-03,K08,P-MOB-GSM,PID507525,MNP,1,1.99,True
ACT-2026-009396,2026-09-03,K08,P-MOB-GSM,PID909680,None,1,1.0,True
ACT-2026-009397,2026-09-03,K08,P-MOB-GSM,PID785453,MNP,1,1.99,True
ACT-2026-009398,2026-09-03,K08,P-MOB-GSM,PID675933,None,1,1.0,True
ACT-2026-009399,2026-09-03,K08,P-MOB-GSM,PID627960,None,1,1.0,True
ACT-2026-009400,2026-09-03,K08,P-FIX-BIB,PID620633,None,1,14.58,True
ACT-2026-009401,2026-09-03,K08,P-MOB-GSM,PID206238,None,1,1.0,True
ACT-2026-009402,2026-09-03,K08,P-MOB-OTH,PID312602,None,1,1.49,True
ACT-2026-009403,2026-09-03,K08,P-MOB-GSM,PID152311,None,1,1.0,True
ACT-2026-009404,2026-09-03,K09,P-FIX-FBR,PID448469,None,1,9.72,True
ACT-2026-009405,2026-09-03,K09,P-MOB-GSM,PID846140,None,1,1.0,True
ACT-2026-009406,2026-09-03,K09,P-MOB-GSM,PID972163,None,1,1.0,True
ACT-2026-009407,2026-09-03,K09,P-MOB-GSM,PID230443,None,1,1.0,True
ACT-2026-009408,2026-09-03,K09,P-MOB-GSM,PID969053,None,1,1.0,True
ACT-2026-009409,2026-09-03,K09,P-MOB-GSM,PID248749,None,1,1.0,True
ACT-2026-009410,2026-09-03,K09,P-MOB-GSM,PID663699,None,1,1.0,True
ACT-2026-009411,2026-09-03,K09,P-MOB-GSM,PID811974,MNP,1,1.99,True
ACT-2026-009412,2026-09-03,K09,P-MOB-GSM,PID397166,MNP,1,1.99,True
ACT-2026-009413,2026-09-03,K09,P-MOB-GSM,PID862649,None,1,1.0,True
ACT-2026-009414,2026-09-03,K10,P-MOB-OTH,PID199507,None,1,1.49,True
ACT-2026-009415,2026-09-03,K10,P-MOB-GSM,PID380600,None,1,1.0,True
ACT-2026-009416,2026-09-03,K10,P-MOB-GSM,PID466838,None,1,1.0,True
ACT-2026-009417,2026-09-03,K10,P-MOB-GSM,PID461075,None,1,1.0,True
ACT-2026-009418,2026-09-03,K10,P-MOB-GSM,PID404779,None,1,1.0,True
ACT-2026-009419,2026-09-03,K11,P-MOB-OTH,PID100144,None,1,1.49,True
ACT-2026-009420,2026-09-03,K11,P-MOB-GSM,PID907181,MNP,1,1.99,True
ACT-2026-009421,2026-09-03,K11,P-MOB-GSM,PID178366,None,1,1.0,True
ACT-2026-009422,2026-09-03,K11,P-MOB-GSM,PID279789,None,1,1.0,True
ACT-2026-009423,2026-09-03,K11,P-MOB-GSM,PID451636,None,1,1.0,True
ACT-2026-009424,2026-09-03,K12,P-MOB-GSM,PID815051,None,1,1.0,True
ACT-2026-009425,2026-09-03,K12,P-MOB-GSM,PID298234,None,1,1.0,True
ACT-2026-009426,2026-09-03,K12,P-MOB-GSM,PID157346,None,1,1.0,True
ACT-2026-009427,2026-09-03,K12,P-MOB-GSM,PID465299,None,1,1.0,True
ACT-2026-009428,2026-09-03,K12,P-MOB-GSM,PID756776,None,1,1.0,True
ACT-2026-009429,2026-09-03,K12,P-MOB-GSM,PID329620,MNP,1,1.99,True
ACT-2026-009430,2026-09-03,K13,P-FIX-FBR,PID697981,None,1,6.37,True
ACT-2026-009431,2026-09-03,K13,P-MOB-GSM,PID820200,None,1,1.01,True
ACT-2026-009432,2026-09-03,K13,P-MOB-GSM,PID225112,MNP,1,2.01,True
ACT-2026-009433,2026-09-03,K13,P-MOB-GSM,PID826832,None,1,1.01,True
ACT-2026-009434,2026-09-03,K13,P-FIX-FBR,PID706620,None,1,6.37,True
ACT-2026-009435,2026-09-03,K13,P-MOB-GSM,PID619117,MNP,1,2.01,True
ACT-2026-009436,2026-09-03,K13,P-MOB-OTH,PID484376,None,1,1.51,True
ACT-2026-009437,2026-09-03,K13,P-MOB-GSM,PID204231,MNP,1,2.01,True
ACT-2026-009438,2026-09-03,K13,P-MOB-GSM,PID200229,MNP,1,2.01,True
ACT-2026-009439,2026-09-03,K13,P-MOB-GSM,PID876348,None,1,1.01,True
ACT-2026-009440,2026-09-03,K13,P-MOB-GSM,PID846790,MNP,1,2.01,True
ACT-2026-009441,2026-09-03,K13,P-MOB-GSM,PID931055,None,1,1.01,True
ACT-2026-009442,2026-09-03,K13,P-MOB-GSM,PID395461,MNP,1,2.01,True
ACT-2026-009443,2026-09-03,K13,P-FIX-BIB,PID452424,None,1,9.56,True
ACT-2026-009444,2026-09-03,K13,P-MOB-GSM,PID307605,None,1,1.01,True
ACT-2026-009445,2026-09-03,K13,P-MOB-GSM,PID313337,None,1,1.01,True
ACT-2026-009446,2026-09-03,K13,P-MOB-GSM,PID279641,None,1,1.01,True
ACT-2026-009447,2026-09-03,K13,P-MOB-GSM,PID444259,None,1,1.01,True
ACT-2026-009448,2026-09-03,K13,P-MOB-GSM,PID275472,None,1,1.01,True
ACT-2026-009449,2026-09-03,K14,P-MOB-GSM,PID904447,MNP,1,2.01,True
ACT-2026-009450,2026-09-03,K14,P-DIG-SVC,PID948560,None,1,5.07,True
ACT-2026-009451,2026-09-03,K14,P-MOB-OTH,PID694354,None,1,1.51,True
ACT-2026-009452,2026-09-03,K14,P-MOB-GSM,PID432412,MNP,1,2.01,True
ACT-2026-009453,2026-09-03,K14,P-MOB-GSM,PID977508,None,1,1.01,True
ACT-2026-009454,2026-09-03,K14,P-MOB-GSM,PID325943,None,1,1.01,True
ACT-2026-009455,2026-09-03,K14,P-MOB-GSM,PID833438,MNP,1,2.01,True
ACT-2026-009456,2026-09-03,K14,P-MOB-GSM,PID483352,None,1,1.01,True
ACT-2026-009457,2026-09-03,K14,P-MOB-OTH,PID272213,None,1,1.51,True
ACT-2026-009458,2026-09-03,K14,P-MOB-GSM,PID525932,None,1,1.01,True
ACT-2026-009459,2026-09-03,K14,P-FIX-WFA,PID521302,None,1,3.82,True
ACT-2026-009460,2026-09-03,K14,P-MOB-GSM,PID822769,MNP,1,2.01,True
ACT-2026-009461,2026-09-03,K14,P-MOB-GSM,PID122848,None,1,1.01,True
ACT-2026-009462,2026-09-03,K14,P-MOB-GSM,PID561414,MNP,1,2.01,True
ACT-2026-009463,2026-09-03,K14,P-MOB-GSM,PID327424,None,1,1.01,True
ACT-2026-009464,2026-09-03,K14,P-MOB-GSM,PID185165,None,1,1.01,True
ACT-2026-009465,2026-09-03,K14,P-MOB-GSM,PID352533,None,1,1.01,True
ACT-2026-009466,2026-09-03,K15,P-MOB-GSM,PID505298,None,1,1.01,True
ACT-2026-009467,2026-09-03,K15,P-MOB-GSM,PID771803,None,1,1.01,True
ACT-2026-009468,2026-09-03,K15,P-MOB-GSM,PID853950,None,1,1.01,True
ACT-2026-009469,2026-09-03,K15,P-MOB-GSM,PID851313,MNP,1,2.01,True
ACT-2026-009470,2026-09-03,K15,P-MOB-OTH,PID112476,None,1,1.51,True
ACT-2026-009471,2026-09-03,K15,P-MOB-OTH,PID194594,None,1,1.51,True
ACT-2026-009472,2026-09-03,K15,P-MOB-GSM,PID855217,MNP,1,2.01,True
ACT-2026-009473,2026-09-03,K15,P-MOB-OTH,PID827325,None,1,1.51,True
ACT-2026-009474,2026-09-03,K15,P-MOB-GSM,PID813585,None,1,1.01,True
ACT-2026-009475,2026-09-03,K15,P-MOB-GSM,PID500604,None,1,1.01,True
ACT-2026-009476,2026-09-03,K15,P-MOB-GSM,PID477003,MNP,1,2.01,True
ACT-2026-009477,2026-09-03,K15,P-MOB-GSM,PID796688,MNP,1,2.01,True
ACT-2026-009478,2026-09-03,K15,P-MOB-GSM,PID772144,None,1,1.01,True
ACT-2026-009479,2026-09-03,K16,P-MOB-OTH,PID134162,None,1,1.51,True
ACT-2026-009480,2026-09-03,K16,P-MOB-GSM,PID150263,MNP,1,2.01,True
ACT-2026-009481,2026-09-03,K16,P-MOB-GSM,PID443883,None,1,1.01,True
ACT-2026-009482,2026-09-03,K16,P-MOB-GSM,PID440840,MNP,1,2.01,True
ACT-2026-009483,2026-09-03,K16,P-MOB-GSM,PID511069,None,1,1.01,True
ACT-2026-009484,2026-09-03,K16,P-MOB-GSM,PID873826,None,1,0.0,False
ACT-2026-009485,2026-09-03,K16,P-MOB-GSM,PID811855,MNP,1,2.01,True
ACT-2026-009486,2026-09-03,K16,P-MOB-GSM,PID779089,None,1,1.01,True
ACT-2026-009487,2026-09-03,K16,P-MOB-GSM,PID850991,None,1,1.01,True
ACT-2026-009488,2026-09-03,K16,P-MOB-GSM,PID744522,None,1,1.01,True
ACT-2026-009489,2026-09-03,K17,P-MOB-GSM,PID935772,None,1,1.01,True
ACT-2026-009490,2026-09-03,K17,P-MOB-GSM,PID851870,None,1,1.01,True
ACT-2026-009491,2026-09-03,K17,P-MOB-GSM,PID949665,None,1,1.01,True
ACT-2026-009492,2026-09-03,K17,P-MOB-GSM,PID883399,None,1,1.01,True
ACT-2026-009493,2026-09-03,K17,P-MOB-GSM,PID757366,None,1,1.01,True
ACT-2026-009494,2026-09-03,K17,P-MOB-GSM,PID823492,None,1,1.01,True
ACT-2026-009495,2026-09-03,K17,P-MOB-GSM,PID380001,None,1,1.01,True
ACT-2026-009496,2026-09-03,K18,P-MOB-GSM,PID204352,None,1,1.01,True
ACT-2026-009497,2026-09-03,K18,P-DEV-DEV,PID717478,None,1,6.3,True
ACT-2026-009498,2026-09-03,K18,P-MOB-GSM,PID396768,MNP,1,2.01,True
ACT-2026-009499,2026-09-04,K01,P-FIX-WFA,PID358281,None,1,6.44,True
ACT-2026-009500,2026-09-04,K01,P-MOB-GSM,PID948034,None,1,1.08,True
ACT-2026-009501,2026-09-04,K01,P-MOB-GSM,PID361442,MNP,1,2.16,True
ACT-2026-009502,2026-09-04,K01,P-MOB-GSM,PID849977,MNP,1,2.16,True
ACT-2026-009503,2026-09-04,K01,P-MOB-GSM,PID486020,None,1,1.08,True
ACT-2026-009504,2026-09-04,K01,P-MOB-GSM,PID451542,MNP,1,2.16,True
ACT-2026-009505,2026-09-04,K01,P-MOB-OTH,PID790844,None,1,1.62,True
ACT-2026-009506,2026-09-04,K01,P-MOB-GSM,PID392143,MNP,1,2.16,True
ACT-2026-009507,2026-09-04,K01,P-MOB-OTH,PID570742,None,1,1.62,True
ACT-2026-009508,2026-09-04,K01,P-MOB-GSM,PID515742,None,1,1.08,True
ACT-2026-009509,2026-09-04,K01,P-MOB-OTH,PID879116,None,1,1.62,True
ACT-2026-009510,2026-09-04,K01,P-MOB-GSM,PID498698,None,1,1.08,True
ACT-2026-009511,2026-09-04,K01,P-MOB-GSM,PID591224,MNP,1,2.16,True
ACT-2026-009512,2026-09-04,K01,P-MOB-GSM,PID518989,MNP,1,2.16,True
ACT-2026-009513,2026-09-04,K01,P-FIX-WFA,PID370564,FNP,1,6.44,True
ACT-2026-009514,2026-09-04,K02,P-MOB-GSM,PID962403,None,1,1.08,True
ACT-2026-009515,2026-09-04,K02,P-MOB-OTH,PID887411,None,1,1.62,True
ACT-2026-009516,2026-09-04,K02,P-MOB-GSM,PID886958,None,1,1.08,True
ACT-2026-009517,2026-09-04,K02,P-MOB-GSM,PID897324,None,1,1.08,True
ACT-2026-009518,2026-09-04,K02,P-MOB-GSM,PID914084,None,1,1.08,True
ACT-2026-009519,2026-09-04,K02,P-MOB-GSM,PID388570,None,1,1.08,True
ACT-2026-009520,2026-09-04,K02,P-MOB-GSM,PID463920,MNP,1,2.16,True
ACT-2026-009521,2026-09-04,K02,P-MOB-GSM,PID444394,None,1,1.08,True
ACT-2026-009522,2026-09-04,K02,P-FIX-FBR,PID940619,None,1,10.73,True
ACT-2026-009523,2026-09-04,K02,P-MOB-GSM,PID722888,None,1,1.08,True
ACT-2026-009524,2026-09-04,K03,P-MOB-GSM,PID597530,None,1,1.08,True
ACT-2026-009525,2026-09-04,K03,P-MOB-GSM,PID620564,MNP,1,2.16,True
ACT-2026-009526,2026-09-04,K03,P-MOB-GSM,PID114341,None,1,1.08,True
ACT-2026-009527,2026-09-04,K03,P-MOB-GSM,PID539472,None,1,1.08,True
ACT-2026-009528,2026-09-04,K03,P-MOB-GSM,PID932576,None,1,1.08,True
ACT-2026-009529,2026-09-04,K03,P-MOB-GSM,PID860323,MNP,1,2.16,True
ACT-2026-009530,2026-09-04,K03,P-MOB-GSM,PID446406,None,1,1.08,True
ACT-2026-009531,2026-09-04,K03,P-MOB-GSM,PID770923,MNP,1,2.16,True
ACT-2026-009532,2026-09-04,K03,P-MOB-GSM,PID728917,None,1,1.08,True
ACT-2026-009533,2026-09-04,K03,P-MOB-GSM,PID811557,None,1,1.08,True
ACT-2026-009534,2026-09-04,K04,P-MOB-GSM,PID112091,None,1,1.08,True
ACT-2026-009535,2026-09-04,K04,P-MOB-GSM,PID417292,None,1,1.08,True
ACT-2026-009536,2026-09-04,K04,P-MOB-GSM,PID615351,None,1,1.08,True
ACT-2026-009537,2026-09-04,K04,P-MOB-GSM,PID872989,MNP,1,2.16,True
ACT-2026-009538,2026-09-04,K04,P-MOB-GSM,PID726110,MNP,1,2.16,True
ACT-2026-009539,2026-09-04,K05,P-MOB-GSM,PID118889,MNP,1,2.16,True
ACT-2026-009540,2026-09-04,K05,P-MOB-GSM,PID858277,None,1,1.08,True
ACT-2026-009541,2026-09-04,K05,P-MOB-GSM,PID775875,None,1,1.08,True
ACT-2026-009542,2026-09-04,K05,P-MOB-GSM,PID655308,None,1,1.08,True
ACT-2026-009543,2026-09-04,K06,P-FIX-FBR,PID237772,None,1,10.73,True
ACT-2026-009544,2026-09-04,K06,P-MOB-OTH,PID633463,None,1,1.62,True
ACT-2026-009545,2026-09-04,K06,P-MOB-GSM,PID590094,None,1,1.08,True
ACT-2026-009546,2026-09-04,K06,P-MOB-OTH,PID359121,None,1,1.62,True
ACT-2026-009547,2026-09-04,K07,P-MOB-GSM,PID871024,None,1,1.0,True
ACT-2026-009548,2026-09-04,K07,P-MOB-GSM,PID198398,None,1,1.0,True
ACT-2026-009549,2026-09-04,K07,P-MOB-GSM,PID867986,None,1,1.0,True
ACT-2026-009550,2026-09-04,K07,P-MOB-GSM,PID242691,None,1,1.0,True
ACT-2026-009551,2026-09-04,K07,P-MOB-GSM,PID989983,None,1,1.0,True
ACT-2026-009552,2026-09-04,K07,P-MOB-GSM,PID856553,None,1,1.0,True
ACT-2026-009553,2026-09-04,K07,P-MOB-OTH,PID106821,None,1,1.49,True
ACT-2026-009554,2026-09-04,K07,P-MOB-GSM,PID186476,None,1,1.0,True
ACT-2026-009555,2026-09-04,K07,P-MOB-GSM,PID899226,None,1,1.0,True
ACT-2026-009556,2026-09-04,K07,P-MOB-GSM,PID211094,None,1,1.0,True
ACT-2026-009557,2026-09-04,K07,P-DIG-SVC,PID615490,None,1,5.59,True
ACT-2026-009558,2026-09-04,K07,P-MOB-GSM,PID991218,None,1,1.0,True
ACT-2026-009559,2026-09-04,K07,P-MOB-GSM,PID992119,None,1,1.0,True
ACT-2026-009560,2026-09-04,K08,P-MOB-GSM,PID680081,MNP,1,1.99,True
ACT-2026-009561,2026-09-04,K08,P-FIX-WFA,PID728064,FNP,1,5.83,True
ACT-2026-009562,2026-09-04,K08,P-MOB-GSM,PID139823,None,1,1.0,True
ACT-2026-009563,2026-09-04,K08,P-MOB-GSM,PID194946,None,1,1.0,True
ACT-2026-009564,2026-09-04,K08,P-MOB-GSM,PID574033,None,1,1.0,True
ACT-2026-009565,2026-09-04,K08,P-MOB-OTH,PID535098,None,1,1.49,True
ACT-2026-009566,2026-09-04,K08,P-MOB-GSM,PID984989,None,1,1.0,True
ACT-2026-009567,2026-09-04,K08,P-MOB-GSM,PID500371,None,1,1.0,True
ACT-2026-009568,2026-09-04,K08,P-MOB-GSM,PID181108,MNP,1,1.99,True
ACT-2026-009569,2026-09-04,K09,P-MOB-GSM,PID667873,None,1,1.0,True
ACT-2026-009570,2026-09-04,K09,P-MOB-GSM,PID127841,None,1,1.0,True
ACT-2026-009571,2026-09-04,K09,P-MOB-GSM,PID394443,None,1,1.0,True
ACT-2026-009572,2026-09-04,K09,P-MOB-GSM,PID549656,MNP,1,1.99,True
ACT-2026-009573,2026-09-04,K09,P-MOB-GSM,PID587817,None,1,1.0,True
ACT-2026-009574,2026-09-04,K09,P-MOB-GSM,PID303763,None,1,1.0,True
ACT-2026-009575,2026-09-04,K09,P-MOB-GSM,PID229001,None,1,1.0,True
ACT-2026-009576,2026-09-04,K10,P-FIX-BIB,PID212068,None,1,14.58,True
ACT-2026-009577,2026-09-04,K10,P-MOB-GSM,PID783828,None,1,1.0,True
ACT-2026-009578,2026-09-04,K10,P-MOB-GSM,PID275558,None,1,1.0,True
ACT-2026-009579,2026-09-04,K10,P-FIX-FBR,PID328160,None,1,9.72,True
ACT-2026-009580,2026-09-04,K10,P-MOB-OTH,PID617485,None,1,1.49,True
ACT-2026-009581,2026-09-04,K10,P-MOB-GSM,PID709828,None,1,1.0,True
ACT-2026-009582,2026-09-04,K10,P-MOB-GSM,PID206450,None,1,1.0,True
ACT-2026-009583,2026-09-04,K10,P-MOB-GSM,PID175409,MNP,1,1.99,True
ACT-2026-009584,2026-09-04,K10,P-MOB-GSM,PID878062,MNP,1,1.99,True
ACT-2026-009585,2026-09-04,K11,P-MOB-GSM,PID273866,None,1,1.0,True
ACT-2026-009586,2026-09-04,K11,P-MOB-GSM,PID722847,MNP,1,1.99,True
ACT-2026-009587,2026-09-04,K11,P-MOB-GSM,PID298611,None,1,1.0,True
ACT-2026-009588,2026-09-04,K12,P-MOB-GSM,PID604522,None,1,1.0,True
ACT-2026-009589,2026-09-04,K12,P-MOB-GSM,PID111210,None,1,1.0,True
ACT-2026-009590,2026-09-04,K12,P-MOB-GSM,PID788114,None,1,1.0,True
ACT-2026-009591,2026-09-04,K12,P-MOB-GSM,PID210847,None,1,1.0,True
ACT-2026-009592,2026-09-04,K13,P-MOB-GSM,PID827685,None,1,1.01,True
ACT-2026-009593,2026-09-04,K13,P-MOB-GSM,PID960847,None,1,1.01,True
ACT-2026-009594,2026-09-04,K13,P-MOB-GSM,PID143245,MNP,1,2.01,True
ACT-2026-009595,2026-09-04,K13,P-MOB-GSM,PID970860,None,1,1.01,True
ACT-2026-009596,2026-09-04,K13,P-MOB-GSM,PID631305,None,1,1.01,True
ACT-2026-009597,2026-09-04,K13,P-DEV-DEV,PID146527,None,1,6.3,True
ACT-2026-009598,2026-09-04,K13,P-MOB-GSM,PID408705,None,1,0.0,False
ACT-2026-009599,2026-09-04,K13,P-MOB-GSM,PID343402,MNP,1,2.01,True
ACT-2026-009600,2026-09-04,K13,P-MOB-GSM,PID281747,None,1,1.01,True
ACT-2026-009601,2026-09-04,K13,P-MOB-GSM,PID445545,None,1,1.01,True
ACT-2026-009602,2026-09-04,K14,P-FIX-WFA,PID751060,FNP,1,3.82,True
ACT-2026-009603,2026-09-04,K14,P-MOB-GSM,PID166881,None,1,1.01,True
ACT-2026-009604,2026-09-04,K14,P-MOB-GSM,PID454906,None,1,1.01,True
ACT-2026-009605,2026-09-04,K14,P-MOB-GSM,PID517181,None,1,1.01,True
ACT-2026-009606,2026-09-04,K14,P-FIX-FBR,PID487375,None,1,6.37,True
ACT-2026-009607,2026-09-04,K14,P-MOB-GSM,PID322580,None,1,1.01,True
ACT-2026-009608,2026-09-04,K14,P-MOB-GSM,PID474953,None,1,1.01,True
ACT-2026-009609,2026-09-04,K14,P-MOB-GSM,PID397670,None,1,1.01,True
ACT-2026-009610,2026-09-04,K14,P-MOB-GSM,PID788365,None,1,1.01,True
ACT-2026-009611,2026-09-04,K15,P-MOB-GSM,PID958219,None,1,1.01,True
ACT-2026-009612,2026-09-04,K15,P-DIG-SVC,PID221759,None,1,5.07,True
ACT-2026-009613,2026-09-04,K15,P-MOB-GSM,PID769313,None,1,1.01,True
ACT-2026-009614,2026-09-04,K15,P-MOB-GSM,PID683757,None,1,1.01,True
ACT-2026-009615,2026-09-04,K15,P-MOB-GSM,PID395397,None,1,1.01,True
ACT-2026-009616,2026-09-04,K15,P-MOB-GSM,PID177049,None,1,1.01,True
ACT-2026-009617,2026-09-04,K15,P-MOB-OTH,PID555438,None,1,1.51,True
ACT-2026-009618,2026-09-04,K16,P-MOB-GSM,PID707150,None,1,1.01,True
ACT-2026-009619,2026-09-04,K16,P-DEV-DEV,PID884525,None,1,6.3,True
ACT-2026-009620,2026-09-04,K16,P-MOB-GSM,PID511900,None,1,1.01,True
ACT-2026-009621,2026-09-04,K17,P-MOB-GSM,PID398774,None,1,1.01,True
ACT-2026-009622,2026-09-04,K17,P-MOB-GSM,PID666347,None,1,1.01,True
ACT-2026-009623,2026-09-04,K17,P-MOB-GSM,PID404667,None,1,1.01,True
ACT-2026-009624,2026-09-04,K17,P-MOB-GSM,PID678802,None,1,1.01,True
ACT-2026-009625,2026-09-04,K17,P-MOB-GSM,PID547239,MNP,1,2.01,True
ACT-2026-009626,2026-09-04,K17,P-MOB-GSM,PID317232,None,1,1.01,True
ACT-2026-009627,2026-09-04,K17,P-MOB-GSM,PID274846,None,1,1.01,True
ACT-2026-009628,2026-09-04,K17,P-MOB-GSM,PID629635,None,1,1.01,True
ACT-2026-009629,2026-09-04,K18,P-FIX-WFA,PID678350,None,1,3.92,True
ACT-2026-009630,2026-09-04,K18,P-FIX-FBR,PID101950,None,1,6.37,True
ACT-2026-009631,2026-09-05,K01,P-MOB-GSM,PID264747,None,1,1.08,True
ACT-2026-009632,2026-09-05,K01,P-MOB-GSM,PID681626,None,1,1.08,True
ACT-2026-009633,2026-09-05,K01,P-MOB-GSM,PID234810,None,1,1.08,True
ACT-2026-009634,2026-09-05,K01,P-MOB-GSM,PID756609,None,1,1.08,True
ACT-2026-009635,2026-09-05,K01,P-MOB-GSM,PID855980,None,1,1.08,True
ACT-2026-009636,2026-09-05,K01,P-DIG-SVC,PID473606,None,1,5.78,True
ACT-2026-009637,2026-09-05,K01,P-MOB-GSM,PID446199,None,1,1.08,True
ACT-2026-009638,2026-09-05,K01,P-MOB-GSM,PID561206,MNP,1,2.16,True
ACT-2026-009639,2026-09-05,K01,P-MOB-GSM,PID672567,None,1,1.08,True
ACT-2026-009640,2026-09-05,K01,P-MOB-GSM,PID328632,MNP,1,2.16,True
ACT-2026-009641,2026-09-05,K01,P-MOB-GSM,PID723472,None,1,1.08,True
ACT-2026-009642,2026-09-05,K01,P-MOB-GSM,PID265407,MNP,1,2.16,True
ACT-2026-009643,2026-09-05,K02,P-MOB-GSM,PID145624,None,1,1.08,True
ACT-2026-009644,2026-09-05,K02,P-MOB-GSM,PID544321,None,1,1.08,True
ACT-2026-009645,2026-09-05,K02,P-MOB-GSM,PID221001,None,1,1.08,True
ACT-2026-009646,2026-09-05,K02,P-MOB-GSM,PID217705,MNP,1,2.16,True
ACT-2026-009647,2026-09-05,K02,P-MOB-GSM,PID288354,None,1,1.08,True
ACT-2026-009648,2026-09-05,K02,P-MOB-GSM,PID724744,MNP,1,2.16,True
ACT-2026-009649,2026-09-05,K02,P-MOB-GSM,PID337951,MNP,1,2.16,True
ACT-2026-009650,2026-09-05,K02,P-MOB-GSM,PID907443,None,1,1.08,True
ACT-2026-009651,2026-09-05,K03,P-FIX-BIB,PID567392,None,1,16.1,True
ACT-2026-009652,2026-09-05,K03,P-MOB-GSM,PID552016,None,1,1.08,True
ACT-2026-009653,2026-09-05,K03,P-MOB-GSM,PID683807,None,1,1.08,True
ACT-2026-009654,2026-09-05,K03,P-MOB-GSM,PID458374,None,1,1.08,True
ACT-2026-009655,2026-09-05,K03,P-MOB-GSM,PID511634,None,1,1.08,True
ACT-2026-009656,2026-09-05,K03,P-MOB-GSM,PID181679,None,1,1.08,True
ACT-2026-009657,2026-09-05,K03,P-MOB-GSM,PID495798,None,1,1.08,True
ACT-2026-009658,2026-09-05,K03,P-MOB-GSM,PID379020,None,1,1.08,True
ACT-2026-009659,2026-09-05,K03,P-MOB-GSM,PID562847,MNP,1,2.16,True
ACT-2026-009660,2026-09-05,K03,P-MOB-GSM,PID339775,None,1,1.08,True
ACT-2026-009661,2026-09-05,K04,P-MOB-GSM,PID310107,None,1,1.08,True
ACT-2026-009662,2026-09-05,K04,P-MOB-GSM,PID936220,None,1,1.08,True
ACT-2026-009663,2026-09-05,K04,P-MOB-GSM,PID320543,None,1,1.08,True
ACT-2026-009664,2026-09-05,K04,P-MOB-OTH,PID269539,None,1,1.62,True
ACT-2026-009665,2026-09-05,K04,P-MOB-GSM,PID265995,None,1,1.08,True
ACT-2026-009666,2026-09-05,K04,P-MOB-GSM,PID289209,None,1,1.08,True
ACT-2026-009667,2026-09-05,K04,P-MOB-GSM,PID747382,None,1,1.08,True
ACT-2026-009668,2026-09-05,K05,P-MOB-GSM,PID463596,None,1,1.08,True
ACT-2026-009669,2026-09-05,K05,P-MOB-GSM,PID294629,None,1,1.08,True
ACT-2026-009670,2026-09-05,K05,P-MOB-GSM,PID334967,None,1,1.08,True
ACT-2026-009671,2026-09-05,K06,P-MOB-GSM,PID314289,None,1,1.08,True
ACT-2026-009672,2026-09-05,K06,P-MOB-GSM,PID626051,MNP,1,2.16,True
ACT-2026-009673,2026-09-05,K06,P-MOB-GSM,PID106450,None,1,1.08,True
ACT-2026-009674,2026-09-05,K06,P-MOB-GSM,PID935858,None,1,1.08,True
ACT-2026-009675,2026-09-05,K07,P-MOB-GSM,PID835816,None,1,1.0,True
ACT-2026-009676,2026-09-05,K07,P-MOB-GSM,PID455803,None,1,1.0,True
ACT-2026-009677,2026-09-05,K07,P-MOB-GSM,PID368754,None,1,1.0,True
ACT-2026-009678,2026-09-05,K07,P-MOB-OTH,PID821086,None,1,1.49,True
ACT-2026-009679,2026-09-05,K07,P-MOB-GSM,PID918200,None,1,1.0,True
ACT-2026-009680,2026-09-05,K07,P-MOB-GSM,PID386598,None,1,1.0,True
ACT-2026-009681,2026-09-05,K07,P-MOB-GSM,PID314764,MNP,1,1.99,True
ACT-2026-009682,2026-09-05,K07,P-MOB-GSM,PID817535,None,1,1.0,True
ACT-2026-009683,2026-09-05,K07,P-MOB-GSM,PID303235,None,1,1.0,True
ACT-2026-009684,2026-09-05,K07,P-MOB-GSM,PID737942,None,1,1.0,True
ACT-2026-009685,2026-09-05,K07,P-MOB-GSM,PID695551,None,1,1.0,True
ACT-2026-009686,2026-09-05,K08,P-DIG-SVC,PID498558,None,1,5.59,True
ACT-2026-009687,2026-09-05,K08,P-MOB-GSM,PID811788,MNP,1,1.99,True
ACT-2026-009688,2026-09-05,K08,P-MOB-GSM,PID890689,None,1,1.0,True
ACT-2026-009689,2026-09-05,K08,P-MOB-GSM,PID380797,None,1,1.0,True
ACT-2026-009690,2026-09-05,K08,P-FIX-FBR,PID345285,None,1,9.72,True
ACT-2026-009691,2026-09-05,K08,P-MOB-GSM,PID796306,None,1,1.0,True
ACT-2026-009692,2026-09-05,K08,P-MOB-GSM,PID948009,None,1,1.0,True
ACT-2026-009693,2026-09-05,K09,P-MOB-GSM,PID448359,None,1,1.0,True
ACT-2026-009694,2026-09-05,K09,P-MOB-GSM,PID634931,None,1,1.0,True
ACT-2026-009695,2026-09-05,K09,P-MOB-GSM,PID167341,MNP,1,1.99,True
ACT-2026-009696,2026-09-05,K11,P-MOB-GSM,PID516784,None,1,1.0,True
ACT-2026-009697,2026-09-05,K11,P-MOB-GSM,PID966344,None,1,1.0,True
ACT-2026-009698,2026-09-05,K11,P-MOB-GSM,PID307058,None,1,1.0,True
ACT-2026-009699,2026-09-05,K11,P-MOB-GSM,PID205374,None,1,1.0,True
ACT-2026-009700,2026-09-05,K12,P-FIX-FBR,PID847526,None,1,9.72,True
ACT-2026-009701,2026-09-05,K12,P-MOB-GSM,PID592322,None,1,1.0,True
ACT-2026-009702,2026-09-05,K12,P-MOB-GSM,PID648693,None,1,-0.35,True
ACT-2026-009703,2026-09-05,K12,P-MOB-GSM,PID390507,MNP,1,1.99,True
ACT-2026-009704,2026-09-05,K13,P-MOB-GSM,PID551479,MNP,1,2.01,True
ACT-2026-009705,2026-09-05,K13,P-MOB-GSM,PID980698,None,1,1.01,True
ACT-2026-009706,2026-09-05,K13,P-FIX-FBR,PID365775,None,1,6.37,True
ACT-2026-009707,2026-09-05,K13,P-MOB-GSM,PID326047,None,1,1.01,True
ACT-2026-009708,2026-09-05,K14,P-MOB-GSM,PID347470,MNP,1,2.01,True
ACT-2026-009709,2026-09-05,K14,P-MOB-GSM,PID542679,None,1,1.01,True
ACT-2026-009710,2026-09-05,K14,P-MOB-GSM,PID184832,None,1,1.01,True
ACT-2026-009711,2026-09-05,K14,P-MOB-GSM,PID222184,MNP,1,2.01,True
ACT-2026-009712,2026-09-05,K14,P-MOB-GSM,PID707291,MNP,1,2.01,True
ACT-2026-009713,2026-09-05,K14,P-MOB-GSM,PID389069,MNP,1,2.01,True
ACT-2026-009714,2026-09-05,K15,P-MOB-GSM,PID145463,None,1,1.01,True
ACT-2026-009715,2026-09-05,K15,P-MOB-GSM,PID956506,None,1,1.01,True
ACT-2026-009716,2026-09-05,K15,P-MOB-OTH,PID632865,None,1,1.51,True
ACT-2026-009717,2026-09-05,K15,P-MOB-GSM,PID252252,None,1,1.01,True
ACT-2026-009718,2026-09-05,K15,P-MOB-OTH,PID147853,None,1,1.51,True
ACT-2026-009719,2026-09-05,K15,P-MOB-GSM,PID915053,MNP,1,2.01,True
ACT-2026-009720,2026-09-05,K15,P-MOB-OTH,PID491471,None,1,1.51,True
ACT-2026-009721,2026-09-05,K16,P-FIX-WFA,PID466546,None,1,3.82,True
ACT-2026-009722,2026-09-05,K16,P-MOB-GSM,PID394566,None,1,1.01,True
ACT-2026-009723,2026-09-05,K16,P-MOB-GSM,PID859395,None,1,1.01,True
ACT-2026-009724,2026-09-05,K16,P-MOB-GSM,PID786808,None,1,1.01,True
ACT-2026-009725,2026-09-05,K17,P-MOB-GSM,PID912014,None,1,1.01,True
ACT-2026-009726,2026-09-05,K17,P-MOB-GSM,PID558590,None,1,1.01,True
ACT-2026-009727,2026-09-05,K18,P-MOB-GSM,PID928834,None,1,1.01,True
ACT-2026-009728,2026-09-06,K01,P-MOB-GSM,PID441405,None,1,1.08,True
ACT-2026-009729,2026-09-06,K01,P-MOB-GSM,PID137384,None,1,1.08,True
ACT-2026-009730,2026-09-06,K02,P-MOB-GSM,PID167675,None,1,1.08,True
ACT-2026-009731,2026-09-06,K02,P-MOB-OTH,PID879788,None,1,1.62,True
ACT-2026-009732,2026-09-06,K04,P-MOB-GSM,PID946850,MNP,1,2.16,True
ACT-2026-009733,2026-09-06,K05,P-DEV-DEV,PID933994,None,1,4.27,True
ACT-2026-009734,2026-09-06,K07,P-MOB-GSM,PID263429,MNP,1,1.99,True
ACT-2026-009735,2026-09-06,K07,P-MOB-GSM,PID576359,None,1,1.0,True
ACT-2026-009736,2026-09-06,K08,P-MOB-GSM,PID929295,None,1,1.0,True
ACT-2026-009737,2026-09-06,K09,P-FIX-WFA,PID715082,FNP,1,5.83,True
ACT-2026-009738,2026-09-06,K09,P-MOB-GSM,PID633778,None,1,1.0,True
ACT-2026-009739,2026-09-06,K13,P-MOB-GSM,PID296713,None,1,1.01,True
ACT-2026-009740,2026-09-06,K13,P-MOB-GSM,PID880621,None,1,1.01,True
ACT-2026-009741,2026-09-06,K15,P-MOB-GSM,PID137260,None,1,1.01,True
ACT-2026-009742,2026-09-06,K16,P-MOB-GSM,PID663122,None,1,1.01,True
ACT-2026-009743,2026-09-06,K16,P-MOB-GSM,PID123196,None,1,1.01,True
ACT-2026-009744,2026-09-06,K18,P-MOB-OTH,PID783945,None,1,1.51,True
ACT-2026-009745,2026-09-07,K01,P-MOB-GSM,PID404370,None,1,1.08,True
ACT-2026-009746,2026-09-07,K01,P-MOB-GSM,PID864857,None,1,1.08,True
ACT-2026-009747,2026-09-07,K01,P-MOB-GSM,PID631172,None,1,1.08,True
ACT-2026-009748,2026-09-07,K01,P-MOB-GSM,PID927351,None,1,1.08,True
ACT-2026-009749,2026-09-07,K01,P-MOB-GSM,PID551277,None,1,1.08,True
ACT-2026-009750,2026-09-07,K01,P-MOB-GSM,PID611143,None,1,1.08,True
ACT-2026-009751,2026-09-07,K01,P-MOB-GSM,PID409807,None,1,1.08,True
ACT-2026-009752,2026-09-07,K01,P-MOB-GSM,PID532471,None,1,1.08,True
ACT-2026-009753,2026-09-07,K01,P-MOB-GSM,PID704956,None,1,1.08,True
ACT-2026-009754,2026-09-07,K01,P-MOB-GSM,PID833138,None,1,1.08,True
ACT-2026-009755,2026-09-07,K01,P-MOB-GSM,PID465684,None,1,1.08,True
ACT-2026-009756,2026-09-07,K02,P-MOB-GSM,PID457430,MNP,1,2.16,True
ACT-2026-009757,2026-09-07,K02,P-FIX-WFA,PID263390,None,1,6.44,True
ACT-2026-009758,2026-09-07,K02,P-MOB-GSM,PID772597,None,1,1.08,True
ACT-2026-009759,2026-09-07,K02,P-MOB-GSM,PID905123,None,1,1.08,True
ACT-2026-009760,2026-09-07,K02,P-MOB-GSM,PID375201,MNP,1,2.16,True
ACT-2026-009761,2026-09-07,K02,P-MOB-GSM,PID138600,None,1,1.08,True
ACT-2026-009762,2026-09-07,K03,P-MOB-GSM,PID631046,MNP,1,2.16,True
ACT-2026-009763,2026-09-07,K03,P-MOB-GSM,PID570157,None,1,1.08,True
ACT-2026-009764,2026-09-07,K03,P-MOB-GSM,PID515535,None,1,1.08,True
ACT-2026-009765,2026-09-07,K03,P-MOB-GSM,PID469682,MNP,1,2.16,True
ACT-2026-009766,2026-09-07,K03,P-MOB-GSM,PID414946,None,1,1.08,True
ACT-2026-009767,2026-09-07,K04,P-MOB-OTH,PID454666,None,1,1.62,True
ACT-2026-009768,2026-09-07,K04,P-MOB-GSM,PID486700,None,1,1.08,True
ACT-2026-009769,2026-09-07,K04,P-MOB-GSM,PID985752,None,1,1.08,True
ACT-2026-009770,2026-09-07,K04,P-MOB-GSM,PID111975,None,1,1.08,True
ACT-2026-009771,2026-09-07,K05,P-MOB-GSM,PID633556,None,1,1.08,True
ACT-2026-009772,2026-09-07,K05,P-MOB-GSM,PID520461,None,1,1.08,True
ACT-2026-009773,2026-09-07,K05,P-FIX-WFA,PID604424,None,1,6.44,True
ACT-2026-009774,2026-09-07,K05,P-MOB-GSM,PID352759,MNP,1,2.16,True
ACT-2026-009775,2026-09-07,K05,P-MOB-GSM,PID975338,None,1,1.08,True
ACT-2026-009776,2026-09-07,K06,P-MOB-GSM,PID660298,None,1,1.08,True
ACT-2026-009777,2026-09-07,K06,P-MOB-GSM,PID767513,None,1,1.08,True
ACT-2026-009778,2026-09-07,K06,P-MOB-GSM,PID259187,None,1,1.08,True
ACT-2026-009779,2026-09-07,K06,P-MOB-GSM,PID909094,None,1,1.08,True
ACT-2026-009780,2026-09-07,K07,P-MOB-GSM,PID972724,None,1,1.0,True
ACT-2026-009781,2026-09-07,K07,P-MOB-GSM,PID588171,MNP,1,1.99,True
ACT-2026-009782,2026-09-07,K07,P-MOB-GSM,PID284737,None,1,1.0,True
ACT-2026-009783,2026-09-07,K07,P-MOB-GSM,PID620406,None,1,1.0,True
ACT-2026-009784,2026-09-07,K07,P-MOB-GSM,PID673076,None,1,1.0,True
ACT-2026-009785,2026-09-07,K07,P-MOB-GSM,PID142632,MNP,1,1.99,True
ACT-2026-009786,2026-09-07,K07,P-MOB-GSM,PID931929,MNP,1,1.99,True
ACT-2026-009787,2026-09-07,K07,P-MOB-GSM,PID534367,None,1,1.0,True
ACT-2026-009788,2026-09-07,K07,P-MOB-OTH,PID843366,None,1,1.49,True
ACT-2026-009789,2026-09-07,K07,P-DIG-SVC,PID697426,None,1,5.59,True
ACT-2026-009790,2026-09-07,K07,P-MOB-GSM,PID745221,None,1,1.0,True
ACT-2026-009791,2026-09-07,K07,P-DIG-SVC,PID864869,None,1,5.59,True
ACT-2026-009792,2026-09-07,K07,P-MOB-GSM,PID202000,None,1,1.0,True
ACT-2026-009793,2026-09-07,K07,P-MOB-GSM,PID666277,None,1,1.0,True
ACT-2026-009794,2026-09-07,K08,P-MOB-GSM,PID244957,None,1,1.0,True
ACT-2026-009795,2026-09-07,K08,P-MOB-GSM,PID444895,None,1,1.0,True
ACT-2026-009796,2026-09-07,K08,P-MOB-GSM,PID493440,None,1,1.0,True
ACT-2026-009797,2026-09-07,K09,P-MOB-GSM,PID683194,None,1,1.0,True
ACT-2026-009798,2026-09-07,K09,P-MOB-GSM,PID956677,None,1,1.0,True
ACT-2026-009799,2026-09-07,K09,P-MOB-GSM,PID658188,None,1,1.0,True
ACT-2026-009800,2026-09-07,K09,P-MOB-GSM,PID432272,None,1,1.0,True
ACT-2026-009801,2026-09-07,K09,P-MOB-GSM,PID505638,None,1,1.0,True
ACT-2026-009802,2026-09-07,K10,P-MOB-GSM,PID871094,MNP,1,1.99,True
ACT-2026-009803,2026-09-07,K10,P-MOB-GSM,PID693059,None,1,1.0,True
ACT-2026-009804,2026-09-07,K10,P-MOB-GSM,PID674605,MNP,1,1.99,True
ACT-2026-009805,2026-09-07,K10,P-MOB-GSM,PID585248,MNP,1,1.99,True
ACT-2026-009806,2026-09-07,K10,P-MOB-GSM,PID521330,None,1,1.0,True
ACT-2026-009807,2026-09-07,K11,P-MOB-GSM,PID337210,None,1,1.0,True
ACT-2026-009808,2026-09-07,K13,P-MOB-GSM,PID154596,None,1,1.01,True
ACT-2026-009809,2026-09-07,K13,P-MOB-GSM,PID435568,None,1,1.01,True
ACT-2026-009810,2026-09-07,K13,P-FIX-FBR,PID950623,None,1,6.37,True
ACT-2026-009811,2026-09-07,K13,P-MOB-GSM,PID800157,None,1,1.01,True
ACT-2026-009812,2026-09-07,K13,P-MOB-GSM,PID171400,None,1,1.01,True
ACT-2026-009813,2026-09-07,K13,P-MOB-GSM,PID629500,None,1,1.01,True
ACT-2026-009814,2026-09-07,K13,P-MOB-GSM,PID719520,None,1,1.01,True
ACT-2026-009815,2026-09-07,K13,P-MOB-GSM,PID915400,None,1,1.01,True
ACT-2026-009816,2026-09-07,K13,P-MOB-GSM,PID402945,None,1,1.01,True
ACT-2026-009817,2026-09-07,K13,P-MOB-GSM,PID821117,MNP,1,2.01,True
ACT-2026-009818,2026-09-07,K14,P-MOB-GSM,PID961523,None,1,1.01,True
ACT-2026-009819,2026-09-07,K14,P-MOB-GSM,PID365436,MNP,1,2.01,True
ACT-2026-009820,2026-09-07,K14,P-MOB-GSM,PID361778,None,1,1.01,True
ACT-2026-009821,2026-09-07,K14,P-FIX-WFA,PID638231,FNP,1,3.82,True
ACT-2026-009822,2026-09-07,K14,P-MOB-OTH,PID798420,None,1,1.51,True
ACT-2026-009823,2026-09-07,K14,P-MOB-OTH,PID502138,None,1,1.51,True
ACT-2026-009824,2026-09-07,K14,P-MOB-GSM,PID230745,None,1,1.01,True
ACT-2026-009825,2026-09-07,K14,P-FIX-WFA,PID890967,None,1,3.82,True
ACT-2026-009826,2026-09-07,K15,P-MOB-GSM,PID274329,None,1,1.01,True
ACT-2026-009827,2026-09-07,K15,P-MOB-GSM,PID318941,None,1,1.01,True
ACT-2026-009828,2026-09-07,K15,P-MOB-GSM,PID874371,None,1,1.01,True
ACT-2026-009829,2026-09-07,K15,P-MOB-GSM,PID314326,None,1,1.01,True
ACT-2026-009830,2026-09-07,K15,P-DIG-SVC,PID610263,None,1,5.07,True
ACT-2026-009831,2026-09-07,K15,P-MOB-GSM,PID464719,None,1,1.01,True
ACT-2026-009832,2026-09-07,K16,P-DIG-SVC,PID520193,None,1,5.07,True
ACT-2026-009833,2026-09-07,K16,P-MOB-GSM,PID242759,MNP,1,2.01,True
ACT-2026-009834,2026-09-07,K16,P-MOB-GSM,PID464574,None,1,1.01,True
ACT-2026-009835,2026-09-07,K17,P-DIG-SVC,PID826364,None,1,5.07,True
ACT-2026-009836,2026-09-08,K01,P-MOB-GSM,PID464815,None,1,1.08,True
ACT-2026-009837,2026-09-08,K01,P-FIX-BIB,PID725456,None,1,16.1,True
ACT-2026-009838,2026-09-08,K01,P-MOB-GSM,PID151987,None,1,1.08,True
ACT-2026-009839,2026-09-08,K01,P-MOB-GSM,PID475659,None,1,1.08,True
ACT-2026-009840,2026-09-08,K01,P-MOB-OTH,PID496229,None,1,1.62,True
ACT-2026-009841,2026-09-08,K01,P-MOB-GSM,PID783851,MNP,1,2.16,True
ACT-2026-009842,2026-09-08,K01,P-MOB-GSM,PID533522,MNP,1,2.16,True
ACT-2026-009843,2026-09-08,K01,P-MOB-GSM,PID849508,None,1,1.08,True
ACT-2026-009844,2026-09-08,K01,P-MOB-GSM,PID854473,None,1,1.08,True
ACT-2026-009845,2026-09-08,K01,P-MOB-GSM,PID568616,None,1,1.08,True
ACT-2026-009846,2026-09-08,K01,P-MOB-GSM,PID879313,None,1,1.08,True
ACT-2026-009847,2026-09-08,K01,P-FIX-FBR,PID127647,None,1,10.73,True
ACT-2026-009848,2026-09-08,K01,P-MOB-GSM,PID428177,MNP,1,2.16,True
ACT-2026-009849,2026-09-08,K01,P-MOB-GSM,PID704630,None,1,1.08,True
ACT-2026-009850,2026-09-08,K01,P-DEV-DEV,PID861969,None,1,4.27,True
ACT-2026-009851,2026-09-08,K02,P-MOB-GSM,PID241179,None,1,1.08,True
ACT-2026-009852,2026-09-08,K02,P-MOB-GSM,PID168473,None,1,1.08,True
ACT-2026-009853,2026-09-08,K02,P-MOB-GSM,PID883608,None,1,1.08,True
ACT-2026-009854,2026-09-08,K02,P-MOB-GSM,PID730207,None,1,1.08,True
ACT-2026-009855,2026-09-08,K02,P-MOB-OTH,PID552587,None,1,1.62,True
ACT-2026-009856,2026-09-08,K02,P-MOB-GSM,PID450244,None,1,1.08,True
ACT-2026-009857,2026-09-08,K02,P-MOB-GSM,PID875729,None,1,1.08,True
ACT-2026-009858,2026-09-08,K02,P-MOB-GSM,PID474635,None,1,1.08,True
ACT-2026-009859,2026-09-08,K02,P-MOB-GSM,PID291404,None,1,1.08,True
ACT-2026-009860,2026-09-08,K02,P-MOB-GSM,PID420757,None,1,1.08,True
ACT-2026-009861,2026-09-08,K03,P-MOB-OTH,PID855845,None,1,1.62,True
ACT-2026-009862,2026-09-08,K03,P-MOB-GSM,PID634921,None,1,1.08,True
ACT-2026-009863,2026-09-08,K03,P-MOB-OTH,PID420734,None,1,1.62,True
ACT-2026-009864,2026-09-08,K03,P-MOB-GSM,PID884611,None,1,1.08,True
ACT-2026-009865,2026-09-08,K03,P-MOB-GSM,PID261983,None,1,1.08,True
ACT-2026-009866,2026-09-08,K03,P-MOB-OTH,PID981180,None,1,1.62,True
ACT-2026-009867,2026-09-08,K03,P-MOB-GSM,PID761514,None,1,1.08,True
ACT-2026-009868,2026-09-08,K03,P-MOB-GSM,PID602961,MNP,1,2.16,True
ACT-2026-009869,2026-09-08,K03,P-MOB-GSM,PID468492,None,1,1.08,True
ACT-2026-009870,2026-09-08,K04,P-MOB-GSM,PID704193,None,1,1.08,True
ACT-2026-009871,2026-09-08,K04,P-MOB-GSM,PID795517,None,1,1.08,True
ACT-2026-009872,2026-09-08,K04,P-FIX-FBR,PID422157,None,1,10.73,True
ACT-2026-009873,2026-09-08,K04,P-MOB-GSM,PID611568,None,1,1.08,True
ACT-2026-009874,2026-09-08,K04,P-DIG-SVC,PID359730,None,1,5.78,True
ACT-2026-009875,2026-09-08,K04,P-MOB-GSM,PID446517,None,1,1.08,True
ACT-2026-009876,2026-09-08,K05,P-MOB-GSM,PID404989,None,1,1.08,True
ACT-2026-009877,2026-09-08,K05,P-MOB-GSM,PID466154,None,1,1.08,True
ACT-2026-009878,2026-09-08,K05,P-MOB-OTH,PID522738,None,1,1.62,True
ACT-2026-009879,2026-09-08,K05,P-FIX-BIB,PID423239,None,1,16.1,True
ACT-2026-009880,2026-09-08,K05,P-MOB-GSM,PID387184,None,1,1.08,True
ACT-2026-009881,2026-09-08,K05,P-MOB-OTH,PID627252,None,1,1.62,True
ACT-2026-009882,2026-09-08,K07,P-MOB-GSM,PID501398,None,1,1.0,True
ACT-2026-009883,2026-09-08,K07,P-MOB-GSM,PID735316,None,1,1.0,True
ACT-2026-009884,2026-09-08,K07,P-MOB-GSM,PID193724,None,1,1.0,True
ACT-2026-009885,2026-09-08,K07,P-MOB-GSM,PID472055,MNP,1,1.99,True
ACT-2026-009886,2026-09-08,K07,P-MOB-GSM,PID309783,None,1,1.0,True
ACT-2026-009887,2026-09-08,K07,P-MOB-GSM,PID362216,None,1,1.0,True
ACT-2026-009888,2026-09-08,K07,P-MOB-GSM,PID811790,None,1,1.0,True
ACT-2026-009889,2026-09-08,K07,P-MOB-GSM,PID198296,None,1,1.0,True
ACT-2026-009890,2026-09-08,K07,P-DIG-SVC,PID482765,None,1,5.59,True
ACT-2026-009891,2026-09-08,K07,P-MOB-GSM,PID520578,None,1,1.0,True
ACT-2026-009892,2026-09-08,K07,P-MOB-OTH,PID711965,None,1,1.49,True
ACT-2026-009893,2026-09-08,K07,P-MOB-OTH,PID919639,None,1,1.49,True
ACT-2026-009894,2026-09-08,K08,P-MOB-GSM,PID298766,None,1,1.0,True
ACT-2026-009895,2026-09-08,K08,P-MOB-GSM,PID431175,None,1,1.0,True
ACT-2026-009896,2026-09-08,K08,P-MOB-GSM,PID803636,None,1,1.0,True
ACT-2026-009897,2026-09-08,K08,P-MOB-GSM,PID614648,None,1,1.0,True
ACT-2026-009898,2026-09-08,K08,P-MOB-GSM,PID142853,MNP,1,1.99,True
ACT-2026-009899,2026-09-08,K08,P-MOB-GSM,PID147025,None,1,1.0,True
ACT-2026-009900,2026-09-08,K08,P-MOB-GSM,PID490044,None,1,1.0,True
ACT-2026-009901,2026-09-08,K08,P-FIX-BIB,PID707721,None,1,14.58,True
ACT-2026-009902,2026-09-08,K09,P-MOB-GSM,PID458337,None,1,1.0,True
ACT-2026-009903,2026-09-08,K09,P-MOB-GSM,PID925412,MNP,1,1.99,True
ACT-2026-009904,2026-09-08,K09,P-FIX-FBR,PID708008,None,1,9.72,True
ACT-2026-009905,2026-09-08,K09,P-MOB-GSM,PID679353,None,1,1.0,True
ACT-2026-009906,2026-09-08,K10,P-MOB-GSM,PID168975,MNP,1,1.99,True
ACT-2026-009907,2026-09-08,K10,P-MOB-GSM,PID812106,None,1,1.0,True
ACT-2026-009908,2026-09-08,K10,P-MOB-GSM,PID479926,MNP,1,1.99,True
ACT-2026-009909,2026-09-08,K10,P-MOB-GSM,PID603792,None,1,1.0,True
ACT-2026-009910,2026-09-08,K10,P-MOB-OTH,PID118822,None,1,1.49,True
ACT-2026-009911,2026-09-08,K10,P-MOB-GSM,PID507772,None,1,1.0,True
ACT-2026-009912,2026-09-08,K10,P-MOB-GSM,PID525322,None,1,1.0,True
ACT-2026-009913,2026-09-08,K10,P-MOB-GSM,PID635687,None,1,1.0,True
ACT-2026-009914,2026-09-08,K11,P-MOB-GSM,PID197181,MNP,1,1.99,True
ACT-2026-009915,2026-09-08,K11,P-MOB-GSM,PID305886,None,1,1.0,True
ACT-2026-009916,2026-09-08,K11,P-MOB-GSM,PID356177,None,1,1.0,True
ACT-2026-009917,2026-09-08,K12,P-MOB-GSM,PID662688,None,1,1.0,True
ACT-2026-009918,2026-09-08,K13,P-MOB-GSM,PID772550,None,1,1.01,True
ACT-2026-009919,2026-09-08,K13,P-MOB-GSM,PID863746,None,1,1.01,True
ACT-2026-009920,2026-09-08,K13,P-MOB-GSM,PID146672,None,1,1.01,True
ACT-2026-009921,2026-09-08,K13,P-MOB-GSM,PID980734,None,1,1.01,True
ACT-2026-009922,2026-09-08,K13,P-MOB-GSM,PID339777,None,1,1.01,True
ACT-2026-009923,2026-09-08,K13,P-MOB-GSM,PID650009,MNP,1,2.01,True
ACT-2026-009924,2026-09-08,K13,P-FIX-FBR,PID337165,None,1,6.37,True
ACT-2026-009925,2026-09-08,K13,P-MOB-GSM,PID144136,MNP,1,2.01,True
ACT-2026-009926,2026-09-08,K14,P-FIX-BIB,PID922739,None,1,9.56,True
ACT-2026-009927,2026-09-08,K14,P-MOB-GSM,PID591688,None,1,1.01,True
ACT-2026-009928,2026-09-08,K14,P-MOB-GSM,PID188732,None,1,1.01,True
ACT-2026-009929,2026-09-08,K14,P-MOB-GSM,PID100026,None,1,1.01,True
ACT-2026-009930,2026-09-08,K14,P-FIX-FBR,PID722529,None,1,6.37,True
ACT-2026-009931,2026-09-08,K14,P-MOB-GSM,PID992160,MNP,1,2.01,True
ACT-2026-009932,2026-09-08,K15,P-MOB-GSM,PID652737,None,1,1.01,True
ACT-2026-009933,2026-09-08,K15,P-MOB-OTH,PID276911,None,1,1.51,True
ACT-2026-009934,2026-09-08,K15,P-MOB-GSM,PID963556,None,1,1.01,True
ACT-2026-009935,2026-09-08,K15,P-MOB-GSM,PID431184,None,1,1.01,True
ACT-2026-009936,2026-09-08,K15,P-MOB-GSM,PID201913,None,1,1.01,True
ACT-2026-009937,2026-09-08,K15,P-MOB-GSM,PID599669,None,1,1.01,True
ACT-2026-009938,2026-09-08,K15,P-FIX-FBR,PID948121,None,1,6.37,True
ACT-2026-009939,2026-09-08,K16,P-MOB-GSM,PID845871,None,1,1.01,True
ACT-2026-009940,2026-09-08,K16,P-MOB-GSM,PID875262,None,1,1.01,True
ACT-2026-009941,2026-09-08,K16,P-FIX-BIB,PID795409,None,1,9.56,True
ACT-2026-009942,2026-09-08,K16,P-MOB-GSM,PID837147,MNP,1,2.01,True
ACT-2026-009943,2026-09-08,K16,P-MOB-GSM,PID913705,None,1,1.01,True
ACT-2026-009944,2026-09-08,K17,P-FIX-BIB,PID699270,None,1,9.56,True
ACT-2026-009945,2026-09-08,K17,P-MOB-GSM,PID209107,MNP,1,2.01,True
ACT-2026-009946,2026-09-08,K17,P-MOB-GSM,PID758430,None,1,1.01,True
ACT-2026-009947,2026-09-08,K17,P-MOB-OTH,PID366649,None,1,1.51,True
ACT-2026-009948,2026-09-08,K17,P-MOB-GSM,PID140963,None,1,1.01,True
ACT-2026-009949,2026-09-08,K17,P-MOB-GSM,PID702388,None,1,1.01,True
ACT-2026-009950,2026-09-08,K18,P-MOB-GSM,PID310680,None,1,1.01,True
ACT-2026-009951,2026-09-08,K18,P-MOB-OTH,PID456669,None,1,1.51,True
ACT-2026-009952,2026-09-08,K18,P-MOB-GSM,PID863548,None,1,1.01,True
ACT-2026-009953,2026-09-08,K18,P-MOB-GSM,PID289451,None,1,1.01,True
ACT-2026-009954,2026-09-09,K01,P-MOB-GSM,PID327747,MNP,1,2.16,True
ACT-2026-009955,2026-09-09,K01,P-MOB-GSM,PID217109,None,1,1.08,True
ACT-2026-009956,2026-09-09,K01,P-MOB-GSM,PID723739,None,1,1.08,True
ACT-2026-009957,2026-09-09,K01,P-MOB-OTH,PID737012,None,1,1.62,True
ACT-2026-009958,2026-09-09,K01,P-MOB-GSM,PID486524,None,1,1.08,True
ACT-2026-009959,2026-09-09,K01,P-MOB-GSM,PID785115,None,1,1.08,True
ACT-2026-009960,2026-09-09,K01,P-MOB-GSM,PID551945,None,1,1.08,True
ACT-2026-009961,2026-09-09,K01,P-MOB-GSM,PID214953,MNP,1,2.16,True
ACT-2026-009962,2026-09-09,K01,P-MOB-GSM,PID339226,MNP,1,2.16,True
ACT-2026-009963,2026-09-09,K01,P-MOB-GSM,PID643473,None,1,1.08,True
ACT-2026-009964,2026-09-09,K01,P-MOB-GSM,PID340078,None,1,1.08,True
ACT-2026-009965,2026-09-09,K01,P-MOB-GSM,PID633885,None,1,1.08,True
ACT-2026-009966,2026-09-09,K01,P-MOB-GSM,PID313729,None,1,1.08,True
ACT-2026-009967,2026-09-09,K01,P-MOB-GSM,PID386071,None,1,1.08,True
ACT-2026-009968,2026-09-09,K01,P-MOB-GSM,PID596207,None,1,1.08,True
ACT-2026-009969,2026-09-09,K01,P-MOB-OTH,PID452933,None,1,1.62,True
ACT-2026-009970,2026-09-09,K01,P-DIG-SVC,PID813898,None,1,5.78,True
ACT-2026-009971,2026-09-09,K01,P-MOB-GSM,PID444721,MNP,1,2.16,True
ACT-2026-009972,2026-09-09,K01,P-MOB-GSM,PID575179,None,1,1.08,True
ACT-2026-009973,2026-09-09,K01,P-MOB-GSM,PID610668,MNP,1,2.16,True
ACT-2026-009974,2026-09-09,K01,P-MOB-GSM,PID354779,None,1,1.08,True
ACT-2026-009975,2026-09-09,K01,P-MOB-GSM,PID769929,None,1,1.08,True
ACT-2026-009976,2026-09-09,K01,P-DIG-SVC,PID104166,None,1,5.78,True
ACT-2026-009977,2026-09-09,K02,P-MOB-GSM,PID599649,None,1,1.08,True
ACT-2026-009978,2026-09-09,K02,P-MOB-GSM,PID146514,None,1,1.08,True
ACT-2026-009979,2026-09-09,K02,P-MOB-GSM,PID717955,None,1,1.08,True
ACT-2026-009980,2026-09-09,K02,P-MOB-GSM,PID394046,None,1,1.08,True
ACT-2026-009981,2026-09-09,K02,P-MOB-GSM,PID483585,None,1,1.08,True
ACT-2026-009982,2026-09-09,K02,P-FIX-WFA,PID193327,None,1,6.44,True
ACT-2026-009983,2026-09-09,K02,P-MOB-GSM,PID932992,None,1,1.08,True
ACT-2026-009984,2026-09-09,K02,P-DEV-DEV,PID503412,None,1,4.27,True
ACT-2026-009985,2026-09-09,K02,P-MOB-GSM,PID993941,None,1,1.08,True
ACT-2026-009986,2026-09-09,K02,P-MOB-GSM,PID409978,None,1,1.08,True
ACT-2026-009987,2026-09-09,K03,P-MOB-GSM,PID514536,None,1,1.08,True
ACT-2026-009988,2026-09-09,K03,P-MOB-GSM,PID754860,None,1,1.08,True
ACT-2026-009989,2026-09-09,K03,P-MOB-GSM,PID665778,None,1,1.08,True
ACT-2026-009990,2026-09-09,K03,P-MOB-GSM,PID705312,None,1,1.08,True
ACT-2026-009991,2026-09-09,K03,P-MOB-GSM,PID929264,None,1,1.08,True
ACT-2026-009992,2026-09-09,K03,P-MOB-GSM,PID404469,None,1,1.08,True
ACT-2026-009993,2026-09-09,K03,P-MOB-GSM,PID875301,None,1,1.08,True
ACT-2026-009994,2026-09-09,K03,P-MOB-GSM,PID647328,None,1,1.08,True
ACT-2026-009995,2026-09-09,K03,P-MOB-GSM,PID452114,None,1,1.08,True
ACT-2026-009996,2026-09-09,K03,P-MOB-GSM,PID181742,None,1,1.08,True
ACT-2026-009997,2026-09-09,K03,P-MOB-GSM,PID433576,MNP,1,2.16,True
ACT-2026-009998,2026-09-09,K03,P-MOB-GSM,PID575746,None,1,1.08,True
ACT-2026-009999,2026-09-09,K03,P-MOB-GSM,PID745823,MNP,1,2.16,True
ACT-2026-010000,2026-09-09,K03,P-MOB-GSM,PID513037,None,1,1.08,True
ACT-2026-010001,2026-09-09,K03,P-DIG-SVC,PID426826,None,1,5.78,True
ACT-2026-010002,2026-09-09,K03,P-MOB-OTH,PID445486,None,1,1.62,True
ACT-2026-010003,2026-09-09,K04,P-FIX-BIB,PID973315,None,1,16.1,True
ACT-2026-010004,2026-09-09,K04,P-MOB-GSM,PID158430,None,1,1.08,True
ACT-2026-010005,2026-09-09,K04,P-FIX-FBR,PID518673,None,1,10.73,True
ACT-2026-010006,2026-09-09,K04,P-MOB-GSM,PID447405,None,1,1.08,True
ACT-2026-010007,2026-09-09,K04,P-MOB-GSM,PID881554,None,1,1.08,True
ACT-2026-010008,2026-09-09,K04,P-MOB-OTH,PID441458,None,1,1.62,True
ACT-2026-010009,2026-09-09,K04,P-MOB-GSM,PID457063,None,1,1.08,True
ACT-2026-010010,2026-09-09,K04,P-MOB-OTH,PID885680,None,1,1.62,True
ACT-2026-010011,2026-09-09,K04,P-MOB-GSM,PID895309,None,1,1.08,True
ACT-2026-010012,2026-09-09,K04,P-DIG-SVC,PID498277,None,1,5.78,True
ACT-2026-010013,2026-09-09,K04,P-MOB-GSM,PID510709,None,1,1.08,True
ACT-2026-010014,2026-09-09,K04,P-MOB-GSM,PID706207,None,1,1.08,True
ACT-2026-010015,2026-09-09,K05,P-MOB-GSM,PID592977,MNP,1,2.16,True
ACT-2026-010016,2026-09-09,K05,P-MOB-GSM,PID602563,None,1,1.08,True
ACT-2026-010017,2026-09-09,K05,P-MOB-GSM,PID114564,MNP,1,2.16,True
ACT-2026-010018,2026-09-09,K05,P-DIG-SVC,PID469017,None,1,5.78,True
ACT-2026-010019,2026-09-09,K05,P-MOB-OTH,PID414941,None,1,1.62,True
ACT-2026-010020,2026-09-09,K05,P-MOB-GSM,PID691632,None,1,1.08,True
ACT-2026-010021,2026-09-09,K05,P-MOB-GSM,PID838762,None,1,1.08,True
ACT-2026-010022,2026-09-09,K05,P-MOB-GSM,PID128103,None,1,1.08,True
ACT-2026-010023,2026-09-09,K06,P-MOB-GSM,PID953769,None,1,1.08,True
ACT-2026-010024,2026-09-09,K06,P-MOB-GSM,PID124692,None,1,1.08,True
ACT-2026-010025,2026-09-09,K07,P-MOB-GSM,PID118625,None,1,1.0,True
ACT-2026-010026,2026-09-09,K07,P-MOB-GSM,PID748219,MNP,1,1.99,True
ACT-2026-010027,2026-09-09,K07,P-MOB-GSM,PID738166,None,1,1.0,True
ACT-2026-010028,2026-09-09,K07,P-MOB-GSM,PID920531,None,1,1.0,True
ACT-2026-010029,2026-09-09,K07,P-MOB-GSM,PID856590,None,1,1.0,True
ACT-2026-010030,2026-09-09,K07,P-MOB-OTH,PID191119,None,1,1.49,True
ACT-2026-010031,2026-09-09,K07,P-MOB-GSM,PID225956,None,1,1.0,True
ACT-2026-010032,2026-09-09,K07,P-MOB-GSM,PID721948,None,1,1.0,True
ACT-2026-010033,2026-09-09,K07,P-MOB-GSM,PID700956,None,1,1.0,True
ACT-2026-010034,2026-09-09,K07,P-MOB-GSM,PID119672,None,1,1.0,True
ACT-2026-010035,2026-09-09,K07,P-MOB-GSM,PID831374,MNP,1,1.99,True
ACT-2026-010036,2026-09-09,K07,P-MOB-GSM,PID291921,None,1,0.0,False
ACT-2026-010037,2026-09-09,K07,P-MOB-GSM,PID275529,None,1,1.0,True
ACT-2026-010038,2026-09-09,K07,P-MOB-GSM,PID948363,None,1,1.0,True
ACT-2026-010039,2026-09-09,K08,P-MOB-GSM,PID223515,None,1,1.0,True
ACT-2026-010040,2026-09-09,K08,P-MOB-GSM,PID195928,MNP,1,1.99,True
ACT-2026-010041,2026-09-09,K08,P-MOB-GSM,PID413280,None,1,1.0,True
ACT-2026-010042,2026-09-09,K08,P-MOB-GSM,PID806934,None,1,1.0,True
ACT-2026-010043,2026-09-09,K08,P-MOB-GSM,PID984905,None,1,1.0,True
ACT-2026-010044,2026-09-09,K08,P-MOB-GSM,PID279332,None,1,1.0,True
ACT-2026-010045,2026-09-09,K08,P-MOB-GSM,PID618065,None,1,1.0,True
ACT-2026-010046,2026-09-09,K08,P-MOB-GSM,PID917749,None,1,1.0,True
ACT-2026-010047,2026-09-09,K08,P-MOB-GSM,PID801606,None,1,1.0,True
ACT-2026-010048,2026-09-09,K08,P-MOB-GSM,PID970944,None,1,1.0,True
ACT-2026-010049,2026-09-09,K08,P-MOB-GSM,PID906230,None,1,1.0,True
ACT-2026-010050,2026-09-09,K08,P-MOB-GSM,PID620998,None,1,1.0,True
ACT-2026-010051,2026-09-09,K08,P-MOB-GSM,PID108956,MNP,1,1.99,True
ACT-2026-010052,2026-09-09,K09,P-MOB-GSM,PID593775,None,1,1.0,True
ACT-2026-010053,2026-09-09,K09,P-MOB-GSM,PID808677,None,1,1.0,True
ACT-2026-010054,2026-09-09,K09,P-MOB-GSM,PID523818,None,1,1.0,True
ACT-2026-010055,2026-09-09,K09,P-MOB-GSM,PID513188,None,1,1.0,True
ACT-2026-010056,2026-09-09,K09,P-MOB-GSM,PID370217,None,1,1.0,True
ACT-2026-010057,2026-09-09,K09,P-MOB-GSM,PID333908,None,1,1.0,True
ACT-2026-010058,2026-09-09,K09,P-MOB-GSM,PID326825,None,1,1.0,True
ACT-2026-010059,2026-09-09,K09,P-MOB-GSM,PID940816,None,1,1.0,True
ACT-2026-010060,2026-09-09,K10,P-DIG-SVC,PID200726,None,1,5.59,True
ACT-2026-010061,2026-09-09,K10,P-MOB-GSM,PID391595,None,1,1.0,True
ACT-2026-010062,2026-09-09,K10,P-MOB-GSM,PID147865,None,1,1.0,True
ACT-2026-010063,2026-09-09,K10,P-MOB-GSM,PID243484,None,1,1.0,True
ACT-2026-010064,2026-09-09,K10,P-MOB-GSM,PID480334,MNP,1,1.99,True
ACT-2026-010065,2026-09-09,K10,P-DIG-SVC,PID168873,None,1,5.59,True
ACT-2026-010066,2026-09-09,K10,P-MOB-GSM,PID586042,MNP,1,1.99,True
ACT-2026-010067,2026-09-09,K10,P-MOB-GSM,PID643886,MNP,1,1.99,True
ACT-2026-010068,2026-09-09,K11,P-MOB-OTH,PID822573,None,1,1.49,True
ACT-2026-010069,2026-09-09,K11,P-MOB-GSM,PID347979,None,1,1.0,True
ACT-2026-010070,2026-09-09,K11,P-MOB-GSM,PID118094,MNP,1,1.99,True
ACT-2026-010071,2026-09-09,K11,P-MOB-GSM,PID360550,None,1,1.0,True
ACT-2026-010072,2026-09-09,K11,P-DIG-SVC,PID797237,None,1,5.59,True
ACT-2026-010073,2026-09-09,K11,P-MOB-GSM,PID257820,None,1,1.0,True
ACT-2026-010074,2026-09-09,K11,P-MOB-GSM,PID213670,None,1,1.0,True
ACT-2026-010075,2026-09-09,K13,P-MOB-GSM,PID125430,None,1,1.01,True
ACT-2026-010076,2026-09-09,K13,P-MOB-GSM,PID379024,None,1,1.01,True
ACT-2026-010077,2026-09-09,K13,P-MOB-GSM,PID847628,None,1,1.01,True
ACT-2026-010078,2026-09-09,K13,P-MOB-GSM,PID560787,None,1,1.01,True
ACT-2026-010079,2026-09-09,K13,P-MOB-GSM,PID799098,None,1,1.01,True
ACT-2026-010080,2026-09-09,K13,P-MOB-GSM,PID161611,None,1,1.01,True
ACT-2026-010081,2026-09-09,K13,P-MOB-GSM,PID289101,MNP,1,2.01,True
ACT-2026-010082,2026-09-09,K13,P-MOB-GSM,PID160468,None,1,1.01,True
ACT-2026-010083,2026-09-09,K13,P-MOB-GSM,PID796446,None,1,1.01,True
ACT-2026-010084,2026-09-09,K13,P-MOB-GSM,PID287044,None,1,1.01,True
ACT-2026-010085,2026-09-09,K13,P-FIX-BIB,PID957645,None,1,9.56,True
ACT-2026-010086,2026-09-09,K13,P-MOB-GSM,PID826814,None,1,1.01,True
ACT-2026-010087,2026-09-09,K13,P-MOB-GSM,PID215015,MNP,1,2.01,True
ACT-2026-010088,2026-09-09,K13,P-MOB-GSM,PID656515,None,1,1.01,True
ACT-2026-010089,2026-09-09,K14,P-MOB-GSM,PID643023,None,1,1.01,True
ACT-2026-010090,2026-09-09,K14,P-MOB-GSM,PID102615,None,1,1.01,True
ACT-2026-010091,2026-09-09,K14,P-MOB-GSM,PID645692,None,1,1.01,True
ACT-2026-010092,2026-09-09,K14,P-FIX-FBR,PID444536,None,1,6.37,True
ACT-2026-010093,2026-09-09,K15,P-MOB-GSM,PID804132,None,1,1.01,True
ACT-2026-010094,2026-09-09,K15,P-MOB-GSM,PID243789,MNP,1,2.01,True
ACT-2026-010095,2026-09-09,K15,P-MOB-GSM,PID302685,None,1,1.01,True
ACT-2026-010096,2026-09-09,K15,P-MOB-GSM,PID326229,None,1,1.01,True
ACT-2026-010097,2026-09-09,K15,P-FIX-FBR,PID159025,None,1,6.37,True
ACT-2026-010098,2026-09-09,K15,P-FIX-FBR,PID808932,None,1,6.37,True
ACT-2026-010099,2026-09-09,K15,P-MOB-OTH,PID929768,None,1,1.51,True
ACT-2026-010100,2026-09-09,K16,P-MOB-GSM,PID497263,MNP,1,2.01,True
ACT-2026-010101,2026-09-09,K16,P-MOB-GSM,PID129641,MNP,1,2.01,True
ACT-2026-010102,2026-09-09,K16,P-FIX-FBR,PID888832,None,1,6.37,True
ACT-2026-010103,2026-09-09,K16,P-MOB-GSM,PID467056,None,1,1.01,True
ACT-2026-010104,2026-09-09,K16,P-MOB-GSM,PID741412,MNP,1,2.01,True
ACT-2026-010105,2026-09-09,K16,P-MOB-GSM,PID451037,None,1,1.01,True
ACT-2026-010106,2026-09-09,K16,P-MOB-GSM,PID652620,MNP,1,2.01,True
ACT-2026-010107,2026-09-09,K16,P-MOB-GSM,PID376431,None,1,1.01,True
ACT-2026-010108,2026-09-09,K16,P-MOB-GSM,PID346204,None,1,1.01,True
ACT-2026-010109,2026-09-09,K16,P-MOB-GSM,PID412352,MNP,1,2.01,True
ACT-2026-010110,2026-09-09,K16,P-MOB-GSM,PID639798,None,1,1.01,True
ACT-2026-010111,2026-09-09,K16,P-MOB-GSM,PID425491,MNP,1,2.01,True
ACT-2026-010112,2026-09-09,K17,P-MOB-OTH,PID289015,None,1,1.51,True
ACT-2026-010113,2026-09-09,K17,P-MOB-GSM,PID879619,MNP,1,2.01,True
ACT-2026-010114,2026-09-09,K18,P-MOB-GSM,PID506096,None,1,1.01,True
ACT-2026-010115,2026-09-09,K18,P-MOB-GSM,PID295499,None,1,1.01,True
ACT-2026-010116,2026-09-10,K01,P-MOB-GSM,PID986069,None,1,1.08,True
ACT-2026-010117,2026-09-10,K01,P-MOB-GSM,PID813577,None,1,1.08,True
ACT-2026-010118,2026-09-10,K01,P-MOB-GSM,PID558844,None,1,1.08,True
ACT-2026-010119,2026-09-10,K01,P-MOB-GSM,PID716713,None,1,1.08,True
ACT-2026-010120,2026-09-10,K01,P-MOB-OTH,PID608147,None,1,1.62,True
ACT-2026-010121,2026-09-10,K01,P-MOB-GSM,PID323803,None,1,1.08,True
ACT-2026-010122,2026-09-10,K01,P-FIX-FBR,PID243655,None,1,10.73,True
ACT-2026-010123,2026-09-10,K01,P-MOB-GSM,PID869897,None,1,1.08,True
ACT-2026-010124,2026-09-10,K01,P-MOB-GSM,PID307504,None,1,0.0,False
ACT-2026-010125,2026-09-10,K01,P-MOB-GSM,PID567701,None,1,1.08,True
ACT-2026-010126,2026-09-10,K01,P-MOB-GSM,PID484041,None,1,1.08,True
ACT-2026-010127,2026-09-10,K01,P-MOB-GSM,PID953227,None,1,1.08,True
ACT-2026-010128,2026-09-10,K01,P-MOB-GSM,PID832633,None,1,1.08,True
ACT-2026-010129,2026-09-10,K01,P-MOB-GSM,PID199614,None,1,1.08,True
ACT-2026-010130,2026-09-10,K01,P-MOB-GSM,PID981409,None,1,1.08,True
ACT-2026-010131,2026-09-10,K01,P-MOB-GSM,PID825430,MNP,1,2.16,True
ACT-2026-010132,2026-09-10,K01,P-MOB-GSM,PID969220,None,1,1.08,True
ACT-2026-010133,2026-09-10,K01,P-MOB-GSM,PID485514,None,1,1.08,True
ACT-2026-010134,2026-09-10,K01,P-MOB-GSM,PID907211,None,1,1.08,True
ACT-2026-010135,2026-09-10,K01,P-MOB-GSM,PID603669,None,1,1.08,True
ACT-2026-010136,2026-09-10,K01,P-MOB-GSM,PID297168,None,1,1.08,True
ACT-2026-010137,2026-09-10,K01,P-MOB-GSM,PID366506,MNP,1,2.16,True
ACT-2026-010138,2026-09-10,K01,P-MOB-GSM,PID803085,None,1,1.08,True
ACT-2026-010139,2026-09-10,K01,P-MOB-GSM,PID734322,None,1,1.08,True
ACT-2026-010140,2026-09-10,K01,P-FIX-FBR,PID808398,None,1,10.73,True
ACT-2026-010141,2026-09-10,K01,P-MOB-GSM,PID282142,None,1,1.08,True
ACT-2026-010142,2026-09-10,K01,P-MOB-OTH,PID228199,None,1,1.62,True
ACT-2026-010143,2026-09-10,K01,P-MOB-GSM,PID971510,None,1,1.08,True
ACT-2026-010144,2026-09-10,K02,P-MOB-GSM,PID940381,None,1,1.08,True
ACT-2026-010145,2026-09-10,K02,P-MOB-GSM,PID426432,None,1,1.08,True
ACT-2026-010146,2026-09-10,K02,P-MOB-GSM,PID388437,MNP,1,2.16,True
ACT-2026-010147,2026-09-10,K02,P-FIX-WFA,PID593646,None,1,6.44,True
ACT-2026-010148,2026-09-10,K02,P-MOB-GSM,PID546537,None,1,1.08,True
ACT-2026-010149,2026-09-10,K02,P-MOB-GSM,PID618929,None,1,1.08,True
ACT-2026-010150,2026-09-10,K02,P-MOB-GSM,PID700530,None,1,1.08,True
ACT-2026-010151,2026-09-10,K02,P-MOB-GSM,PID971560,None,1,1.08,True
ACT-2026-010152,2026-09-10,K02,P-MOB-GSM,PID830089,None,1,1.08,True
ACT-2026-010153,2026-09-10,K02,P-MOB-GSM,PID637601,None,1,1.08,True
ACT-2026-010154,2026-09-10,K02,P-MOB-GSM,PID915433,None,1,1.08,True
ACT-2026-010155,2026-09-10,K02,P-MOB-GSM,PID329134,MNP,1,2.16,True
ACT-2026-010156,2026-09-10,K02,P-MOB-OTH,PID725417,None,1,1.62,True
ACT-2026-010157,2026-09-10,K02,P-MOB-GSM,PID485326,None,1,1.08,True
ACT-2026-010158,2026-09-10,K02,P-MOB-OTH,PID126981,None,1,1.62,True
ACT-2026-010159,2026-09-10,K02,P-MOB-GSM,PID622855,None,1,1.08,True
ACT-2026-010160,2026-09-10,K02,P-MOB-GSM,PID367966,None,1,1.08,True
ACT-2026-010161,2026-09-10,K02,P-MOB-GSM,PID714500,None,1,1.08,True
ACT-2026-010162,2026-09-10,K02,P-MOB-GSM,PID773995,None,1,1.08,True
ACT-2026-010163,2026-09-10,K02,P-MOB-GSM,PID564530,None,1,1.08,True
ACT-2026-010164,2026-09-10,K03,P-MOB-GSM,PID930145,None,1,1.08,True
ACT-2026-010165,2026-09-10,K03,P-MOB-GSM,PID537950,None,1,1.08,True
ACT-2026-010166,2026-09-10,K03,P-MOB-GSM,PID236158,None,1,1.08,True
ACT-2026-010167,2026-09-10,K03,P-MOB-GSM,PID406452,None,1,1.08,True
ACT-2026-010168,2026-09-10,K03,P-MOB-OTH,PID339231,None,1,1.62,True
ACT-2026-010169,2026-09-10,K03,P-MOB-GSM,PID751880,None,1,1.08,True
ACT-2026-010170,2026-09-10,K03,P-MOB-GSM,PID920442,None,1,1.08,True
ACT-2026-010171,2026-09-10,K03,P-MOB-GSM,PID733836,None,1,1.08,True
ACT-2026-010172,2026-09-10,K03,P-MOB-GSM,PID299480,None,1,1.08,True
ACT-2026-010173,2026-09-10,K03,P-MOB-GSM,PID646120,None,1,1.08,True
ACT-2026-010174,2026-09-10,K03,P-MOB-GSM,PID548826,None,1,1.08,True
ACT-2026-010175,2026-09-10,K03,P-MOB-GSM,PID145364,None,1,1.08,True
ACT-2026-010176,2026-09-10,K03,P-DEV-DEV,PID978161,None,1,4.27,True
ACT-2026-010177,2026-09-10,K03,P-MOB-GSM,PID490617,None,1,1.08,True
ACT-2026-010178,2026-09-10,K03,P-MOB-OTH,PID725413,None,1,1.62,True
ACT-2026-010179,2026-09-10,K03,P-MOB-GSM,PID932610,MNP,1,2.16,True
ACT-2026-010180,2026-09-10,K03,P-MOB-GSM,PID301362,None,1,1.08,True
ACT-2026-010181,2026-09-10,K03,P-MOB-GSM,PID627767,None,1,1.08,True
ACT-2026-010182,2026-09-10,K04,P-MOB-GSM,PID657822,None,1,1.08,True
ACT-2026-010183,2026-09-10,K04,P-MOB-GSM,PID446327,MNP,1,2.16,True
ACT-2026-010184,2026-09-10,K04,P-MOB-OTH,PID766763,None,1,1.62,True
ACT-2026-010185,2026-09-10,K04,P-MOB-GSM,PID760440,None,1,1.08,True
ACT-2026-010186,2026-09-10,K04,P-DEV-DEV,PID621895,None,1,4.27,True
ACT-2026-010187,2026-09-10,K04,P-MOB-GSM,PID871989,None,1,1.08,True
ACT-2026-010188,2026-09-10,K04,P-MOB-GSM,PID604795,None,1,1.08,True
ACT-2026-010189,2026-09-10,K04,P-MOB-GSM,PID252424,MNP,1,2.16,True
ACT-2026-010190,2026-09-10,K04,P-MOB-GSM,PID395205,None,1,1.08,True
ACT-2026-010191,2026-09-10,K04,P-MOB-GSM,PID309669,None,1,1.08,True
ACT-2026-010192,2026-09-10,K04,P-FIX-WFA,PID476666,None,1,6.44,True
ACT-2026-010193,2026-09-10,K04,P-MOB-OTH,PID173979,None,1,1.62,True
ACT-2026-010194,2026-09-10,K05,P-MOB-GSM,PID658965,None,1,1.08,True
ACT-2026-010195,2026-09-10,K05,P-MOB-GSM,PID481202,MNP,1,2.16,True
ACT-2026-010196,2026-09-10,K05,P-DEV-DEV,PID695525,None,1,4.27,True
ACT-2026-010197,2026-09-10,K05,P-MOB-GSM,PID901636,None,1,1.08,True
ACT-2026-010198,2026-09-10,K05,P-MOB-GSM,PID686738,None,1,1.08,True
ACT-2026-010199,2026-09-10,K06,P-MOB-GSM,PID262977,None,1,1.08,True
ACT-2026-010200,2026-09-10,K06,P-MOB-GSM,PID538024,None,1,1.04,True
ACT-2026-010201,2026-09-10,K06,P-DIG-SVC,PID550861,None,1,5.84,True
ACT-2026-010202,2026-09-10,K06,P-MOB-GSM,PID886085,None,1,1.08,True
ACT-2026-010203,2026-09-10,K06,P-DEV-DEV,PID301179,None,1,4.33,True
ACT-2026-010204,2026-09-10,K07,P-MOB-GSM,PID111160,MNP,1,1.99,True
ACT-2026-010205,2026-09-10,K07,P-MOB-GSM,PID363424,None,1,1.0,True
ACT-2026-010206,2026-09-10,K07,P-MOB-GSM,PID907395,MNP,1,1.99,True
ACT-2026-010207,2026-09-10,K07,P-DIG-SVC,PID457577,None,1,5.59,True
ACT-2026-010208,2026-09-10,K07,P-MOB-GSM,PID945902,MNP,1,1.99,True
ACT-2026-010209,2026-09-10,K07,P-MOB-OTH,PID767272,None,1,1.49,True
ACT-2026-010210,2026-09-10,K07,P-MOB-GSM,PID124465,None,1,1.0,True
ACT-2026-010211,2026-09-10,K07,P-MOB-GSM,PID293679,None,1,1.0,True
ACT-2026-010212,2026-09-10,K07,P-MOB-GSM,PID369469,None,1,1.0,True
ACT-2026-010213,2026-09-10,K07,P-MOB-GSM,PID578294,None,1,1.0,True
ACT-2026-010214,2026-09-10,K07,P-MOB-GSM,PID825014,None,1,1.0,True
ACT-2026-010215,2026-09-10,K07,P-FIX-BIB,PID776734,None,1,14.58,True
ACT-2026-010216,2026-09-10,K07,P-MOB-GSM,PID514006,None,1,1.0,True
ACT-2026-010217,2026-09-10,K07,P-MOB-GSM,PID657412,None,1,1.0,True
ACT-2026-010218,2026-09-10,K07,P-MOB-GSM,PID780301,MNP,1,1.99,True
ACT-2026-010219,2026-09-10,K07,P-MOB-GSM,PID674870,None,1,1.0,True
ACT-2026-010220,2026-09-10,K07,P-MOB-GSM,PID508344,None,1,1.0,True
ACT-2026-010221,2026-09-10,K07,P-MOB-GSM,PID457311,None,1,1.0,True
ACT-2026-010222,2026-09-10,K08,P-MOB-GSM,PID222419,MNP,1,1.99,True
ACT-2026-010223,2026-09-10,K08,P-MOB-GSM,PID765488,MNP,1,0.0,False
ACT-2026-010224,2026-09-10,K08,P-MOB-GSM,PID648247,None,1,1.0,True
ACT-2026-010225,2026-09-10,K08,P-MOB-GSM,PID761212,MNP,1,1.99,True
ACT-2026-010226,2026-09-10,K08,P-MOB-GSM,PID207228,None,1,1.0,True
ACT-2026-010227,2026-09-10,K08,P-MOB-GSM,PID183875,None,1,1.0,True
ACT-2026-010228,2026-09-10,K08,P-MOB-GSM,PID813564,None,1,1.0,True
ACT-2026-010229,2026-09-10,K08,P-MOB-GSM,PID775933,None,1,1.0,True
ACT-2026-010230,2026-09-10,K08,P-MOB-GSM,PID428950,MNP,1,1.99,True
ACT-2026-010231,2026-09-10,K08,P-MOB-GSM,PID820199,None,1,1.0,True
ACT-2026-010232,2026-09-10,K08,P-MOB-GSM,PID134551,None,1,1.0,True
ACT-2026-010233,2026-09-10,K08,P-MOB-OTH,PID483631,None,1,1.49,True
ACT-2026-010234,2026-09-10,K08,P-MOB-GSM,PID994560,None,1,1.0,True
ACT-2026-010235,2026-09-10,K08,P-MOB-GSM,PID768950,None,1,1.0,True
ACT-2026-010236,2026-09-10,K09,P-MOB-GSM,PID344422,MNP,1,1.99,True
ACT-2026-010237,2026-09-10,K09,P-MOB-GSM,PID859141,None,1,1.0,True
ACT-2026-010238,2026-09-10,K09,P-MOB-OTH,PID198028,None,1,1.49,True
ACT-2026-010239,2026-09-10,K09,P-MOB-GSM,PID854386,None,1,1.0,True
ACT-2026-010240,2026-09-10,K09,P-MOB-GSM,PID246053,None,1,1.0,True
ACT-2026-010241,2026-09-10,K09,P-MOB-GSM,PID613920,None,1,1.0,True
ACT-2026-010242,2026-09-10,K09,P-MOB-GSM,PID735496,None,1,1.0,True
ACT-2026-010243,2026-09-10,K09,P-MOB-GSM,PID153977,None,1,1.0,True
ACT-2026-010244,2026-09-10,K09,P-MOB-GSM,PID405173,None,1,1.0,True
ACT-2026-010245,2026-09-10,K09,P-DEV-DEV,PID786729,None,1,5.8,True
ACT-2026-010246,2026-09-10,K09,P-DIG-SVC,PID643793,None,1,5.59,True
ACT-2026-010247,2026-09-10,K10,P-MOB-GSM,PID628913,None,1,1.0,True
ACT-2026-010248,2026-09-10,K10,P-MOB-GSM,PID260677,None,1,1.0,True
ACT-2026-010249,2026-09-10,K10,P-MOB-GSM,PID765644,None,1,1.0,True
ACT-2026-010250,2026-09-10,K10,P-MOB-GSM,PID782179,None,1,1.0,True
ACT-2026-010251,2026-09-10,K10,P-MOB-GSM,PID940019,None,1,1.0,True
ACT-2026-010252,2026-09-10,K10,P-MOB-GSM,PID968828,None,1,1.0,True
ACT-2026-010253,2026-09-10,K10,P-MOB-GSM,PID347414,None,1,1.0,True
ACT-2026-010254,2026-09-10,K10,P-MOB-GSM,PID430700,MNP,1,1.99,True
ACT-2026-010255,2026-09-10,K10,P-MOB-GSM,PID758859,None,1,1.0,True
ACT-2026-010256,2026-09-10,K10,P-MOB-GSM,PID392302,None,1,1.0,True
ACT-2026-010257,2026-09-10,K10,P-FIX-WFA,PID231730,None,1,5.83,True
ACT-2026-010258,2026-09-10,K10,P-MOB-GSM,PID459998,None,1,1.0,True
ACT-2026-010259,2026-09-10,K10,P-MOB-GSM,PID409615,None,1,1.0,True
ACT-2026-010260,2026-09-10,K11,P-MOB-GSM,PID244263,MNP,1,1.99,True
ACT-2026-010261,2026-09-10,K11,P-MOB-OTH,PID989719,None,1,1.49,True
ACT-2026-010262,2026-09-10,K11,P-MOB-GSM,PID588984,None,1,1.0,True
ACT-2026-010263,2026-09-10,K11,P-MOB-GSM,PID304281,None,1,1.0,True
ACT-2026-010264,2026-09-10,K11,P-MOB-GSM,PID794599,None,1,1.0,True
ACT-2026-010265,2026-09-10,K12,P-MOB-GSM,PID141703,None,1,1.0,True
ACT-2026-010266,2026-09-10,K12,P-MOB-GSM,PID987292,MNP,1,1.99,True
ACT-2026-010267,2026-09-10,K12,P-MOB-OTH,PID955859,None,1,1.49,True
ACT-2026-010268,2026-09-10,K12,P-MOB-GSM,PID303959,None,1,1.0,True
ACT-2026-010269,2026-09-10,K13,P-MOB-GSM,PID558883,None,1,1.01,True
ACT-2026-010270,2026-09-10,K13,P-DIG-SVC,PID866285,None,1,5.07,True
ACT-2026-010271,2026-09-10,K13,P-MOB-OTH,PID317698,None,1,1.51,True
ACT-2026-010272,2026-09-10,K13,P-MOB-GSM,PID819051,None,1,1.01,True
ACT-2026-010273,2026-09-10,K13,P-DIG-SVC,PID673416,None,1,5.07,True
ACT-2026-010274,2026-09-10,K13,P-MOB-GSM,PID481871,None,1,1.01,True
ACT-2026-010275,2026-09-10,K13,P-MOB-GSM,PID799880,None,1,1.01,True
ACT-2026-010276,2026-09-10,K13,P-MOB-GSM,PID906147,None,1,1.01,True
ACT-2026-010277,2026-09-10,K13,P-MOB-GSM,PID948743,None,1,1.01,True
ACT-2026-010278,2026-09-10,K13,P-MOB-GSM,PID228914,None,1,1.01,True
ACT-2026-010279,2026-09-10,K13,P-MOB-GSM,PID109593,MNP,1,2.01,True
ACT-2026-010280,2026-09-10,K13,P-MOB-GSM,PID258456,None,1,1.01,True
ACT-2026-010281,2026-09-10,K13,P-MOB-GSM,PID385099,None,1,1.01,True
ACT-2026-010282,2026-09-10,K13,P-MOB-GSM,PID210432,None,1,1.01,True
ACT-2026-010283,2026-09-10,K13,P-MOB-GSM,PID392940,None,1,1.01,True
ACT-2026-010284,2026-09-10,K13,P-MOB-GSM,PID508053,None,1,1.01,True
ACT-2026-010285,2026-09-10,K13,P-MOB-GSM,PID696500,None,1,1.01,True
ACT-2026-010286,2026-09-10,K13,P-MOB-GSM,PID125708,MNP,1,2.01,True
ACT-2026-010287,2026-09-10,K13,P-MOB-GSM,PID944986,MNP,1,2.01,True
ACT-2026-010288,2026-09-10,K13,P-DEV-DEV,PID391310,None,1,6.3,True
ACT-2026-010289,2026-09-10,K14,P-MOB-GSM,PID760050,MNP,1,2.01,True
ACT-2026-010290,2026-09-10,K14,P-MOB-GSM,PID722489,None,1,1.01,True
ACT-2026-010291,2026-09-10,K14,P-MOB-GSM,PID702606,MNP,1,2.01,True
ACT-2026-010292,2026-09-10,K14,P-MOB-GSM,PID108837,MNP,1,2.01,True
ACT-2026-010293,2026-09-10,K14,P-FIX-WFA,PID967559,None,1,3.82,True
ACT-2026-010294,2026-09-10,K14,P-MOB-GSM,PID562635,None,1,1.01,True
ACT-2026-010295,2026-09-10,K14,P-MOB-OTH,PID538154,None,1,1.51,True
ACT-2026-010296,2026-09-10,K14,P-MOB-GSM,PID394508,None,1,1.01,True
ACT-2026-010297,2026-09-10,K14,P-MOB-GSM,PID520721,MNP,1,2.01,True
ACT-2026-010298,2026-09-10,K14,P-MOB-GSM,PID451352,None,1,1.01,True
ACT-2026-010299,2026-09-10,K14,P-MOB-GSM,PID385097,None,1,1.01,True
ACT-2026-010300,2026-09-10,K14,P-MOB-GSM,PID360230,None,1,1.01,True
ACT-2026-010301,2026-09-10,K14,P-MOB-GSM,PID507243,None,1,1.01,True
ACT-2026-010302,2026-09-10,K14,P-MOB-GSM,PID374083,None,1,1.01,True
ACT-2026-010303,2026-09-10,K15,P-MOB-GSM,PID441945,None,1,1.01,True
ACT-2026-010304,2026-09-10,K15,P-MOB-GSM,PID788891,None,1,1.01,True
ACT-2026-010305,2026-09-10,K15,P-MOB-GSM,PID206025,MNP,1,2.01,True
ACT-2026-010306,2026-09-10,K15,P-FIX-FBR,PID928733,None,1,6.37,True
ACT-2026-010307,2026-09-10,K15,P-MOB-GSM,PID427231,None,1,1.01,True
ACT-2026-010308,2026-09-10,K15,P-MOB-GSM,PID860609,None,1,1.01,True
ACT-2026-010309,2026-09-10,K15,P-MOB-GSM,PID584836,None,1,1.01,True
ACT-2026-010310,2026-09-10,K15,P-MOB-GSM,PID846162,None,1,1.01,True
ACT-2026-010311,2026-09-10,K15,P-FIX-FBR,PID856476,FNP,1,6.37,True
ACT-2026-010312,2026-09-10,K15,P-MOB-GSM,PID909459,None,1,1.01,True
ACT-2026-010313,2026-09-10,K15,P-MOB-GSM,PID589710,None,1,1.01,True
ACT-2026-010314,2026-09-10,K15,P-MOB-GSM,PID570364,None,1,1.01,True
ACT-2026-010315,2026-09-10,K15,P-MOB-GSM,PID703401,None,1,1.01,True
ACT-2026-010316,2026-09-10,K16,P-FIX-FBR,PID326691,FNP,1,6.37,True
ACT-2026-010317,2026-09-10,K16,P-MOB-GSM,PID699956,None,1,1.01,True
ACT-2026-010318,2026-09-10,K16,P-MOB-GSM,PID223952,MNP,1,2.01,True
ACT-2026-010319,2026-09-10,K16,P-MOB-GSM,PID583364,None,1,1.01,True
ACT-2026-010320,2026-09-10,K16,P-MOB-GSM,PID902539,MNP,1,2.01,True
ACT-2026-010321,2026-09-10,K16,P-MOB-GSM,PID676928,None,1,1.01,True
ACT-2026-010322,2026-09-10,K16,P-MOB-GSM,PID478489,None,1,1.01,True
ACT-2026-010323,2026-09-10,K17,P-MOB-GSM,PID446103,None,1,1.01,True
ACT-2026-010324,2026-09-10,K17,P-MOB-GSM,PID498656,None,1,1.01,True
ACT-2026-010325,2026-09-10,K17,P-MOB-GSM,PID728130,None,1,1.01,True
ACT-2026-010326,2026-09-10,K17,P-MOB-GSM,PID731238,None,1,1.01,True
ACT-2026-010327,2026-09-10,K17,P-MOB-OTH,PID876874,None,1,1.51,True
ACT-2026-010328,2026-09-10,K17,P-FIX-WFA,PID731483,None,1,3.82,True
ACT-2026-010329,2026-09-10,K17,P-MOB-GSM,PID463145,None,1,1.01,True
ACT-2026-010330,2026-09-10,K17,P-MOB-GSM,PID773142,None,1,1.01,True
ACT-2026-010331,2026-09-10,K17,P-MOB-GSM,PID368257,MNP,1,2.01,True
ACT-2026-010332,2026-09-10,K18,P-MOB-OTH,PID695194,None,1,1.51,True
ACT-2026-010333,2026-09-10,K18,P-MOB-GSM,PID728674,None,1,1.01,True
ACT-2026-010334,2026-09-10,K18,P-MOB-GSM,PID982437,MNP,1,2.01,True
ACT-2026-010335,2026-09-10,K18,P-MOB-GSM,PID199153,None,1,1.01,True
ACT-2026-010336,2026-09-11,K01,P-MOB-GSM,PID489809,None,1,1.08,True
ACT-2026-010337,2026-09-11,K01,P-MOB-GSM,PID887787,None,1,1.08,True
ACT-2026-010338,2026-09-11,K01,P-MOB-GSM,PID121015,None,1,1.08,True
ACT-2026-010339,2026-09-11,K01,P-MOB-GSM,PID171646,None,1,1.08,True
ACT-2026-010340,2026-09-11,K01,P-MOB-GSM,PID129270,None,1,1.08,True
ACT-2026-010341,2026-09-11,K01,P-MOB-GSM,PID689072,None,1,1.08,True
ACT-2026-010342,2026-09-11,K01,P-MOB-OTH,PID409428,None,1,1.62,True
ACT-2026-010343,2026-09-11,K01,P-MOB-GSM,PID299094,None,1,1.08,True
ACT-2026-010344,2026-09-11,K01,P-MOB-GSM,PID843169,None,1,1.08,True
ACT-2026-010345,2026-09-11,K01,P-MOB-GSM,PID930503,None,1,1.08,True
ACT-2026-010346,2026-09-11,K01,P-MOB-GSM,PID873093,None,1,1.08,True
ACT-2026-010347,2026-09-11,K01,P-MOB-GSM,PID246447,None,1,1.08,True
ACT-2026-010348,2026-09-11,K02,P-MOB-GSM,PID497282,None,1,1.08,True
ACT-2026-010349,2026-09-11,K02,P-MOB-OTH,PID941787,None,1,1.62,True
ACT-2026-010350,2026-09-11,K02,P-MOB-GSM,PID768036,None,1,1.08,True
ACT-2026-010351,2026-09-11,K02,P-MOB-GSM,PID777111,MNP,1,2.16,True
ACT-2026-010352,2026-09-11,K02,P-MOB-GSM,PID192754,None,1,1.08,True
ACT-2026-010353,2026-09-11,K02,P-MOB-GSM,PID238708,None,1,1.08,True
ACT-2026-010354,2026-09-11,K02,P-MOB-OTH,PID836503,None,1,1.62,True
ACT-2026-010355,2026-09-11,K02,P-MOB-GSM,PID936633,MNP,1,2.16,True
ACT-2026-010356,2026-09-11,K02,P-MOB-GSM,PID250471,None,1,1.08,True
ACT-2026-010357,2026-09-11,K03,P-MOB-GSM,PID897212,MNP,1,2.16,True
ACT-2026-010358,2026-09-11,K03,P-MOB-GSM,PID414858,None,1,1.08,True
ACT-2026-010359,2026-09-11,K03,P-MOB-GSM,PID713388,None,1,1.08,True
ACT-2026-010360,2026-09-11,K03,P-MOB-GSM,PID628471,None,1,1.08,True
ACT-2026-010361,2026-09-11,K03,P-MOB-GSM,PID485164,None,1,1.08,True
ACT-2026-010362,2026-09-11,K03,P-MOB-GSM,PID969511,None,1,1.08,True
ACT-2026-010363,2026-09-11,K04,P-MOB-GSM,PID197995,MNP,1,2.16,True
ACT-2026-010364,2026-09-11,K04,P-MOB-GSM,PID725023,None,1,1.08,True
ACT-2026-010365,2026-09-11,K04,P-MOB-GSM,PID998160,MNP,1,2.16,True
ACT-2026-010366,2026-09-11,K04,P-MOB-GSM,PID111162,MNP,1,2.16,True
ACT-2026-010367,2026-09-11,K04,P-MOB-GSM,PID714072,None,1,1.08,True
ACT-2026-010368,2026-09-11,K05,P-MOB-GSM,PID210230,None,1,1.08,True
ACT-2026-010369,2026-09-11,K05,P-MOB-GSM,PID516314,MNP,1,2.16,True
ACT-2026-010370,2026-09-11,K05,P-MOB-GSM,PID225128,None,1,1.08,True
ACT-2026-010371,2026-09-11,K05,P-MOB-GSM,PID554213,None,1,1.08,True
ACT-2026-010372,2026-09-11,K05,P-MOB-GSM,PID850323,None,1,1.08,True
ACT-2026-010373,2026-09-11,K05,P-DIG-SVC,PID537506,None,1,5.78,True
ACT-2026-010374,2026-09-11,K05,P-MOB-GSM,PID271876,None,1,1.08,True
ACT-2026-010375,2026-09-11,K05,P-MOB-GSM,PID541959,None,1,1.08,True
ACT-2026-010376,2026-09-11,K05,P-MOB-OTH,PID247336,None,1,1.62,True
ACT-2026-010377,2026-09-11,K05,P-MOB-GSM,PID861838,None,1,1.08,True
ACT-2026-010378,2026-09-11,K06,P-MOB-GSM,PID873991,None,1,1.08,True
ACT-2026-010379,2026-09-11,K06,P-MOB-GSM,PID308329,MNP,1,2.16,True
ACT-2026-010380,2026-09-11,K07,P-MOB-GSM,PID501969,None,1,1.0,True
ACT-2026-010381,2026-09-11,K07,P-MOB-GSM,PID986349,MNP,1,1.99,True
ACT-2026-010382,2026-09-11,K07,P-MOB-GSM,PID106270,None,1,1.0,True
ACT-2026-010383,2026-09-11,K07,P-MOB-GSM,PID603902,None,1,1.0,True
ACT-2026-010384,2026-09-11,K07,P-FIX-WFA,PID832446,None,1,5.83,True
ACT-2026-010385,2026-09-11,K07,P-FIX-BIB,PID344407,None,1,14.58,True
ACT-2026-010386,2026-09-11,K07,P-MOB-GSM,PID620464,None,1,1.0,True
ACT-2026-010387,2026-09-11,K07,P-MOB-GSM,PID515980,None,1,1.0,True
ACT-2026-010388,2026-09-11,K07,P-MOB-OTH,PID577061,None,1,1.49,True
ACT-2026-010389,2026-09-11,K07,P-MOB-GSM,PID281492,MNP,1,1.99,True
ACT-2026-010390,2026-09-11,K07,P-MOB-GSM,PID751882,None,1,1.0,True
ACT-2026-010391,2026-09-11,K07,P-FIX-FBR,PID436884,None,1,9.72,True
ACT-2026-010392,2026-09-11,K07,P-MOB-GSM,PID554982,MNP,1,1.99,True
ACT-2026-010393,2026-09-11,K07,P-DEV-DEV,PID292536,None,1,5.8,True
ACT-2026-010394,2026-09-11,K08,P-MOB-GSM,PID215650,None,1,1.0,True
ACT-2026-010395,2026-09-11,K08,P-MOB-OTH,PID564587,None,1,1.49,True
ACT-2026-010396,2026-09-11,K08,P-MOB-GSM,PID890792,None,1,1.0,True
ACT-2026-010397,2026-09-11,K08,P-MOB-GSM,PID591219,MNP,1,1.99,True
ACT-2026-010398,2026-09-11,K08,P-MOB-GSM,PID730905,None,1,1.0,True
ACT-2026-010399,2026-09-11,K08,P-MOB-OTH,PID564016,None,1,1.49,True
ACT-2026-010400,2026-09-11,K08,P-MOB-GSM,PID456727,None,1,1.0,True
ACT-2026-010401,2026-09-11,K08,P-MOB-GSM,PID923932,MNP,1,1.99,True
ACT-2026-010402,2026-09-11,K09,P-MOB-GSM,PID273202,None,1,1.0,True
ACT-2026-010403,2026-09-11,K09,P-MOB-GSM,PID900578,None,1,1.0,True
ACT-2026-010404,2026-09-11,K09,P-MOB-GSM,PID360729,MNP,1,1.99,True
ACT-2026-010405,2026-09-11,K09,P-MOB-GSM,PID891765,None,1,1.0,True
ACT-2026-010406,2026-09-11,K09,P-MOB-GSM,PID549923,None,1,1.0,True
ACT-2026-010407,2026-09-11,K09,P-MOB-GSM,PID884680,MNP,1,1.99,True
ACT-2026-010408,2026-09-11,K09,P-MOB-GSM,PID321950,MNP,1,1.99,True
ACT-2026-010409,2026-09-11,K10,P-MOB-GSM,PID965668,None,1,0.0,False
ACT-2026-010410,2026-09-11,K10,P-MOB-GSM,PID868922,None,1,1.0,True
ACT-2026-010411,2026-09-11,K10,P-MOB-GSM,PID781477,None,1,1.0,True
ACT-2026-010412,2026-09-11,K10,P-DEV-DEV,PID223454,None,1,5.8,True
ACT-2026-010413,2026-09-11,K10,P-MOB-OTH,PID221853,None,1,1.49,True
ACT-2026-010414,2026-09-11,K10,P-MOB-GSM,PID608582,None,1,1.0,True
ACT-2026-010415,2026-09-11,K10,P-MOB-GSM,PID791685,None,1,1.0,True
ACT-2026-010416,2026-09-11,K10,P-MOB-GSM,PID730353,MNP,1,1.99,True
ACT-2026-010417,2026-09-11,K10,P-MOB-GSM,PID732121,MNP,1,1.99,True
ACT-2026-010418,2026-09-11,K11,P-MOB-GSM,PID179451,None,1,1.0,True
ACT-2026-010419,2026-09-11,K11,P-MOB-GSM,PID718094,None,1,1.0,True
ACT-2026-010420,2026-09-11,K11,P-FIX-FBR,PID607146,None,1,9.72,True
ACT-2026-010421,2026-09-11,K11,P-MOB-GSM,PID435785,None,1,1.0,True
ACT-2026-010422,2026-09-11,K11,P-MOB-GSM,PID163495,None,1,1.0,True
ACT-2026-010423,2026-09-11,K11,P-MOB-GSM,PID746513,None,1,1.0,True
ACT-2026-010424,2026-09-11,K11,P-MOB-GSM,PID463319,None,1,1.0,True
ACT-2026-010425,2026-09-11,K12,P-MOB-GSM,PID717686,None,1,1.0,True
ACT-2026-010426,2026-09-11,K12,P-MOB-GSM,PID129648,None,1,1.0,True
ACT-2026-010427,2026-09-11,K12,P-MOB-OTH,PID514349,None,1,1.49,True
ACT-2026-010428,2026-09-11,K13,P-MOB-GSM,PID776298,None,1,1.01,True
ACT-2026-010429,2026-09-11,K13,P-MOB-GSM,PID473237,MNP,1,2.01,True
ACT-2026-010430,2026-09-11,K13,P-MOB-OTH,PID745952,None,1,1.51,True
ACT-2026-010431,2026-09-11,K13,P-MOB-GSM,PID503472,None,1,1.01,True
ACT-2026-010432,2026-09-11,K13,P-MOB-GSM,PID941255,None,1,1.01,True
ACT-2026-010433,2026-09-11,K13,P-MOB-GSM,PID355278,None,1,1.01,True
ACT-2026-010434,2026-09-11,K13,P-MOB-GSM,PID906727,None,1,1.01,True
ACT-2026-010435,2026-09-11,K13,P-MOB-GSM,PID534624,None,1,1.01,True
ACT-2026-010436,2026-09-11,K13,P-MOB-GSM,PID358376,None,1,1.01,True
ACT-2026-010437,2026-09-11,K13,P-MOB-GSM,PID974662,MNP,1,2.01,True
ACT-2026-010438,2026-09-11,K13,P-MOB-OTH,PID854089,None,1,1.51,True
ACT-2026-010439,2026-09-11,K13,P-MOB-GSM,PID176250,None,1,1.01,True
ACT-2026-010440,2026-09-11,K13,P-MOB-GSM,PID107393,None,1,1.01,True
ACT-2026-010441,2026-09-11,K13,P-MOB-GSM,PID188136,None,1,1.01,True
ACT-2026-010442,2026-09-11,K13,P-MOB-GSM,PID575744,MNP,1,2.01,True
ACT-2026-010443,2026-09-11,K14,P-MOB-GSM,PID934742,MNP,1,2.01,True
ACT-2026-010444,2026-09-11,K14,P-MOB-GSM,PID682620,None,1,1.01,True
ACT-2026-010445,2026-09-11,K14,P-MOB-GSM,PID189963,None,1,1.01,True
ACT-2026-010446,2026-09-11,K14,P-MOB-GSM,PID223795,None,1,1.01,True
ACT-2026-010447,2026-09-11,K14,P-MOB-GSM,PID809498,None,1,1.01,True
ACT-2026-010448,2026-09-11,K14,P-MOB-GSM,PID882155,None,1,1.01,True
ACT-2026-010449,2026-09-11,K14,P-FIX-FBR,PID500284,None,1,6.37,True
ACT-2026-010450,2026-09-11,K14,P-MOB-OTH,PID503731,None,1,1.51,True
ACT-2026-010451,2026-09-11,K14,P-MOB-GSM,PID772411,None,1,1.01,True
ACT-2026-010452,2026-09-11,K14,P-MOB-GSM,PID620953,MNP,1,2.01,True
ACT-2026-010453,2026-09-11,K14,P-MOB-GSM,PID116792,None,1,1.01,True
ACT-2026-010454,2026-09-11,K15,P-MOB-GSM,PID399981,None,1,1.01,True
ACT-2026-010455,2026-09-11,K15,P-MOB-GSM,PID715587,None,1,1.01,True
ACT-2026-010456,2026-09-11,K15,P-FIX-WFA,PID371072,None,1,3.82,True
ACT-2026-010457,2026-09-11,K15,P-MOB-GSM,PID105990,None,1,1.01,True
ACT-2026-010458,2026-09-11,K15,P-MOB-GSM,PID325934,MNP,1,0.0,False
ACT-2026-010459,2026-09-11,K15,P-MOB-OTH,PID972498,None,1,1.51,True
ACT-2026-010460,2026-09-11,K16,P-MOB-GSM,PID268044,None,1,1.01,True
ACT-2026-010461,2026-09-11,K16,P-MOB-GSM,PID102711,None,1,1.01,True
ACT-2026-010462,2026-09-11,K16,P-MOB-GSM,PID901883,MNP,1,2.01,True
ACT-2026-010463,2026-09-11,K16,P-MOB-GSM,PID735443,MNP,1,2.01,True
ACT-2026-010464,2026-09-11,K16,P-MOB-GSM,PID535366,None,1,1.01,True
ACT-2026-010465,2026-09-11,K16,P-MOB-GSM,PID860531,None,1,1.01,True
ACT-2026-010466,2026-09-11,K17,P-FIX-BIB,PID740408,None,1,9.56,True
ACT-2026-010467,2026-09-11,K18,P-MOB-GSM,PID528441,None,1,1.01,True
ACT-2026-010468,2026-09-11,K18,P-MOB-GSM,PID971859,MNP,1,2.01,True
ACT-2026-010469,2026-09-11,K18,P-MOB-GSM,PID134904,None,1,1.01,True
ACT-2026-010470,2026-09-11,K18,P-MOB-GSM,PID551275,None,1,1.01,True
ACT-2026-010471,2026-09-11,K18,P-MOB-GSM,PID248202,MNP,1,2.01,True
ACT-2026-010472,2026-09-11,K18,P-MOB-GSM,PID842671,None,1,1.01,True
ACT-2026-010473,2026-09-12,K01,P-MOB-GSM,PID767150,MNP,1,2.16,True
ACT-2026-010474,2026-09-12,K01,P-MOB-GSM,PID950987,MNP,1,2.16,True
ACT-2026-010475,2026-09-12,K01,P-MOB-GSM,PID689963,None,1,1.08,True
ACT-2026-010476,2026-09-12,K01,P-MOB-GSM,PID572788,MNP,1,2.16,True
ACT-2026-010477,2026-09-12,K01,P-MOB-GSM,PID636538,None,1,1.08,True
ACT-2026-010478,2026-09-12,K01,P-MOB-GSM,PID500244,None,1,1.08,True
ACT-2026-010479,2026-09-12,K01,P-MOB-GSM,PID895846,None,1,1.08,True
ACT-2026-010480,2026-09-12,K01,P-MOB-GSM,PID404066,None,1,1.08,True
ACT-2026-010481,2026-09-12,K01,P-MOB-OTH,PID579277,None,1,1.62,True
ACT-2026-010482,2026-09-12,K01,P-MOB-GSM,PID694939,None,1,1.08,True
ACT-2026-010483,2026-09-12,K01,P-MOB-GSM,PID963835,None,1,1.08,True
ACT-2026-010484,2026-09-12,K01,P-MOB-GSM,PID112149,None,1,1.08,True
ACT-2026-010485,2026-09-12,K01,P-MOB-GSM,PID435622,None,1,1.08,True
ACT-2026-010486,2026-09-12,K01,P-MOB-GSM,PID820407,None,1,1.08,True
ACT-2026-010487,2026-09-12,K01,P-MOB-GSM,PID915422,None,1,1.08,True
ACT-2026-010488,2026-09-12,K01,P-MOB-GSM,PID163171,None,1,1.08,True
ACT-2026-010489,2026-09-12,K01,P-MOB-GSM,PID529541,None,1,1.08,True
ACT-2026-010490,2026-09-12,K01,P-MOB-GSM,PID419132,MNP,1,2.16,True
ACT-2026-010491,2026-09-12,K01,P-MOB-GSM,PID467064,None,1,1.08,True
ACT-2026-010492,2026-09-12,K01,P-MOB-GSM,PID670333,None,1,1.08,True
ACT-2026-010493,2026-09-12,K02,P-MOB-GSM,PID558500,MNP,1,2.16,True
ACT-2026-010494,2026-09-12,K02,P-MOB-GSM,PID722373,MNP,1,2.16,True
ACT-2026-010495,2026-09-12,K02,P-MOB-GSM,PID642732,None,1,1.08,True
ACT-2026-010496,2026-09-12,K02,P-MOB-GSM,PID924465,None,1,1.08,True
ACT-2026-010497,2026-09-12,K02,P-MOB-GSM,PID910759,None,1,1.08,True
ACT-2026-010498,2026-09-12,K02,P-DIG-SVC,PID170194,None,1,5.78,True
ACT-2026-010499,2026-09-12,K02,P-MOB-GSM,PID189743,None,1,1.08,True
ACT-2026-010500,2026-09-12,K02,P-MOB-GSM,PID565497,MNP,1,2.16,True
ACT-2026-010501,2026-09-12,K02,P-MOB-GSM,PID788117,None,1,1.08,True
ACT-2026-010502,2026-09-12,K02,P-FIX-FBR,PID137835,None,1,10.73,True
ACT-2026-010503,2026-09-12,K02,P-MOB-GSM,PID539647,None,1,1.08,True
ACT-2026-010504,2026-09-12,K02,P-MOB-GSM,PID121177,None,1,1.08,True
ACT-2026-010505,2026-09-12,K03,P-MOB-GSM,PID389629,None,1,1.08,True
ACT-2026-010506,2026-09-12,K03,P-FIX-BIB,PID549507,None,1,16.1,True
ACT-2026-010507,2026-09-12,K03,P-FIX-WFA,PID445324,None,1,6.44,True
ACT-2026-010508,2026-09-12,K03,P-MOB-GSM,PID653391,None,1,1.08,True
ACT-2026-010509,2026-09-12,K03,P-MOB-OTH,PID634950,None,1,1.62,True
ACT-2026-010510,2026-09-12,K03,P-MOB-GSM,PID109191,MNP,1,2.16,True
ACT-2026-010511,2026-09-12,K03,P-FIX-FBR,PID480646,None,1,10.73,True
ACT-2026-010512,2026-09-12,K03,P-MOB-GSM,PID105033,None,1,1.08,True
ACT-2026-010513,2026-09-12,K03,P-MOB-GSM,PID377952,None,1,1.08,True
ACT-2026-010514,2026-09-12,K04,P-MOB-OTH,PID650837,None,1,1.62,True
ACT-2026-010515,2026-09-12,K04,P-MOB-GSM,PID410541,None,1,1.08,True
ACT-2026-010516,2026-09-12,K04,P-MOB-GSM,PID938855,None,1,1.08,True
ACT-2026-010517,2026-09-12,K04,P-MOB-GSM,PID278243,None,1,1.08,True
ACT-2026-010518,2026-09-12,K04,P-MOB-GSM,PID947538,MNP,1,2.16,True
ACT-2026-010519,2026-09-12,K05,P-MOB-GSM,PID277139,None,1,1.08,True
ACT-2026-010520,2026-09-12,K05,P-MOB-GSM,PID420046,None,1,1.08,True
ACT-2026-010521,2026-09-12,K05,P-MOB-GSM,PID685926,None,1,1.08,True
ACT-2026-010522,2026-09-12,K05,P-MOB-GSM,PID399918,None,1,1.08,True
ACT-2026-010523,2026-09-12,K06,P-MOB-GSM,PID572895,None,1,1.08,True
ACT-2026-010524,2026-09-12,K06,P-MOB-GSM,PID166274,None,1,1.08,True
ACT-2026-010525,2026-09-12,K06,P-MOB-GSM,PID300765,None,1,1.08,True
ACT-2026-010526,2026-09-12,K07,P-MOB-GSM,PID946510,None,1,1.0,True
ACT-2026-010527,2026-09-12,K07,P-MOB-GSM,PID704312,None,1,1.0,True
ACT-2026-010528,2026-09-12,K07,P-MOB-GSM,PID401860,None,1,1.0,True
ACT-2026-010529,2026-09-12,K07,P-MOB-OTH,PID724649,None,1,1.49,True
ACT-2026-010530,2026-09-12,K07,P-FIX-FBR,PID794241,None,1,9.72,True
ACT-2026-010531,2026-09-12,K07,P-MOB-GSM,PID456178,None,1,1.0,True
ACT-2026-010532,2026-09-12,K07,P-MOB-GSM,PID425626,MNP,1,1.99,True
ACT-2026-010533,2026-09-12,K07,P-MOB-GSM,PID255826,None,1,1.0,True
ACT-2026-010534,2026-09-12,K07,P-MOB-GSM,PID590427,None,1,1.0,True
ACT-2026-010535,2026-09-12,K07,P-MOB-GSM,PID737961,None,1,1.0,True
ACT-2026-010536,2026-09-12,K07,P-FIX-FBR,PID590372,None,1,9.72,True
ACT-2026-010537,2026-09-12,K07,P-MOB-GSM,PID467512,None,1,1.0,True
ACT-2026-010538,2026-09-12,K07,P-MOB-GSM,PID602403,MNP,1,1.99,True
ACT-2026-010539,2026-09-12,K07,P-MOB-GSM,PID161985,None,1,1.0,True
ACT-2026-010540,2026-09-12,K08,P-MOB-GSM,PID800518,None,1,1.0,True
ACT-2026-010541,2026-09-12,K08,P-MOB-GSM,PID737239,None,1,1.0,True
ACT-2026-010542,2026-09-12,K08,P-MOB-GSM,PID684456,None,1,1.0,True
ACT-2026-010543,2026-09-12,K08,P-MOB-GSM,PID823517,None,1,1.0,True
ACT-2026-010544,2026-09-12,K08,P-MOB-GSM,PID143728,None,1,1.0,True
ACT-2026-010545,2026-09-12,K08,P-MOB-GSM,PID159209,None,1,1.0,True
ACT-2026-010546,2026-09-12,K08,P-FIX-FBR,PID946514,None,1,9.72,True
ACT-2026-010547,2026-09-12,K08,P-MOB-GSM,PID233668,None,1,1.0,True
ACT-2026-010548,2026-09-12,K08,P-MOB-GSM,PID576545,None,1,1.0,True
ACT-2026-010549,2026-09-12,K08,P-MOB-GSM,PID994954,None,1,1.0,True
ACT-2026-010550,2026-09-12,K09,P-MOB-GSM,PID823018,None,1,1.0,True
ACT-2026-010551,2026-09-12,K09,P-DIG-SVC,PID161245,None,1,5.59,True
ACT-2026-010552,2026-09-12,K09,P-FIX-FBR,PID947995,None,1,9.72,True
ACT-2026-010553,2026-09-12,K09,P-MOB-OTH,PID446471,None,1,1.49,True
ACT-2026-010554,2026-09-12,K09,P-FIX-FBR,PID417566,None,1,9.72,True
ACT-2026-010555,2026-09-12,K10,P-MOB-OTH,PID790443,None,1,1.49,True
ACT-2026-010556,2026-09-12,K10,P-FIX-BIB,PID597663,None,1,14.58,True
ACT-2026-010557,2026-09-12,K11,P-MOB-GSM,PID125596,MNP,1,1.99,True
ACT-2026-010558,2026-09-12,K11,P-MOB-GSM,PID530258,None,1,1.0,True
ACT-2026-010559,2026-09-12,K11,P-MOB-GSM,PID691422,None,1,1.0,True
ACT-2026-010560,2026-09-12,K12,P-MOB-GSM,PID178483,None,1,1.0,True
ACT-2026-010561,2026-09-12,K12,P-MOB-OTH,PID616108,None,1,1.49,True
ACT-2026-010562,2026-09-12,K12,P-MOB-GSM,PID951501,None,1,1.0,True
ACT-2026-010563,2026-09-12,K13,P-MOB-GSM,PID316339,None,1,1.01,True
ACT-2026-010564,2026-09-12,K13,P-MOB-GSM,PID858370,None,1,1.01,True
ACT-2026-010565,2026-09-12,K13,P-MOB-GSM,PID377319,None,1,1.01,True
ACT-2026-010566,2026-09-12,K13,P-FIX-BIB,PID509331,None,1,9.56,True
ACT-2026-010567,2026-09-12,K13,P-FIX-WFA,PID613915,None,1,3.82,True
ACT-2026-010568,2026-09-12,K13,P-MOB-GSM,PID902182,None,1,1.01,True
ACT-2026-010569,2026-09-12,K13,P-MOB-GSM,PID485001,None,1,1.01,True
ACT-2026-010570,2026-09-12,K13,P-MOB-GSM,PID147418,MNP,1,2.01,True
ACT-2026-010571,2026-09-12,K13,P-DIG-SVC,PID165373,None,1,5.07,True
ACT-2026-010572,2026-09-12,K13,P-MOB-GSM,PID914136,None,1,1.01,True
ACT-2026-010573,2026-09-12,K13,P-MOB-GSM,PID267627,None,1,1.01,True
ACT-2026-010574,2026-09-12,K13,P-MOB-OTH,PID961213,None,1,1.51,True
ACT-2026-010575,2026-09-12,K13,P-MOB-GSM,PID330112,None,1,1.01,True
ACT-2026-010576,2026-09-12,K13,P-MOB-GSM,PID425450,None,1,1.01,True
ACT-2026-010577,2026-09-12,K13,P-MOB-OTH,PID630044,None,1,1.51,True
ACT-2026-010578,2026-09-12,K14,P-MOB-GSM,PID826040,None,1,1.01,True
ACT-2026-010579,2026-09-12,K14,P-DIG-SVC,PID540532,None,1,5.07,True
ACT-2026-010580,2026-09-12,K14,P-MOB-GSM,PID529523,None,1,1.01,True
ACT-2026-010581,2026-09-12,K14,P-MOB-OTH,PID156244,None,1,1.51,True
ACT-2026-010582,2026-09-12,K14,P-MOB-GSM,PID349013,None,1,1.01,True
ACT-2026-010583,2026-09-12,K14,P-MOB-GSM,PID643439,None,1,1.01,True
ACT-2026-010584,2026-09-12,K14,P-MOB-GSM,PID870607,None,1,1.01,True
ACT-2026-010585,2026-09-12,K14,P-MOB-OTH,PID445170,None,1,1.51,True
ACT-2026-010586,2026-09-12,K15,P-MOB-GSM,PID630886,None,1,1.01,True
ACT-2026-010587,2026-09-12,K15,P-MOB-GSM,PID584453,None,1,1.01,True
ACT-2026-010588,2026-09-12,K15,P-FIX-FBR,PID575031,None,1,6.37,True
ACT-2026-010589,2026-09-12,K16,P-MOB-GSM,PID211738,None,1,1.01,True
ACT-2026-010590,2026-09-12,K16,P-MOB-GSM,PID884431,None,1,1.01,True
ACT-2026-010591,2026-09-12,K16,P-MOB-GSM,PID906514,None,1,1.01,True
ACT-2026-010592,2026-09-12,K16,P-MOB-GSM,PID379930,None,1,1.01,True
ACT-2026-010593,2026-09-12,K16,P-MOB-GSM,PID597387,None,1,1.01,True
ACT-2026-010594,2026-09-12,K16,P-MOB-GSM,PID878982,None,1,1.01,True
ACT-2026-010595,2026-09-12,K16,P-MOB-GSM,PID443651,None,1,1.01,True
ACT-2026-010596,2026-09-12,K16,P-MOB-GSM,PID479812,None,1,1.01,True
ACT-2026-010597,2026-09-12,K17,P-MOB-GSM,PID677754,None,1,1.01,True
ACT-2026-010598,2026-09-12,K17,P-MOB-GSM,PID584061,None,1,1.01,True
ACT-2026-010599,2026-09-12,K18,P-MOB-GSM,PID550889,None,1,-1.12,True
ACT-2026-010600,2026-09-12,K18,P-MOB-GSM,PID361049,MNP,1,2.01,True
ACT-2026-010601,2026-09-12,K18,P-MOB-GSM,PID337220,None,1,1.01,True
ACT-2026-010602,2026-09-13,K01,P-MOB-GSM,PID965206,None,1,1.08,True
ACT-2026-010603,2026-09-13,K02,P-MOB-GSM,PID711396,None,1,1.08,True
ACT-2026-010604,2026-09-13,K03,P-MOB-GSM,PID504082,None,1,1.08,True
ACT-2026-010605,2026-09-13,K04,P-MOB-GSM,PID560261,MNP,1,2.16,True
ACT-2026-010606,2026-09-13,K04,P-MOB-GSM,PID585365,None,1,1.08,True
ACT-2026-010607,2026-09-13,K05,P-MOB-GSM,PID294567,None,1,1.08,True
ACT-2026-010608,2026-09-13,K05,P-MOB-GSM,PID417779,None,1,1.08,True
ACT-2026-010609,2026-09-13,K07,P-FIX-BIB,PID520914,None,1,14.58,True
ACT-2026-010610,2026-09-13,K07,P-MOB-GSM,PID803393,MNP,1,1.99,True
ACT-2026-010611,2026-09-13,K07,P-FIX-FBR,PID780444,None,1,9.72,True
ACT-2026-010612,2026-09-13,K07,P-MOB-GSM,PID132951,None,1,1.0,True
ACT-2026-010613,2026-09-13,K07,P-MOB-GSM,PID223397,None,1,1.0,True
ACT-2026-010614,2026-09-13,K08,P-MOB-GSM,PID109906,None,1,1.0,True
ACT-2026-010615,2026-09-13,K09,P-MOB-GSM,PID204191,None,1,1.0,True
ACT-2026-010616,2026-09-13,K09,P-MOB-GSM,PID563429,MNP,1,1.99,True
ACT-2026-010617,2026-09-13,K09,P-MOB-GSM,PID382398,None,1,1.0,True
ACT-2026-010618,2026-09-13,K13,P-MOB-GSM,PID365149,None,1,1.01,True
ACT-2026-010619,2026-09-13,K14,P-DEV-DEV,PID485498,None,1,6.3,True
ACT-2026-010620,2026-09-13,K14,P-MOB-GSM,PID237507,MNP,1,2.01,True
ACT-2026-010621,2026-09-13,K16,P-MOB-GSM,PID631322,None,1,1.01,True
ACT-2026-010622,2026-09-13,K16,P-MOB-GSM,PID571414,None,1,1.01,True
ACT-2026-010623,2026-09-14,K01,P-MOB-GSM,PID997737,None,1,1.08,True
ACT-2026-010624,2026-09-14,K01,P-MOB-GSM,PID137429,None,1,1.08,True
ACT-2026-010625,2026-09-14,K01,P-MOB-GSM,PID629787,None,1,1.08,True
ACT-2026-010626,2026-09-14,K01,P-MOB-GSM,PID868887,None,1,1.08,True
ACT-2026-010627,2026-09-14,K01,P-MOB-GSM,PID195245,None,1,1.08,True
ACT-2026-010628,2026-09-14,K01,P-MOB-GSM,PID790552,None,1,1.08,True
ACT-2026-010629,2026-09-14,K01,P-MOB-GSM,PID925606,MNP,1,2.16,True
ACT-2026-010630,2026-09-14,K01,P-MOB-GSM,PID302882,None,1,1.08,True
ACT-2026-010631,2026-09-14,K01,P-MOB-GSM,PID502996,None,1,1.08,True
ACT-2026-010632,2026-09-14,K01,P-MOB-GSM,PID605161,None,1,1.08,True
ACT-2026-010633,2026-09-14,K01,P-MOB-GSM,PID142346,None,1,1.08,True
ACT-2026-010634,2026-09-14,K01,P-MOB-GSM,PID375291,None,1,1.08,True
ACT-2026-010635,2026-09-14,K01,P-MOB-GSM,PID281754,None,1,1.08,True
ACT-2026-010636,2026-09-14,K01,P-MOB-GSM,PID267349,None,1,1.08,True
ACT-2026-010637,2026-09-14,K01,P-MOB-GSM,PID253878,None,1,1.08,True
ACT-2026-010638,2026-09-14,K01,P-MOB-GSM,PID138268,None,1,1.08,True
ACT-2026-010639,2026-09-14,K01,P-MOB-GSM,PID591807,None,1,1.08,True
ACT-2026-010640,2026-09-14,K01,P-MOB-GSM,PID440571,None,1,1.08,True
ACT-2026-010641,2026-09-14,K01,P-MOB-GSM,PID424395,None,1,1.08,True
ACT-2026-010642,2026-09-14,K01,P-MOB-GSM,PID855423,MNP,1,2.16,True
ACT-2026-010643,2026-09-14,K01,P-MOB-OTH,PID604080,None,1,1.62,True
ACT-2026-010644,2026-09-14,K01,P-MOB-GSM,PID736617,None,1,1.08,True
ACT-2026-010645,2026-09-14,K01,P-MOB-OTH,PID266825,None,1,1.62,True
ACT-2026-010646,2026-09-14,K02,P-MOB-GSM,PID108455,None,1,1.08,True
ACT-2026-010647,2026-09-14,K02,P-MOB-GSM,PID234017,None,1,1.08,True
ACT-2026-010648,2026-09-14,K02,P-MOB-GSM,PID228111,None,1,1.08,True
ACT-2026-010649,2026-09-14,K02,P-MOB-GSM,PID406826,MNP,1,2.16,True
ACT-2026-010650,2026-09-14,K02,P-DEV-DEV,PID504802,None,1,4.27,True
ACT-2026-010651,2026-09-14,K02,P-MOB-GSM,PID987969,None,1,1.08,True
ACT-2026-010652,2026-09-14,K02,P-MOB-GSM,PID588122,None,1,1.08,True
ACT-2026-010653,2026-09-14,K02,P-MOB-GSM,PID622609,None,1,1.08,True
ACT-2026-010654,2026-09-14,K02,P-MOB-GSM,PID705593,None,1,1.08,True
ACT-2026-010655,2026-09-14,K02,P-MOB-GSM,PID351534,None,1,1.08,True
ACT-2026-010656,2026-09-14,K02,P-MOB-GSM,PID205388,None,1,1.08,True
ACT-2026-010657,2026-09-14,K02,P-MOB-GSM,PID482369,MNP,1,2.16,True
ACT-2026-010658,2026-09-14,K02,P-MOB-GSM,PID505132,None,1,1.08,True
ACT-2026-010659,2026-09-14,K02,P-MOB-GSM,PID154530,None,1,1.08,True
ACT-2026-010660,2026-09-14,K02,P-MOB-GSM,PID990335,None,1,1.08,True
ACT-2026-010661,2026-09-14,K03,P-MOB-GSM,PID329949,None,1,1.08,True
ACT-2026-010662,2026-09-14,K03,P-FIX-BIB,PID394065,None,1,16.1,True
ACT-2026-010663,2026-09-14,K03,P-MOB-GSM,PID168234,MNP,1,2.16,True
ACT-2026-010664,2026-09-14,K03,P-MOB-GSM,PID134334,None,1,1.08,True
ACT-2026-010665,2026-09-14,K03,P-MOB-GSM,PID498126,None,1,1.08,True
ACT-2026-010666,2026-09-14,K03,P-DEV-DEV,PID779088,None,1,4.27,True
ACT-2026-010667,2026-09-14,K03,P-MOB-GSM,PID491197,MNP,1,2.16,True
ACT-2026-010668,2026-09-14,K03,P-MOB-GSM,PID988222,MNP,1,2.16,True
ACT-2026-010669,2026-09-14,K04,P-MOB-GSM,PID688275,None,1,1.08,True
ACT-2026-010670,2026-09-14,K04,P-MOB-GSM,PID697829,None,1,1.08,True
ACT-2026-010671,2026-09-14,K04,P-MOB-GSM,PID763995,MNP,1,2.16,True
ACT-2026-010672,2026-09-14,K04,P-MOB-GSM,PID904704,None,1,1.08,True
ACT-2026-010673,2026-09-14,K04,P-MOB-GSM,PID293135,MNP,1,2.16,True
ACT-2026-010674,2026-09-14,K04,P-DEV-DEV,PID758995,None,1,4.27,True
ACT-2026-010675,2026-09-14,K04,P-MOB-GSM,PID968302,None,1,1.08,True
ACT-2026-010676,2026-09-14,K04,P-MOB-GSM,PID798043,None,1,1.08,True
ACT-2026-010677,2026-09-14,K04,P-MOB-GSM,PID801333,MNP,1,2.16,True
ACT-2026-010678,2026-09-14,K04,P-MOB-GSM,PID100197,None,1,1.08,True
ACT-2026-010679,2026-09-14,K04,P-FIX-FBR,PID430582,None,1,10.73,True
ACT-2026-010680,2026-09-14,K04,P-FIX-BIB,PID794272,None,1,16.1,True
ACT-2026-010681,2026-09-14,K05,P-MOB-GSM,PID755400,None,1,1.08,True
ACT-2026-010682,2026-09-14,K05,P-MOB-GSM,PID696119,None,1,1.08,True
ACT-2026-010683,2026-09-14,K05,P-MOB-GSM,PID439988,MNP,1,2.16,True
ACT-2026-010684,2026-09-14,K05,P-MOB-OTH,PID947317,None,1,1.62,True
ACT-2026-010685,2026-09-14,K05,P-MOB-GSM,PID700207,None,1,1.08,True
ACT-2026-010686,2026-09-14,K05,P-MOB-GSM,PID903575,None,1,1.08,True
ACT-2026-010687,2026-09-14,K05,P-FIX-WFA,PID353191,None,1,6.44,True
ACT-2026-010688,2026-09-14,K06,P-MOB-GSM,PID186642,None,1,1.08,True
ACT-2026-010689,2026-09-14,K06,P-FIX-FBR,PID484825,None,1,10.73,True
ACT-2026-010690,2026-09-14,K06,P-MOB-GSM,PID794999,None,1,1.08,True
ACT-2026-010691,2026-09-14,K06,P-MOB-GSM,PID811331,MNP,1,2.16,True
ACT-2026-010692,2026-09-14,K06,P-FIX-WFA,PID453107,FNP,1,6.59,True
ACT-2026-010693,2026-09-14,K07,P-MOB-GSM,PID148121,None,1,1.0,True
ACT-2026-010694,2026-09-14,K07,P-MOB-GSM,PID143813,MNP,1,1.99,True
ACT-2026-010695,2026-09-14,K07,P-MOB-GSM,PID748360,None,1,1.0,True
ACT-2026-010696,2026-09-14,K07,P-MOB-GSM,PID613948,None,1,1.0,True
ACT-2026-010697,2026-09-14,K07,P-MOB-GSM,PID100167,None,1,1.0,True
ACT-2026-010698,2026-09-14,K07,P-MOB-OTH,PID395045,None,1,1.49,True
ACT-2026-010699,2026-09-14,K07,P-MOB-OTH,PID290133,None,1,1.49,True
ACT-2026-010700,2026-09-14,K07,P-MOB-GSM,PID527124,None,1,1.0,True
ACT-2026-010701,2026-09-14,K07,P-MOB-GSM,PID197829,None,1,1.0,True
ACT-2026-010702,2026-09-14,K07,P-MOB-GSM,PID414988,None,1,1.0,True
ACT-2026-010703,2026-09-14,K07,P-MOB-GSM,PID896776,None,1,1.0,True
ACT-2026-010704,2026-09-14,K07,P-MOB-GSM,PID942432,None,1,1.0,True
ACT-2026-010705,2026-09-14,K07,P-MOB-GSM,PID952041,None,1,1.0,True
ACT-2026-010706,2026-09-14,K07,P-MOB-GSM,PID457192,None,1,1.0,True
ACT-2026-010707,2026-09-14,K07,P-MOB-OTH,PID625976,None,1,1.49,True
ACT-2026-010708,2026-09-14,K07,P-MOB-GSM,PID504168,None,1,1.0,True
ACT-2026-010709,2026-09-14,K07,P-MOB-GSM,PID949082,None,1,1.0,True
ACT-2026-010710,2026-09-14,K08,P-MOB-GSM,PID496682,None,1,1.0,True
ACT-2026-010711,2026-09-14,K08,P-MOB-GSM,PID576141,None,1,1.0,True
ACT-2026-010712,2026-09-14,K08,P-MOB-GSM,PID532097,None,1,1.0,True
ACT-2026-010713,2026-09-14,K08,P-MOB-GSM,PID765373,None,1,1.0,True
ACT-2026-010714,2026-09-14,K08,P-MOB-GSM,PID800203,None,1,1.0,True
ACT-2026-010715,2026-09-14,K08,P-DIG-SVC,PID630037,None,1,5.59,True
ACT-2026-010716,2026-09-14,K08,P-MOB-GSM,PID624019,None,1,1.0,True
ACT-2026-010717,2026-09-14,K08,P-DEV-DEV,PID984458,None,1,5.8,True
ACT-2026-010718,2026-09-14,K09,P-MOB-GSM,PID804188,MNP,1,1.99,True
ACT-2026-010719,2026-09-14,K09,P-MOB-GSM,PID458179,None,1,1.0,True
ACT-2026-010720,2026-09-14,K09,P-MOB-GSM,PID908509,None,1,1.0,True
ACT-2026-010721,2026-09-14,K09,P-MOB-GSM,PID665382,None,1,1.0,True
ACT-2026-010722,2026-09-14,K09,P-MOB-GSM,PID711686,MNP,1,1.99,True
ACT-2026-010723,2026-09-14,K09,P-MOB-GSM,PID791060,None,1,1.0,True
ACT-2026-010724,2026-09-14,K10,P-MOB-GSM,PID357465,None,1,1.0,True
ACT-2026-010725,2026-09-14,K10,P-MOB-GSM,PID430462,None,1,1.0,True
ACT-2026-010726,2026-09-14,K10,P-MOB-GSM,PID869333,None,1,1.0,True
ACT-2026-010727,2026-09-14,K10,P-MOB-GSM,PID671275,None,1,1.0,True
ACT-2026-010728,2026-09-14,K10,P-MOB-GSM,PID274632,None,1,1.0,True
ACT-2026-010729,2026-09-14,K10,P-MOB-GSM,PID612663,None,1,1.0,True
ACT-2026-010730,2026-09-14,K10,P-MOB-OTH,PID278269,None,1,1.49,True
ACT-2026-010731,2026-09-14,K11,P-MOB-GSM,PID577653,MNP,1,1.99,True
ACT-2026-010732,2026-09-14,K11,P-MOB-GSM,PID161233,MNP,1,1.99,True
ACT-2026-010733,2026-09-14,K11,P-MOB-GSM,PID787222,None,1,1.0,True
ACT-2026-010734,2026-09-14,K11,P-MOB-GSM,PID258918,MNP,1,1.99,True
ACT-2026-010735,2026-09-14,K11,P-MOB-GSM,PID168823,MNP,1,1.99,True
ACT-2026-010736,2026-09-14,K11,P-MOB-GSM,PID349159,None,1,1.0,True
ACT-2026-010737,2026-09-14,K11,P-MOB-GSM,PID262600,MNP,1,1.99,True
ACT-2026-010738,2026-09-14,K11,P-MOB-GSM,PID976825,None,1,1.0,True
ACT-2026-010739,2026-09-14,K11,P-MOB-OTH,PID544823,None,1,1.49,True
ACT-2026-010740,2026-09-14,K12,P-MOB-GSM,PID114251,None,1,1.0,True
ACT-2026-010741,2026-09-14,K12,P-FIX-BIB,PID726563,None,1,14.73,True
ACT-2026-010742,2026-09-14,K12,P-MOB-GSM,PID262772,MNP,1,1.99,True
ACT-2026-010743,2026-09-14,K13,P-MOB-GSM,PID487321,MNP,1,2.01,True
ACT-2026-010744,2026-09-14,K13,P-MOB-GSM,PID101232,None,1,1.01,True
ACT-2026-010745,2026-09-14,K13,P-MOB-GSM,PID656660,None,1,1.01,True
ACT-2026-010746,2026-09-14,K13,P-MOB-GSM,PID914701,None,1,1.01,True
ACT-2026-010747,2026-09-14,K13,P-FIX-FBR,PID658451,None,1,6.37,True
ACT-2026-010748,2026-09-14,K13,P-MOB-GSM,PID934397,None,1,1.01,True
ACT-2026-010749,2026-09-14,K13,P-MOB-GSM,PID177884,None,1,1.01,True
ACT-2026-010750,2026-09-14,K13,P-MOB-GSM,PID997902,MNP,1,2.01,True
ACT-2026-010751,2026-09-14,K13,P-MOB-GSM,PID480284,None,1,1.01,True
ACT-2026-010752,2026-09-14,K13,P-MOB-GSM,PID491041,MNP,1,2.01,True
ACT-2026-010753,2026-09-14,K13,P-MOB-GSM,PID594838,MNP,1,2.01,True
ACT-2026-010754,2026-09-14,K13,P-MOB-GSM,PID257657,MNP,1,2.01,True
ACT-2026-010755,2026-09-14,K13,P-MOB-GSM,PID856755,None,1,1.01,True
ACT-2026-010756,2026-09-14,K13,P-MOB-GSM,PID866336,None,1,1.01,True
ACT-2026-010757,2026-09-14,K14,P-MOB-GSM,PID678401,None,1,1.01,True
ACT-2026-010758,2026-09-14,K14,P-MOB-GSM,PID469199,None,1,1.01,True
ACT-2026-010759,2026-09-14,K14,P-MOB-GSM,PID374003,None,1,1.01,True
ACT-2026-010760,2026-09-14,K14,P-MOB-GSM,PID462792,None,1,1.01,True
ACT-2026-010761,2026-09-14,K14,P-MOB-GSM,PID618299,None,1,1.01,True
ACT-2026-010762,2026-09-14,K14,P-MOB-GSM,PID736217,MNP,1,2.01,True
ACT-2026-010763,2026-09-14,K14,P-MOB-GSM,PID475840,MNP,1,2.01,True
ACT-2026-010764,2026-09-14,K14,P-MOB-GSM,PID122694,MNP,1,2.01,True
ACT-2026-010765,2026-09-14,K14,P-MOB-GSM,PID584804,None,1,1.01,True
ACT-2026-010766,2026-09-14,K14,P-MOB-GSM,PID452291,None,1,1.01,True
ACT-2026-010767,2026-09-14,K15,P-MOB-GSM,PID521641,MNP,1,2.01,True
ACT-2026-010768,2026-09-14,K15,P-MOB-GSM,PID277297,MNP,1,2.01,True
ACT-2026-010769,2026-09-14,K15,P-MOB-GSM,PID991384,None,1,1.01,True
ACT-2026-010770,2026-09-14,K15,P-MOB-GSM,PID307090,None,1,1.01,True
ACT-2026-010771,2026-09-14,K15,P-MOB-GSM,PID119072,None,1,1.01,True
ACT-2026-010772,2026-09-14,K15,P-FIX-BIB,PID380614,None,1,9.56,True
ACT-2026-010773,2026-09-14,K15,P-MOB-GSM,PID190787,None,1,1.01,True
ACT-2026-010774,2026-09-14,K15,P-MOB-GSM,PID256189,None,1,1.01,True
ACT-2026-010775,2026-09-14,K15,P-MOB-GSM,PID616115,None,1,1.01,True
ACT-2026-010776,2026-09-14,K15,P-MOB-GSM,PID800183,None,1,1.01,True
ACT-2026-010777,2026-09-14,K15,P-MOB-OTH,PID494530,None,1,1.51,True
ACT-2026-010778,2026-09-14,K16,P-MOB-GSM,PID908932,None,1,1.01,True
ACT-2026-010779,2026-09-14,K16,P-DIG-SVC,PID186835,None,1,5.07,True
ACT-2026-010780,2026-09-14,K16,P-MOB-GSM,PID581640,None,1,1.01,True
ACT-2026-010781,2026-09-14,K16,P-MOB-GSM,PID723643,None,1,1.01,True
ACT-2026-010782,2026-09-14,K16,P-MOB-GSM,PID751070,None,1,1.01,True
ACT-2026-010783,2026-09-14,K17,P-MOB-GSM,PID461410,None,1,1.01,True
ACT-2026-010784,2026-09-14,K17,P-DEV-DEV,PID251305,None,1,6.3,True
ACT-2026-010785,2026-09-14,K17,P-MOB-GSM,PID207696,MNP,1,2.01,True
ACT-2026-010786,2026-09-14,K18,P-MOB-GSM,PID189048,MNP,1,2.01,True
ACT-2026-010787,2026-09-15,K01,P-MOB-GSM,PID358576,None,1,1.08,True
ACT-2026-010788,2026-09-15,K01,P-MOB-GSM,PID522953,None,1,1.08,True
ACT-2026-010789,2026-09-15,K01,P-MOB-OTH,PID295613,None,1,1.62,True
ACT-2026-010790,2026-09-15,K01,P-MOB-GSM,PID777780,None,1,1.08,True
ACT-2026-010791,2026-09-15,K01,P-MOB-GSM,PID912885,None,1,1.08,True
ACT-2026-010792,2026-09-15,K01,P-MOB-GSM,PID452243,None,1,1.08,True
ACT-2026-010793,2026-09-15,K01,P-MOB-GSM,PID576280,None,1,1.08,True
ACT-2026-010794,2026-09-15,K01,P-MOB-GSM,PID524665,None,1,1.08,True
ACT-2026-010795,2026-09-15,K01,P-MOB-GSM,PID816508,None,1,1.08,True
ACT-2026-010796,2026-09-15,K01,P-MOB-GSM,PID196068,None,1,1.08,True
ACT-2026-010797,2026-09-15,K01,P-MOB-GSM,PID970038,None,1,1.08,True
ACT-2026-010798,2026-09-15,K01,P-MOB-GSM,PID674434,None,1,1.08,True
ACT-2026-010799,2026-09-15,K01,P-MOB-GSM,PID575697,None,1,1.08,True
ACT-2026-010800,2026-09-15,K01,P-MOB-GSM,PID561212,None,1,1.08,True
ACT-2026-010801,2026-09-15,K02,P-MOB-GSM,PID573073,None,1,1.08,True
ACT-2026-010802,2026-09-15,K02,P-MOB-GSM,PID806280,MNP,1,2.16,True
ACT-2026-010803,2026-09-15,K02,P-FIX-FBR,PID546263,None,1,10.73,True
ACT-2026-010804,2026-09-15,K02,P-MOB-GSM,PID186937,MNP,1,2.16,True
ACT-2026-010805,2026-09-15,K02,P-DIG-SVC,PID414128,None,1,5.78,True
ACT-2026-010806,2026-09-15,K02,P-MOB-GSM,PID217569,None,1,1.08,True
ACT-2026-010807,2026-09-15,K02,P-MOB-GSM,PID525262,MNP,1,2.16,True
ACT-2026-010808,2026-09-15,K02,P-MOB-GSM,PID481094,None,1,1.08,True
ACT-2026-010809,2026-09-15,K02,P-MOB-GSM,PID507889,None,1,1.08,True
ACT-2026-010810,2026-09-15,K02,P-MOB-GSM,PID463570,None,1,1.08,True
ACT-2026-010811,2026-09-15,K02,P-MOB-GSM,PID624097,MNP,1,2.16,True
ACT-2026-010812,2026-09-15,K02,P-MOB-GSM,PID422393,None,1,1.08,True
ACT-2026-010813,2026-09-15,K02,P-FIX-FBR,PID437720,None,1,10.73,True
ACT-2026-010814,2026-09-15,K02,P-MOB-GSM,PID416244,None,1,1.08,True
ACT-2026-010815,2026-09-15,K02,P-MOB-GSM,PID709235,MNP,1,2.16,True
ACT-2026-010816,2026-09-15,K02,P-MOB-GSM,PID713529,None,1,1.08,True
ACT-2026-010817,2026-09-15,K02,P-MOB-GSM,PID255340,None,1,1.08,True
ACT-2026-010818,2026-09-15,K02,P-DIG-SVC,PID601108,None,1,5.78,True
ACT-2026-010819,2026-09-15,K02,P-MOB-GSM,PID785750,None,1,1.08,True
ACT-2026-010820,2026-09-15,K02,P-FIX-FBR,PID777030,None,1,10.73,True
ACT-2026-010821,2026-09-15,K02,P-MOB-OTH,PID846674,None,1,1.62,True
ACT-2026-010822,2026-09-15,K03,P-FIX-WFA,PID478796,None,1,6.44,True
ACT-2026-010823,2026-09-15,K03,P-MOB-GSM,PID642431,None,1,1.08,True
ACT-2026-010824,2026-09-15,K03,P-MOB-GSM,PID464323,MNP,1,2.16,True
ACT-2026-010825,2026-09-15,K03,P-MOB-GSM,PID471400,None,1,1.08,True
ACT-2026-010826,2026-09-15,K03,P-MOB-GSM,PID827766,None,1,1.08,True
ACT-2026-010827,2026-09-15,K03,P-DEV-DEV,PID192835,None,1,4.27,True
ACT-2026-010828,2026-09-15,K03,P-MOB-GSM,PID604147,None,1,1.08,True
ACT-2026-010829,2026-09-15,K03,P-MOB-GSM,PID715482,None,1,1.08,True
ACT-2026-010830,2026-09-15,K03,P-MOB-GSM,PID891300,None,1,1.08,True
ACT-2026-010831,2026-09-15,K03,P-MOB-GSM,PID517908,MNP,1,2.16,True
ACT-2026-010832,2026-09-15,K03,P-MOB-GSM,PID397083,None,1,1.08,True
ACT-2026-010833,2026-09-15,K04,P-MOB-GSM,PID410505,None,1,1.08,True
ACT-2026-010834,2026-09-15,K04,P-MOB-GSM,PID525260,None,1,1.08,True
ACT-2026-010835,2026-09-15,K04,P-MOB-GSM,PID184121,None,1,1.08,True
ACT-2026-010836,2026-09-15,K04,P-MOB-GSM,PID308016,None,1,1.08,True
ACT-2026-010837,2026-09-15,K04,P-MOB-GSM,PID408952,None,1,1.08,True
ACT-2026-010838,2026-09-15,K04,P-MOB-GSM,PID728850,None,1,1.08,True
ACT-2026-010839,2026-09-15,K05,P-MOB-GSM,PID545048,None,1,1.08,True
ACT-2026-010840,2026-09-15,K05,P-MOB-GSM,PID436380,None,1,1.08,True
ACT-2026-010841,2026-09-15,K05,P-MOB-GSM,PID966099,None,1,1.08,True
ACT-2026-010842,2026-09-15,K05,P-MOB-GSM,PID923132,None,1,1.08,True
ACT-2026-010843,2026-09-15,K05,P-MOB-GSM,PID806358,None,1,1.08,True
ACT-2026-010844,2026-09-15,K06,P-MOB-GSM,PID873032,None,1,1.08,True
ACT-2026-010845,2026-09-15,K06,P-MOB-GSM,PID107001,MNP,1,2.16,True
ACT-2026-010846,2026-09-15,K06,P-MOB-GSM,PID472537,None,1,1.08,True
ACT-2026-010847,2026-09-15,K07,P-MOB-GSM,PID472015,None,1,1.0,True
ACT-2026-010848,2026-09-15,K07,P-MOB-GSM,PID662665,None,1,1.0,True
ACT-2026-010849,2026-09-15,K07,P-MOB-GSM,PID681119,None,1,1.0,True
ACT-2026-010850,2026-09-15,K07,P-MOB-GSM,PID964697,None,1,1.0,True
ACT-2026-010851,2026-09-15,K07,P-FIX-FBR,PID251100,None,1,9.72,True
ACT-2026-010852,2026-09-15,K07,P-MOB-GSM,PID181709,None,1,1.0,True
ACT-2026-010853,2026-09-15,K07,P-FIX-BIB,PID299447,None,1,14.58,True
ACT-2026-010854,2026-09-15,K07,P-MOB-GSM,PID894407,None,1,1.0,True
ACT-2026-010855,2026-09-15,K07,P-MOB-GSM,PID167033,None,1,1.0,True
ACT-2026-010856,2026-09-15,K08,P-MOB-GSM,PID129413,None,1,1.0,True
ACT-2026-010857,2026-09-15,K08,P-MOB-GSM,PID610098,None,1,1.0,True
ACT-2026-010858,2026-09-15,K08,P-MOB-GSM,PID140999,None,1,1.0,True
ACT-2026-010859,2026-09-15,K08,P-MOB-GSM,PID750444,None,1,1.0,True
ACT-2026-010860,2026-09-15,K08,P-MOB-GSM,PID273987,None,1,1.0,True
ACT-2026-010861,2026-09-15,K08,P-MOB-GSM,PID705434,None,1,1.0,True
ACT-2026-010862,2026-09-15,K08,P-MOB-GSM,PID633630,None,1,1.0,True
ACT-2026-010863,2026-09-15,K08,P-FIX-FBR,PID552016,FNP,1,9.72,True
ACT-2026-010864,2026-09-15,K08,P-MOB-OTH,PID639778,None,1,1.49,True
ACT-2026-010865,2026-09-15,K08,P-FIX-WFA,PID372480,None,1,5.83,True
ACT-2026-010866,2026-09-15,K09,P-MOB-GSM,PID792669,MNP,1,0.0,False
ACT-2026-010867,2026-09-15,K09,P-FIX-FBR,PID525419,None,1,9.72,True
ACT-2026-010868,2026-09-15,K09,P-MOB-GSM,PID873375,MNP,1,1.99,True
ACT-2026-010869,2026-09-15,K09,P-MOB-GSM,PID444785,None,1,1.0,True
ACT-2026-010870,2026-09-15,K09,P-MOB-GSM,PID140821,None,1,1.0,True
ACT-2026-010871,2026-09-15,K09,P-MOB-GSM,PID260029,None,1,1.0,True
ACT-2026-010872,2026-09-15,K09,P-MOB-GSM,PID107762,None,1,1.0,True
ACT-2026-010873,2026-09-15,K09,P-MOB-GSM,PID251249,None,1,1.0,True
ACT-2026-010874,2026-09-15,K09,P-MOB-GSM,PID749229,None,1,1.0,True
ACT-2026-010875,2026-09-15,K10,P-MOB-GSM,PID669961,None,1,1.0,True
ACT-2026-010876,2026-09-15,K10,P-MOB-GSM,PID286298,None,1,1.0,True
ACT-2026-010877,2026-09-15,K10,P-MOB-GSM,PID379004,None,1,1.0,True
ACT-2026-010878,2026-09-15,K10,P-MOB-GSM,PID349868,None,1,1.0,True
ACT-2026-010879,2026-09-15,K10,P-MOB-GSM,PID689104,None,1,1.0,True
ACT-2026-010880,2026-09-15,K11,P-MOB-GSM,PID171107,MNP,1,1.99,True
ACT-2026-010881,2026-09-15,K11,P-FIX-FBR,PID816248,None,1,9.72,True
ACT-2026-010882,2026-09-15,K12,P-MOB-GSM,PID135189,None,1,1.0,True
ACT-2026-010883,2026-09-15,K12,P-MOB-GSM,PID973155,MNP,1,1.99,True
ACT-2026-010884,2026-09-15,K13,P-FIX-FBR,PID507943,None,1,6.37,True
ACT-2026-010885,2026-09-15,K13,P-MOB-GSM,PID917532,None,1,1.01,True
ACT-2026-010886,2026-09-15,K13,P-MOB-GSM,PID892062,None,1,1.01,True
ACT-2026-010887,2026-09-15,K13,P-MOB-GSM,PID230847,None,1,1.01,True
ACT-2026-010888,2026-09-15,K13,P-MOB-GSM,PID970566,None,1,1.01,True
ACT-2026-010889,2026-09-15,K13,P-MOB-GSM,PID731868,None,1,1.01,True
ACT-2026-010890,2026-09-15,K13,P-MOB-GSM,PID506808,None,1,1.01,True
ACT-2026-010891,2026-09-15,K13,P-MOB-OTH,PID676625,None,1,1.51,True
ACT-2026-010892,2026-09-15,K14,P-MOB-GSM,PID321476,MNP,1,2.01,True
ACT-2026-010893,2026-09-15,K14,P-MOB-GSM,PID701526,None,1,1.01,True
ACT-2026-010894,2026-09-15,K14,P-MOB-GSM,PID872063,None,1,1.01,True
ACT-2026-010895,2026-09-15,K14,P-MOB-GSM,PID395289,None,1,1.01,True
ACT-2026-010896,2026-09-15,K14,P-MOB-GSM,PID998089,None,1,0.0,False
ACT-2026-010897,2026-09-15,K14,P-MOB-GSM,PID131169,None,1,1.01,True
ACT-2026-010898,2026-09-15,K14,P-MOB-GSM,PID147228,None,1,1.01,True
ACT-2026-010899,2026-09-15,K14,P-MOB-GSM,PID518835,None,1,1.01,True
ACT-2026-010900,2026-09-15,K14,P-MOB-GSM,PID127834,None,1,1.01,True
ACT-2026-010901,2026-09-15,K14,P-MOB-GSM,PID835873,None,1,1.01,True
ACT-2026-010902,2026-09-15,K14,P-MOB-GSM,PID256307,None,1,1.01,True
ACT-2026-010903,2026-09-15,K15,P-MOB-OTH,PID815165,None,1,1.51,True
ACT-2026-010904,2026-09-15,K15,P-FIX-FBR,PID337839,None,1,6.37,True
ACT-2026-010905,2026-09-15,K15,P-MOB-GSM,PID427430,None,1,1.01,True
ACT-2026-010906,2026-09-15,K15,P-DEV-DEV,PID848223,None,1,6.3,True
ACT-2026-010907,2026-09-15,K15,P-MOB-GSM,PID468978,None,1,1.01,True
ACT-2026-010908,2026-09-15,K16,P-MOB-GSM,PID123652,None,1,1.01,True
ACT-2026-010909,2026-09-15,K16,P-MOB-GSM,PID704091,None,1,1.01,True
ACT-2026-010910,2026-09-15,K16,P-MOB-GSM,PID473096,None,1,1.01,True
ACT-2026-010911,2026-09-15,K17,P-MOB-GSM,PID716354,None,1,1.01,True
ACT-2026-010912,2026-09-15,K17,P-MOB-GSM,PID372424,None,1,1.01,True
ACT-2026-010913,2026-09-15,K17,P-MOB-GSM,PID793583,None,1,1.01,True
ACT-2026-010914,2026-09-15,K17,P-MOB-OTH,PID452546,None,1,1.51,True
ACT-2026-010915,2026-09-15,K18,P-MOB-GSM,PID570289,MNP,1,2.01,True
ACT-2026-010916,2026-09-15,K18,P-MOB-GSM,PID397413,MNP,1,2.01,True
