employee code,agency emp id,employee name,source name,business unit,client name,cost center,pay calendar,shift name,process date,day,punch in time,punch out time,total hours,status,punch in terminal,punch out temrinal,is justified,status2
OB60800,PT117600,FATIMA MOHSEN SAMIR,OUTSOURCE,eMinds,SMB-41984,20085-SMB-SALES-CW41984,48 Hours Weekly,SMB DIGITAL BACK OFFICE,01-AUG-2026,Saturday,,,,Weekly Off,,,,
OB60800,PT117600,FATIMA MOHSEN SAMIR  ,OUTSOURCE,eMinds,SMB-41984,20085-SMB-SALES-CW41984,48 Hours Weekly,SMB DIGITAL BACK OFFICE,02-AUG-2026,Sunday,,,,Weekly Off,,,,
OB60800,PT117600,FATIMA MOHSEN SAMIR  ,OUTSOURCE,eMinds,SMB-41984,20085-SMB-SALES-CW41984,48 Hours Weekly,SMB DIGITAL BACK OFFICE,03-AUG-2026,Monday,03-AUG-2026 08:52:42 AM,03-AUG-2026 06:57:42 PM,10:05,Present,SHJ-HRB-L03-D040 LOBBY ENTRY,DXB-HQ-GF-GATE01 EXIT,,
OB60800,PT117600,FATIMA MOHSEN SAMIR,OUTSOURCE,eMinds,SMB-41984,20085-SMB-SALES-CW41984,48 Hours Weekly,SMB DIGITAL BACK OFFICE,04-AUG-2026,Tuesday,,04-AUG-2026 06:27:05 PM,,Present,,AUH-TWR-L01-D002 EXIT,,
OB60800,PT117600,FATIMA MOHSEN SAMIR,OUTSOURCE,eMinds,SMB-41984,20085-SMB-SALES-CW41984,48 Hours Weekly,SMB DIGITAL BACK OFFICE,05-AUG-2026,Wednesday,05-AUG-2026 09:59:52 AM,05-AUG-2026 07:24:52 PM,09:25,Present,SHJ-HRB-L03-D040 LOBBY ENTRY,SHJ-MSCP-GF-GATE04-TS EXIT EXIT,,
OB60800,PT117600,FATIMA MOHSEN SAMIR,OUTSOURCE,eMinds,SMB-41984,20085-SMB-SALES-CW41984,48 Hours Weekly,SMB DIGITAL BACK OFFICE,06-AUG-2026,Thursday,06-AUG-2026 07:17:34 AM,06-AUG-2026 04:49:34 PM,09:32,Present,SHJ-HRB-L03-D040 LOBBY ENTRY,AUH-TWR-L01-D002 EXIT,,
OB60800,PT117600,FATIMA MOHSEN SAMIR  ,OUTSOURCE,eMinds,SMB-41984,20085-SMB-SALES-CW41984,48 Hours Weekly,SMB DIGITAL BACK OFFICE,07-AUG-2026,Friday,07-AUG-2026 07:36:33 AM,07-AUG-2026 04:56:33 PM,09:20,Present,AUH-TWR-L01-D002 ENTRY,SHJ-MSCP-GF-GATE04-TS EXIT EXIT,,
OB60800,PT117600,FATIMA MOHSEN SAMIR  ,OUTSOURCE,eMinds,SMB-41984,20085-SMB-SALES-CW41984,48 Hours Weekly,SMB DIGITAL BACK OFFICE,08-AUG-2026,Saturday,,,,Weekly Off,,,,
OB60800,PT117600,FATIMA MOHSEN SAMIR,OUTSOURCE,eMinds,SMB-41984,20085-SMB-SALES-CW41984,48 Hours Weekly,SMB DIGITAL BACK OFFICE,09-AUG-2026,Sunday,,,,Weekly Off,,,,
OB60800,PT117600,FATIMA MOHSEN SAMIR,OUTSOURCE,eMinds,SMB-41984,20085-SMB-SALES-CW41984,48 Hours Weekly,SMB DIGITAL BACK OFFICE,10-AUG-2026,Monday,10-AUG-2026 08:43:47 AM,,,Present,SHJ-HRB-L03-D040 LOBBY ENTRY,,,
OB60800,PT117600,FATIMA MOHSEN SAMIR,OUTSOURCE,eMinds,SMB-41984,20085-SMB-SALES-CW41984,48 Hours Weekly,SMB DIGITAL BACK OFFICE,11-AUG-2026,Tuesday,11-AUG-2026 07:00:03 AM,11-AUG-2026 03:01:03 PM,08:01,Present,DXB-HQ-GF-GATE01 ENTRY,AUH-TWR-L01-D002 EXIT,,
OB60800,PT117600,FATIMA MOHSEN SAMIR  ,OUTSOURCE,eMinds,SMB-41984,20085-SMB-SALES-CW41984,48 Hours Weekly,SMB DIGITAL BACK OFFICE,12-AUG-2026,Wednesday,12-AUG-2026 08:29:15 AM,12-AUG-2026 06:36:15 PM,10:07,Present,AUH-TWR-L01-D002 ENTRY,AUH-TWR-L01-D002 EXIT,,
OB60800,PT117600,FATIMA MOHSEN SAMIR  ,OUTSOURCE,eMinds,SMB-41984,20085-SMB-SALES-CW41984,48 Hours Weekly,SMB DIGITAL BACK OFFICE,13-AUG-2026,Thursday,13-AUG-2026 09:05:07 AM,13-AUG-2026 06:12:07 PM,09:07,Present,AUH-TWR-L01-D002 ENTRY,SHJ-MSCP-GF-GATE04-TS EXIT EXIT,,
OB60800,PT117600,FATIMA MOHSEN SAMIR,OUTSOURCE,eMinds,SMB-41984,20085-SMB-SALES-CW41984,48 Hours Weekly,SMB DIGITAL BACK OFFICE,14-AUG-2026,Friday,14-AUG-2026 07:52:15 AM,14-AUG-2026 05:35:15 PM,09:43,Present,AUH-TWR-L01-D002 ENTRY,AUH-TWR-L01-D002 EXIT,,
OB60800,PT117600,FATIMA MOHSEN SAMIR,OUTSOURCE,eMinds,SMB-41984,20085-SMB-SALES-CW41984,48 Hours Weekly,SMB DIGITAL BACK OFFICE,15-AUG-2026,Saturday,,,,Weekly Off,,,,
OB60800,PT117600,FATIMA MOHSEN SAMIR,OUTSOURCE,eMinds,SMB-41984,20085-SMB-SALES-CW41984,48 Hours Weekly,SMB DIGITAL BACK OFFICE,16-AUG-2026,Sunday,,,,Weekly Off,,,,
OB60800,PT117600,FATIMA MOHSEN SAMIR,OUTSOURCE,eMinds,SMB-41984,20085-SMB-SALES-CW41984,48 Hours Weekly,SMB DIGITAL BACK OFFICE,17-AUG-2026,Monday,17-AUG-2026 08:47:45 AM,17-AUG-2026 06:49:45 PM,10:02,Present,AUH-TWR-L01-D002 ENTRY,DXB-HQ-GF-GATE01 EXIT,,
OB60800,PT117600,FATIMA MOHSEN SAMIR,OUTSOURCE,eMinds,SMB-41984,20085-SMB-SALES-CW41984,48 Hours Weekly,SMB DIGITAL BACK OFFICE,18-AUG-2026,Tuesday,18-AUG-2026 07:54:55 AM,18-AUG-2026 06:21:55 PM,10:27,Present,SHJ-HRB-L03-D040 LOBBY ENTRY,SHJ-MSCP-GF-GATE04-TS EXIT EXIT,,
OB60800,PT117600,FATIMA MOHSEN SAMIR,OUTSOURCE,eMinds,SMB-41984,20085-SMB-SALES-CW41984,48 Hours Weekly,SMB DIGITAL BACK OFFICE,19-AUG-2026,Wednesday,,,,Sick Leave,,,,
OB60800,PT117600,FATIMA MOHSEN SAMIR  ,OUTSOURCE,eMinds,SMB-41984,20085-SMB-SALES-CW41984,48 Hours Weekly,SMB DIGITAL BACK OFFICE,20-AUG-2026,Thursday,20-AUG-2026 07:56:06 AM,20-AUG-2026 05:24:06 PM,09:28,Present,SHJ-HRB-L03-D040 LOBBY ENTRY,DXB-HQ-GF-GATE01 EXIT,,
OB60800,PT117600,FATIMA MOHSEN SAMIR,OUTSOURCE,eMinds,SMB-41984,20085-SMB-SALES-CW41984,48 Hours Weekly,SMB DIGITAL BACK OFFICE,21-AUG-2026,Friday,21-AUG-2026 09:35:41 AM,21-AUG-2026 07:19:41 PM,09:44,Present,AUH-TWR-L01-D002 ENTRY,DXB-HQ-GF-GATE01 EXIT,,
OB60800,PT117600,FATIMA MOHSEN SAMIR  ,OUTSOURCE,eMinds,SMB-41984,20085-SMB-SALES-CW41984,48 Hours Weekly,SMB DIGITAL BACK OFFICE,22-AUG-2026,Saturday,,,,Weekly Off,,,,
OB60800,PT117600,FATIMA MOHSEN SAMIR  ,OUTSOURCE,eMinds,SMB-41984,20085-SMB-SALES-CW41984,48 Hours Weekly,SMB DIGITAL BACK OFFICE,23-AUG-2026,Sunday,,,,Weekly Off,,,,
OB60800,PT117600,FATIMA MOHSEN SAMIR,OUTSOURCE,eMinds,SMB-41984,20085-SMB-SALES-CW41984,48 Hours Weekly,SMB DIGITAL BACK OFFICE,24-AUG-2026,Monday,24-AUG-2026 07:04:23 AM,24-AUG-2026 04:24:23 PM,09:20,Present,DXB-HQ-GF-GATE01 ENTRY,SHJ-MSCP-GF-GATE04-TS EXIT EXIT,,
OB60800,PT117600,FATIMA MOHSEN SAMIR,OUTSOURCE,eMinds,SMB-41984,20085-SMB-SALES-CW41984,48 Hours Weekly,SMB DIGITAL BACK OFFICE,25-AUG-2026,Tuesday,25-AUG-2026 08:36:38 AM,25-AUG-2026 06:52:38 PM,10:16,Present,DXB-HQ-GF-GATE01 ENTRY,DXB-HQ-GF-GATE01 EXIT,,
OB60800,PT117600,FATIMA MOHSEN SAMIR,OUTSOURCE,eMinds,SMB-41984,20085-SMB-SALES-CW41984,48 Hours Weekly,SMB DIGITAL BACK OFFICE,26-AUG-2026,Wednesday,26-AUG-2026 07:45:03 AM,26-AUG-2026 03:48:03 PM,08:03,Present,AUH-TWR-L01-D002 ENTRY,AUH-TWR-L01-D002 EXIT,,
OB60800,PT117600,FATIMA MOHSEN SAMIR,OUTSOURCE,eMinds,SMB-41984,20085-SMB-SALES-CW41984,48 Hours Weekly,SMB DIGITAL BACK OFFICE,27-AUG-2026,Thursday,,,,Absent,,,Y,
OB60800,PT117600,FATIMA MOHSEN SAMIR,OUTSOURCE,eMinds,SMB-41984,20085-SMB-SALES-CW41984,48 Hours Weekly,SMB DIGITAL BACK OFFICE,28-AUG-2026,Friday,28-AUG-2026 07:44:32 AM,28-AUG-2026 05:42:32 PM,09:58,Present,DXB-HQ-GF-GATE01 ENTRY,AUH-TWR-L01-D002 EXIT,,
OB60800,PT117600,FATIMA MOHSEN SAMIR,OUTSOURCE,eMinds,SMB-41984,20085-SMB-SALES-CW41984,48 Hours Weekly,SMB DIGITAL BACK OFFICE,29-AUG-2026,Saturday,,,,Weekly Off,,,,
OB60800,PT117600,FATIMA MOHSEN SAMIR,OUTSOURCE,eMinds,SMB-41984,20085-SMB-SALES-CW41984,48 Hours Weekly,SMB DIGITAL BACK OFFICE,30-AUG-2026,Sunday,,,,Weekly Off,,,,
OB60800,PT117600,FATIMA MOHSEN SAMIR  ,OUTSOURCE,eMinds,SMB-41984,20085-SMB-SALES-CW41984,48 Hours Weekly,SMB DIGITAL BACK OFFICE,31-AUG-2026,Monday,,,,Absent,,,N,
OB60801,PT117601,MARIAM IBRAHIM IBRAHIM,OUTSOURCE,eMinds,SMB-41985,20085-SMB-SALES-CW41985,48 Hours Weekly,SMB-PRIME&BD-KAM-1,01-AUG-2026,Saturday,,,,Weekly Off,,,,
OB60801,PT117601,MARIAM IBRAHIM IBRAHIM,OUTSOURCE,eMinds,SMB-41985,20085-SMB-SALES-CW41985,48 Hours Weekly,SMB-PRIME&BD-KAM-1,02-AUG-2026,Sunday,,,,Weekly Off,,,,
OB60801,PT117601,MARIAM IBRAHIM IBRAHIM,OUTSOURCE,eMinds,SMB-41985,20085-SMB-SALES-CW41985,48 Hours Weekly,SMB-PRIME&BD-KAM-1,03-AUG-2026,Monday,,,,WFH,,,,
OB60801,PT117601,MARIAM IBRAHIM IBRAHIM,OUTSOURCE,eMinds,SMB-41985,20085-SMB-SALES-CW41985,48 Hours Weekly,SMB-PRIME&BD-KAM-1,04-AUG-2026,Tuesday,04-AUG-2026 07:29:14 AM,04-AUG-2026 05:09:14 PM,09:40,Present,SHJ-HRB-L03-D040 LOBBY ENTRY,SHJ-MSCP-GF-GATE04-TS EXIT EXIT,,
OB60801,PT117601,MARIAM IBRAHIM IBRAHIM  ,OUTSOURCE,eMinds,SMB-41985,20085-SMB-SALES-CW41985,48 Hours Weekly,SMB-PRIME&BD-KAM-1,05-AUG-2026,Wednesday,05-AUG-2026 08:01:00 AM,05-AUG-2026 05:06:00 PM,09:05,Present,AUH-TWR-L01-D002 ENTRY,SHJ-MSCP-GF-GATE04-TS EXIT EXIT,,
OB60801,PT117601,MARIAM IBRAHIM IBRAHIM  ,OUTSOURCE,eMinds,SMB-41985,20085-SMB-SALES-CW41985,48 Hours Weekly,SMB-PRIME&BD-KAM-1,06-AUG-2026,Thursday,06-AUG-2026 08:06:35 AM,06-AUG-2026 04:49:35 PM,08:43,Present,SHJ-HRB-L03-D040 LOBBY ENTRY,AUH-TWR-L01-D002 EXIT,,
OB60801,PT117601,MARIAM IBRAHIM IBRAHIM,OUTSOURCE,eMinds,SMB-41985,20085-SMB-SALES-CW41985,48 Hours Weekly,SMB-PRIME&BD-KAM-1,07-AUG-2026,Friday,07-AUG-2026 08:36:01 AM,07-AUG-2026 06:18:01 PM,09:42,Present,SHJ-HRB-L03-D040 LOBBY ENTRY,SHJ-MSCP-GF-GATE04-TS EXIT EXIT,,
OB60801,PT117601,MARIAM IBRAHIM IBRAHIM,OUTSOURCE,eMinds,SMB-41985,20085-SMB-SALES-CW41985,48 Hours Weekly,SMB-PRIME&BD-KAM-1,08-AUG-2026,Saturday,,,,Weekly Off,,,,
OB60801,PT117601,MARIAM IBRAHIM IBRAHIM  ,OUTSOURCE,eMinds,SMB-41985,20085-SMB-SALES-CW41985,48 Hours Weekly,SMB-PRIME&BD-KAM-1,09-AUG-2026,Sunday,,,,Weekly Off,,,,
OB60801,PT117601,MARIAM IBRAHIM IBRAHIM,OUTSOURCE,eMinds,SMB-41985,20085-SMB-SALES-CW41985,48 Hours Weekly,SMB-PRIME&BD-KAM-1,10-AUG-2026,Monday,,,,Sick Leave,,,,
OB60801,PT117601,MARIAM IBRAHIM IBRAHIM,OUTSOURCE,eMinds,SMB-41985,20085-SMB-SALES-CW41985,48 Hours Weekly,SMB-PRIME&BD-KAM-1,11-AUG-2026,Tuesday,,,,Annual Leave,,,,
OB60801,PT117601,MARIAM IBRAHIM IBRAHIM,OUTSOURCE,eMinds,SMB-41985,20085-SMB-SALES-CW41985,48 Hours Weekly,SMB-PRIME&BD-KAM-1,12-AUG-2026,Wednesday,12-AUG-2026 08:05:01 AM,12-AUG-2026 04:51:01 PM,08:46,Present,SHJ-HRB-L03-D040 LOBBY ENTRY,SHJ-MSCP-GF-GATE04-TS EXIT EXIT,,
OB60801,PT117601,MARIAM IBRAHIM IBRAHIM,OUTSOURCE,eMinds,SMB-41985,20085-SMB-SALES-CW41985,48 Hours Weekly,SMB-PRIME&BD-KAM-1,13-AUG-2026,Thursday,13-AUG-2026 08:04:22 AM,,,Present,AUH-TWR-L01-D002 ENTRY,,,
OB60801,PT117601,MARIAM IBRAHIM IBRAHIM,OUTSOURCE,eMinds,SMB-41985,20085-SMB-SALES-CW41985,48 Hours Weekly,SMB-PRIME&BD-KAM-1,14-AUG-2026,Friday,14-AUG-2026 07:31:47 AM,14-AUG-2026 04:58:47 PM,09:27,Present,AUH-TWR-L01-D002 ENTRY,DXB-HQ-GF-GATE01 EXIT,,
OB60801,PT117601,MARIAM IBRAHIM IBRAHIM,OUTSOURCE,eMinds,SMB-41985,20085-SMB-SALES-CW41985,48 Hours Weekly,SMB-PRIME&BD-KAM-1,15-AUG-2026,Saturday,,,,Weekly Off,,,,
OB60801,PT117601,MARIAM IBRAHIM IBRAHIM,OUTSOURCE,eMinds,SMB-41985,20085-SMB-SALES-CW41985,48 Hours Weekly,SMB-PRIME&BD-KAM-1,16-AUG-2026,Sunday,,,,Weekly Off,,,,
OB60801,PT117601,MARIAM IBRAHIM IBRAHIM,OUTSOURCE,eMinds,SMB-41985,20085-SMB-SALES-CW41985,48 Hours Weekly,SMB-PRIME&BD-KAM-1,17-AUG-2026,Monday,17-AUG-2026 08:41:11 AM,17-AUG-2026 06:09:11 PM,09:28,Present,AUH-TWR-L01-D002 ENTRY,DXB-HQ-GF-GATE01 EXIT,,
OB60801,PT117601,MARIAM IBRAHIM IBRAHIM,OUTSOURCE,eMinds,SMB-41985,20085-SMB-SALES-CW41985,48 Hours Weekly,SMB-PRIME&BD-KAM-1,18-AUG-2026,Tuesday,18-AUG-2026 07:06:39 AM,18-AUG-2026 03:27:39 PM,08:21,Present,AUH-TWR-L01-D002 ENTRY,AUH-TWR-L01-D002 EXIT,,
OB60801,PT117601,MARIAM IBRAHIM IBRAHIM,OUTSOURCE,eMinds,SMB-41985,20085-SMB-SALES-CW41985,48 Hours Weekly,SMB-PRIME&BD-KAM-1,19-AUG-2026,Wednesday,19-AUG-2026 07:46:19 AM,19-AUG-2026 05:40:19 PM,09:54,Present,AUH-TWR-L01-D002 ENTRY,DXB-HQ-GF-GATE01 EXIT,,
OB60801,PT117601,MARIAM IBRAHIM IBRAHIM,OUTSOURCE,eMinds,SMB-41985,20085-SMB-SALES-CW41985,48 Hours Weekly,SMB-PRIME&BD-KAM-1,20-AUG-2026,Thursday,20-AUG-2026 08:34:10 AM,20-AUG-2026 05:54:10 PM,09:20,Present,SHJ-HRB-L03-D040 LOBBY ENTRY,DXB-HQ-GF-GATE01 EXIT,,
OB60801,PT117601,MARIAM IBRAHIM IBRAHIM,OUTSOURCE,eMinds,SMB-41985,20085-SMB-SALES-CW41985,48 Hours Weekly,SMB-PRIME&BD-KAM-1,21-AUG-2026,Friday,21-AUG-2026 07:25:28 AM,21-AUG-2026 03:57:28 PM,08:32,Present,DXB-HQ-GF-GATE01 ENTRY,DXB-HQ-GF-GATE01 EXIT,,
OB60801,PT117601,MARIAM IBRAHIM IBRAHIM,OUTSOURCE,eMinds,SMB-41985,20085-SMB-SALES-CW41985,48 Hours Weekly,SMB-PRIME&BD-KAM-1,22-AUG-2026,Saturday,,,,Weekly Off,,,,
OB60801,PT117601,MARIAM IBRAHIM IBRAHIM,OUTSOURCE,eMinds,SMB-41985,20085-SMB-SALES-CW41985,48 Hours Weekly,SMB-PRIME&BD-KAM-1,23-AUG-2026,Sunday,,,,Weekly Off,,,,
OB60801,PT117601,MARIAM IBRAHIM IBRAHIM,OUTSOURCE,eMinds,SMB-41985,20085-SMB-SALES-CW41985,48 Hours Weekly,SMB-PRIME&BD-KAM-1,24-AUG-2026,Monday,24-AUG-2026 07:17:04 AM,24-AUG-2026 06:13:04 PM,10:56,Present,AUH-TWR-L01-D002 ENTRY,DXB-HQ-GF-GATE01 EXIT,,
OB60801,PT117601,MARIAM IBRAHIM IBRAHIM  ,OUTSOURCE,eMinds,SMB-41985,20085-SMB-SALES-CW41985,48 Hours Weekly,SMB-PRIME&BD-KAM-1,25-AUG-2026,Tuesday,25-AUG-2026 08:50:39 AM,25-AUG-2026 06:20:39 PM,09:30,Present,SHJ-HRB-L03-D040 LOBBY ENTRY,AUH-TWR-L01-D002 EXIT,,
OB60801,PT117601,MARIAM IBRAHIM IBRAHIM,OUTSOURCE,eMinds,SMB-41985,20085-SMB-SALES-CW41985,48 Hours Weekly,SMB-PRIME&BD-KAM-1,26-AUG-2026,Wednesday,,,,Annual Leave,,,,
OB60801,PT117601,MARIAM IBRAHIM IBRAHIM,OUTSOURCE,eMinds,SMB-41985,20085-SMB-SALES-CW41985,48 Hours Weekly,SMB-PRIME&BD-KAM-1,27-AUG-2026,Thursday,,,,Absent,,,Y,
OB60801,PT117601,MARIAM IBRAHIM IBRAHIM,OUTSOURCE,eMinds,SMB-41985,20085-SMB-SALES-CW41985,48 Hours Weekly,SMB-PRIME&BD-KAM-1,28-AUG-2026,Friday,28-AUG-2026 09:30:19 AM,28-AUG-2026 06:38:19 PM,09:08,Present,SHJ-HRB-L03-D040 LOBBY ENTRY,DXB-HQ-GF-GATE01 EXIT,,
OB60801,PT117601,MARIAM IBRAHIM IBRAHIM  ,OUTSOURCE,eMinds,SMB-41985,20085-SMB-SALES-CW41985,48 Hours Weekly,SMB-PRIME&BD-KAM-1,29-AUG-2026,Saturday,,,,Weekly Off,,,,
OB60801,PT117601,MARIAM IBRAHIM IBRAHIM,OUTSOURCE,eMinds,SMB-41985,20085-SMB-SALES-CW41985,48 Hours Weekly,SMB-PRIME&BD-KAM-1,30-AUG-2026,Sunday,,,,Weekly Off,,,,
OB60801,PT117601,MARIAM IBRAHIM IBRAHIM,OUTSOURCE,eMinds,SMB-41985,20085-SMB-SALES-CW41985,48 Hours Weekly,SMB-PRIME&BD-KAM-1,31-AUG-2026,Monday,31-AUG-2026 08:35:09 AM,31-AUG-2026 04:44:09 PM,08:09,Present,DXB-HQ-GF-GATE01 ENTRY,DXB-HQ-GF-GATE01 EXIT,,
OB60802,PT117602,OMAR SAMIR SAYED,OUTSOURCE,eMinds,CONSUMER-22011,20090-CONS-RETAIL-CW22011,45 Hours Weekly,SMB-GENERAL SHIFT,01-AUG-2026,Saturday,,,,Weekly Off,,,,
OB60802,PT117602,OMAR SAMIR SAYED,OUTSOURCE,eMinds,CONSUMER-22011,20090-CONS-RETAIL-CW22011,45 Hours Weekly,SMB-GENERAL SHIFT,02-AUG-2026,Sunday,,,,Weekly Off,,,,
OB60802,PT117602,OMAR SAMIR SAYED,OUTSOURCE,eMinds,CONSUMER-22011,20090-CONS-RETAIL-CW22011,45 Hours Weekly,SMB-GENERAL SHIFT,03-AUG-2026,Monday,03-AUG-2026 08:36:50 AM,03-AUG-2026 05:37:50 PM,09:01,Present,DXB-HQ-GF-GATE01 ENTRY,DXB-HQ-GF-GATE01 EXIT,,
OB60802,PT117602,OMAR SAMIR SAYED,OUTSOURCE,eMinds,CONSUMER-22011,20090-CONS-RETAIL-CW22011,45 Hours Weekly,SMB-GENERAL SHIFT,04-AUG-2026,Tuesday,04-AUG-2026 07:49:07 AM,04-AUG-2026 04:31:07 PM,08:42,Present,SHJ-HRB-L03-D040 LOBBY ENTRY,AUH-TWR-L01-D002 EXIT,,
OB60802,PT117602,OMAR SAMIR SAYED,OUTSOURCE,eMinds,CONSUMER-22011,20090-CONS-RETAIL-CW22011,45 Hours Weekly,SMB-GENERAL SHIFT,05-AUG-2026,Wednesday,05-AUG-2026 09:09:29 AM,05-AUG-2026 06:09:29 PM,09:00,Present,DXB-HQ-GF-GATE01 ENTRY,SHJ-MSCP-GF-GATE04-TS EXIT EXIT,,
OB60802,PT117602,OMAR SAMIR SAYED,OUTSOURCE,eMinds,CONSUMER-22011,20090-CONS-RETAIL-CW22011,45 Hours Weekly,SMB-GENERAL SHIFT,06-AUG-2026,Thursday,06-AUG-2026 09:50:18 AM,06-AUG-2026 08:45:18 PM,10:55,Present,AUH-TWR-L01-D002 ENTRY,SHJ-MSCP-GF-GATE04-TS EXIT EXIT,,
OB60802,PT117602,OMAR SAMIR SAYED,OUTSOURCE,eMinds,CONSUMER-22011,20090-CONS-RETAIL-CW22011,45 Hours Weekly,SMB-GENERAL SHIFT,07-AUG-2026,Friday,07-AUG-2026 08:37:51 AM,,,Present,DXB-HQ-GF-GATE01 ENTRY,,,
OB60802,PT117602,OMAR SAMIR SAYED,OUTSOURCE,eMinds,CONSUMER-22011,20090-CONS-RETAIL-CW22011,45 Hours Weekly,SMB-GENERAL SHIFT,08-AUG-2026,Saturday,,,,Weekly Off,,,,
OB60802,PT117602,OMAR SAMIR SAYED  ,OUTSOURCE,eMinds,CONSUMER-22011,20090-CONS-RETAIL-CW22011,45 Hours Weekly,SMB-GENERAL SHIFT,09-AUG-2026,Sunday,,,,Weekly Off,,,,
OB60802,PT117602,OMAR SAMIR SAYED,OUTSOURCE,eMinds,CONSUMER-22011,20090-CONS-RETAIL-CW22011,45 Hours Weekly,SMB-GENERAL SHIFT,10-AUG-2026,Monday,10-AUG-2026 07:02:11 AM,10-AUG-2026 03:12:11 PM,08:10,Present,SHJ-HRB-L03-D040 LOBBY ENTRY,AUH-TWR-L01-D002 EXIT,,
OB60802,PT117602,OMAR SAMIR SAYED  ,OUTSOURCE,eMinds,CONSUMER-22011,20090-CONS-RETAIL-CW22011,45 Hours Weekly,SMB-GENERAL SHIFT,11-AUG-2026,Tuesday,11-AUG-2026 07:51:46 AM,11-AUG-2026 05:06:46 PM,09:15,Present,DXB-HQ-GF-GATE01 ENTRY,SHJ-MSCP-GF-GATE04-TS EXIT EXIT,,
OB60802,PT117602,OMAR SAMIR SAYED,OUTSOURCE,eMinds,CONSUMER-22011,20090-CONS-RETAIL-CW22011,45 Hours Weekly,SMB-GENERAL SHIFT,12-AUG-2026,Wednesday,12-AUG-2026 09:27:00 AM,12-AUG-2026 06:58:00 PM,09:31,Present,AUH-TWR-L01-D002 ENTRY,AUH-TWR-L01-D002 EXIT,,
OB60802,PT117602,OMAR SAMIR SAYED,OUTSOURCE,eMinds,CONSUMER-22011,20090-CONS-RETAIL-CW22011,45 Hours Weekly,SMB-GENERAL SHIFT,13-AUG-2026,Thursday,13-AUG-2026 07:12:10 AM,13-AUG-2026 03:56:10 PM,08:44,Present,AUH-TWR-L01-D002 ENTRY,AUH-TWR-L01-D002 EXIT,,
OB60802,PT117602,OMAR SAMIR SAYED,OUTSOURCE,eMinds,CONSUMER-22011,20090-CONS-RETAIL-CW22011,45 Hours Weekly,SMB-GENERAL SHIFT,14-AUG-2026,Friday,14-AUG-2026 07:05:05 AM,14-AUG-2026 04:07:05 PM,09:02,Present,DXB-HQ-GF-GATE01 ENTRY,SHJ-MSCP-GF-GATE04-TS EXIT EXIT,,
OB60802,PT117602,OMAR SAMIR SAYED,OUTSOURCE,eMinds,CONSUMER-22011,20090-CONS-RETAIL-CW22011,45 Hours Weekly,SMB-GENERAL SHIFT,15-AUG-2026,Saturday,,,,Weekly Off,,,,
OB60802,PT117602,OMAR SAMIR SAYED,OUTSOURCE,eMinds,CONSUMER-22011,20090-CONS-RETAIL-CW22011,45 Hours Weekly,SMB-GENERAL SHIFT,16-AUG-2026,Sunday,,,,Weekly Off,,,,
OB60802,PT117602,OMAR SAMIR SAYED,OUTSOURCE,eMinds,CONSUMER-22011,20090-CONS-RETAIL-CW22011,45 Hours Weekly,SMB-GENERAL SHIFT,17-AUG-2026,Monday,17-AUG-2026 07:37:52 AM,17-AUG-2026 05:25:52 PM,09:48,Present,AUH-TWR-L01-D002 ENTRY,SHJ-MSCP-GF-GATE04-TS EXIT EXIT,,
OB60802,PT117602,OMAR SAMIR SAYED,OUTSOURCE,eMinds,CONSUMER-22011,20090-CONS-RETAIL-CW22011,45 Hours Weekly,SMB-GENERAL SHIFT,18-AUG-2026,Tuesday,18-AUG-2026 08:56:59 AM,18-AUG-2026 06:44:59 PM,09:48,Present,AUH-TWR-L01-D002 ENTRY,AUH-TWR-L01-D002 EXIT,,
OB60802,PT117602,OMAR SAMIR SAYED,OUTSOURCE,eMinds,CONSUMER-22011,20090-CONS-RETAIL-CW22011,45 Hours Weekly,SMB-GENERAL SHIFT,19-AUG-2026,Wednesday,19-AUG-2026 07:46:32 AM,19-AUG-2026 04:52:32 PM,09:06,Present,AUH-TWR-L01-D002 ENTRY,DXB-HQ-GF-GATE01 EXIT,,
OB60802,PT117602,OMAR SAMIR SAYED,OUTSOURCE,eMinds,CONSUMER-22011,20090-CONS-RETAIL-CW22011,45 Hours Weekly,SMB-GENERAL SHIFT,20-AUG-2026,Thursday,20-AUG-2026 08:55:23 AM,20-AUG-2026 05:35:23 PM,08:40,Present,DXB-HQ-GF-GATE01 ENTRY,DXB-HQ-GF-GATE01 EXIT,,
OB60802,PT117602,OMAR SAMIR SAYED  ,OUTSOURCE,eMinds,CONSUMER-22011,20090-CONS-RETAIL-CW22011,45 Hours Weekly,SMB-GENERAL SHIFT,21-AUG-2026,Friday,21-AUG-2026 09:10:45 AM,21-AUG-2026 05:11:45 PM,08:01,Present,AUH-TWR-L01-D002 ENTRY,AUH-TWR-L01-D002 EXIT,,
OB60802,PT117602,OMAR SAMIR SAYED,OUTSOURCE,eMinds,CONSUMER-22011,20090-CONS-RETAIL-CW22011,45 Hours Weekly,SMB-GENERAL SHIFT,22-AUG-2026,Saturday,,,,Weekly Off,,,,
OB60802,PT117602,OMAR SAMIR SAYED,OUTSOURCE,eMinds,CONSUMER-22011,20090-CONS-RETAIL-CW22011,45 Hours Weekly,SMB-GENERAL SHIFT,23-AUG-2026,Sunday,,,,Weekly Off,,,,
OB60802,PT117602,OMAR SAMIR SAYED,OUTSOURCE,eMinds,CONSUMER-22011,20090-CONS-RETAIL-CW22011,45 Hours Weekly,SMB-GENERAL SHIFT,24-AUG-2026,Monday,24-AUG-2026 08:08:49 AM,24-AUG-2026 05:46:49 PM,09:38,Present,DXB-HQ-GF-GATE01 ENTRY,SHJ-MSCP-GF-GATE04-TS EXIT EXIT,,
OB60802,PT117602,OMAR SAMIR SAYED,OUTSOURCE,eMinds,CONSUMER-22011,20090-CONS-RETAIL-CW22011,45 Hours Weekly,SMB-GENERAL SHIFT,25-AUG-2026,Tuesday,25-AUG-2026 07:27:01 AM,25-AUG-2026 06:11:01 PM,10:44,Present,DXB-HQ-GF-GATE01 ENTRY,SHJ-MSCP-GF-GATE04-TS EXIT EXIT,,
OB60802,PT117602,OMAR SAMIR SAYED,OUTSOURCE,eMinds,CONSUMER-22011,20090-CONS-RETAIL-CW22011,45 Hours Weekly,SMB-GENERAL SHIFT,26-AUG-2026,Wednesday,26-AUG-2026 07:43:38 AM,26-AUG-2026 06:23:38 PM,10:40,Present,DXB-HQ-GF-GATE01 ENTRY,SHJ-MSCP-GF-GATE04-TS EXIT EXIT,,
OB60802,PT117602,OMAR SAMIR SAYED,OUTSOURCE,eMinds,CONSUMER-22011,20090-CONS-RETAIL-CW22011,45 Hours Weekly,SMB-GENERAL SHIFT,27-AUG-2026,Thursday,27-AUG-2026 08:21:53 AM,27-AUG-2026 05:23:53 PM,09:02,Present,SHJ-HRB-L03-D040 LOBBY ENTRY,SHJ-MSCP-GF-GATE04-TS EXIT EXIT,,
OB60802,PT117602,OMAR SAMIR SAYED,OUTSOURCE,eMinds,CONSUMER-22011,20090-CONS-RETAIL-CW22011,45 Hours Weekly,SMB-GENERAL SHIFT,28-AUG-2026,Friday,28-AUG-2026 08:35:00 AM,28-AUG-2026 06:58:00 PM,10:23,Present,AUH-TWR-L01-D002 ENTRY,SHJ-MSCP-GF-GATE04-TS EXIT EXIT,,
OB60802,PT117602,OMAR SAMIR SAYED  ,OUTSOURCE,eMinds,CONSUMER-22011,20090-CONS-RETAIL-CW22011,45 Hours Weekly,SMB-GENERAL SHIFT,29-AUG-2026,Saturday,,,,Weekly Off,,,,
OB60802,PT117602,OMAR SAMIR SAYED,OUTSOURCE,eMinds,CONSUMER-22011,20090-CONS-RETAIL-CW22011,45 Hours Weekly,SMB-GENERAL SHIFT,30-AUG-2026,Sunday,,,,Weekly Off,,,,
OB60802,PT117602,OMAR SAMIR SAYED,OUTSOURCE,eMinds,CONSUMER-22011,20090-CONS-RETAIL-CW22011,45 Hours Weekly,SMB-GENERAL SHIFT,31-AUG-2026,Monday,31-AUG-2026 08:12:51 AM,31-AUG-2026 05:25:51 PM,09:13,Present,SHJ-HRB-L03-D040 LOBBY ENTRY,SHJ-MSCP-GF-GATE04-TS EXIT EXIT,,
OB60803,PT117603,SARA YOUSSEF MAHMOUD,OUTSOURCE,Etisalat Services,ENTERPRISE-30510,20110-ENT-SUPPORT-CW30510,40 Hours Weekly,SMB-Elite Business,01-AUG-2026,Saturday,,,,Weekly Off,,,,
OB60803,PT117603,SARA YOUSSEF MAHMOUD  ,OUTSOURCE,Etisalat Services,ENTERPRISE-30510,20110-ENT-SUPPORT-CW30510,40 Hours Weekly,SMB-Elite Business,02-AUG-2026,Sunday,,,,Weekly Off,,,,
OB60803,PT117603,SARA YOUSSEF MAHMOUD,OUTSOURCE,Etisalat Services,ENTERPRISE-30510,20110-ENT-SUPPORT-CW30510,40 Hours Weekly,SMB-Elite Business,03-AUG-2026,Monday,03-AUG-2026 09:42:48 AM,03-AUG-2026 07:17:48 PM,09:35,Present,DXB-HQ-GF-GATE01 ENTRY,AUH-TWR-L01-D002 EXIT,,
OB60803,PT117603,SARA YOUSSEF MAHMOUD,OUTSOURCE,Etisalat Services,ENTERPRISE-30510,20110-ENT-SUPPORT-CW30510,40 Hours Weekly,SMB-Elite Business,04-AUG-2026,Tuesday,04-AUG-2026 08:51:28 AM,04-AUG-2026 05:55:28 PM,09:04,Present,SHJ-HRB-L03-D040 LOBBY ENTRY,AUH-TWR-L01-D002 EXIT,,
OB60803,PT117603,SARA YOUSSEF MAHMOUD,OUTSOURCE,Etisalat Services,ENTERPRISE-30510,20110-ENT-SUPPORT-CW30510,40 Hours Weekly,SMB-Elite Business,05-AUG-2026,Wednesday,05-AUG-2026 08:44:47 AM,05-AUG-2026 05:49:47 PM,09:05,Present,DXB-HQ-GF-GATE01 ENTRY,DXB-HQ-GF-GATE01 EXIT,,
OB60803,PT117603,SARA YOUSSEF MAHMOUD  ,OUTSOURCE,Etisalat Services,ENTERPRISE-30510,20110-ENT-SUPPORT-CW30510,40 Hours Weekly,SMB-Elite Business,06-AUG-2026,Thursday,06-AUG-2026 08:04:00 AM,,,Present,SHJ-HRB-L03-D040 LOBBY ENTRY,,,
OB60803,PT117603,SARA YOUSSEF MAHMOUD,OUTSOURCE,Etisalat Services,ENTERPRISE-30510,20110-ENT-SUPPORT-CW30510,40 Hours Weekly,SMB-Elite Business,07-AUG-2026,Friday,07-AUG-2026 09:49:16 AM,07-AUG-2026 07:07:16 PM,09:18,Present,AUH-TWR-L01-D002 ENTRY,SHJ-MSCP-GF-GATE04-TS EXIT EXIT,,
OB60803,PT117603,SARA YOUSSEF MAHMOUD,OUTSOURCE,Etisalat Services,ENTERPRISE-30510,20110-ENT-SUPPORT-CW30510,40 Hours Weekly,SMB-Elite Business,08-AUG-2026,Saturday,,,,Weekly Off,,,,
OB60803,PT117603,SARA YOUSSEF MAHMOUD,OUTSOURCE,Etisalat Services,ENTERPRISE-30510,20110-ENT-SUPPORT-CW30510,40 Hours Weekly,SMB-Elite Business,09-AUG-2026,Sunday,,,,Weekly Off,,,,
OB60803,PT117603,SARA YOUSSEF MAHMOUD  ,OUTSOURCE,Etisalat Services,ENTERPRISE-30510,20110-ENT-SUPPORT-CW30510,40 Hours Weekly,SMB-Elite Business,10-AUG-2026,Monday,10-AUG-2026 08:34:54 AM,10-AUG-2026 06:06:54 PM,13:12,Present,DXB-HQ-GF-GATE01 ENTRY,SHJ-MSCP-GF-GATE04-TS EXIT EXIT,,
OB60803,PT117603,SARA YOUSSEF MAHMOUD,OUTSOURCE,Etisalat Services,ENTERPRISE-30510,20110-ENT-SUPPORT-CW30510,40 Hours Weekly,SMB-Elite Business,11-AUG-2026,Tuesday,11-AUG-2026 09:51:51 AM,,,Present,SHJ-HRB-L03-D040 LOBBY ENTRY,,,
OB60803,PT117603,SARA YOUSSEF MAHMOUD,OUTSOURCE,Etisalat Services,ENTERPRISE-30510,20110-ENT-SUPPORT-CW30510,40 Hours Weekly,SMB-Elite Business,12-AUG-2026,Wednesday,12-AUG-2026 08:58:04 AM,12-AUG-2026 06:28:04 PM,09:30,Present,AUH-TWR-L01-D002 ENTRY,AUH-TWR-L01-D002 EXIT,,
OB60803,PT117603,SARA YOUSSEF MAHMOUD,OUTSOURCE,Etisalat Services,ENTERPRISE-30510,20110-ENT-SUPPORT-CW30510,40 Hours Weekly,SMB-Elite Business,13-AUG-2026,Thursday,13-AUG-2026 08:25:45 AM,13-AUG-2026 05:39:45 PM,09:14,Present,DXB-HQ-GF-GATE01 ENTRY,SHJ-MSCP-GF-GATE04-TS EXIT EXIT,,
OB60803,PT117603,SARA YOUSSEF MAHMOUD,OUTSOURCE,Etisalat Services,ENTERPRISE-30510,20110-ENT-SUPPORT-CW30510,40 Hours Weekly,SMB-Elite Business,14-AUG-2026,Friday,14-AUG-2026 07:05:00 AM,14-AUG-2026 04:06:00 PM,09:01,Present,DXB-HQ-GF-GATE01 ENTRY,DXB-HQ-GF-GATE01 EXIT,,
OB60803,PT117603,SARA YOUSSEF MAHMOUD,OUTSOURCE,Etisalat Services,ENTERPRISE-30510,20110-ENT-SUPPORT-CW30510,40 Hours Weekly,SMB-Elite Business,15-AUG-2026,Saturday,,,,Weekly Off,,,,
OB60803,PT117603,SARA YOUSSEF MAHMOUD,OUTSOURCE,Etisalat Services,ENTERPRISE-30510,20110-ENT-SUPPORT-CW30510,40 Hours Weekly,SMB-Elite Business,16-AUG-2026,Sunday,,,,Weekly Off,,,,
OB60803,PT117603,SARA YOUSSEF MAHMOUD,OUTSOURCE,Etisalat Services,ENTERPRISE-30510,20110-ENT-SUPPORT-CW30510,40 Hours Weekly,SMB-Elite Business,17-AUG-2026,Monday,17-AUG-2026 09:52:51 AM,17-AUG-2026 08:42:51 PM,10:50,Present,DXB-HQ-GF-GATE01 ENTRY,DXB-HQ-GF-GATE01 EXIT,,
OB60803,PT117603,SARA YOUSSEF MAHMOUD  ,OUTSOURCE,Etisalat Services,ENTERPRISE-30510,20110-ENT-SUPPORT-CW30510,40 Hours Weekly,SMB-Elite Business,18-AUG-2026,Tuesday,18-AUG-2026 08:20:47 AM,18-AUG-2026 04:28:47 PM,08:08,Present,DXB-HQ-GF-GATE01 ENTRY,DXB-HQ-GF-GATE01 EXIT,,
OB60803,PT117603,SARA YOUSSEF MAHMOUD,OUTSOURCE,Etisalat Services,ENTERPRISE-30510,20110-ENT-SUPPORT-CW30510,40 Hours Weekly,SMB-Elite Business,19-AUG-2026,Wednesday,19-AUG-2026 07:08:14 AM,19-AUG-2026 05:31:14 PM,10:23,Present,SHJ-HRB-L03-D040 LOBBY ENTRY,DXB-HQ-GF-GATE01 EXIT,,
OB60803,PT117603,SARA YOUSSEF MAHMOUD,OUTSOURCE,Etisalat Services,ENTERPRISE-30510,20110-ENT-SUPPORT-CW30510,40 Hours Weekly,SMB-Elite Business,20-AUG-2026,Thursday,20-AUG-2026 07:24:54 AM,20-AUG-2026 04:12:54 PM,08:48,Present,SHJ-HRB-L03-D040 LOBBY ENTRY,SHJ-MSCP-GF-GATE04-TS EXIT EXIT,,
OB60803,PT117603,SARA YOUSSEF MAHMOUD,OUTSOURCE,Etisalat Services,ENTERPRISE-30510,20110-ENT-SUPPORT-CW30510,40 Hours Weekly,SMB-Elite Business,21-AUG-2026,Friday,21-AUG-2026 07:09:18 AM,21-AUG-2026 04:36:18 PM,09:27,Present,DXB-HQ-GF-GATE01 ENTRY,DXB-HQ-GF-GATE01 EXIT,,
OB60803,PT117603,SARA YOUSSEF MAHMOUD,OUTSOURCE,Etisalat Services,ENTERPRISE-30510,20110-ENT-SUPPORT-CW30510,40 Hours Weekly,SMB-Elite Business,22-AUG-2026,Saturday,,,,Weekly Off,,,,
OB60803,PT117603,SARA YOUSSEF MAHMOUD,OUTSOURCE,Etisalat Services,ENTERPRISE-30510,20110-ENT-SUPPORT-CW30510,40 Hours Weekly,SMB-Elite Business,23-AUG-2026,Sunday,,,,Weekly Off,,,,
OB60803,PT117603,SARA YOUSSEF MAHMOUD  ,OUTSOURCE,Etisalat Services,ENTERPRISE-30510,20110-ENT-SUPPORT-CW30510,40 Hours Weekly,SMB-Elite Business,24-AUG-2026,Monday,24-AUG-2026 08:04:28 AM,24-AUG-2026 04:05:28 PM,08:01,Present,AUH-TWR-L01-D002 ENTRY,DXB-HQ-GF-GATE01 EXIT,,
OB60803,PT117603,SARA YOUSSEF MAHMOUD,OUTSOURCE,Etisalat Services,ENTERPRISE-30510,20110-ENT-SUPPORT-CW30510,40 Hours Weekly,SMB-Elite Business,25-AUG-2026,Tuesday,25-AUG-2026 08:51:16 AM,25-AUG-2026 06:25:16 PM,09:34,Present,DXB-HQ-GF-GATE01 ENTRY,AUH-TWR-L01-D002 EXIT,,
OB60803,PT117603,SARA YOUSSEF MAHMOUD,OUTSOURCE,Etisalat Services,ENTERPRISE-30510,20110-ENT-SUPPORT-CW30510,40 Hours Weekly,SMB-Elite Business,26-AUG-2026,Wednesday,26-AUG-2026 07:06:31 AM,26-AUG-2026 04:25:31 PM,09:19,Present,SHJ-HRB-L03-D040 LOBBY ENTRY,DXB-HQ-GF-GATE01 EXIT,,
OB60803,PT117603,SARA YOUSSEF MAHMOUD,OUTSOURCE,Etisalat Services,ENTERPRISE-30510,20110-ENT-SUPPORT-CW30510,40 Hours Weekly,SMB-Elite Business,27-AUG-2026,Thursday,27-AUG-2026 07:53:19 AM,27-AUG-2026 06:47:19 PM,10:54,Present,SHJ-HRB-L03-D040 LOBBY ENTRY,DXB-HQ-GF-GATE01 EXIT,,
OB60803,PT117603,SARA YOUSSEF MAHMOUD,OUTSOURCE,Etisalat Services,ENTERPRISE-30510,20110-ENT-SUPPORT-CW30510,40 Hours Weekly,SMB-Elite Business,28-AUG-2026,Friday,,,,Annual Leave,,,,
OB60803,PT117603,SARA YOUSSEF MAHMOUD,OUTSOURCE,Etisalat Services,ENTERPRISE-30510,20110-ENT-SUPPORT-CW30510,40 Hours Weekly,SMB-Elite Business,29-AUG-2026,Saturday,,,,Weekly Off,,,,
OB60803,PT117603,SARA YOUSSEF MAHMOUD,OUTSOURCE,Etisalat Services,ENTERPRISE-30510,20110-ENT-SUPPORT-CW30510,40 Hours Weekly,SMB-Elite Business,30-AUG-2026,Sunday,,,,Weekly Off,,,,
OB60803,PT117603,SARA YOUSSEF MAHMOUD,OUTSOURCE,Etisalat Services,ENTERPRISE-30510,20110-ENT-SUPPORT-CW30510,40 Hours Weekly,SMB-Elite Business,31-AUG-2026,Monday,31-AUG-2026 07:57:28 AM,31-AUG-2026 05:32:28 PM,09:35,Present,SHJ-HRB-L03-D040 LOBBY ENTRY,DXB-HQ-GF-GATE01 EXIT,,
OB60804,PT117604,MOHAMED MOHSEN SAYED,OUTSOURCE,Etisalat Services,ENTERPRISE-30511,20110-ENT-SUPPORT-CW30511,40 Hours Weekly,SMB-CCC & SOHO,01-AUG-2026,Saturday,,,,Weekly Off,,,,
OB60804,PT117604,MOHAMED MOHSEN SAYED,OUTSOURCE,Etisalat Services,ENTERPRISE-30511,20110-ENT-SUPPORT-CW30511,40 Hours Weekly,SMB-CCC & SOHO,02-AUG-2026,Sunday,,,,Weekly Off,,,,
OB60804,PT117604,MOHAMED MOHSEN SAYED,OUTSOURCE,Etisalat Services,ENTERPRISE-30511,20110-ENT-SUPPORT-CW30511,40 Hours Weekly,SMB-CCC & SOHO,03-AUG-2026,Monday,,,,Absent,,,,
OB60804,PT117604,MOHAMED MOHSEN SAYED,OUTSOURCE,Etisalat Services,ENTERPRISE-30511,20110-ENT-SUPPORT-CW30511,40 Hours Weekly,SMB-CCC & SOHO,04-AUG-2026,Tuesday,04-AUG-2026 07:30:04 AM,04-AUG-2026 04:51:04 PM,09:21,Present,DXB-HQ-GF-GATE01 ENTRY,DXB-HQ-GF-GATE01 EXIT,,
OB60804,PT117604,MOHAMED MOHSEN SAYED,OUTSOURCE,Etisalat Services,ENTERPRISE-30511,20110-ENT-SUPPORT-CW30511,40 Hours Weekly,SMB-CCC & SOHO,05-AUG-2026,Wednesday,05-AUG-2026 07:22:38 AM,05-AUG-2026 04:35:38 PM,09:13,Present,AUH-TWR-L01-D002 ENTRY,DXB-HQ-GF-GATE01 EXIT,,
OB60804,PT117604,MOHAMED MOHSEN SAYED,OUTSOURCE,Etisalat Services,ENTERPRISE-30511,20110-ENT-SUPPORT-CW30511,40 Hours Weekly,SMB-CCC & SOHO,06-AUG-2026,Thursday,06-AUG-2026 08:57:42 AM,06-AUG-2026 05:48:42 PM,08:51,Present,AUH-TWR-L01-D002 ENTRY,DXB-HQ-GF-GATE01 EXIT,,
OB60804,PT117604,MOHAMED MOHSEN SAYED,OUTSOURCE,Etisalat Services,ENTERPRISE-30511,20110-ENT-SUPPORT-CW30511,40 Hours Weekly,SMB-CCC & SOHO,07-AUG-2026,Friday,07-AUG-2026 07:11:03 AM,07-AUG-2026 05:00:03 PM,09:49,Present,SHJ-HRB-L03-D040 LOBBY ENTRY,DXB-HQ-GF-GATE01 EXIT,,
OB60804,PT117604,MOHAMED MOHSEN SAYED,OUTSOURCE,Etisalat Services,ENTERPRISE-30511,20110-ENT-SUPPORT-CW30511,40 Hours Weekly,SMB-CCC & SOHO,08-AUG-2026,Saturday,,,,Weekly Off,,,,
OB60804,PT117604,MOHAMED MOHSEN SAYED,OUTSOURCE,Etisalat Services,ENTERPRISE-30511,20110-ENT-SUPPORT-CW30511,40 Hours Weekly,SMB-CCC & SOHO,09-AUG-2026,Sunday,,,,Weekly Off,,,,
OB60804,PT117604,MOHAMED MOHSEN SAYED,OUTSOURCE,Etisalat Services,ENTERPRISE-30511,20110-ENT-SUPPORT-CW30511,40 Hours Weekly,SMB-CCC & SOHO,10-AUG-2026,Monday,10-AUG-2026 09:49:09 AM,10-AUG-2026 07:01:09 PM,09:12,Present,DXB-HQ-GF-GATE01 ENTRY,AUH-TWR-L01-D002 EXIT,,
OB60804,PT117604,MOHAMED MOHSEN SAYED,OUTSOURCE,Etisalat Services,ENTERPRISE-30511,20110-ENT-SUPPORT-CW30511,40 Hours Weekly,SMB-CCC & SOHO,11-AUG-2026,Tuesday,11-AUG-2026 08:16:49 AM,11-AUG-2026 04:36:49 PM,08:20,Present,DXB-HQ-GF-GATE01 ENTRY,DXB-HQ-GF-GATE01 EXIT,,
OB60804,PT117604,MOHAMED MOHSEN SAYED,OUTSOURCE,Etisalat Services,ENTERPRISE-30511,20110-ENT-SUPPORT-CW30511,40 Hours Weekly,SMB-CCC & SOHO,12-AUG-2026,Wednesday,12-AUG-2026 08:32:38 AM,12-AUG-2026 06:03:38 PM,09:31,Present,SHJ-HRB-L03-D040 LOBBY ENTRY,DXB-HQ-GF-GATE01 EXIT,,
OB60804,PT117604,MOHAMED MOHSEN SAYED,OUTSOURCE,Etisalat Services,ENTERPRISE-30511,20110-ENT-SUPPORT-CW30511,40 Hours Weekly,SMB-CCC & SOHO,13-AUG-2026,Thursday,13-AUG-2026 09:45:55 AM,13-AUG-2026 06:00:55 PM,08:15,Present,SHJ-HRB-L03-D040 LOBBY ENTRY,SHJ-MSCP-GF-GATE04-TS EXIT EXIT,,
OB60804,PT117604,MOHAMED MOHSEN SAYED  ,OUTSOURCE,Etisalat Services,ENTERPRISE-30511,20110-ENT-SUPPORT-CW30511,40 Hours Weekly,SMB-CCC & SOHO,14-AUG-2026,Friday,14-AUG-2026 08:47:53 AM,14-AUG-2026 06:16:53 PM,09:29,Present,AUH-TWR-L01-D002 ENTRY,SHJ-MSCP-GF-GATE04-TS EXIT EXIT,,
OB60804,PT117604,MOHAMED MOHSEN SAYED  ,OUTSOURCE,Etisalat Services,ENTERPRISE-30511,20110-ENT-SUPPORT-CW30511,40 Hours Weekly,SMB-CCC & SOHO,15-AUG-2026,Saturday,,,,Weekly Off,,,,
OB60804,PT117604,MOHAMED MOHSEN SAYED,OUTSOURCE,Etisalat Services,ENTERPRISE-30511,20110-ENT-SUPPORT-CW30511,40 Hours Weekly,SMB-CCC & SOHO,16-AUG-2026,Sunday,,,,Weekly Off,,,,
OB60804,PT117604,MOHAMED MOHSEN SAYED,OUTSOURCE,Etisalat Services,ENTERPRISE-30511,20110-ENT-SUPPORT-CW30511,40 Hours Weekly,SMB-CCC & SOHO,17-AUG-2026,Monday,17-AUG-2026 07:48:04 AM,17-AUG-2026 05:41:04 PM,09:53,Present,DXB-HQ-GF-GATE01 ENTRY,AUH-TWR-L01-D002 EXIT,,
OB60804,PT117604,MOHAMED MOHSEN SAYED  ,OUTSOURCE,Etisalat Services,ENTERPRISE-30511,20110-ENT-SUPPORT-CW30511,40 Hours Weekly,SMB-CCC & SOHO,18-AUG-2026,Tuesday,18-AUG-2026 08:06:27 AM,18-AUG-2026 05:09:27 PM,09:03,Present,AUH-TWR-L01-D002 ENTRY,DXB-HQ-GF-GATE01 EXIT,,
OB60804,PT117604,MOHAMED MOHSEN SAYED  ,OUTSOURCE,Etisalat Services,ENTERPRISE-30511,20110-ENT-SUPPORT-CW30511,40 Hours Weekly,SMB-CCC & SOHO,19-AUG-2026,Wednesday,19-AUG-2026 08:53:35 AM,19-AUG-2026 06:29:35 PM,09:36,Present,SHJ-HRB-L03-D040 LOBBY ENTRY,SHJ-MSCP-GF-GATE04-TS EXIT EXIT,,
OB60804,PT117604,MOHAMED MOHSEN SAYED  ,OUTSOURCE,Etisalat Services,ENTERPRISE-30511,20110-ENT-SUPPORT-CW30511,40 Hours Weekly,SMB-CCC & SOHO,20-AUG-2026,Thursday,20-AUG-2026 09:00:13 AM,20-AUG-2026 07:54:13 PM,10:54,Present,SHJ-HRB-L03-D040 LOBBY ENTRY,AUH-TWR-L01-D002 EXIT,,
OB60804,PT117604,MOHAMED MOHSEN SAYED,OUTSOURCE,Etisalat Services,ENTERPRISE-30511,20110-ENT-SUPPORT-CW30511,40 Hours Weekly,SMB-CCC & SOHO,21-AUG-2026,Friday,21-AUG-2026 09:50:35 AM,21-AUG-2026 05:56:35 PM,08:06,Present,SHJ-HRB-L03-D040 LOBBY ENTRY,AUH-TWR-L01-D002 EXIT,,
OB60804,PT117604,MOHAMED MOHSEN SAYED,OUTSOURCE,Etisalat Services,ENTERPRISE-30511,20110-ENT-SUPPORT-CW30511,40 Hours Weekly,SMB-CCC & SOHO,22-AUG-2026,Saturday,,,,Weekly Off,,,,
OB60804,PT117604,MOHAMED MOHSEN SAYED,OUTSOURCE,Etisalat Services,ENTERPRISE-30511,20110-ENT-SUPPORT-CW30511,40 Hours Weekly,SMB-CCC & SOHO,23-AUG-2026,Sunday,,,,Weekly Off,,,,
OB60804,PT117604,MOHAMED MOHSEN SAYED,OUTSOURCE,Etisalat Services,ENTERPRISE-30511,20110-ENT-SUPPORT-CW30511,40 Hours Weekly,SMB-CCC & SOHO,24-AUG-2026,Monday,,,,,,,,
OB60804,PT117604,MOHAMED MOHSEN SAYED,OUTSOURCE,Etisalat Services,ENTERPRISE-30511,20110-ENT-SUPPORT-CW30511,40 Hours Weekly,SMB-CCC & SOHO,25-AUG-2026,Tuesday,,,,Absent,,,Y,
OB60804,PT117604,MOHAMED MOHSEN SAYED,OUTSOURCE,Etisalat Services,ENTERPRISE-30511,20110-ENT-SUPPORT-CW30511,40 Hours Weekly,SMB-CCC & SOHO,26-AUG-2026,Wednesday,26-AUG-2026 07:58:13 AM,26-AUG-2026 04:23:13 PM,08:25,Present,SHJ-HRB-L03-D040 LOBBY ENTRY,DXB-HQ-GF-GATE01 EXIT,,
OB60804,PT117604,MOHAMED MOHSEN SAYED,OUTSOURCE,Etisalat Services,ENTERPRISE-30511,20110-ENT-SUPPORT-CW30511,40 Hours Weekly,SMB-CCC & SOHO,27-AUG-2026,Thursday,27-AUG-2026 07:18:37 AM,27-AUG-2026 04:31:37 PM,09:13,Present,SHJ-HRB-L03-D040 LOBBY ENTRY,DXB-HQ-GF-GATE01 EXIT,,
OB60804,PT117604,MOHAMED MOHSEN SAYED  ,OUTSOURCE,Etisalat Services,ENTERPRISE-30511,20110-ENT-SUPPORT-CW30511,40 Hours Weekly,SMB-CCC & SOHO,28-AUG-2026,Friday,28-AUG-2026 08:36:14 AM,28-AUG-2026 05:31:14 PM,08:55,Present,DXB-HQ-GF-GATE01 ENTRY,DXB-HQ-GF-GATE01 EXIT,,
OB60804,PT117604,MOHAMED MOHSEN SAYED,OUTSOURCE,Etisalat Services,ENTERPRISE-30511,20110-ENT-SUPPORT-CW30511,40 Hours Weekly,SMB-CCC & SOHO,29-AUG-2026,Saturday,,,,Weekly Off,,,,
OB60804,PT117604,MOHAMED MOHSEN SAYED,OUTSOURCE,Etisalat Services,ENTERPRISE-30511,20110-ENT-SUPPORT-CW30511,40 Hours Weekly,SMB-CCC & SOHO,30-AUG-2026,Sunday,,,,Weekly Off,,,,
OB60804,PT117604,MOHAMED MOHSEN SAYED,OUTSOURCE,Etisalat Services,ENTERPRISE-30511,20110-ENT-SUPPORT-CW30511,40 Hours Weekly,SMB-CCC & SOHO,31-AUG-2026,Monday,31-AUG-2026 09:14:36 AM,31-AUG-2026 06:01:36 PM,08:47,Present,DXB-HQ-GF-GATE01 ENTRY,SHJ-MSCP-GF-GATE04-TS EXIT EXIT,,
OB60805,PT117605,NOUR IBRAHIM FAWZY  ,OUTSOURCE,Etisalat Services,ENTERPRISE-30510,20110-ENT-SUPPORT-CW30510,40 Hours Weekly,SMB-Elite Business,01-AUG-2026,Saturday,,,,Weekly Off,,,,
OB60805,PT117605,NOUR IBRAHIM FAWZY,OUTSOURCE,Etisalat Services,ENTERPRISE-30510,20110-ENT-SUPPORT-CW30510,40 Hours Weekly,SMB-Elite Business,02-AUG-2026,Sunday,,,,Weekly Off,,,,
OB60805,PT117605,NOUR IBRAHIM FAWZY,OUTSOURCE,Etisalat Services,ENTERPRISE-30510,20110-ENT-SUPPORT-CW30510,40 Hours Weekly,SMB-Elite Business,03-AUG-2026,Monday,03-AUG-2026 09:20:06 AM,03-AUG-2026 07:34:06 PM,10:14,Present,DXB-HQ-GF-GATE01 ENTRY,AUH-TWR-L01-D002 EXIT,,
OB60805,PT117605,NOUR IBRAHIM FAWZY  ,OUTSOURCE,Etisalat Services,ENTERPRISE-30510,20110-ENT-SUPPORT-CW30510,40 Hours Weekly,SMB-Elite Business,04-AUG-2026,Tuesday,04-AUG-2026 08:11:34 AM,04-AUG-2026 04:21:34 PM,08:10,Present,DXB-HQ-GF-GATE01 ENTRY,SHJ-MSCP-GF-GATE04-TS EXIT EXIT,,
OB60805,PT117605,NOUR IBRAHIM FAWZY  ,OUTSOURCE,Etisalat Services,ENTERPRISE-30510,20110-ENT-SUPPORT-CW30510,40 Hours Weekly,SMB-Elite Business,05-AUG-2026,Wednesday,05-AUG-2026 07:19:49 AM,05-AUG-2026 06:11:49 PM,10:52,Present,DXB-HQ-GF-GATE01 ENTRY,AUH-TWR-L01-D002 EXIT,,
OB60805,PT117605,NOUR IBRAHIM FAWZY,OUTSOURCE,Etisalat Services,ENTERPRISE-30510,20110-ENT-SUPPORT-CW30510,40 Hours Weekly,SMB-Elite Business,06-AUG-2026,Thursday,06-AUG-2026 08:41:21 AM,06-AUG-2026 06:10:21 PM,09:29,Present,DXB-HQ-GF-GATE01 ENTRY,DXB-HQ-GF-GATE01 EXIT,,
OB60805,PT117605,NOUR IBRAHIM FAWZY,OUTSOURCE,Etisalat Services,ENTERPRISE-30510,20110-ENT-SUPPORT-CW30510,40 Hours Weekly,SMB-Elite Business,07-AUG-2026,Friday,07-AUG-2026 09:31:16 AM,07-AUG-2026 08:18:16 PM,10:47,Present,DXB-HQ-GF-GATE01 ENTRY,AUH-TWR-L01-D002 EXIT,,
OB60805,PT117605,NOUR IBRAHIM FAWZY  ,OUTSOURCE,Etisalat Services,ENTERPRISE-30510,20110-ENT-SUPPORT-CW30510,40 Hours Weekly,SMB-Elite Business,08-AUG-2026,Saturday,,,,Weekly Off,,,,
OB60805,PT117605,NOUR IBRAHIM FAWZY,OUTSOURCE,Etisalat Services,ENTERPRISE-30510,20110-ENT-SUPPORT-CW30510,40 Hours Weekly,SMB-Elite Business,09-AUG-2026,Sunday,,,,Weekly Off,,,,
OB60805,PT117605,NOUR IBRAHIM FAWZY,OUTSOURCE,Etisalat Services,ENTERPRISE-30510,20110-ENT-SUPPORT-CW30510,40 Hours Weekly,SMB-Elite Business,10-AUG-2026,Monday,10-AUG-2026 07:26:47 AM,10-AUG-2026 04:49:47 PM,09:23,Present,SHJ-HRB-L03-D040 LOBBY ENTRY,SHJ-MSCP-GF-GATE04-TS EXIT EXIT,,
OB60805,PT117605,NOUR IBRAHIM FAWZY,OUTSOURCE,Etisalat Services,ENTERPRISE-30510,20110-ENT-SUPPORT-CW30510,40 Hours Weekly,SMB-Elite Business,11-AUG-2026,Tuesday,,,,Annual Leave,,,,
OB60805,PT117605,NOUR IBRAHIM FAWZY  ,OUTSOURCE,Etisalat Services,ENTERPRISE-30510,20110-ENT-SUPPORT-CW30510,40 Hours Weekly,SMB-Elite Business,12-AUG-2026,Wednesday,,,,Present,,,,
OB60805,PT117605,NOUR IBRAHIM FAWZY,OUTSOURCE,Etisalat Services,ENTERPRISE-30510,20110-ENT-SUPPORT-CW30510,40 Hours Weekly,SMB-Elite Business,13-AUG-2026,Thursday,,,,,,,,
OB60805,PT117605,NOUR IBRAHIM FAWZY,OUTSOURCE,Etisalat Services,ENTERPRISE-30510,20110-ENT-SUPPORT-CW30510,40 Hours Weekly,SMB-Elite Business,14-AUG-2026,Friday,,14-AUG-2026 06:35:52 PM,,Present,,AUH-TWR-L01-D002 EXIT,,
OB60805,PT117605,NOUR IBRAHIM FAWZY,OUTSOURCE,Etisalat Services,ENTERPRISE-30510,20110-ENT-SUPPORT-CW30510,40 Hours Weekly,SMB-Elite Business,15-AUG-2026,Saturday,,,,Weekly Off,,,,
OB60805,PT117605,NOUR IBRAHIM FAWZY,OUTSOURCE,Etisalat Services,ENTERPRISE-30510,20110-ENT-SUPPORT-CW30510,40 Hours Weekly,SMB-Elite Business,16-AUG-2026,Sunday,,,,Weekly Off,,,,
OB60805,PT117605,NOUR IBRAHIM FAWZY,OUTSOURCE,Etisalat Services,ENTERPRISE-30510,20110-ENT-SUPPORT-CW30510,40 Hours Weekly,SMB-Elite Business,17-AUG-2026,Monday,17-AUG-2026 07:22:12 AM,17-AUG-2026 04:35:12 PM,09:13,Present,SHJ-HRB-L03-D040 LOBBY ENTRY,DXB-HQ-GF-GATE01 EXIT,,
OB60805,PT117605,NOUR IBRAHIM FAWZY,OUTSOURCE,Etisalat Services,ENTERPRISE-30510,20110-ENT-SUPPORT-CW30510,40 Hours Weekly,SMB-Elite Business,18-AUG-2026,Tuesday,,,,Annual Leave,,,,
OB60805,PT117605,NOUR IBRAHIM FAWZY,OUTSOURCE,Etisalat Services,ENTERPRISE-30510,20110-ENT-SUPPORT-CW30510,40 Hours Weekly,SMB-Elite Business,19-AUG-2026,Wednesday,19-AUG-2026 08:22:54 AM,19-AUG-2026 04:29:54 PM,08:07,Present,DXB-HQ-GF-GATE01 ENTRY,DXB-HQ-GF-GATE01 EXIT,,
OB60805,PT117605,NOUR IBRAHIM FAWZY,OUTSOURCE,Etisalat Services,ENTERPRISE-30510,20110-ENT-SUPPORT-CW30510,40 Hours Weekly,SMB-Elite Business,20-AUG-2026,Thursday,20-AUG-2026 07:14:54 AM,20-AUG-2026 04:51:54 PM,09:37,Present,AUH-TWR-L01-D002 ENTRY,DXB-HQ-GF-GATE01 EXIT,,
OB60805,PT117605,NOUR IBRAHIM FAWZY,OUTSOURCE,Etisalat Services,ENTERPRISE-30510,20110-ENT-SUPPORT-CW30510,40 Hours Weekly,SMB-Elite Business,21-AUG-2026,Friday,21-AUG-2026 07:39:12 AM,21-AUG-2026 04:51:12 PM,09:12,Present,SHJ-HRB-L03-D040 LOBBY ENTRY,DXB-HQ-GF-GATE01 EXIT,,
OB60805,PT117605,NOUR IBRAHIM FAWZY,OUTSOURCE,Etisalat Services,ENTERPRISE-30510,20110-ENT-SUPPORT-CW30510,40 Hours Weekly,SMB-Elite Business,22-AUG-2026,Saturday,,,,Weekly Off,,,,
OB60805,PT117605,NOUR IBRAHIM FAWZY,OUTSOURCE,Etisalat Services,ENTERPRISE-30510,20110-ENT-SUPPORT-CW30510,40 Hours Weekly,SMB-Elite Business,23-AUG-2026,Sunday,,,,Weekly Off,,,,
OB60805,PT117605,NOUR IBRAHIM FAWZY,OUTSOURCE,Etisalat Services,ENTERPRISE-30510,20110-ENT-SUPPORT-CW30510,40 Hours Weekly,SMB-Elite Business,24-AUG-2026,Monday,24-AUG-2026 09:01:22 AM,24-AUG-2026 07:48:22 PM,10:47,Present,SHJ-HRB-L03-D040 LOBBY ENTRY,SHJ-MSCP-GF-GATE04-TS EXIT EXIT,,
OB60805,PT117605,NOUR IBRAHIM FAWZY  ,OUTSOURCE,Etisalat Services,ENTERPRISE-30510,20110-ENT-SUPPORT-CW30510,40 Hours Weekly,SMB-Elite Business,25-AUG-2026,Tuesday,25-AUG-2026 08:48:17 AM,25-AUG-2026 04:58:17 PM,08:10,Present,DXB-HQ-GF-GATE01 ENTRY,AUH-TWR-L01-D002 EXIT,,
OB60805,PT117605,NOUR IBRAHIM FAWZY,OUTSOURCE,Etisalat Services,ENTERPRISE-30510,20110-ENT-SUPPORT-CW30510,40 Hours Weekly,SMB-Elite Business,26-AUG-2026,Wednesday,26-AUG-2026 09:38:39 AM,26-AUG-2026 06:41:39 PM,09:03,Present,DXB-HQ-GF-GATE01 ENTRY,DXB-HQ-GF-GATE01 EXIT,,
OB60805,PT117605,NOUR IBRAHIM FAWZY  ,OUTSOURCE,Etisalat Services,ENTERPRISE-30510,20110-ENT-SUPPORT-CW30510,40 Hours Weekly,SMB-Elite Business,27-AUG-2026,Thursday,27-AUG-2026 08:29:19 AM,27-AUG-2026 06:52:19 PM,10:23,Present,SHJ-HRB-L03-D040 LOBBY ENTRY,DXB-HQ-GF-GATE01 EXIT,,
OB60805,PT117605,NOUR IBRAHIM FAWZY,OUTSOURCE,Etisalat Services,ENTERPRISE-30510,20110-ENT-SUPPORT-CW30510,40 Hours Weekly,SMB-Elite Business,28-AUG-2026,Friday,28-AUG-2026 08:41:05 AM,28-AUG-2026 06:54:05 PM,10:13,Present,SHJ-HRB-L03-D040 LOBBY ENTRY,AUH-TWR-L01-D002 EXIT,,
OB60805,PT117605,NOUR IBRAHIM FAWZY  ,OUTSOURCE,Etisalat Services,ENTERPRISE-30510,20110-ENT-SUPPORT-CW30510,40 Hours Weekly,SMB-Elite Business,29-AUG-2026,Saturday,,,,Weekly Off,,,,
OB60805,PT117605,NOUR IBRAHIM FAWZY,OUTSOURCE,Etisalat Services,ENTERPRISE-30510,20110-ENT-SUPPORT-CW30510,40 Hours Weekly,SMB-Elite Business,30-AUG-2026,Sunday,,,,Weekly Off,,,,
OB60805,PT117605,NOUR IBRAHIM FAWZY,OUTSOURCE,Etisalat Services,ENTERPRISE-30510,20110-ENT-SUPPORT-CW30510,40 Hours Weekly,SMB-Elite Business,31-AUG-2026,Monday,,,,,,,,
OB60806,PT117606,AHMED FAWZY IBRAHIM,OUTSOURCE,eMinds,SMB-41985,20085-SMB-SALES-CW41985,48 Hours Weekly,SMB-PRIME&BD-KAM-1,01-AUG-2026,Saturday,,,,Weekly Off,,,,
OB60806,PT117606,AHMED FAWZY IBRAHIM,OUTSOURCE,eMinds,SMB-41985,20085-SMB-SALES-CW41985,48 Hours Weekly,SMB-PRIME&BD-KAM-1,02-AUG-2026,Sunday,,,,Weekly Off,,,,
OB60806,PT117606,AHMED FAWZY IBRAHIM,OUTSOURCE,eMinds,SMB-41985,20085-SMB-SALES-CW41985,48 Hours Weekly,SMB-PRIME&BD-KAM-1,03-AUG-2026,Monday,03-AUG-2026 08:54:17 AM,03-AUG-2026 06:14:17 PM,09:20,Present,AUH-TWR-L01-D002 ENTRY,DXB-HQ-GF-GATE01 EXIT,,
OB60806,PT117606,AHMED FAWZY IBRAHIM,OUTSOURCE,eMinds,SMB-41985,20085-SMB-SALES-CW41985,48 Hours Weekly,SMB-PRIME&BD-KAM-1,04-AUG-2026,Tuesday,04-AUG-2026 07:57:57 AM,,,Present,SHJ-HRB-L03-D040 LOBBY ENTRY,,,
OB60806,PT117606,AHMED FAWZY IBRAHIM,OUTSOURCE,eMinds,SMB-41985,20085-SMB-SALES-CW41985,48 Hours Weekly,SMB-PRIME&BD-KAM-1,05-AUG-2026,Wednesday,05-AUG-2026 07:01:00 AM,05-AUG-2026 05:38:00 PM,10:37,Present,AUH-TWR-L01-D002 ENTRY,DXB-HQ-GF-GATE01 EXIT,,
OB60806,PT117606,AHMED FAWZY IBRAHIM  ,OUTSOURCE,eMinds,SMB-41985,20085-SMB-SALES-CW41985,48 Hours Weekly,SMB-PRIME&BD-KAM-1,06-AUG-2026,Thursday,06-AUG-2026 07:17:03 AM,06-AUG-2026 04:27:03 PM,09:10,Present,AUH-TWR-L01-D002 ENTRY,SHJ-MSCP-GF-GATE04-TS EXIT EXIT,,
OB60806,PT117606,AHMED FAWZY IBRAHIM,OUTSOURCE,eMinds,SMB-41985,20085-SMB-SALES-CW41985,48 Hours Weekly,SMB-PRIME&BD-KAM-1,07-AUG-2026,Friday,07-AUG-2026 08:00:20 AM,07-AUG-2026 04:17:20 PM,08:17,Present,SHJ-HRB-L03-D040 LOBBY ENTRY,AUH-TWR-L01-D002 EXIT,,
OB60806,PT117606,AHMED FAWZY IBRAHIM,OUTSOURCE,eMinds,SMB-41985,20085-SMB-SALES-CW41985,48 Hours Weekly,SMB-PRIME&BD-KAM-1,08-AUG-2026,Saturday,,,,Weekly Off,,,,
OB60806,PT117606,AHMED FAWZY IBRAHIM,OUTSOURCE,eMinds,SMB-41985,20085-SMB-SALES-CW41985,48 Hours Weekly,SMB-PRIME&BD-KAM-1,09-AUG-2026,Sunday,,,,Weekly Off,,,,
OB60806,PT117606,AHMED FAWZY IBRAHIM,OUTSOURCE,eMinds,SMB-41985,20085-SMB-SALES-CW41985,48 Hours Weekly,SMB-PRIME&BD-KAM-1,10-AUG-2026,Monday,10-AUG-2026 07:33:54 AM,10-AUG-2026 05:04:54 PM,09:31,Present,SHJ-HRB-L03-D040 LOBBY ENTRY,DXB-HQ-GF-GATE01 EXIT,,
OB60806,PT117606,AHMED FAWZY IBRAHIM,OUTSOURCE,eMinds,SMB-41985,20085-SMB-SALES-CW41985,48 Hours Weekly,SMB-PRIME&BD-KAM-1,11-AUG-2026,Tuesday,11-AUG-2026 07:23:44 AM,11-AUG-2026 05:18:44 PM,09:55,Present,AUH-TWR-L01-D002 ENTRY,AUH-TWR-L01-D002 EXIT,,
OB60806,PT117606,AHMED FAWZY IBRAHIM,OUTSOURCE,eMinds,SMB-41985,20085-SMB-SALES-CW41985,48 Hours Weekly,SMB-PRIME&BD-KAM-1,12-AUG-2026,Wednesday,12-AUG-2026 08:40:51 AM,12-AUG-2026 06:24:51 PM,09:44,Present,AUH-TWR-L01-D002 ENTRY,SHJ-MSCP-GF-GATE04-TS EXIT EXIT,,
OB60806,PT117606,AHMED FAWZY IBRAHIM,OUTSOURCE,eMinds,SMB-41985,20085-SMB-SALES-CW41985,48 Hours Weekly,SMB-PRIME&BD-KAM-1,13-AUG-2026,Thursday,13-AUG-2026 07:19:49 AM,13-AUG-2026 05:49:49 PM,10:30,Present,AUH-TWR-L01-D002 ENTRY,DXB-HQ-GF-GATE01 EXIT,,
OB60806,PT117606,AHMED FAWZY IBRAHIM,OUTSOURCE,eMinds,SMB-41985,20085-SMB-SALES-CW41985,48 Hours Weekly,SMB-PRIME&BD-KAM-1,14-AUG-2026,Friday,14-AUG-2026 07:13:56 AM,14-AUG-2026 05:01:56 PM,09:48,Present,AUH-TWR-L01-D002 ENTRY,DXB-HQ-GF-GATE01 EXIT,,
OB60806,PT117606,AHMED FAWZY IBRAHIM,OUTSOURCE,eMinds,SMB-41985,20085-SMB-SALES-CW41985,48 Hours Weekly,SMB-PRIME&BD-KAM-1,15-AUG-2026,Saturday,,,,Weekly Off,,,,
OB60806,PT117606,AHMED FAWZY IBRAHIM,OUTSOURCE,eMinds,SMB-41985,20085-SMB-SALES-CW41985,48 Hours Weekly,SMB-PRIME&BD-KAM-1,16-AUG-2026,Sunday,,,,Weekly Off,,,,
OB60806,PT117606,AHMED FAWZY IBRAHIM,OUTSOURCE,eMinds,SMB-41985,20085-SMB-SALES-CW41985,48 Hours Weekly,SMB-PRIME&BD-KAM-1,17-AUG-2026,Monday,17-AUG-2026 07:10:21 AM,17-AUG-2026 04:55:21 PM,09:45,Present,DXB-HQ-GF-GATE01 ENTRY,DXB-HQ-GF-GATE01 EXIT,,
OB60806,PT117606,AHMED FAWZY IBRAHIM,OUTSOURCE,eMinds,SMB-41985,20085-SMB-SALES-CW41985,48 Hours Weekly,SMB-PRIME&BD-KAM-1,18-AUG-2026,Tuesday,,,,Sick Leave,,,,
OB60806,PT117606,AHMED FAWZY IBRAHIM,OUTSOURCE,eMinds,SMB-41985,20085-SMB-SALES-CW41985,48 Hours Weekly,SMB-PRIME&BD-KAM-1,19-AUG-2026,Wednesday,19-AUG-2026 08:47:33 AM,19-AUG-2026 06:59:33 PM,10:12,Present,DXB-HQ-GF-GATE01 ENTRY,AUH-TWR-L01-D002 EXIT,,
OB60806,PT117606,AHMED FAWZY IBRAHIM,OUTSOURCE,eMinds,SMB-41985,20085-SMB-SALES-CW41985,48 Hours Weekly,SMB-PRIME&BD-KAM-1,20-AUG-2026,Thursday,20-AUG-2026 08:08:25 AM,20-AUG-2026 05:09:25 PM,09:01,Present,DXB-HQ-GF-GATE01 ENTRY,SHJ-MSCP-GF-GATE04-TS EXIT EXIT,,
OB60806,PT117606,AHMED FAWZY IBRAHIM,OUTSOURCE,eMinds,SMB-41985,20085-SMB-SALES-CW41985,48 Hours Weekly,SMB-PRIME&BD-KAM-1,21-AUG-2026,Friday,21-AUG-2026 07:23:19 AM,21-AUG-2026 05:18:19 PM,09:55,Present,AUH-TWR-L01-D002 ENTRY,DXB-HQ-GF-GATE01 EXIT,,
OB60806,PT117606,AHMED FAWZY IBRAHIM  ,OUTSOURCE,eMinds,SMB-41985,20085-SMB-SALES-CW41985,48 Hours Weekly,SMB-PRIME&BD-KAM-1,22-AUG-2026,Saturday,,,,Weekly Off,,,,
OB60806,PT117606,AHMED FAWZY IBRAHIM,OUTSOURCE,eMinds,SMB-41985,20085-SMB-SALES-CW41985,48 Hours Weekly,SMB-PRIME&BD-KAM-1,23-AUG-2026,Sunday,,,,Weekly Off,,,,
OB60806,PT117606,AHMED FAWZY IBRAHIM,OUTSOURCE,eMinds,SMB-41985,20085-SMB-SALES-CW41985,48 Hours Weekly,SMB-PRIME&BD-KAM-1,24-AUG-2026,Monday,24-AUG-2026 07:11:11 AM,24-AUG-2026 04:11:11 PM,09:00,Present,DXB-HQ-GF-GATE01 ENTRY,AUH-TWR-L01-D002 EXIT,,
OB60806,PT117606,AHMED FAWZY IBRAHIM,OUTSOURCE,eMinds,SMB-41985,20085-SMB-SALES-CW41985,48 Hours Weekly,SMB-PRIME&BD-KAM-1,25-AUG-2026,Tuesday,25-AUG-2026 08:10:48 AM,25-AUG-2026 05:38:48 PM,09:28,Present,AUH-TWR-L01-D002 ENTRY,DXB-HQ-GF-GATE01 EXIT,,
OB60806,PT117606,AHMED FAWZY IBRAHIM,OUTSOURCE,eMinds,SMB-41985,20085-SMB-SALES-CW41985,48 Hours Weekly,SMB-PRIME&BD-KAM-1,26-AUG-2026,Wednesday,26-AUG-2026 07:05:54 AM,26-AUG-2026 04:55:54 PM,09:50,Present,SHJ-HRB-L03-D040 LOBBY ENTRY,DXB-HQ-GF-GATE01 EXIT,,
OB60806,PT117606,AHMED FAWZY IBRAHIM,OUTSOURCE,eMinds,SMB-41985,20085-SMB-SALES-CW41985,48 Hours Weekly,SMB-PRIME&BD-KAM-1,27-AUG-2026,Thursday,27-AUG-2026 07:38:00 AM,27-AUG-2026 04:16:00 PM,08:38,Present,SHJ-HRB-L03-D040 LOBBY ENTRY,AUH-TWR-L01-D002 EXIT,,
OB60806,PT117606,AHMED FAWZY IBRAHIM,OUTSOURCE,eMinds,SMB-41985,20085-SMB-SALES-CW41985,48 Hours Weekly,SMB-PRIME&BD-KAM-1,28-AUG-2026,Friday,28-AUG-2026 07:26:25 AM,28-AUG-2026 03:42:25 PM,08:16,Present,SHJ-HRB-L03-D040 LOBBY ENTRY,AUH-TWR-L01-D002 EXIT,,
OB60806,PT117606,AHMED FAWZY IBRAHIM,OUTSOURCE,eMinds,SMB-41985,20085-SMB-SALES-CW41985,48 Hours Weekly,SMB-PRIME&BD-KAM-1,29-AUG-2026,Saturday,,,,Weekly Off,,,,
OB60806,PT117606,AHMED FAWZY IBRAHIM  ,OUTSOURCE,eMinds,SMB-41985,20085-SMB-SALES-CW41985,48 Hours Weekly,SMB-PRIME&BD-KAM-1,30-AUG-2026,Sunday,,,,Weekly Off,,,,
OB60806,PT117606,AHMED FAWZY IBRAHIM,OUTSOURCE,eMinds,SMB-41985,20085-SMB-SALES-CW41985,48 Hours Weekly,SMB-PRIME&BD-KAM-1,31-AUG-2026,Monday,,,,Sick Leave,,,,
OB60807,PT117607,LAILA IBRAHIM KAMAL  ,OUTSOURCE,eMinds,CONSUMER-22011,20090-CONS-RETAIL-CW22011,45 Hours Weekly,SMB-GENERAL SHIFT,01-AUG-2026,Saturday,,,,Weekly Off,,,,
OB60807,PT117607,LAILA IBRAHIM KAMAL,OUTSOURCE,eMinds,CONSUMER-22011,20090-CONS-RETAIL-CW22011,45 Hours Weekly,SMB-GENERAL SHIFT,02-AUG-2026,Sunday,,,,Weekly Off,,,,
OB60807,PT117607,LAILA IBRAHIM KAMAL,OUTSOURCE,eMinds,CONSUMER-22011,20090-CONS-RETAIL-CW22011,45 Hours Weekly,SMB-GENERAL SHIFT,03-AUG-2026,Monday,,,,WFH,,,,
OB60807,PT117607,LAILA IBRAHIM KAMAL  ,OUTSOURCE,eMinds,CONSUMER-22011,20090-CONS-RETAIL-CW22011,45 Hours Weekly,SMB-GENERAL SHIFT,04-AUG-2026,Tuesday,04-AUG-2026 07:15:23 AM,04-AUG-2026 04:49:23 PM,09:34,Present,DXB-HQ-GF-GATE01 ENTRY,DXB-HQ-GF-GATE01 EXIT,,
OB60807,PT117607,LAILA IBRAHIM KAMAL,OUTSOURCE,eMinds,CONSUMER-22011,20090-CONS-RETAIL-CW22011,45 Hours Weekly,SMB-GENERAL SHIFT,05-AUG-2026,Wednesday,,,,Present,,,,
OB60807,PT117607,LAILA IBRAHIM KAMAL,OUTSOURCE,eMinds,CONSUMER-22011,20090-CONS-RETAIL-CW22011,45 Hours Weekly,SMB-GENERAL SHIFT,06-AUG-2026,Thursday,06-AUG-2026 07:29:31 AM,06-AUG-2026 03:49:31 PM,08:20,Present,AUH-TWR-L01-D002 ENTRY,AUH-TWR-L01-D002 EXIT,,
OB60807,PT117607,LAILA IBRAHIM KAMAL,OUTSOURCE,eMinds,CONSUMER-22011,20090-CONS-RETAIL-CW22011,45 Hours Weekly,SMB-GENERAL SHIFT,07-AUG-2026,Friday,07-AUG-2026 07:30:27 AM,07-AUG-2026 04:55:27 PM,09:25,Present,AUH-TWR-L01-D002 ENTRY,DXB-HQ-GF-GATE01 EXIT,,
OB60807,PT117607,LAILA IBRAHIM KAMAL  ,OUTSOURCE,eMinds,CONSUMER-22011,20090-CONS-RETAIL-CW22011,45 Hours Weekly,SMB-GENERAL SHIFT,08-AUG-2026,Saturday,,,,Weekly Off,,,,
OB60807,PT117607,LAILA IBRAHIM KAMAL,OUTSOURCE,eMinds,CONSUMER-22011,20090-CONS-RETAIL-CW22011,45 Hours Weekly,SMB-GENERAL SHIFT,09-AUG-2026,Sunday,,,,Weekly Off,,,,
OB60807,PT117607,LAILA IBRAHIM KAMAL,OUTSOURCE,eMinds,CONSUMER-22011,20090-CONS-RETAIL-CW22011,45 Hours Weekly,SMB-GENERAL SHIFT,10-AUG-2026,Monday,10-AUG-2026 07:12:17 AM,10-AUG-2026 04:17:17 PM,09:05,Present,SHJ-HRB-L03-D040 LOBBY ENTRY,SHJ-MSCP-GF-GATE04-TS EXIT EXIT,,
OB60807,PT117607,LAILA IBRAHIM KAMAL  ,OUTSOURCE,eMinds,CONSUMER-22011,20090-CONS-RETAIL-CW22011,45 Hours Weekly,SMB-GENERAL SHIFT,11-AUG-2026,Tuesday,11-AUG-2026 07:55:56 AM,11-AUG-2026 05:45:56 PM,09:50,Present,AUH-TWR-L01-D002 ENTRY,DXB-HQ-GF-GATE01 EXIT,,
OB60807,PT117607,LAILA IBRAHIM KAMAL,OUTSOURCE,eMinds,CONSUMER-22011,20090-CONS-RETAIL-CW22011,45 Hours Weekly,SMB-GENERAL SHIFT,12-AUG-2026,Wednesday,12-AUG-2026 07:27:19 AM,12-AUG-2026 04:39:19 PM,09:12,Present,DXB-HQ-GF-GATE01 ENTRY,DXB-HQ-GF-GATE01 EXIT,,
OB60807,PT117607,LAILA IBRAHIM KAMAL,OUTSOURCE,eMinds,CONSUMER-22011,20090-CONS-RETAIL-CW22011,45 Hours Weekly,SMB-GENERAL SHIFT,13-AUG-2026,Thursday,13-AUG-2026 07:29:11 AM,13-AUG-2026 04:59:11 PM,09:30,Present,DXB-HQ-GF-GATE01 ENTRY,DXB-HQ-GF-GATE01 EXIT,,
OB60807,PT117607,LAILA IBRAHIM KAMAL,OUTSOURCE,eMinds,CONSUMER-22011,20090-CONS-RETAIL-CW22011,45 Hours Weekly,SMB-GENERAL SHIFT,14-AUG-2026,Friday,14-AUG-2026 07:27:54 AM,14-AUG-2026 05:17:54 PM,09:50,Present,AUH-TWR-L01-D002 ENTRY,SHJ-MSCP-GF-GATE04-TS EXIT EXIT,,
OB60807,PT117607,LAILA IBRAHIM KAMAL,OUTSOURCE,eMinds,CONSUMER-22011,20090-CONS-RETAIL-CW22011,45 Hours Weekly,SMB-GENERAL SHIFT,15-AUG-2026,Saturday,,,,Weekly Off,,,,
OB60807,PT117607,LAILA IBRAHIM KAMAL,OUTSOURCE,eMinds,CONSUMER-22011,20090-CONS-RETAIL-CW22011,45 Hours Weekly,SMB-GENERAL SHIFT,16-AUG-2026,Sunday,,,,Weekly Off,,,,
OB60807,PT117607,LAILA IBRAHIM KAMAL,OUTSOURCE,eMinds,CONSUMER-22011,20090-CONS-RETAIL-CW22011,45 Hours Weekly,SMB-GENERAL SHIFT,17-AUG-2026,Monday,17-AUG-2026 08:20:54 AM,17-AUG-2026 05:26:54 PM,09:06,Present,SHJ-HRB-L03-D040 LOBBY ENTRY,DXB-HQ-GF-GATE01 EXIT,,
OB60807,PT117607,LAILA IBRAHIM KAMAL,OUTSOURCE,eMinds,CONSUMER-22011,20090-CONS-RETAIL-CW22011,45 Hours Weekly,SMB-GENERAL SHIFT,18-AUG-2026,Tuesday,18-AUG-2026 09:12:11 AM,18-AUG-2026 06:56:11 PM,09:44,Present,DXB-HQ-GF-GATE01 ENTRY,AUH-TWR-L01-D002 EXIT,,
OB60807,PT117607,LAILA IBRAHIM KAMAL  ,OUTSOURCE,eMinds,CONSUMER-22011,20090-CONS-RETAIL-CW22011,45 Hours Weekly,SMB-GENERAL SHIFT,19-AUG-2026,Wednesday,19-AUG-2026 08:17:49 AM,19-AUG-2026 05:21:49 PM,09:04,Present,DXB-HQ-GF-GATE01 ENTRY,DXB-HQ-GF-GATE01 EXIT,,
OB60807,PT117607,LAILA IBRAHIM KAMAL,OUTSOURCE,eMinds,CONSUMER-22011,20090-CONS-RETAIL-CW22011,45 Hours Weekly,SMB-GENERAL SHIFT,20-AUG-2026,Thursday,20-AUG-2026 08:50:12 AM,20-AUG-2026 07:42:12 PM,10:52,Present,AUH-TWR-L01-D002 ENTRY,SHJ-MSCP-GF-GATE04-TS EXIT EXIT,,
OB60807,PT117607,LAILA IBRAHIM KAMAL,OUTSOURCE,eMinds,CONSUMER-22011,20090-CONS-RETAIL-CW22011,45 Hours Weekly,SMB-GENERAL SHIFT,21-AUG-2026,Friday,21-AUG-2026 08:49:34 AM,21-AUG-2026 06:36:34 PM,09:47,Present,SHJ-HRB-L03-D040 LOBBY ENTRY,DXB-HQ-GF-GATE01 EXIT,,
OB60807,PT117607,LAILA IBRAHIM KAMAL,OUTSOURCE,eMinds,CONSUMER-22011,20090-CONS-RETAIL-CW22011,45 Hours Weekly,SMB-GENERAL SHIFT,22-AUG-2026,Saturday,,,,Weekly Off,,,,
OB60807,PT117607,LAILA IBRAHIM KAMAL  ,OUTSOURCE,eMinds,CONSUMER-22011,20090-CONS-RETAIL-CW22011,45 Hours Weekly,SMB-GENERAL SHIFT,23-AUG-2026,Sunday,,,,Weekly Off,,,,
OB60807,PT117607,LAILA IBRAHIM KAMAL  ,OUTSOURCE,eMinds,CONSUMER-22011,20090-CONS-RETAIL-CW22011,45 Hours Weekly,SMB-GENERAL SHIFT,24-AUG-2026,Monday,24-AUG-2026 07:12:33 AM,24-AUG-2026 04:58:33 PM,09:46,Present,SHJ-HRB-L03-D040 LOBBY ENTRY,SHJ-MSCP-GF-GATE04-TS EXIT EXIT,,
OB60807,PT117607,LAILA IBRAHIM KAMAL,OUTSOURCE,eMinds,CONSUMER-22011,20090-CONS-RETAIL-CW22011,45 Hours Weekly,SMB-GENERAL SHIFT,25-AUG-2026,Tuesday,25-AUG-2026 07:32:55 AM,25-AUG-2026 05:12:55 PM,09:40,Present,DXB-HQ-GF-GATE01 ENTRY,SHJ-MSCP-GF-GATE04-TS EXIT EXIT,,
OB60807,PT117607,LAILA IBRAHIM KAMAL,OUTSOURCE,eMinds,CONSUMER-22011,20090-CONS-RETAIL-CW22011,45 Hours Weekly,SMB-GENERAL SHIFT,26-AUG-2026,Wednesday,26-AUG-2026 08:15:20 AM,,,Present,AUH-TWR-L01-D002 ENTRY,,,
OB60807,PT117607,LAILA IBRAHIM KAMAL,OUTSOURCE,eMinds,CONSUMER-22011,20090-CONS-RETAIL-CW22011,45 Hours Weekly,SMB-GENERAL SHIFT,27-AUG-2026,Thursday,27-AUG-2026 08:34:04 AM,27-AUG-2026 06:17:04 PM,09:43,Present,AUH-TWR-L01-D002 ENTRY,AUH-TWR-L01-D002 EXIT,,
OB60807,PT117607,LAILA IBRAHIM KAMAL,OUTSOURCE,eMinds,CONSUMER-22011,20090-CONS-RETAIL-CW22011,45 Hours Weekly,SMB-GENERAL SHIFT,28-AUG-2026,Friday,28-AUG-2026 07:18:14 AM,28-AUG-2026 04:50:14 PM,09:32,Present,DXB-HQ-GF-GATE01 ENTRY,SHJ-MSCP-GF-GATE04-TS EXIT EXIT,,
OB60807,PT117607,LAILA IBRAHIM KAMAL,OUTSOURCE,eMinds,CONSUMER-22011,20090-CONS-RETAIL-CW22011,45 Hours Weekly,SMB-GENERAL SHIFT,29-AUG-2026,Saturday,,,,Weekly Off,,,,
OB60807,PT117607,LAILA IBRAHIM KAMAL,OUTSOURCE,eMinds,CONSUMER-22011,20090-CONS-RETAIL-CW22011,45 Hours Weekly,SMB-GENERAL SHIFT,30-AUG-2026,Sunday,,,,Weekly Off,,,,
OB60807,PT117607,LAILA IBRAHIM KAMAL,OUTSOURCE,eMinds,CONSUMER-22011,20090-CONS-RETAIL-CW22011,45 Hours Weekly,SMB-GENERAL SHIFT,31-AUG-2026,Monday,31-AUG-2026 09:48:28 AM,31-AUG-2026 07:44:28 PM,09:56,Present,DXB-HQ-GF-GATE01 ENTRY,SHJ-MSCP-GF-GATE04-TS EXIT EXIT,,
OB60808,PT117608,MARIAM MOHSEN SALEH,OUTSOURCE,Etisalat Services,ENTERPRISE-30510,20110-ENT-SUPPORT-CW30510,40 Hours Weekly,SMB-Elite Business,01-AUG-2026,Saturday,,,,Weekly Off,,,,
OB60808,PT117608,MARIAM MOHSEN SALEH,OUTSOURCE,Etisalat Services,ENTERPRISE-30510,20110-ENT-SUPPORT-CW30510,40 Hours Weekly,SMB-Elite Business,02-AUG-2026,Sunday,,,,Weekly Off,,,,
OB60808,PT117608,MARIAM MOHSEN SALEH,OUTSOURCE,Etisalat Services,ENTERPRISE-30510,20110-ENT-SUPPORT-CW30510,40 Hours Weekly,SMB-Elite Business,03-AUG-2026,Monday,03-AUG-2026 09:59:51 AM,03-AUG-2026 06:22:51 PM,08:23,Present,SHJ-HRB-L03-D040 LOBBY ENTRY,AUH-TWR-L01-D002 EXIT,,
OB60808,PT117608,MARIAM MOHSEN SALEH  ,OUTSOURCE,Etisalat Services,ENTERPRISE-30510,20110-ENT-SUPPORT-CW30510,40 Hours Weekly,SMB-Elite Business,04-AUG-2026,Tuesday,04-AUG-2026 09:47:38 AM,04-AUG-2026 07:49:38 PM,10:02,Present,DXB-HQ-GF-GATE01 ENTRY,AUH-TWR-L01-D002 EXIT,,
OB60808,PT117608,MARIAM MOHSEN SALEH,OUTSOURCE,Etisalat Services,ENTERPRISE-30510,20110-ENT-SUPPORT-CW30510,40 Hours Weekly,SMB-Elite Business,05-AUG-2026,Wednesday,05-AUG-2026 07:00:49 AM,05-AUG-2026 05:19:49 PM,10:19,Present,AUH-TWR-L01-D002 ENTRY,AUH-TWR-L01-D002 EXIT,,
OB60808,PT117608,MARIAM MOHSEN SALEH  ,OUTSOURCE,Etisalat Services,ENTERPRISE-30510,20110-ENT-SUPPORT-CW30510,40 Hours Weekly,SMB-Elite Business,06-AUG-2026,Thursday,06-AUG-2026 08:15:23 AM,06-AUG-2026 06:03:23 PM,09:48,Present,SHJ-HRB-L03-D040 LOBBY ENTRY,SHJ-MSCP-GF-GATE04-TS EXIT EXIT,,
OB60808,PT117608,MARIAM MOHSEN SALEH,OUTSOURCE,Etisalat Services,ENTERPRISE-30510,20110-ENT-SUPPORT-CW30510,40 Hours Weekly,SMB-Elite Business,07-AUG-2026,Friday,07-AUG-2026 08:17:58 AM,07-AUG-2026 05:54:58 PM,09:37,Present,DXB-HQ-GF-GATE01 ENTRY,DXB-HQ-GF-GATE01 EXIT,,
OB60808,PT117608,MARIAM MOHSEN SALEH,OUTSOURCE,Etisalat Services,ENTERPRISE-30510,20110-ENT-SUPPORT-CW30510,40 Hours Weekly,SMB-Elite Business,08-AUG-2026,Saturday,,,,Weekly Off,,,,
OB60808,PT117608,MARIAM MOHSEN SALEH,OUTSOURCE,Etisalat Services,ENTERPRISE-30510,20110-ENT-SUPPORT-CW30510,40 Hours Weekly,SMB-Elite Business,09-AUG-2026,Sunday,,,,Weekly Off,,,,
OB60808,PT117608,MARIAM MOHSEN SALEH,OUTSOURCE,Etisalat Services,ENTERPRISE-30510,20110-ENT-SUPPORT-CW30510,40 Hours Weekly,SMB-Elite Business,10-AUG-2026,Monday,,,,Absent,,,N,
OB60808,PT117608,MARIAM MOHSEN SALEH,OUTSOURCE,Etisalat Services,ENTERPRISE-30510,20110-ENT-SUPPORT-CW30510,40 Hours Weekly,SMB-Elite Business,11-AUG-2026,Tuesday,11-AUG-2026 07:35:59 AM,11-AUG-2026 04:46:59 PM,09:11,Present,DXB-HQ-GF-GATE01 ENTRY,AUH-TWR-L01-D002 EXIT,,
OB60808,PT117608,MARIAM MOHSEN SALEH,OUTSOURCE,Etisalat Services,ENTERPRISE-30510,20110-ENT-SUPPORT-CW30510,40 Hours Weekly,SMB-Elite Business,12-AUG-2026,Wednesday,12-AUG-2026 07:39:01 AM,12-AUG-2026 06:07:01 PM,10:28,Present,DXB-HQ-GF-GATE01 ENTRY,SHJ-MSCP-GF-GATE04-TS EXIT EXIT,,
OB60808,PT117608,MARIAM MOHSEN SALEH,OUTSOURCE,Etisalat Services,ENTERPRISE-30510,20110-ENT-SUPPORT-CW30510,40 Hours Weekly,SMB-Elite Business,13-AUG-2026,Thursday,13-AUG-2026 08:43:38 AM,13-AUG-2026 05:07:38 PM,08:24,Present,DXB-HQ-GF-GATE01 ENTRY,SHJ-MSCP-GF-GATE04-TS EXIT EXIT,,
OB60808,PT117608,MARIAM MOHSEN SALEH,OUTSOURCE,Etisalat Services,ENTERPRISE-30510,20110-ENT-SUPPORT-CW30510,40 Hours Weekly,SMB-Elite Business,14-AUG-2026,Friday,14-AUG-2026 07:44:32 AM,14-AUG-2026 06:39:32 PM,10:55,Present,DXB-HQ-GF-GATE01 ENTRY,SHJ-MSCP-GF-GATE04-TS EXIT EXIT,,
OB60808,PT117608,MARIAM MOHSEN SALEH,OUTSOURCE,Etisalat Services,ENTERPRISE-30510,20110-ENT-SUPPORT-CW30510,40 Hours Weekly,SMB-Elite Business,15-AUG-2026,Saturday,,,,Weekly Off,,,,
OB60808,PT117608,MARIAM MOHSEN SALEH,OUTSOURCE,Etisalat Services,ENTERPRISE-30510,20110-ENT-SUPPORT-CW30510,40 Hours Weekly,SMB-Elite Business,16-AUG-2026,Sunday,,,,Weekly Off,,,,
OB60808,PT117608,MARIAM MOHSEN SALEH,OUTSOURCE,Etisalat Services,ENTERPRISE-30510,20110-ENT-SUPPORT-CW30510,40 Hours Weekly,SMB-Elite Business,17-AUG-2026,Monday,17-AUG-2026 08:54:01 AM,17-AUG-2026 06:30:01 PM,09:36,Present,AUH-TWR-L01-D002 ENTRY,DXB-HQ-GF-GATE01 EXIT,,
OB60808,PT117608,MARIAM MOHSEN SALEH,OUTSOURCE,Etisalat Services,ENTERPRISE-30510,20110-ENT-SUPPORT-CW30510,40 Hours Weekly,SMB-Elite Business,18-AUG-2026,Tuesday,,,,Sick Leave,,,,
OB60808,PT117608,MARIAM MOHSEN SALEH,OUTSOURCE,Etisalat Services,ENTERPRISE-30510,20110-ENT-SUPPORT-CW30510,40 Hours Weekly,SMB-Elite Business,19-AUG-2026,Wednesday,19-AUG-2026 09:55:25 AM,19-AUG-2026 06:56:25 PM,09:01,Present,SHJ-HRB-L03-D040 LOBBY ENTRY,SHJ-MSCP-GF-GATE04-TS EXIT EXIT,,
OB60808,PT117608,MARIAM MOHSEN SALEH,OUTSOURCE,Etisalat Services,ENTERPRISE-30510,20110-ENT-SUPPORT-CW30510,40 Hours Weekly,SMB-Elite Business,20-AUG-2026,Thursday,20-AUG-2026 07:36:59 AM,20-AUG-2026 04:06:59 PM,08:30,Present,AUH-TWR-L01-D002 ENTRY,SHJ-MSCP-GF-GATE04-TS EXIT EXIT,,
OB60808,PT117608,MARIAM MOHSEN SALEH,OUTSOURCE,Etisalat Services,ENTERPRISE-30510,20110-ENT-SUPPORT-CW30510,40 Hours Weekly,SMB-Elite Business,21-AUG-2026,Friday,21-AUG-2026 09:53:39 AM,21-AUG-2026 06:36:39 PM,08:43,Present,SHJ-HRB-L03-D040 LOBBY ENTRY,DXB-HQ-GF-GATE01 EXIT,,
OB60808,PT117608,MARIAM MOHSEN SALEH  ,OUTSOURCE,Etisalat Services,ENTERPRISE-30510,20110-ENT-SUPPORT-CW30510,40 Hours Weekly,SMB-Elite Business,22-AUG-2026,Saturday,,,,Weekly Off,,,,
OB60808,PT117608,MARIAM MOHSEN SALEH  ,OUTSOURCE,Etisalat Services,ENTERPRISE-30510,20110-ENT-SUPPORT-CW30510,40 Hours Weekly,SMB-Elite Business,23-AUG-2026,Sunday,,,,Weekly Off,,,,
OB60808,PT117608,MARIAM MOHSEN SALEH,OUTSOURCE,Etisalat Services,ENTERPRISE-30510,20110-ENT-SUPPORT-CW30510,40 Hours Weekly,SMB-Elite Business,24-AUG-2026,Monday,24-AUG-2026 07:49:51 AM,24-AUG-2026 05:18:51 PM,09:29,Present,SHJ-HRB-L03-D040 LOBBY ENTRY,AUH-TWR-L01-D002 EXIT,,
OB60808,PT117608,MARIAM MOHSEN SALEH  ,OUTSOURCE,Etisalat Services,ENTERPRISE-30510,20110-ENT-SUPPORT-CW30510,40 Hours Weekly,SMB-Elite Business,25-AUG-2026,Tuesday,25-AUG-2026 08:39:16 AM,25-AUG-2026 06:04:16 PM,09:25,Present,SHJ-HRB-L03-D040 LOBBY ENTRY,AUH-TWR-L01-D002 EXIT,,
OB60808,PT117608,MARIAM MOHSEN SALEH,OUTSOURCE,Etisalat Services,ENTERPRISE-30510,20110-ENT-SUPPORT-CW30510,40 Hours Weekly,SMB-Elite Business,26-AUG-2026,Wednesday,26-AUG-2026 09:43:42 AM,26-AUG-2026 07:39:42 PM,09:56,Present,DXB-HQ-GF-GATE01 ENTRY,DXB-HQ-GF-GATE01 EXIT,,
OB60808,PT117608,MARIAM MOHSEN SALEH,OUTSOURCE,Etisalat Services,ENTERPRISE-30510,20110-ENT-SUPPORT-CW30510,40 Hours Weekly,SMB-Elite Business,27-AUG-2026,Thursday,27-AUG-2026 09:44:01 AM,27-AUG-2026 06:02:01 PM,08:18,Present,DXB-HQ-GF-GATE01 ENTRY,DXB-HQ-GF-GATE01 EXIT,,
OB60808,PT117608,MARIAM MOHSEN SALEH,OUTSOURCE,Etisalat Services,ENTERPRISE-30510,20110-ENT-SUPPORT-CW30510,40 Hours Weekly,SMB-Elite Business,28-AUG-2026,Friday,,,,Absent,,,N,
OB60808,PT117608,MARIAM MOHSEN SALEH  ,OUTSOURCE,Etisalat Services,ENTERPRISE-30510,20110-ENT-SUPPORT-CW30510,40 Hours Weekly,SMB-Elite Business,29-AUG-2026,Saturday,,,,Weekly Off,,,,
OB60808,PT117608,MARIAM MOHSEN SALEH,OUTSOURCE,Etisalat Services,ENTERPRISE-30510,20110-ENT-SUPPORT-CW30510,40 Hours Weekly,SMB-Elite Business,30-AUG-2026,Sunday,,,,Weekly Off,,,,
OB60808,PT117608,MARIAM MOHSEN SALEH,OUTSOURCE,Etisalat Services,ENTERPRISE-30510,20110-ENT-SUPPORT-CW30510,40 Hours Weekly,SMB-Elite Business,31-AUG-2026,Monday,31-AUG-2026 07:00:23 AM,31-AUG-2026 04:38:23 PM,09:38,Present,DXB-HQ-GF-GATE01 ENTRY,SHJ-MSCP-GF-GATE04-TS EXIT EXIT,,
OB60809,PT117609,LAILA ABDALLA HASSAN,OUTSOURCE,Etisalat Services,ENTERPRISE-30511,20110-ENT-SUPPORT-CW30511,40 Hours Weekly,SMB-CCC & SOHO,01-AUG-2026,Saturday,,,,Weekly Off,,,,
OB60809,PT117609,LAILA ABDALLA HASSAN,OUTSOURCE,Etisalat Services,ENTERPRISE-30511,20110-ENT-SUPPORT-CW30511,40 Hours Weekly,SMB-CCC & SOHO,02-AUG-2026,Sunday,,,,Weekly Off,,,,
OB60809,PT117609,LAILA ABDALLA HASSAN,OUTSOURCE,Etisalat Services,ENTERPRISE-30511,20110-ENT-SUPPORT-CW30511,40 Hours Weekly,SMB-CCC & SOHO,03-AUG-2026,Monday,03-AUG-2026 07:51:03 AM,03-AUG-2026 05:41:03 PM,09:50,Present,AUH-TWR-L01-D002 ENTRY,SHJ-MSCP-GF-GATE04-TS EXIT EXIT,,
OB60809,PT117609,LAILA ABDALLA HASSAN  ,OUTSOURCE,Etisalat Services,ENTERPRISE-30511,20110-ENT-SUPPORT-CW30511,40 Hours Weekly,SMB-CCC & SOHO,04-AUG-2026,Tuesday,04-AUG-2026 09:07:26 AM,04-AUG-2026 06:39:26 PM,09:32,Present,AUH-TWR-L01-D002 ENTRY,DXB-HQ-GF-GATE01 EXIT,,
OB60809,PT117609,LAILA ABDALLA HASSAN,OUTSOURCE,Etisalat Services,ENTERPRISE-30511,20110-ENT-SUPPORT-CW30511,40 Hours Weekly,SMB-CCC & SOHO,05-AUG-2026,Wednesday,05-AUG-2026 08:42:14 AM,05-AUG-2026 05:03:14 PM,08:21,Present,SHJ-HRB-L03-D040 LOBBY ENTRY,SHJ-MSCP-GF-GATE04-TS EXIT EXIT,,
OB60809,PT117609,LAILA ABDALLA HASSAN  ,OUTSOURCE,Etisalat Services,ENTERPRISE-30511,20110-ENT-SUPPORT-CW30511,40 Hours Weekly,SMB-CCC & SOHO,06-AUG-2026,Thursday,06-AUG-2026 08:56:49 AM,06-AUG-2026 07:54:49 PM,10:58,Present,AUH-TWR-L01-D002 ENTRY,AUH-TWR-L01-D002 EXIT,,
OB60809,PT117609,LAILA ABDALLA HASSAN,OUTSOURCE,Etisalat Services,ENTERPRISE-30511,20110-ENT-SUPPORT-CW30511,40 Hours Weekly,SMB-CCC & SOHO,07-AUG-2026,Friday,07-AUG-2026 07:12:28 AM,07-AUG-2026 03:19:28 PM,08:07,Present,SHJ-HRB-L03-D040 LOBBY ENTRY,DXB-HQ-GF-GATE01 EXIT,,
OB60809,PT117609,LAILA ABDALLA HASSAN,OUTSOURCE,Etisalat Services,ENTERPRISE-30511,20110-ENT-SUPPORT-CW30511,40 Hours Weekly,SMB-CCC & SOHO,08-AUG-2026,Saturday,,,,Weekly Off,,,,
OB60809,PT117609,LAILA ABDALLA HASSAN  ,OUTSOURCE,Etisalat Services,ENTERPRISE-30511,20110-ENT-SUPPORT-CW30511,40 Hours Weekly,SMB-CCC & SOHO,09-AUG-2026,Sunday,,,,Weekly Off,,,,
OB60809,PT117609,LAILA ABDALLA HASSAN,OUTSOURCE,Etisalat Services,ENTERPRISE-30511,20110-ENT-SUPPORT-CW30511,40 Hours Weekly,SMB-CCC & SOHO,10-AUG-2026,Monday,10-AUG-2026 07:01:32 AM,10-AUG-2026 05:03:32 PM,10:02,Present,SHJ-HRB-L03-D040 LOBBY ENTRY,DXB-HQ-GF-GATE01 EXIT,,
OB60809,PT117609,LAILA ABDALLA HASSAN,OUTSOURCE,Etisalat Services,ENTERPRISE-30511,20110-ENT-SUPPORT-CW30511,40 Hours Weekly,SMB-CCC & SOHO,11-AUG-2026,Tuesday,11-AUG-2026 07:33:10 AM,11-AUG-2026 05:59:10 PM,10:26,Present,DXB-HQ-GF-GATE01 ENTRY,DXB-HQ-GF-GATE01 EXIT,,
OB60809,PT117609,LAILA ABDALLA HASSAN,OUTSOURCE,Etisalat Services,ENTERPRISE-30511,20110-ENT-SUPPORT-CW30511,40 Hours Weekly,SMB-CCC & SOHO,12-AUG-2026,Wednesday,12-AUG-2026 08:48:01 AM,12-AUG-2026 05:17:01 PM,08:29,Present,AUH-TWR-L01-D002 ENTRY,DXB-HQ-GF-GATE01 EXIT,,
OB60809,PT117609,LAILA ABDALLA HASSAN  ,OUTSOURCE,Etisalat Services,ENTERPRISE-30511,20110-ENT-SUPPORT-CW30511,40 Hours Weekly,SMB-CCC & SOHO,13-AUG-2026,Thursday,13-AUG-2026 07:41:41 AM,13-AUG-2026 05:21:41 PM,09:40,Present,AUH-TWR-L01-D002 ENTRY,SHJ-MSCP-GF-GATE04-TS EXIT EXIT,,
OB60809,PT117609,LAILA ABDALLA HASSAN,OUTSOURCE,Etisalat Services,ENTERPRISE-30511,20110-ENT-SUPPORT-CW30511,40 Hours Weekly,SMB-CCC & SOHO,14-AUG-2026,Friday,14-AUG-2026 09:43:07 AM,14-AUG-2026 08:39:07 PM,10:56,Present,SHJ-HRB-L03-D040 LOBBY ENTRY,DXB-HQ-GF-GATE01 EXIT,,
OB60809,PT117609,LAILA ABDALLA HASSAN,OUTSOURCE,Etisalat Services,ENTERPRISE-30511,20110-ENT-SUPPORT-CW30511,40 Hours Weekly,SMB-CCC & SOHO,15-AUG-2026,Saturday,,,,Weekly Off,,,,
OB60809,PT117609,LAILA ABDALLA HASSAN  ,OUTSOURCE,Etisalat Services,ENTERPRISE-30511,20110-ENT-SUPPORT-CW30511,40 Hours Weekly,SMB-CCC & SOHO,16-AUG-2026,Sunday,,,,Weekly Off,,,,
OB60809,PT117609,LAILA ABDALLA HASSAN,OUTSOURCE,Etisalat Services,ENTERPRISE-30511,20110-ENT-SUPPORT-CW30511,40 Hours Weekly,SMB-CCC & SOHO,17-AUG-2026,Monday,17-AUG-2026 09:08:53 AM,17-AUG-2026 05:23:53 PM,08:15,Present,AUH-TWR-L01-D002 ENTRY,SHJ-MSCP-GF-GATE04-TS EXIT EXIT,,
OB60809,PT117609,LAILA ABDALLA HASSAN,OUTSOURCE,Etisalat Services,ENTERPRISE-30511,20110-ENT-SUPPORT-CW30511,40 Hours Weekly,SMB-CCC & SOHO,18-AUG-2026,Tuesday,18-AUG-2026 08:12:43 AM,18-AUG-2026 05:29:43 PM,09:17,Present,AUH-TWR-L01-D002 ENTRY,DXB-HQ-GF-GATE01 EXIT,,
OB60809,PT117609,LAILA ABDALLA HASSAN,OUTSOURCE,Etisalat Services,ENTERPRISE-30511,20110-ENT-SUPPORT-CW30511,40 Hours Weekly,SMB-CCC & SOHO,19-AUG-2026,Wednesday,19-AUG-2026 07:41:16 AM,19-AUG-2026 05:14:16 PM,09:33,Present,SHJ-HRB-L03-D040 LOBBY ENTRY,SHJ-MSCP-GF-GATE04-TS EXIT EXIT,,
OB60809,PT117609,LAILA ABDALLA HASSAN,OUTSOURCE,Etisalat Services,ENTERPRISE-30511,20110-ENT-SUPPORT-CW30511,40 Hours Weekly,SMB-CCC & SOHO,20-AUG-2026,Thursday,20-AUG-2026 08:51:42 AM,20-AUG-2026 06:10:42 PM,09:19,Present,SHJ-HRB-L03-D040 LOBBY ENTRY,DXB-HQ-GF-GATE01 EXIT,,
OB60809,PT117609,LAILA ABDALLA HASSAN,OUTSOURCE,Etisalat Services,ENTERPRISE-30511,20110-ENT-SUPPORT-CW30511,40 Hours Weekly,SMB-CCC & SOHO,21-AUG-2026,Friday,21-AUG-2026 09:05:59 AM,21-AUG-2026 06:19:59 PM,09:14,Present,SHJ-HRB-L03-D040 LOBBY ENTRY,AUH-TWR-L01-D002 EXIT,,
OB60809,PT117609,LAILA ABDALLA HASSAN,OUTSOURCE,Etisalat Services,ENTERPRISE-30511,20110-ENT-SUPPORT-CW30511,40 Hours Weekly,SMB-CCC & SOHO,22-AUG-2026,Saturday,,,,Weekly Off,,,,
OB60809,PT117609,LAILA ABDALLA HASSAN,OUTSOURCE,Etisalat Services,ENTERPRISE-30511,20110-ENT-SUPPORT-CW30511,40 Hours Weekly,SMB-CCC & SOHO,23-AUG-2026,Sunday,,,,Weekly Off,,,,
OB60809,PT117609,LAILA ABDALLA HASSAN  ,OUTSOURCE,Etisalat Services,ENTERPRISE-30511,20110-ENT-SUPPORT-CW30511,40 Hours Weekly,SMB-CCC & SOHO,24-AUG-2026,Monday,24-AUG-2026 07:15:39 AM,24-AUG-2026 04:56:39 PM,09:41,Present,DXB-HQ-GF-GATE01 ENTRY,SHJ-MSCP-GF-GATE04-TS EXIT EXIT,,
OB60809,PT117609,LAILA ABDALLA HASSAN,OUTSOURCE,Etisalat Services,ENTERPRISE-30511,20110-ENT-SUPPORT-CW30511,40 Hours Weekly,SMB-CCC & SOHO,25-AUG-2026,Tuesday,25-AUG-2026 07:54:48 AM,25-AUG-2026 04:56:48 PM,09:02,Present,DXB-HQ-GF-GATE01 ENTRY,DXB-HQ-GF-GATE01 EXIT,,
OB60809,PT117609,LAILA ABDALLA HASSAN,OUTSOURCE,Etisalat Services,ENTERPRISE-30511,20110-ENT-SUPPORT-CW30511,40 Hours Weekly,SMB-CCC & SOHO,26-AUG-2026,Wednesday,26-AUG-2026 07:44:34 AM,26-AUG-2026 05:34:34 PM,09:50,Present,AUH-TWR-L01-D002 ENTRY,SHJ-MSCP-GF-GATE04-TS EXIT EXIT,,
OB60809,PT117609,LAILA ABDALLA HASSAN,OUTSOURCE,Etisalat Services,ENTERPRISE-30511,20110-ENT-SUPPORT-CW30511,40 Hours Weekly,SMB-CCC & SOHO,27-AUG-2026,Thursday,27-AUG-2026 08:52:44 AM,27-AUG-2026 06:45:44 PM,09:53,Present,SHJ-HRB-L03-D040 LOBBY ENTRY,SHJ-MSCP-GF-GATE04-TS EXIT EXIT,,
OB60809,PT117609,LAILA ABDALLA HASSAN,OUTSOURCE,Etisalat Services,ENTERPRISE-30511,20110-ENT-SUPPORT-CW30511,40 Hours Weekly,SMB-CCC & SOHO,28-AUG-2026,Friday,28-AUG-2026 09:28:31 AM,28-AUG-2026 07:01:31 PM,09:33,Present,DXB-HQ-GF-GATE01 ENTRY,DXB-HQ-GF-GATE01 EXIT,,
OB60809,PT117609,LAILA ABDALLA HASSAN  ,OUTSOURCE,Etisalat Services,ENTERPRISE-30511,20110-ENT-SUPPORT-CW30511,40 Hours Weekly,SMB-CCC & SOHO,29-AUG-2026,Saturday,,,,Weekly Off,,,,
OB60809,PT117609,LAILA ABDALLA HASSAN  ,OUTSOURCE,Etisalat Services,ENTERPRISE-30511,20110-ENT-SUPPORT-CW30511,40 Hours Weekly,SMB-CCC & SOHO,30-AUG-2026,Sunday,,,,Weekly Off,,,,
OB60809,PT117609,LAILA ABDALLA HASSAN,OUTSOURCE,Etisalat Services,ENTERPRISE-30511,20110-ENT-SUPPORT-CW30511,40 Hours Weekly,SMB-CCC & SOHO,31-AUG-2026,Monday,31-AUG-2026 08:02:24 AM,31-AUG-2026 05:53:24 PM,09:51,Present,AUH-TWR-L01-D002 ENTRY,DXB-HQ-GF-GATE01 EXIT,,
OB60810,PT117610,OMAR IBRAHIM ABDALLA,OUTSOURCE,eMinds,SMB-41984,20085-SMB-SALES-CW41984,48 Hours Weekly,SMB DIGITAL BACK OFFICE,01-AUG-2026,Saturday,,,,Weekly Off,,,,
OB60810,PT117610,OMAR IBRAHIM ABDALLA  ,OUTSOURCE,eMinds,SMB-41984,20085-SMB-SALES-CW41984,48 Hours Weekly,SMB DIGITAL BACK OFFICE,02-AUG-2026,Sunday,,,,Weekly Off,,,,
OB60810,PT117610,OMAR IBRAHIM ABDALLA,OUTSOURCE,eMinds,SMB-41984,20085-SMB-SALES-CW41984,48 Hours Weekly,SMB DIGITAL BACK OFFICE,03-AUG-2026,Monday,03-AUG-2026 08:36:52 AM,03-AUG-2026 06:34:52 PM,09:58,Present,SHJ-HRB-L03-D040 LOBBY ENTRY,SHJ-MSCP-GF-GATE04-TS EXIT EXIT,,
OB60810,PT117610,OMAR IBRAHIM ABDALLA,OUTSOURCE,eMinds,SMB-41984,20085-SMB-SALES-CW41984,48 Hours Weekly,SMB DIGITAL BACK OFFICE,04-AUG-2026,Tuesday,04-AUG-2026 08:11:38 AM,04-AUG-2026 06:35:38 PM,10:24,Present,AUH-TWR-L01-D002 ENTRY,AUH-TWR-L01-D002 EXIT,,
OB60810,PT117610,OMAR IBRAHIM ABDALLA,OUTSOURCE,eMinds,SMB-41984,20085-SMB-SALES-CW41984,48 Hours Weekly,SMB DIGITAL BACK OFFICE,05-AUG-2026,Wednesday,05-AUG-2026 08:26:25 AM,05-AUG-2026 04:55:25 PM,08:29,Present,DXB-HQ-GF-GATE01 ENTRY,SHJ-MSCP-GF-GATE04-TS EXIT EXIT,,
OB60810,PT117610,OMAR IBRAHIM ABDALLA,OUTSOURCE,eMinds,SMB-41984,20085-SMB-SALES-CW41984,48 Hours Weekly,SMB DIGITAL BACK OFFICE,06-AUG-2026,Thursday,06-AUG-2026 08:24:39 AM,06-AUG-2026 07:22:39 PM,10:58,Present,SHJ-HRB-L03-D040 LOBBY ENTRY,AUH-TWR-L01-D002 EXIT,,
OB60810,PT117610,OMAR IBRAHIM ABDALLA,OUTSOURCE,eMinds,SMB-41984,20085-SMB-SALES-CW41984,48 Hours Weekly,SMB DIGITAL BACK OFFICE,07-AUG-2026,Friday,07-AUG-2026 09:50:46 AM,07-AUG-2026 08:05:46 PM,10:15,Present,AUH-TWR-L01-D002 ENTRY,DXB-HQ-GF-GATE01 EXIT,,
OB60810,PT117610,OMAR IBRAHIM ABDALLA,OUTSOURCE,eMinds,SMB-41984,20085-SMB-SALES-CW41984,48 Hours Weekly,SMB DIGITAL BACK OFFICE,08-AUG-2026,Saturday,,,,Weekly Off,,,,
OB60810,PT117610,OMAR IBRAHIM ABDALLA,OUTSOURCE,eMinds,SMB-41984,20085-SMB-SALES-CW41984,48 Hours Weekly,SMB DIGITAL BACK OFFICE,09-AUG-2026,Sunday,,,,Weekly Off,,,,
OB60810,PT117610,OMAR IBRAHIM ABDALLA,OUTSOURCE,eMinds,SMB-41984,20085-SMB-SALES-CW41984,48 Hours Weekly,SMB DIGITAL BACK OFFICE,10-AUG-2026,Monday,10-AUG-2026 08:28:39 AM,10-AUG-2026 05:51:39 PM,09:23,Present,DXB-HQ-GF-GATE01 ENTRY,SHJ-MSCP-GF-GATE04-TS EXIT EXIT,,
OB60810,PT117610,OMAR IBRAHIM ABDALLA,OUTSOURCE,eMinds,SMB-41984,20085-SMB-SALES-CW41984,48 Hours Weekly,SMB DIGITAL BACK OFFICE,11-AUG-2026,Tuesday,11-AUG-2026 09:11:03 AM,11-AUG-2026 08:06:03 PM,10:55,Present,SHJ-HRB-L03-D040 LOBBY ENTRY,SHJ-MSCP-GF-GATE04-TS EXIT EXIT,,
OB60810,PT117610,OMAR IBRAHIM ABDALLA  ,OUTSOURCE,eMinds,SMB-41984,20085-SMB-SALES-CW41984,48 Hours Weekly,SMB DIGITAL BACK OFFICE,12-AUG-2026,Wednesday,12-AUG-2026 09:33:47 AM,12-AUG-2026 07:21:47 PM,09:48,Present,SHJ-HRB-L03-D040 LOBBY ENTRY,DXB-HQ-GF-GATE01 EXIT,,
OB60810,PT117610,OMAR IBRAHIM ABDALLA,OUTSOURCE,eMinds,SMB-41984,20085-SMB-SALES-CW41984,48 Hours Weekly,SMB DIGITAL BACK OFFICE,13-AUG-2026,Thursday,,,,Absent,,,Y,
OB60810,PT117610,OMAR IBRAHIM ABDALLA,OUTSOURCE,eMinds,SMB-41984,20085-SMB-SALES-CW41984,48 Hours Weekly,SMB DIGITAL BACK OFFICE,14-AUG-2026,Friday,14-AUG-2026 07:41:42 AM,14-AUG-2026 05:40:42 PM,09:59,Present,AUH-TWR-L01-D002 ENTRY,AUH-TWR-L01-D002 EXIT,,
OB60810,PT117610,OMAR IBRAHIM ABDALLA,OUTSOURCE,eMinds,SMB-41984,20085-SMB-SALES-CW41984,48 Hours Weekly,SMB DIGITAL BACK OFFICE,15-AUG-2026,Saturday,,,,Weekly Off,,,,
OB60810,PT117610,OMAR IBRAHIM ABDALLA,OUTSOURCE,eMinds,SMB-41984,20085-SMB-SALES-CW41984,48 Hours Weekly,SMB DIGITAL BACK OFFICE,16-AUG-2026,Sunday,,,,Weekly Off,,,,
OB60810,PT117610,OMAR IBRAHIM ABDALLA  ,OUTSOURCE,eMinds,SMB-41984,20085-SMB-SALES-CW41984,48 Hours Weekly,SMB DIGITAL BACK OFFICE,17-AUG-2026,Monday,17-AUG-2026 07:54:02 AM,17-AUG-2026 05:40:02 PM,09:46,Present,DXB-HQ-GF-GATE01 ENTRY,SHJ-MSCP-GF-GATE04-TS EXIT EXIT,,
OB60810,PT117610,OMAR IBRAHIM ABDALLA,OUTSOURCE,eMinds,SMB-41984,20085-SMB-SALES-CW41984,48 Hours Weekly,SMB DIGITAL BACK OFFICE,18-AUG-2026,Tuesday,,,,Absent,,,,
OB60810,PT117610,OMAR IBRAHIM ABDALLA,OUTSOURCE,eMinds,SMB-41984,20085-SMB-SALES-CW41984,48 Hours Weekly,SMB DIGITAL BACK OFFICE,19-AUG-2026,Wednesday,19-AUG-2026 07:57:40 AM,19-AUG-2026 06:27:40 PM,10:30,Present,AUH-TWR-L01-D002 ENTRY,DXB-HQ-GF-GATE01 EXIT,,
OB60810,PT117610,OMAR IBRAHIM ABDALLA,OUTSOURCE,eMinds,SMB-41984,20085-SMB-SALES-CW41984,48 Hours Weekly,SMB DIGITAL BACK OFFICE,20-AUG-2026,Thursday,20-AUG-2026 08:19:10 AM,20-AUG-2026 05:37:10 PM,09:18,Present,AUH-TWR-L01-D002 ENTRY,AUH-TWR-L01-D002 EXIT,,
OB60810,PT117610,OMAR IBRAHIM ABDALLA,OUTSOURCE,eMinds,SMB-41984,20085-SMB-SALES-CW41984,48 Hours Weekly,SMB DIGITAL BACK OFFICE,21-AUG-2026,Friday,21-AUG-2026 09:11:14 AM,21-AUG-2026 07:04:14 PM,09:53,Present,DXB-HQ-GF-GATE01 ENTRY,DXB-HQ-GF-GATE01 EXIT,,
OB60810,PT117610,OMAR IBRAHIM ABDALLA,OUTSOURCE,eMinds,SMB-41984,20085-SMB-SALES-CW41984,48 Hours Weekly,SMB DIGITAL BACK OFFICE,22-AUG-2026,Saturday,,,,Weekly Off,,,,
OB60810,PT117610,OMAR IBRAHIM ABDALLA,OUTSOURCE,eMinds,SMB-41984,20085-SMB-SALES-CW41984,48 Hours Weekly,SMB DIGITAL BACK OFFICE,23-AUG-2026,Sunday,,,,Weekly Off,,,,
OB60810,PT117610,OMAR IBRAHIM ABDALLA,OUTSOURCE,eMinds,SMB-41984,20085-SMB-SALES-CW41984,48 Hours Weekly,SMB DIGITAL BACK OFFICE,24-AUG-2026,Monday,24-AUG-2026 08:35:57 AM,24-AUG-2026 07:00:57 PM,10:25,Present,AUH-TWR-L01-D002 ENTRY,SHJ-MSCP-GF-GATE04-TS EXIT EXIT,,
OB60810,PT117610,OMAR IBRAHIM ABDALLA,OUTSOURCE,eMinds,SMB-41984,20085-SMB-SALES-CW41984,48 Hours Weekly,SMB DIGITAL BACK OFFICE,25-AUG-2026,Tuesday,25-AUG-2026 08:25:34 AM,,,Present,DXB-HQ-GF-GATE01 ENTRY,,,
OB60810,PT117610,OMAR IBRAHIM ABDALLA,OUTSOURCE,eMinds,SMB-41984,20085-SMB-SALES-CW41984,48 Hours Weekly,SMB DIGITAL BACK OFFICE,26-AUG-2026,Wednesday,26-AUG-2026 07:28:39 AM,26-AUG-2026 04:54:39 PM,09:26,Present,AUH-TWR-L01-D002 ENTRY,DXB-HQ-GF-GATE01 EXIT,,
OB60810,PT117610,OMAR IBRAHIM ABDALLA,OUTSOURCE,eMinds,SMB-41984,20085-SMB-SALES-CW41984,48 Hours Weekly,SMB DIGITAL BACK OFFICE,27-AUG-2026,Thursday,27-AUG-2026 07:48:48 AM,27-AUG-2026 05:42:48 PM,09:54,Present,DXB-HQ-GF-GATE01 ENTRY,DXB-HQ-GF-GATE01 EXIT,,
OB60810,PT117610,OMAR IBRAHIM ABDALLA,OUTSOURCE,eMinds,SMB-41984,20085-SMB-SALES-CW41984,48 Hours Weekly,SMB DIGITAL BACK OFFICE,28-AUG-2026,Friday,28-AUG-2026 07:20:14 AM,28-AUG-2026 04:02:14 PM,08:42,Present,DXB-HQ-GF-GATE01 ENTRY,DXB-HQ-GF-GATE01 EXIT,,
OB60810,PT117610,OMAR IBRAHIM ABDALLA  ,OUTSOURCE,eMinds,SMB-41984,20085-SMB-SALES-CW41984,48 Hours Weekly,SMB DIGITAL BACK OFFICE,29-AUG-2026,Saturday,,,,Weekly Off,,,,
OB60810,PT117610,OMAR IBRAHIM ABDALLA  ,OUTSOURCE,eMinds,SMB-41984,20085-SMB-SALES-CW41984,48 Hours Weekly,SMB DIGITAL BACK OFFICE,30-AUG-2026,Sunday,,,,Weekly Off,,,,
OB60810,PT117610,OMAR IBRAHIM ABDALLA,OUTSOURCE,eMinds,SMB-41984,20085-SMB-SALES-CW41984,48 Hours Weekly,SMB DIGITAL BACK OFFICE,31-AUG-2026,Monday,31-AUG-2026 07:41:10 AM,31-AUG-2026 04:12:10 PM,08:31,Present,SHJ-HRB-L03-D040 LOBBY ENTRY,DXB-HQ-GF-GATE01 EXIT,,
OB60811,PT117611,FATIMA SAYED MAHMOUD  ,OUTSOURCE,eMinds,SMB-41985,20085-SMB-SALES-CW41985,48 Hours Weekly,SMB-PRIME&BD-KAM-1,01-AUG-2026,Saturday,,,,Weekly Off,,,,
OB60811,PT117611,FATIMA SAYED MAHMOUD,OUTSOURCE,eMinds,SMB-41985,20085-SMB-SALES-CW41985,48 Hours Weekly,SMB-PRIME&BD-KAM-1,02-AUG-2026,Sunday,,,,Weekly Off,,,,
OB60811,PT117611,FATIMA SAYED MAHMOUD,OUTSOURCE,eMinds,SMB-41985,20085-SMB-SALES-CW41985,48 Hours Weekly,SMB-PRIME&BD-KAM-1,03-AUG-2026,Monday,03-AUG-2026 07:09:44 AM,03-AUG-2026 05:02:44 PM,09:53,Present,AUH-TWR-L01-D002 ENTRY,AUH-TWR-L01-D002 EXIT,,
OB60811,PT117611,FATIMA SAYED MAHMOUD  ,OUTSOURCE,eMinds,SMB-41985,20085-SMB-SALES-CW41985,48 Hours Weekly,SMB-PRIME&BD-KAM-1,04-AUG-2026,Tuesday,,,,WFH,,,,
OB60811,PT117611,FATIMA SAYED MAHMOUD,OUTSOURCE,eMinds,SMB-41985,20085-SMB-SALES-CW41985,48 Hours Weekly,SMB-PRIME&BD-KAM-1,05-AUG-2026,Wednesday,05-AUG-2026 07:29:02 AM,05-AUG-2026 04:48:02 PM,09:19,Present,DXB-HQ-GF-GATE01 ENTRY,DXB-HQ-GF-GATE01 EXIT,,
OB60811,PT117611,FATIMA SAYED MAHMOUD,OUTSOURCE,eMinds,SMB-41985,20085-SMB-SALES-CW41985,48 Hours Weekly,SMB-PRIME&BD-KAM-1,06-AUG-2026,Thursday,06-AUG-2026 08:35:38 AM,06-AUG-2026 05:24:38 PM,08:49,Present,DXB-HQ-GF-GATE01 ENTRY,AUH-TWR-L01-D002 EXIT,,
OB60811,PT117611,FATIMA SAYED MAHMOUD,OUTSOURCE,eMinds,SMB-41985,20085-SMB-SALES-CW41985,48 Hours Weekly,SMB-PRIME&BD-KAM-1,07-AUG-2026,Friday,07-AUG-2026 08:55:08 AM,07-AUG-2026 06:15:08 PM,09:20,Present,SHJ-HRB-L03-D040 LOBBY ENTRY,AUH-TWR-L01-D002 EXIT,,
OB60811,PT117611,FATIMA SAYED MAHMOUD,OUTSOURCE,eMinds,SMB-41985,20085-SMB-SALES-CW41985,48 Hours Weekly,SMB-PRIME&BD-KAM-1,08-AUG-2026,Saturday,,,,Weekly Off,,,,
OB60811,PT117611,FATIMA SAYED MAHMOUD,OUTSOURCE,eMinds,SMB-41985,20085-SMB-SALES-CW41985,48 Hours Weekly,SMB-PRIME&BD-KAM-1,09-AUG-2026,Sunday,,,,Weekly Off,,,,
OB60811,PT117611,FATIMA SAYED MAHMOUD,OUTSOURCE,eMinds,SMB-41985,20085-SMB-SALES-CW41985,48 Hours Weekly,SMB-PRIME&BD-KAM-1,10-AUG-2026,Monday,,,,,,,,
OB60811,PT117611,FATIMA SAYED MAHMOUD,OUTSOURCE,eMinds,SMB-41985,20085-SMB-SALES-CW41985,48 Hours Weekly,SMB-PRIME&BD-KAM-1,11-AUG-2026,Tuesday,,,,WFH,,,,
OB60811,PT117611,FATIMA SAYED MAHMOUD,OUTSOURCE,eMinds,SMB-41985,20085-SMB-SALES-CW41985,48 Hours Weekly,SMB-PRIME&BD-KAM-1,12-AUG-2026,Wednesday,,,,Absent,,,,
OB60811,PT117611,FATIMA SAYED MAHMOUD,OUTSOURCE,eMinds,SMB-41985,20085-SMB-SALES-CW41985,48 Hours Weekly,SMB-PRIME&BD-KAM-1,13-AUG-2026,Thursday,13-AUG-2026 08:05:30 AM,13-AUG-2026 05:47:30 PM,09:42,Present,DXB-HQ-GF-GATE01 ENTRY,SHJ-MSCP-GF-GATE04-TS EXIT EXIT,,
OB60811,PT117611,FATIMA SAYED MAHMOUD,OUTSOURCE,eMinds,SMB-41985,20085-SMB-SALES-CW41985,48 Hours Weekly,SMB-PRIME&BD-KAM-1,14-AUG-2026,Friday,14-AUG-2026 08:12:16 AM,14-AUG-2026 04:50:16 PM,08:38,Present,DXB-HQ-GF-GATE01 ENTRY,AUH-TWR-L01-D002 EXIT,,
OB60811,PT117611,FATIMA SAYED MAHMOUD  ,OUTSOURCE,eMinds,SMB-41985,20085-SMB-SALES-CW41985,48 Hours Weekly,SMB-PRIME&BD-KAM-1,15-AUG-2026,Saturday,,,,Weekly Off,,,,
OB60811,PT117611,FATIMA SAYED MAHMOUD,OUTSOURCE,eMinds,SMB-41985,20085-SMB-SALES-CW41985,48 Hours Weekly,SMB-PRIME&BD-KAM-1,16-AUG-2026,Sunday,,,,Weekly Off,,,,
OB60811,PT117611,FATIMA SAYED MAHMOUD,OUTSOURCE,eMinds,SMB-41985,20085-SMB-SALES-CW41985,48 Hours Weekly,SMB-PRIME&BD-KAM-1,17-AUG-2026,Monday,17-AUG-2026 07:20:57 AM,17-AUG-2026 04:36:57 PM,09:16,Present,DXB-HQ-GF-GATE01 ENTRY,AUH-TWR-L01-D002 EXIT,,
OB60811,PT117611,FATIMA SAYED MAHMOUD,OUTSOURCE,eMinds,SMB-41985,20085-SMB-SALES-CW41985,48 Hours Weekly,SMB-PRIME&BD-KAM-1,18-AUG-2026,Tuesday,18-AUG-2026 09:42:07 AM,18-AUG-2026 06:45:07 PM,09:03,Present,SHJ-HRB-L03-D040 LOBBY ENTRY,SHJ-MSCP-GF-GATE04-TS EXIT EXIT,,
OB60811,PT117611,FATIMA SAYED MAHMOUD,OUTSOURCE,eMinds,SMB-41985,20085-SMB-SALES-CW41985,48 Hours Weekly,SMB-PRIME&BD-KAM-1,19-AUG-2026,Wednesday,19-AUG-2026 09:15:57 AM,19-AUG-2026 06:00:57 PM,08:45,Present,SHJ-HRB-L03-D040 LOBBY ENTRY,AUH-TWR-L01-D002 EXIT,,
OB60811,PT117611,FATIMA SAYED MAHMOUD,OUTSOURCE,eMinds,SMB-41985,20085-SMB-SALES-CW41985,48 Hours Weekly,SMB-PRIME&BD-KAM-1,20-AUG-2026,Thursday,20-AUG-2026 07:48:15 AM,20-AUG-2026 06:47:15 PM,10:59,Present,SHJ-HRB-L03-D040 LOBBY ENTRY,SHJ-MSCP-GF-GATE04-TS EXIT EXIT,,
OB60811,PT117611,FATIMA SAYED MAHMOUD  ,OUTSOURCE,eMinds,SMB-41985,20085-SMB-SALES-CW41985,48 Hours Weekly,SMB-PRIME&BD-KAM-1,21-AUG-2026,Friday,21-AUG-2026 07:43:13 AM,21-AUG-2026 06:07:13 PM,10:24,Present,AUH-TWR-L01-D002 ENTRY,AUH-TWR-L01-D002 EXIT,,
OB60811,PT117611,FATIMA SAYED MAHMOUD  ,OUTSOURCE,eMinds,SMB-41985,20085-SMB-SALES-CW41985,48 Hours Weekly,SMB-PRIME&BD-KAM-1,22-AUG-2026,Saturday,,,,Weekly Off,,,,
OB60811,PT117611,FATIMA SAYED MAHMOUD,OUTSOURCE,eMinds,SMB-41985,20085-SMB-SALES-CW41985,48 Hours Weekly,SMB-PRIME&BD-KAM-1,23-AUG-2026,Sunday,,,,Weekly Off,,,,
OB60811,PT117611,FATIMA SAYED MAHMOUD,OUTSOURCE,eMinds,SMB-41985,20085-SMB-SALES-CW41985,48 Hours Weekly,SMB-PRIME&BD-KAM-1,24-AUG-2026,Monday,24-AUG-2026 09:35:25 AM,24-AUG-2026 07:15:25 PM,09:40,Present,AUH-TWR-L01-D002 ENTRY,DXB-HQ-GF-GATE01 EXIT,,
OB60811,PT117611,FATIMA SAYED MAHMOUD,OUTSOURCE,eMinds,SMB-41985,20085-SMB-SALES-CW41985,48 Hours Weekly,SMB-PRIME&BD-KAM-1,25-AUG-2026,Tuesday,25-AUG-2026 07:09:25 AM,25-AUG-2026 04:19:25 PM,09:10,Present,DXB-HQ-GF-GATE01 ENTRY,DXB-HQ-GF-GATE01 EXIT,,
OB60811,PT117611,FATIMA SAYED MAHMOUD,OUTSOURCE,eMinds,SMB-41985,20085-SMB-SALES-CW41985,48 Hours Weekly,SMB-PRIME&BD-KAM-1,26-AUG-2026,Wednesday,26-AUG-2026 09:13:55 AM,26-AUG-2026 06:59:55 PM,09:46,Present,SHJ-HRB-L03-D040 LOBBY ENTRY,SHJ-MSCP-GF-GATE04-TS EXIT EXIT,,
OB60811,PT117611,FATIMA SAYED MAHMOUD,OUTSOURCE,eMinds,SMB-41985,20085-SMB-SALES-CW41985,48 Hours Weekly,SMB-PRIME&BD-KAM-1,27-AUG-2026,Thursday,,,,Annual Leave,,,,
OB60811,PT117611,FATIMA SAYED MAHMOUD  ,OUTSOURCE,eMinds,SMB-41985,20085-SMB-SALES-CW41985,48 Hours Weekly,SMB-PRIME&BD-KAM-1,28-AUG-2026,Friday,28-AUG-2026 08:54:01 AM,28-AUG-2026 07:52:01 PM,10:58,Present,DXB-HQ-GF-GATE01 ENTRY,DXB-HQ-GF-GATE01 EXIT,,
OB60811,PT117611,FATIMA SAYED MAHMOUD  ,OUTSOURCE,eMinds,SMB-41985,20085-SMB-SALES-CW41985,48 Hours Weekly,SMB-PRIME&BD-KAM-1,29-AUG-2026,Saturday,,,,Weekly Off,,,,
OB60811,PT117611,FATIMA SAYED MAHMOUD,OUTSOURCE,eMinds,SMB-41985,20085-SMB-SALES-CW41985,48 Hours Weekly,SMB-PRIME&BD-KAM-1,30-AUG-2026,Sunday,,,,Weekly Off,,,,
OB60811,PT117611,FATIMA SAYED MAHMOUD,OUTSOURCE,eMinds,SMB-41985,20085-SMB-SALES-CW41985,48 Hours Weekly,SMB-PRIME&BD-KAM-1,31-AUG-2026,Monday,31-AUG-2026 08:02:38 AM,31-AUG-2026 05:04:38 PM,09:02,Present,AUH-TWR-L01-D002 ENTRY,AUH-TWR-L01-D002 EXIT,,
OB60812,PT117612,FATIMA ABDALLA ABDALLA,OUTSOURCE,eMinds,CONSUMER-22011,20090-CONS-RETAIL-CW22011,45 Hours Weekly,SMB-GENERAL SHIFT,01-AUG-2026,Saturday,,,,Weekly Off,,,,
OB60812,PT117612,FATIMA ABDALLA ABDALLA,OUTSOURCE,eMinds,CONSUMER-22011,20090-CONS-RETAIL-CW22011,45 Hours Weekly,SMB-GENERAL SHIFT,02-AUG-2026,Sunday,,,,Weekly Off,,,,
OB60812,PT117612,FATIMA ABDALLA ABDALLA,OUTSOURCE,eMinds,CONSUMER-22011,20090-CONS-RETAIL-CW22011,45 Hours Weekly,SMB-GENERAL SHIFT,03-AUG-2026,Monday,03-AUG-2026 08:55:14 AM,03-AUG-2026 05:00:14 PM,08:05,Present,SHJ-HRB-L03-D040 LOBBY ENTRY,DXB-HQ-GF-GATE01 EXIT,,
OB60812,PT117612,FATIMA ABDALLA ABDALLA  ,OUTSOURCE,eMinds,CONSUMER-22011,20090-CONS-RETAIL-CW22011,45 Hours Weekly,SMB-GENERAL SHIFT,04-AUG-2026,Tuesday,04-AUG-2026 07:21:34 AM,04-AUG-2026 04:56:34 PM,09:35,Present,SHJ-HRB-L03-D040 LOBBY ENTRY,DXB-HQ-GF-GATE01 EXIT,,
OB60812,PT117612,FATIMA ABDALLA ABDALLA,OUTSOURCE,eMinds,CONSUMER-22011,20090-CONS-RETAIL-CW22011,45 Hours Weekly,SMB-GENERAL SHIFT,05-AUG-2026,Wednesday,05-AUG-2026 07:07:38 AM,05-AUG-2026 04:09:38 PM,09:02,Present,AUH-TWR-L01-D002 ENTRY,AUH-TWR-L01-D002 EXIT,,
OB60812,PT117612,FATIMA ABDALLA ABDALLA,OUTSOURCE,eMinds,CONSUMER-22011,20090-CONS-RETAIL-CW22011,45 Hours Weekly,SMB-GENERAL SHIFT,06-AUG-2026,Thursday,06-AUG-2026 07:01:20 AM,06-AUG-2026 04:39:20 PM,09:38,Present,DXB-HQ-GF-GATE01 ENTRY,DXB-HQ-GF-GATE01 EXIT,,
OB60812,PT117612,FATIMA ABDALLA ABDALLA,OUTSOURCE,eMinds,CONSUMER-22011,20090-CONS-RETAIL-CW22011,45 Hours Weekly,SMB-GENERAL SHIFT,07-AUG-2026,Friday,07-AUG-2026 08:45:17 AM,07-AUG-2026 06:15:17 PM,09:30,Present,SHJ-HRB-L03-D040 LOBBY ENTRY,AUH-TWR-L01-D002 EXIT,,
OB60812,PT117612,FATIMA ABDALLA ABDALLA,OUTSOURCE,eMinds,CONSUMER-22011,20090-CONS-RETAIL-CW22011,45 Hours Weekly,SMB-GENERAL SHIFT,08-AUG-2026,Saturday,,,,Weekly Off,,,,
OB60812,PT117612,FATIMA ABDALLA ABDALLA,OUTSOURCE,eMinds,CONSUMER-22011,20090-CONS-RETAIL-CW22011,45 Hours Weekly,SMB-GENERAL SHIFT,09-AUG-2026,Sunday,,,,Weekly Off,,,,
OB60812,PT117612,FATIMA ABDALLA ABDALLA  ,OUTSOURCE,eMinds,CONSUMER-22011,20090-CONS-RETAIL-CW22011,45 Hours Weekly,SMB-GENERAL SHIFT,10-AUG-2026,Monday,10-AUG-2026 07:05:28 AM,10-AUG-2026 03:23:28 PM,08:18,Present,AUH-TWR-L01-D002 ENTRY,AUH-TWR-L01-D002 EXIT,,
OB60812,PT117612,FATIMA ABDALLA ABDALLA,OUTSOURCE,eMinds,CONSUMER-22011,20090-CONS-RETAIL-CW22011,45 Hours Weekly,SMB-GENERAL SHIFT,11-AUG-2026,Tuesday,11-AUG-2026 07:36:17 AM,11-AUG-2026 05:32:17 PM,09:56,Present,DXB-HQ-GF-GATE01 ENTRY,SHJ-MSCP-GF-GATE04-TS EXIT EXIT,,
OB60812,PT117612,FATIMA ABDALLA ABDALLA,OUTSOURCE,eMinds,CONSUMER-22011,20090-CONS-RETAIL-CW22011,45 Hours Weekly,SMB-GENERAL SHIFT,12-AUG-2026,Wednesday,12-AUG-2026 07:15:20 AM,12-AUG-2026 05:39:20 PM,10:24,Present,SHJ-HRB-L03-D040 LOBBY ENTRY,SHJ-MSCP-GF-GATE04-TS EXIT EXIT,,
OB60812,PT117612,FATIMA ABDALLA ABDALLA,OUTSOURCE,eMinds,CONSUMER-22011,20090-CONS-RETAIL-CW22011,45 Hours Weekly,SMB-GENERAL SHIFT,13-AUG-2026,Thursday,13-AUG-2026 07:47:34 AM,13-AUG-2026 04:48:34 PM,09:01,Present,AUH-TWR-L01-D002 ENTRY,DXB-HQ-GF-GATE01 EXIT,,
OB60812,PT117612,FATIMA ABDALLA ABDALLA,OUTSOURCE,eMinds,CONSUMER-22011,20090-CONS-RETAIL-CW22011,45 Hours Weekly,SMB-GENERAL SHIFT,14-AUG-2026,Friday,,,,Absent,,,N,
OB60812,PT117612,FATIMA ABDALLA ABDALLA  ,OUTSOURCE,eMinds,CONSUMER-22011,20090-CONS-RETAIL-CW22011,45 Hours Weekly,SMB-GENERAL SHIFT,15-AUG-2026,Saturday,,,,Weekly Off,,,,
OB60812,PT117612,FATIMA ABDALLA ABDALLA,OUTSOURCE,eMinds,CONSUMER-22011,20090-CONS-RETAIL-CW22011,45 Hours Weekly,SMB-GENERAL SHIFT,16-AUG-2026,Sunday,,,,Weekly Off,,,,
OB60812,PT117612,FATIMA ABDALLA ABDALLA  ,OUTSOURCE,eMinds,CONSUMER-22011,20090-CONS-RETAIL-CW22011,45 Hours Weekly,SMB-GENERAL SHIFT,17-AUG-2026,Monday,,,,Annual Leave,,,,
OB60812,PT117612,FATIMA ABDALLA ABDALLA,OUTSOURCE,eMinds,CONSUMER-22011,20090-CONS-RETAIL-CW22011,45 Hours Weekly,SMB-GENERAL SHIFT,18-AUG-2026,Tuesday,18-AUG-2026 08:53:00 AM,18-AUG-2026 05:55:00 PM,09:02,Present,AUH-TWR-L01-D002 ENTRY,SHJ-MSCP-GF-GATE04-TS EXIT EXIT,,
OB60812,PT117612,FATIMA ABDALLA ABDALLA  ,OUTSOURCE,eMinds,CONSUMER-22011,20090-CONS-RETAIL-CW22011,45 Hours Weekly,SMB-GENERAL SHIFT,19-AUG-2026,Wednesday,19-AUG-2026 08:17:53 AM,19-AUG-2026 04:56:53 PM,08:39,Present,SHJ-HRB-L03-D040 LOBBY ENTRY,AUH-TWR-L01-D002 EXIT,,
OB60812,PT117612,FATIMA ABDALLA ABDALLA,OUTSOURCE,eMinds,CONSUMER-22011,20090-CONS-RETAIL-CW22011,45 Hours Weekly,SMB-GENERAL SHIFT,20-AUG-2026,Thursday,,,,Annual Leave,,,,
OB60812,PT117612,FATIMA ABDALLA ABDALLA,OUTSOURCE,eMinds,CONSUMER-22011,20090-CONS-RETAIL-CW22011,45 Hours Weekly,SMB-GENERAL SHIFT,21-AUG-2026,Friday,,,,Annual Leave,,,,
OB60812,PT117612,FATIMA ABDALLA ABDALLA  ,OUTSOURCE,eMinds,CONSUMER-22011,20090-CONS-RETAIL-CW22011,45 Hours Weekly,SMB-GENERAL SHIFT,22-AUG-2026,Saturday,,,,Weekly Off,,,,
OB60812,PT117612,FATIMA ABDALLA ABDALLA  ,OUTSOURCE,eMinds,CONSUMER-22011,20090-CONS-RETAIL-CW22011,45 Hours Weekly,SMB-GENERAL SHIFT,23-AUG-2026,Sunday,,,,Weekly Off,,,,
OB60812,PT117612,FATIMA ABDALLA ABDALLA,OUTSOURCE,eMinds,CONSUMER-22011,20090-CONS-RETAIL-CW22011,45 Hours Weekly,SMB-GENERAL SHIFT,24-AUG-2026,Monday,24-AUG-2026 08:10:44 AM,24-AUG-2026 05:59:44 PM,09:49,Present,AUH-TWR-L01-D002 ENTRY,DXB-HQ-GF-GATE01 EXIT,,
OB60812,PT117612,FATIMA ABDALLA ABDALLA  ,OUTSOURCE,eMinds,CONSUMER-22011,20090-CONS-RETAIL-CW22011,45 Hours Weekly,SMB-GENERAL SHIFT,25-AUG-2026,Tuesday,25-AUG-2026 08:14:54 AM,25-AUG-2026 04:50:54 PM,08:36,Present,DXB-HQ-GF-GATE01 ENTRY,SHJ-MSCP-GF-GATE04-TS EXIT EXIT,,
OB60812,PT117612,FATIMA ABDALLA ABDALLA  ,OUTSOURCE,eMinds,CONSUMER-22011,20090-CONS-RETAIL-CW22011,45 Hours Weekly,SMB-GENERAL SHIFT,26-AUG-2026,Wednesday,,,,Sick Leave,,,,
OB60812,PT117612,FATIMA ABDALLA ABDALLA,OUTSOURCE,eMinds,CONSUMER-22011,20090-CONS-RETAIL-CW22011,45 Hours Weekly,SMB-GENERAL SHIFT,27-AUG-2026,Thursday,27-AUG-2026 08:22:58 AM,27-AUG-2026 06:21:58 PM,09:59,Present,DXB-HQ-GF-GATE01 ENTRY,AUH-TWR-L01-D002 EXIT,,
OB60812,PT117612,FATIMA ABDALLA ABDALLA,OUTSOURCE,eMinds,CONSUMER-22011,20090-CONS-RETAIL-CW22011,45 Hours Weekly,SMB-GENERAL SHIFT,28-AUG-2026,Friday,28-AUG-2026 07:02:20 AM,28-AUG-2026 04:49:20 PM,09:47,Present,AUH-TWR-L01-D002 ENTRY,DXB-HQ-GF-GATE01 EXIT,,
OB60812,PT117612,FATIMA ABDALLA ABDALLA,OUTSOURCE,eMinds,CONSUMER-22011,20090-CONS-RETAIL-CW22011,45 Hours Weekly,SMB-GENERAL SHIFT,29-AUG-2026,Saturday,,,,Weekly Off,,,,
OB60812,PT117612,FATIMA ABDALLA ABDALLA,OUTSOURCE,eMinds,CONSUMER-22011,20090-CONS-RETAIL-CW22011,45 Hours Weekly,SMB-GENERAL SHIFT,30-AUG-2026,Sunday,,,,Weekly Off,,,,
OB60812,PT117612,FATIMA ABDALLA ABDALLA,OUTSOURCE,eMinds,CONSUMER-22011,20090-CONS-RETAIL-CW22011,45 Hours Weekly,SMB-GENERAL SHIFT,31-AUG-2026,Monday,31-AUG-2026 09:01:40 AM,31-AUG-2026 07:08:40 PM,10:07,Present,DXB-HQ-GF-GATE01 ENTRY,AUH-TWR-L01-D002 EXIT,,
OB60813,PT117613,MARIAM MOHSEN SAMIR,OUTSOURCE,Etisalat Services,ENTERPRISE-30510,20110-ENT-SUPPORT-CW30510,40 Hours Weekly,SMB-Elite Business,01-AUG-2026,Saturday,,,,Weekly Off,,,,
OB60813,PT117613,MARIAM MOHSEN SAMIR,OUTSOURCE,Etisalat Services,ENTERPRISE-30510,20110-ENT-SUPPORT-CW30510,40 Hours Weekly,SMB-Elite Business,02-AUG-2026,Sunday,,,,Weekly Off,,,,
OB60813,PT117613,MARIAM MOHSEN SAMIR  ,OUTSOURCE,Etisalat Services,ENTERPRISE-30510,20110-ENT-SUPPORT-CW30510,40 Hours Weekly,SMB-Elite Business,03-AUG-2026,Monday,03-AUG-2026 08:48:21 AM,03-AUG-2026 06:13:21 PM,09:25,Present,AUH-TWR-L01-D002 ENTRY,DXB-HQ-GF-GATE01 EXIT,,
OB60813,PT117613,MARIAM MOHSEN SAMIR,OUTSOURCE,Etisalat Services,ENTERPRISE-30510,20110-ENT-SUPPORT-CW30510,40 Hours Weekly,SMB-Elite Business,04-AUG-2026,Tuesday,04-AUG-2026 08:39:31 AM,04-AUG-2026 04:59:31 PM,08:20,Present,SHJ-HRB-L03-D040 LOBBY ENTRY,DXB-HQ-GF-GATE01 EXIT,,
OB60813,PT117613,MARIAM MOHSEN SAMIR,OUTSOURCE,Etisalat Services,ENTERPRISE-30510,20110-ENT-SUPPORT-CW30510,40 Hours Weekly,SMB-Elite Business,05-AUG-2026,Wednesday,05-AUG-2026 08:53:08 AM,05-AUG-2026 06:27:08 PM,09:34,Present,DXB-HQ-GF-GATE01 ENTRY,DXB-HQ-GF-GATE01 EXIT,,
OB60813,PT117613,MARIAM MOHSEN SAMIR,OUTSOURCE,Etisalat Services,ENTERPRISE-30510,20110-ENT-SUPPORT-CW30510,40 Hours Weekly,SMB-Elite Business,06-AUG-2026,Thursday,06-AUG-2026 07:48:26 AM,06-AUG-2026 04:49:26 PM,09:01,Present,SHJ-HRB-L03-D040 LOBBY ENTRY,DXB-HQ-GF-GATE01 EXIT,,
OB60813,PT117613,MARIAM MOHSEN SAMIR,OUTSOURCE,Etisalat Services,ENTERPRISE-30510,20110-ENT-SUPPORT-CW30510,40 Hours Weekly,SMB-Elite Business,07-AUG-2026,Friday,07-AUG-2026 07:04:23 AM,,,Present,AUH-TWR-L01-D002 ENTRY,,,
OB60813,PT117613,MARIAM MOHSEN SAMIR,OUTSOURCE,Etisalat Services,ENTERPRISE-30510,20110-ENT-SUPPORT-CW30510,40 Hours Weekly,SMB-Elite Business,08-AUG-2026,Saturday,,,,Weekly Off,,,,
OB60813,PT117613,MARIAM MOHSEN SAMIR,OUTSOURCE,Etisalat Services,ENTERPRISE-30510,20110-ENT-SUPPORT-CW30510,40 Hours Weekly,SMB-Elite Business,09-AUG-2026,Sunday,,,,Weekly Off,,,,
OB60813,PT117613,MARIAM MOHSEN SAMIR,OUTSOURCE,Etisalat Services,ENTERPRISE-30510,20110-ENT-SUPPORT-CW30510,40 Hours Weekly,SMB-Elite Business,10-AUG-2026,Monday,10-AUG-2026 07:20:27 AM,10-AUG-2026 03:42:27 PM,08:22,Present,DXB-HQ-GF-GATE01 ENTRY,SHJ-MSCP-GF-GATE04-TS EXIT EXIT,,
OB60813,PT117613,MARIAM MOHSEN SAMIR,OUTSOURCE,Etisalat Services,ENTERPRISE-30510,20110-ENT-SUPPORT-CW30510,40 Hours Weekly,SMB-Elite Business,11-AUG-2026,Tuesday,11-AUG-2026 08:04:13 AM,11-AUG-2026 05:41:13 PM,09:37,Present,DXB-HQ-GF-GATE01 ENTRY,SHJ-MSCP-GF-GATE04-TS EXIT EXIT,,
OB60813,PT117613,MARIAM MOHSEN SAMIR,OUTSOURCE,Etisalat Services,ENTERPRISE-30510,20110-ENT-SUPPORT-CW30510,40 Hours Weekly,SMB-Elite Business,12-AUG-2026,Wednesday,12-AUG-2026 08:46:47 AM,12-AUG-2026 05:59:47 PM,09:13,Present,AUH-TWR-L01-D002 ENTRY,DXB-HQ-GF-GATE01 EXIT,,
OB60813,PT117613,MARIAM MOHSEN SAMIR  ,OUTSOURCE,Etisalat Services,ENTERPRISE-30510,20110-ENT-SUPPORT-CW30510,40 Hours Weekly,SMB-Elite Business,13-AUG-2026,Thursday,13-AUG-2026 08:46:29 AM,13-AUG-2026 05:22:29 PM,08:36,Present,AUH-TWR-L01-D002 ENTRY,AUH-TWR-L01-D002 EXIT,,
OB60813,PT117613,MARIAM MOHSEN SAMIR,OUTSOURCE,Etisalat Services,ENTERPRISE-30510,20110-ENT-SUPPORT-CW30510,40 Hours Weekly,SMB-Elite Business,14-AUG-2026,Friday,14-AUG-2026 09:25:27 AM,14-AUG-2026 07:19:27 PM,09:54,Present,DXB-HQ-GF-GATE01 ENTRY,DXB-HQ-GF-GATE01 EXIT,,
OB60813,PT117613,MARIAM MOHSEN SAMIR,OUTSOURCE,Etisalat Services,ENTERPRISE-30510,20110-ENT-SUPPORT-CW30510,40 Hours Weekly,SMB-Elite Business,15-AUG-2026,Saturday,,,,Weekly Off,,,,
OB60813,PT117613,MARIAM MOHSEN SAMIR  ,OUTSOURCE,Etisalat Services,ENTERPRISE-30510,20110-ENT-SUPPORT-CW30510,40 Hours Weekly,SMB-Elite Business,16-AUG-2026,Sunday,,,,Weekly Off,,,,
OB60813,PT117613,MARIAM MOHSEN SAMIR,OUTSOURCE,Etisalat Services,ENTERPRISE-30510,20110-ENT-SUPPORT-CW30510,40 Hours Weekly,SMB-Elite Business,17-AUG-2026,Monday,17-AUG-2026 08:45:38 AM,17-AUG-2026 06:01:38 PM,09:16,Present,DXB-HQ-GF-GATE01 ENTRY,AUH-TWR-L01-D002 EXIT,,
OB60813,PT117613,MARIAM MOHSEN SAMIR,OUTSOURCE,Etisalat Services,ENTERPRISE-30510,20110-ENT-SUPPORT-CW30510,40 Hours Weekly,SMB-Elite Business,18-AUG-2026,Tuesday,18-AUG-2026 08:43:29 AM,18-AUG-2026 05:32:29 PM,08:49,Present,AUH-TWR-L01-D002 ENTRY,AUH-TWR-L01-D002 EXIT,,
OB60813,PT117613,MARIAM MOHSEN SAMIR,OUTSOURCE,Etisalat Services,ENTERPRISE-30510,20110-ENT-SUPPORT-CW30510,40 Hours Weekly,SMB-Elite Business,19-AUG-2026,Wednesday,19-AUG-2026 08:51:46 AM,19-AUG-2026 05:25:46 PM,08:34,Present,AUH-TWR-L01-D002 ENTRY,SHJ-MSCP-GF-GATE04-TS EXIT EXIT,,
OB60813,PT117613,MARIAM MOHSEN SAMIR,OUTSOURCE,Etisalat Services,ENTERPRISE-30510,20110-ENT-SUPPORT-CW30510,40 Hours Weekly,SMB-Elite Business,20-AUG-2026,Thursday,20-AUG-2026 07:01:38 AM,20-AUG-2026 04:28:38 PM,09:27,Present,SHJ-HRB-L03-D040 LOBBY ENTRY,AUH-TWR-L01-D002 EXIT,,
OB60813,PT117613,MARIAM MOHSEN SAMIR,OUTSOURCE,Etisalat Services,ENTERPRISE-30510,20110-ENT-SUPPORT-CW30510,40 Hours Weekly,SMB-Elite Business,21-AUG-2026,Friday,21-AUG-2026 08:13:50 AM,21-AUG-2026 05:26:50 PM,09:13,Present,DXB-HQ-GF-GATE01 ENTRY,DXB-HQ-GF-GATE01 EXIT,,
OB60813,PT117613,MARIAM MOHSEN SAMIR  ,OUTSOURCE,Etisalat Services,ENTERPRISE-30510,20110-ENT-SUPPORT-CW30510,40 Hours Weekly,SMB-Elite Business,22-AUG-2026,Saturday,,,,Weekly Off,,,,
OB60813,PT117613,MARIAM MOHSEN SAMIR,OUTSOURCE,Etisalat Services,ENTERPRISE-30510,20110-ENT-SUPPORT-CW30510,40 Hours Weekly,SMB-Elite Business,23-AUG-2026,Sunday,,,,Weekly Off,,,,
OB60813,PT117613,MARIAM MOHSEN SAMIR,OUTSOURCE,Etisalat Services,ENTERPRISE-30510,20110-ENT-SUPPORT-CW30510,40 Hours Weekly,SMB-Elite Business,24-AUG-2026,Monday,24-AUG-2026 08:15:48 AM,24-AUG-2026 06:07:48 PM,09:52,Present,DXB-HQ-GF-GATE01 ENTRY,DXB-HQ-GF-GATE01 EXIT,,
OB60813,PT117613,MARIAM MOHSEN SAMIR,OUTSOURCE,Etisalat Services,ENTERPRISE-30510,20110-ENT-SUPPORT-CW30510,40 Hours Weekly,SMB-Elite Business,25-AUG-2026,Tuesday,25-AUG-2026 09:41:11 AM,25-AUG-2026 06:51:11 PM,09:10,Present,AUH-TWR-L01-D002 ENTRY,AUH-TWR-L01-D002 EXIT,,
OB60813,PT117613,MARIAM MOHSEN SAMIR,OUTSOURCE,Etisalat Services,ENTERPRISE-30510,20110-ENT-SUPPORT-CW30510,40 Hours Weekly,SMB-Elite Business,26-AUG-2026,Wednesday,26-AUG-2026 09:55:21 AM,26-AUG-2026 06:57:21 PM,09:02,Present,SHJ-HRB-L03-D040 LOBBY ENTRY,AUH-TWR-L01-D002 EXIT,,
OB60813,PT117613,MARIAM MOHSEN SAMIR,OUTSOURCE,Etisalat Services,ENTERPRISE-30510,20110-ENT-SUPPORT-CW30510,40 Hours Weekly,SMB-Elite Business,27-AUG-2026,Thursday,27-AUG-2026 07:04:27 AM,27-AUG-2026 05:16:27 PM,10:12,Present,AUH-TWR-L01-D002 ENTRY,DXB-HQ-GF-GATE01 EXIT,,
OB60813,PT117613,MARIAM MOHSEN SAMIR  ,OUTSOURCE,Etisalat Services,ENTERPRISE-30510,20110-ENT-SUPPORT-CW30510,40 Hours Weekly,SMB-Elite Business,28-AUG-2026,Friday,28-AUG-2026 07:19:31 AM,28-AUG-2026 03:57:31 PM,08:38,Present,AUH-TWR-L01-D002 ENTRY,SHJ-MSCP-GF-GATE04-TS EXIT EXIT,,
OB60813,PT117613,MARIAM MOHSEN SAMIR,OUTSOURCE,Etisalat Services,ENTERPRISE-30510,20110-ENT-SUPPORT-CW30510,40 Hours Weekly,SMB-Elite Business,29-AUG-2026,Saturday,,,,Weekly Off,,,,
OB60813,PT117613,MARIAM MOHSEN SAMIR,OUTSOURCE,Etisalat Services,ENTERPRISE-30510,20110-ENT-SUPPORT-CW30510,40 Hours Weekly,SMB-Elite Business,30-AUG-2026,Sunday,,,,Weekly Off,,,,
OB60813,PT117613,MARIAM MOHSEN SAMIR,OUTSOURCE,Etisalat Services,ENTERPRISE-30510,20110-ENT-SUPPORT-CW30510,40 Hours Weekly,SMB-Elite Business,31-AUG-2026,Monday,31-AUG-2026 07:21:53 AM,31-AUG-2026 05:05:53 PM,09:44,Present,SHJ-HRB-L03-D040 LOBBY ENTRY,DXB-HQ-GF-GATE01 EXIT,,
OB60814,PT117614,HASSAN FAWZY SAYED,OUTSOURCE,Etisalat Services,ENTERPRISE-30511,20110-ENT-SUPPORT-CW30511,40 Hours Weekly,SMB-CCC & SOHO,01-AUG-2026,Saturday,,,,Weekly Off,,,,
OB60814,PT117614,HASSAN FAWZY SAYED,OUTSOURCE,Etisalat Services,ENTERPRISE-30511,20110-ENT-SUPPORT-CW30511,40 Hours Weekly,SMB-CCC & SOHO,02-AUG-2026,Sunday,,,,Weekly Off,,,,
OB60814,PT117614,HASSAN FAWZY SAYED,OUTSOURCE,Etisalat Services,ENTERPRISE-30511,20110-ENT-SUPPORT-CW30511,40 Hours Weekly,SMB-CCC & SOHO,03-AUG-2026,Monday,03-AUG-2026 07:12:35 AM,,,Present,DXB-HQ-GF-GATE01 ENTRY,,,
OB60814,PT117614,HASSAN FAWZY SAYED,OUTSOURCE,Etisalat Services,ENTERPRISE-30511,20110-ENT-SUPPORT-CW30511,40 Hours Weekly,SMB-CCC & SOHO,04-AUG-2026,Tuesday,04-AUG-2026 07:13:43 AM,04-AUG-2026 04:24:43 PM,09:11,Present,AUH-TWR-L01-D002 ENTRY,AUH-TWR-L01-D002 EXIT,,
OB60814,PT117614,HASSAN FAWZY SAYED,OUTSOURCE,Etisalat Services,ENTERPRISE-30511,20110-ENT-SUPPORT-CW30511,40 Hours Weekly,SMB-CCC & SOHO,05-AUG-2026,Wednesday,05-AUG-2026 07:31:28 AM,05-AUG-2026 05:00:28 PM,09:29,Present,DXB-HQ-GF-GATE01 ENTRY,AUH-TWR-L01-D002 EXIT,,
OB60814,PT117614,HASSAN FAWZY SAYED,OUTSOURCE,Etisalat Services,ENTERPRISE-30511,20110-ENT-SUPPORT-CW30511,40 Hours Weekly,SMB-CCC & SOHO,06-AUG-2026,Thursday,06-AUG-2026 07:25:25 AM,06-AUG-2026 05:11:25 PM,09:46,Present,DXB-HQ-GF-GATE01 ENTRY,SHJ-MSCP-GF-GATE04-TS EXIT EXIT,,
OB60814,PT117614,HASSAN FAWZY SAYED,OUTSOURCE,Etisalat Services,ENTERPRISE-30511,20110-ENT-SUPPORT-CW30511,40 Hours Weekly,SMB-CCC & SOHO,07-AUG-2026,Friday,,07-AUG-2026 05:54:15 PM,,Present,,SHJ-MSCP-GF-GATE04-TS EXIT EXIT,,
OB60814,PT117614,HASSAN FAWZY SAYED,OUTSOURCE,Etisalat Services,ENTERPRISE-30511,20110-ENT-SUPPORT-CW30511,40 Hours Weekly,SMB-CCC & SOHO,08-AUG-2026,Saturday,,,,Weekly Off,,,,
OB60814,PT117614,HASSAN FAWZY SAYED,OUTSOURCE,Etisalat Services,ENTERPRISE-30511,20110-ENT-SUPPORT-CW30511,40 Hours Weekly,SMB-CCC & SOHO,09-AUG-2026,Sunday,,,,Weekly Off,,,,
OB60814,PT117614,HASSAN FAWZY SAYED,OUTSOURCE,Etisalat Services,ENTERPRISE-30511,20110-ENT-SUPPORT-CW30511,40 Hours Weekly,SMB-CCC & SOHO,10-AUG-2026,Monday,10-AUG-2026 08:05:46 AM,10-AUG-2026 04:45:46 PM,08:40,Present,AUH-TWR-L01-D002 ENTRY,SHJ-MSCP-GF-GATE04-TS EXIT EXIT,,
OB60814,PT117614,HASSAN FAWZY SAYED,OUTSOURCE,Etisalat Services,ENTERPRISE-30511,20110-ENT-SUPPORT-CW30511,40 Hours Weekly,SMB-CCC & SOHO,11-AUG-2026,Tuesday,11-AUG-2026 08:17:01 AM,11-AUG-2026 05:47:01 PM,09:30,Present,SHJ-HRB-L03-D040 LOBBY ENTRY,DXB-HQ-GF-GATE01 EXIT,,
OB60814,PT117614,HASSAN FAWZY SAYED,OUTSOURCE,Etisalat Services,ENTERPRISE-30511,20110-ENT-SUPPORT-CW30511,40 Hours Weekly,SMB-CCC & SOHO,12-AUG-2026,Wednesday,12-AUG-2026 07:23:36 AM,12-AUG-2026 04:16:36 PM,08:53,Present,SHJ-HRB-L03-D040 LOBBY ENTRY,SHJ-MSCP-GF-GATE04-TS EXIT EXIT,,
OB60814,PT117614,HASSAN FAWZY SAYED,OUTSOURCE,Etisalat Services,ENTERPRISE-30511,20110-ENT-SUPPORT-CW30511,40 Hours Weekly,SMB-CCC & SOHO,13-AUG-2026,Thursday,13-AUG-2026 08:12:51 AM,13-AUG-2026 06:54:51 PM,10:42,Present,DXB-HQ-GF-GATE01 ENTRY,DXB-HQ-GF-GATE01 EXIT,,
OB60814,PT117614,HASSAN FAWZY SAYED,OUTSOURCE,Etisalat Services,ENTERPRISE-30511,20110-ENT-SUPPORT-CW30511,40 Hours Weekly,SMB-CCC & SOHO,14-AUG-2026,Friday,14-AUG-2026 07:18:36 AM,14-AUG-2026 04:35:36 PM,09:17,Present,AUH-TWR-L01-D002 ENTRY,SHJ-MSCP-GF-GATE04-TS EXIT EXIT,,
OB60814,PT117614,HASSAN FAWZY SAYED  ,OUTSOURCE,Etisalat Services,ENTERPRISE-30511,20110-ENT-SUPPORT-CW30511,40 Hours Weekly,SMB-CCC & SOHO,15-AUG-2026,Saturday,,,,Weekly Off,,,,
OB60814,PT117614,HASSAN FAWZY SAYED,OUTSOURCE,Etisalat Services,ENTERPRISE-30511,20110-ENT-SUPPORT-CW30511,40 Hours Weekly,SMB-CCC & SOHO,16-AUG-2026,Sunday,,,,Weekly Off,,,,
OB60814,PT117614,HASSAN FAWZY SAYED,OUTSOURCE,Etisalat Services,ENTERPRISE-30511,20110-ENT-SUPPORT-CW30511,40 Hours Weekly,SMB-CCC & SOHO,17-AUG-2026,Monday,17-AUG-2026 09:43:31 AM,17-AUG-2026 08:36:31 PM,10:53,Present,AUH-TWR-L01-D002 ENTRY,SHJ-MSCP-GF-GATE04-TS EXIT EXIT,,
OB60814,PT117614,HASSAN FAWZY SAYED,OUTSOURCE,Etisalat Services,ENTERPRISE-30511,20110-ENT-SUPPORT-CW30511,40 Hours Weekly,SMB-CCC & SOHO,18-AUG-2026,Tuesday,18-AUG-2026 09:27:02 AM,18-AUG-2026 08:14:02 PM,10:47,Present,DXB-HQ-GF-GATE01 ENTRY,SHJ-MSCP-GF-GATE04-TS EXIT EXIT,,
OB60814,PT117614,HASSAN FAWZY SAYED,OUTSOURCE,Etisalat Services,ENTERPRISE-30511,20110-ENT-SUPPORT-CW30511,40 Hours Weekly,SMB-CCC & SOHO,19-AUG-2026,Wednesday,19-AUG-2026 09:44:51 AM,19-AUG-2026 06:53:51 PM,09:09,Present,DXB-HQ-GF-GATE01 ENTRY,DXB-HQ-GF-GATE01 EXIT,,
OB60814,PT117614,HASSAN FAWZY SAYED  ,OUTSOURCE,Etisalat Services,ENTERPRISE-30511,20110-ENT-SUPPORT-CW30511,40 Hours Weekly,SMB-CCC & SOHO,20-AUG-2026,Thursday,20-AUG-2026 07:47:14 AM,20-AUG-2026 06:03:14 PM,10:16,Present,SHJ-HRB-L03-D040 LOBBY ENTRY,SHJ-MSCP-GF-GATE04-TS EXIT EXIT,,
OB60814,PT117614,HASSAN FAWZY SAYED,OUTSOURCE,Etisalat Services,ENTERPRISE-30511,20110-ENT-SUPPORT-CW30511,40 Hours Weekly,SMB-CCC & SOHO,21-AUG-2026,Friday,21-AUG-2026 09:45:59 AM,21-AUG-2026 08:36:59 PM,10:51,Present,SHJ-HRB-L03-D040 LOBBY ENTRY,DXB-HQ-GF-GATE01 EXIT,,
OB60814,PT117614,HASSAN FAWZY SAYED,OUTSOURCE,Etisalat Services,ENTERPRISE-30511,20110-ENT-SUPPORT-CW30511,40 Hours Weekly,SMB-CCC & SOHO,22-AUG-2026,Saturday,,,,Weekly Off,,,,
OB60814,PT117614,HASSAN FAWZY SAYED,OUTSOURCE,Etisalat Services,ENTERPRISE-30511,20110-ENT-SUPPORT-CW30511,40 Hours Weekly,SMB-CCC & SOHO,23-AUG-2026,Sunday,,,,Weekly Off,,,,
OB60814,PT117614,HASSAN FAWZY SAYED,OUTSOURCE,Etisalat Services,ENTERPRISE-30511,20110-ENT-SUPPORT-CW30511,40 Hours Weekly,SMB-CCC & SOHO,24-AUG-2026,Monday,24-AUG-2026 08:01:00 AM,24-AUG-2026 04:12:00 PM,08:11,Present,AUH-TWR-L01-D002 ENTRY,SHJ-MSCP-GF-GATE04-TS EXIT EXIT,,
OB60814,PT117614,HASSAN FAWZY SAYED,OUTSOURCE,Etisalat Services,ENTERPRISE-30511,20110-ENT-SUPPORT-CW30511,40 Hours Weekly,SMB-CCC & SOHO,25-AUG-2026,Tuesday,25-AUG-2026 07:52:37 AM,25-AUG-2026 06:37:37 PM,10:45,Present,DXB-HQ-GF-GATE01 ENTRY,SHJ-MSCP-GF-GATE04-TS EXIT EXIT,,
OB60814,PT117614,HASSAN FAWZY SAYED,OUTSOURCE,Etisalat Services,ENTERPRISE-30511,20110-ENT-SUPPORT-CW30511,40 Hours Weekly,SMB-CCC & SOHO,26-AUG-2026,Wednesday,26-AUG-2026 07:21:25 AM,26-AUG-2026 05:08:25 PM,09:47,Present,AUH-TWR-L01-D002 ENTRY,AUH-TWR-L01-D002 EXIT,,
OB60814,PT117614,HASSAN FAWZY SAYED,OUTSOURCE,Etisalat Services,ENTERPRISE-30511,20110-ENT-SUPPORT-CW30511,40 Hours Weekly,SMB-CCC & SOHO,27-AUG-2026,Thursday,27-AUG-2026 07:13:28 AM,27-AUG-2026 05:54:28 PM,10:41,Present,DXB-HQ-GF-GATE01 ENTRY,AUH-TWR-L01-D002 EXIT,,
OB60814,PT117614,HASSAN FAWZY SAYED  ,OUTSOURCE,Etisalat Services,ENTERPRISE-30511,20110-ENT-SUPPORT-CW30511,40 Hours Weekly,SMB-CCC & SOHO,28-AUG-2026,Friday,28-AUG-2026 08:04:24 AM,28-AUG-2026 06:07:24 PM,10:03,Present,AUH-TWR-L01-D002 ENTRY,SHJ-MSCP-GF-GATE04-TS EXIT EXIT,,
OB60814,PT117614,HASSAN FAWZY SAYED,OUTSOURCE,Etisalat Services,ENTERPRISE-30511,20110-ENT-SUPPORT-CW30511,40 Hours Weekly,SMB-CCC & SOHO,29-AUG-2026,Saturday,,,,Weekly Off,,,,
OB60814,PT117614,HASSAN FAWZY SAYED,OUTSOURCE,Etisalat Services,ENTERPRISE-30511,20110-ENT-SUPPORT-CW30511,40 Hours Weekly,SMB-CCC & SOHO,30-AUG-2026,Sunday,,,,Weekly Off,,,,
OB60814,PT117614,HASSAN FAWZY SAYED,OUTSOURCE,Etisalat Services,ENTERPRISE-30511,20110-ENT-SUPPORT-CW30511,40 Hours Weekly,SMB-CCC & SOHO,31-AUG-2026,Monday,31-AUG-2026 08:19:29 AM,31-AUG-2026 06:57:29 PM,10:38,Present,DXB-HQ-GF-GATE01 ENTRY,DXB-HQ-GF-GATE01 EXIT,,
OB60815,PT117615,TAREK SAYED FAWZY  ,OUTSOURCE,eMinds,SMB-41984,20085-SMB-SALES-CW41984,48 Hours Weekly,SMB DIGITAL BACK OFFICE,01-AUG-2026,Saturday,,,,Weekly Off,,,,
OB60815,PT117615,TAREK SAYED FAWZY,OUTSOURCE,eMinds,SMB-41984,20085-SMB-SALES-CW41984,48 Hours Weekly,SMB DIGITAL BACK OFFICE,02-AUG-2026,Sunday,,,,Weekly Off,,,,
OB60815,PT117615,TAREK SAYED FAWZY  ,OUTSOURCE,eMinds,SMB-41984,20085-SMB-SALES-CW41984,48 Hours Weekly,SMB DIGITAL BACK OFFICE,03-AUG-2026,Monday,03-AUG-2026 08:39:17 AM,03-AUG-2026 07:28:17 PM,10:49,Present,AUH-TWR-L01-D002 ENTRY,AUH-TWR-L01-D002 EXIT,,
OB60815,PT117615,TAREK SAYED FAWZY,OUTSOURCE,eMinds,SMB-41984,20085-SMB-SALES-CW41984,48 Hours Weekly,SMB DIGITAL BACK OFFICE,04-AUG-2026,Tuesday,04-AUG-2026 07:54:39 AM,04-AUG-2026 05:03:39 PM,09:09,Present,SHJ-HRB-L03-D040 LOBBY ENTRY,AUH-TWR-L01-D002 EXIT,,
OB60815,PT117615,TAREK SAYED FAWZY,OUTSOURCE,eMinds,SMB-41984,20085-SMB-SALES-CW41984,48 Hours Weekly,SMB DIGITAL BACK OFFICE,05-AUG-2026,Wednesday,,,,Annual Leave,,,,
OB60815,PT117615,TAREK SAYED FAWZY,OUTSOURCE,eMinds,SMB-41984,20085-SMB-SALES-CW41984,48 Hours Weekly,SMB DIGITAL BACK OFFICE,06-AUG-2026,Thursday,06-AUG-2026 07:00:06 AM,06-AUG-2026 04:20:06 PM,09:20,Present,DXB-HQ-GF-GATE01 ENTRY,AUH-TWR-L01-D002 EXIT,,
OB60815,PT117615,TAREK SAYED FAWZY,OUTSOURCE,eMinds,SMB-41984,20085-SMB-SALES-CW41984,48 Hours Weekly,SMB DIGITAL BACK OFFICE,07-AUG-2026,Friday,07-AUG-2026 08:21:31 AM,07-AUG-2026 06:46:31 PM,10:25,Present,DXB-HQ-GF-GATE01 ENTRY,DXB-HQ-GF-GATE01 EXIT,,
OB60815,PT117615,TAREK SAYED FAWZY,OUTSOURCE,eMinds,SMB-41984,20085-SMB-SALES-CW41984,48 Hours Weekly,SMB DIGITAL BACK OFFICE,08-AUG-2026,Saturday,,,,Weekly Off,,,,
OB60815,PT117615,TAREK SAYED FAWZY,OUTSOURCE,eMinds,SMB-41984,20085-SMB-SALES-CW41984,48 Hours Weekly,SMB DIGITAL BACK OFFICE,09-AUG-2026,Sunday,,,,Weekly Off,,,,
OB60815,PT117615,TAREK SAYED FAWZY,OUTSOURCE,eMinds,SMB-41984,20085-SMB-SALES-CW41984,48 Hours Weekly,SMB DIGITAL BACK OFFICE,10-AUG-2026,Monday,10-AUG-2026 08:27:17 AM,10-AUG-2026 04:27:17 PM,00:00,Present,DXB-HQ-GF-GATE01 ENTRY,AUH-TWR-L01-D002 EXIT,,
OB60815,PT117615,TAREK SAYED FAWZY,OUTSOURCE,eMinds,SMB-41984,20085-SMB-SALES-CW41984,48 Hours Weekly,SMB DIGITAL BACK OFFICE,11-AUG-2026,Tuesday,11-AUG-2026 08:51:33 AM,11-AUG-2026 06:09:33 PM,09:18,Present,DXB-HQ-GF-GATE01 ENTRY,DXB-HQ-GF-GATE01 EXIT,,
OB60815,PT117615,TAREK SAYED FAWZY,OUTSOURCE,eMinds,SMB-41984,20085-SMB-SALES-CW41984,48 Hours Weekly,SMB DIGITAL BACK OFFICE,12-AUG-2026,Wednesday,12-AUG-2026 08:06:09 AM,12-AUG-2026 06:03:09 PM,09:57,Present,SHJ-HRB-L03-D040 LOBBY ENTRY,AUH-TWR-L01-D002 EXIT,,
OB60815,PT117615,TAREK SAYED FAWZY,OUTSOURCE,eMinds,SMB-41984,20085-SMB-SALES-CW41984,48 Hours Weekly,SMB DIGITAL BACK OFFICE,13-AUG-2026,Thursday,13-AUG-2026 08:59:18 AM,13-AUG-2026 05:08:18 PM,08:09,Present,SHJ-HRB-L03-D040 LOBBY ENTRY,AUH-TWR-L01-D002 EXIT,,
OB60815,PT117615,TAREK SAYED FAWZY,OUTSOURCE,eMinds,SMB-41984,20085-SMB-SALES-CW41984,48 Hours Weekly,SMB DIGITAL BACK OFFICE,14-AUG-2026,Friday,14-AUG-2026 09:27:01 AM,14-AUG-2026 08:16:01 PM,10:49,Present,DXB-HQ-GF-GATE01 ENTRY,SHJ-MSCP-GF-GATE04-TS EXIT EXIT,,
OB60815,PT117615,TAREK SAYED FAWZY,OUTSOURCE,eMinds,SMB-41984,20085-SMB-SALES-CW41984,48 Hours Weekly,SMB DIGITAL BACK OFFICE,15-AUG-2026,Saturday,,,,Weekly Off,,,,
OB60815,PT117615,TAREK SAYED FAWZY,OUTSOURCE,eMinds,SMB-41984,20085-SMB-SALES-CW41984,48 Hours Weekly,SMB DIGITAL BACK OFFICE,16-AUG-2026,Sunday,,,,Weekly Off,,,,
OB60815,PT117615,TAREK SAYED FAWZY,OUTSOURCE,eMinds,SMB-41984,20085-SMB-SALES-CW41984,48 Hours Weekly,SMB DIGITAL BACK OFFICE,17-AUG-2026,Monday,17-AUG-2026 08:12:02 AM,17-AUG-2026 06:31:02 PM,10:19,Present,SHJ-HRB-L03-D040 LOBBY ENTRY,AUH-TWR-L01-D002 EXIT,,
OB60815,PT117615,TAREK SAYED FAWZY,OUTSOURCE,eMinds,SMB-41984,20085-SMB-SALES-CW41984,48 Hours Weekly,SMB DIGITAL BACK OFFICE,18-AUG-2026,Tuesday,,,,Present,,,,
OB60815,PT117615,TAREK SAYED FAWZY,OUTSOURCE,eMinds,SMB-41984,20085-SMB-SALES-CW41984,48 Hours Weekly,SMB DIGITAL BACK OFFICE,19-AUG-2026,Wednesday,19-AUG-2026 07:38:49 AM,19-AUG-2026 05:25:49 PM,09:47,Present,AUH-TWR-L01-D002 ENTRY,SHJ-MSCP-GF-GATE04-TS EXIT EXIT,,
OB60815,PT117615,TAREK SAYED FAWZY,OUTSOURCE,eMinds,SMB-41984,20085-SMB-SALES-CW41984,48 Hours Weekly,SMB DIGITAL BACK OFFICE,20-AUG-2026,Thursday,20-AUG-2026 08:40:04 AM,20-AUG-2026 07:10:04 PM,10:30,Present,AUH-TWR-L01-D002 ENTRY,DXB-HQ-GF-GATE01 EXIT,,
OB60815,PT117615,TAREK SAYED FAWZY,OUTSOURCE,eMinds,SMB-41984,20085-SMB-SALES-CW41984,48 Hours Weekly,SMB DIGITAL BACK OFFICE,21-AUG-2026,Friday,21-AUG-2026 08:21:09 AM,21-AUG-2026 06:38:09 PM,10:17,Present,AUH-TWR-L01-D002 ENTRY,DXB-HQ-GF-GATE01 EXIT,,
OB60815,PT117615,TAREK SAYED FAWZY,OUTSOURCE,eMinds,SMB-41984,20085-SMB-SALES-CW41984,48 Hours Weekly,SMB DIGITAL BACK OFFICE,22-AUG-2026,Saturday,,,,Weekly Off,,,,
OB60815,PT117615,TAREK SAYED FAWZY,OUTSOURCE,eMinds,SMB-41984,20085-SMB-SALES-CW41984,48 Hours Weekly,SMB DIGITAL BACK OFFICE,23-AUG-2026,Sunday,,,,Weekly Off,,,,
OB60815,PT117615,TAREK SAYED FAWZY,OUTSOURCE,eMinds,SMB-41984,20085-SMB-SALES-CW41984,48 Hours Weekly,SMB DIGITAL BACK OFFICE,24-AUG-2026,Monday,24-AUG-2026 08:13:22 AM,24-AUG-2026 06:01:22 PM,09:48,Present,AUH-TWR-L01-D002 ENTRY,SHJ-MSCP-GF-GATE04-TS EXIT EXIT,,
OB60815,PT117615,TAREK SAYED FAWZY  ,OUTSOURCE,eMinds,SMB-41984,20085-SMB-SALES-CW41984,48 Hours Weekly,SMB DIGITAL BACK OFFICE,25-AUG-2026,Tuesday,25-AUG-2026 08:40:40 AM,25-AUG-2026 06:16:40 PM,09:36,Present,DXB-HQ-GF-GATE01 ENTRY,AUH-TWR-L01-D002 EXIT,,
OB60815,PT117615,TAREK SAYED FAWZY,OUTSOURCE,eMinds,SMB-41984,20085-SMB-SALES-CW41984,48 Hours Weekly,SMB DIGITAL BACK OFFICE,26-AUG-2026,Wednesday,26-AUG-2026 09:02:08 AM,26-AUG-2026 06:02:08 PM,09:00,Present,DXB-HQ-GF-GATE01 ENTRY,SHJ-MSCP-GF-GATE04-TS EXIT EXIT,,
OB60815,PT117615,TAREK SAYED FAWZY,OUTSOURCE,eMinds,SMB-41984,20085-SMB-SALES-CW41984,48 Hours Weekly,SMB DIGITAL BACK OFFICE,27-AUG-2026,Thursday,27-AUG-2026 07:51:14 AM,27-AUG-2026 04:13:14 PM,08:22,Present,SHJ-HRB-L03-D040 LOBBY ENTRY,DXB-HQ-GF-GATE01 EXIT,,
OB60815,PT117615,TAREK SAYED FAWZY,OUTSOURCE,eMinds,SMB-41984,20085-SMB-SALES-CW41984,48 Hours Weekly,SMB DIGITAL BACK OFFICE,28-AUG-2026,Friday,28-AUG-2026 09:53:55 AM,28-AUG-2026 06:22:55 PM,08:29,Present,SHJ-HRB-L03-D040 LOBBY ENTRY,SHJ-MSCP-GF-GATE04-TS EXIT EXIT,,
OB60815,PT117615,TAREK SAYED FAWZY  ,OUTSOURCE,eMinds,SMB-41984,20085-SMB-SALES-CW41984,48 Hours Weekly,SMB DIGITAL BACK OFFICE,29-AUG-2026,Saturday,,,,Weekly Off,,,,
OB60815,PT117615,TAREK SAYED FAWZY,OUTSOURCE,eMinds,SMB-41984,20085-SMB-SALES-CW41984,48 Hours Weekly,SMB DIGITAL BACK OFFICE,30-AUG-2026,Sunday,,,,Weekly Off,,,,
OB60815,PT117615,TAREK SAYED FAWZY,OUTSOURCE,eMinds,SMB-41984,20085-SMB-SALES-CW41984,48 Hours Weekly,SMB DIGITAL BACK OFFICE,31-AUG-2026,Monday,31-AUG-2026 08:18:34 AM,31-AUG-2026 05:47:34 PM,09:29,Present,SHJ-HRB-L03-D040 LOBBY ENTRY,AUH-TWR-L01-D002 EXIT,,
OB60816,PT117616,ALI NABIL YOUSSEF,OUTSOURCE,eMinds,SMB-41985,20085-SMB-SALES-CW41985,48 Hours Weekly,SMB-PRIME&BD-KAM-1,01-AUG-2026,Saturday,,,,Weekly Off,,,,
OB60816,PT117616,ALI NABIL YOUSSEF,OUTSOURCE,eMinds,SMB-41985,20085-SMB-SALES-CW41985,48 Hours Weekly,SMB-PRIME&BD-KAM-1,02-AUG-2026,Sunday,,,,Weekly Off,,,,
OB60816,PT117616,ALI NABIL YOUSSEF  ,OUTSOURCE,eMinds,SMB-41985,20085-SMB-SALES-CW41985,48 Hours Weekly,SMB-PRIME&BD-KAM-1,03-AUG-2026,Monday,03-AUG-2026 08:58:43 AM,03-AUG-2026 07:44:43 PM,10:46,Present,AUH-TWR-L01-D002 ENTRY,AUH-TWR-L01-D002 EXIT,,
OB60816,PT117616,ALI NABIL YOUSSEF,OUTSOURCE,eMinds,SMB-41985,20085-SMB-SALES-CW41985,48 Hours Weekly,SMB-PRIME&BD-KAM-1,04-AUG-2026,Tuesday,04-AUG-2026 09:20:50 AM,04-AUG-2026 08:15:50 PM,10:55,Present,DXB-HQ-GF-GATE01 ENTRY,SHJ-MSCP-GF-GATE04-TS EXIT EXIT,,
OB60816,PT117616,ALI NABIL YOUSSEF,OUTSOURCE,eMinds,SMB-41985,20085-SMB-SALES-CW41985,48 Hours Weekly,SMB-PRIME&BD-KAM-1,05-AUG-2026,Wednesday,05-AUG-2026 07:15:41 AM,05-AUG-2026 04:25:41 PM,09:10,Present,AUH-TWR-L01-D002 ENTRY,AUH-TWR-L01-D002 EXIT,,
OB60816,PT117616,ALI NABIL YOUSSEF,OUTSOURCE,eMinds,SMB-41985,20085-SMB-SALES-CW41985,48 Hours Weekly,SMB-PRIME&BD-KAM-1,06-AUG-2026,Thursday,06-AUG-2026 09:24:45 AM,06-AUG-2026 08:12:45 PM,10:48,Present,DXB-HQ-GF-GATE01 ENTRY,DXB-HQ-GF-GATE01 EXIT,,
OB60816,PT117616,ALI NABIL YOUSSEF,OUTSOURCE,eMinds,SMB-41985,20085-SMB-SALES-CW41985,48 Hours Weekly,SMB-PRIME&BD-KAM-1,07-AUG-2026,Friday,07-AUG-2026 07:06:54 AM,07-AUG-2026 04:18:54 PM,09:12,Present,SHJ-HRB-L03-D040 LOBBY ENTRY,AUH-TWR-L01-D002 EXIT,,
OB60816,PT117616,ALI NABIL YOUSSEF,OUTSOURCE,eMinds,SMB-41985,20085-SMB-SALES-CW41985,48 Hours Weekly,SMB-PRIME&BD-KAM-1,08-AUG-2026,Saturday,,,,Weekly Off,,,,
OB60816,PT117616,ALI NABIL YOUSSEF,OUTSOURCE,eMinds,SMB-41985,20085-SMB-SALES-CW41985,48 Hours Weekly,SMB-PRIME&BD-KAM-1,09-AUG-2026,Sunday,,,,Weekly Off,,,,
OB60816,PT117616,ALI NABIL YOUSSEF,OUTSOURCE,eMinds,SMB-41985,20085-SMB-SALES-CW41985,48 Hours Weekly,SMB-PRIME&BD-KAM-1,10-AUG-2026,Monday,10-AUG-2026 07:23:05 AM,10-AUG-2026 06:22:05 PM,10:59,Present,DXB-HQ-GF-GATE01 ENTRY,AUH-TWR-L01-D002 EXIT,,
OB60816,PT117616,ALI NABIL YOUSSEF,OUTSOURCE,eMinds,SMB-41985,20085-SMB-SALES-CW41985,48 Hours Weekly,SMB-PRIME&BD-KAM-1,11-AUG-2026,Tuesday,11-AUG-2026 08:49:09 AM,11-AUG-2026 06:41:09 PM,09:52,Present,DXB-HQ-GF-GATE01 ENTRY,DXB-HQ-GF-GATE01 EXIT,,
OB60816,PT117616,ALI NABIL YOUSSEF  ,OUTSOURCE,eMinds,SMB-41985,20085-SMB-SALES-CW41985,48 Hours Weekly,SMB-PRIME&BD-KAM-1,12-AUG-2026,Wednesday,12-AUG-2026 09:53:01 AM,12-AUG-2026 07:52:01 PM,09:59,Present,AUH-TWR-L01-D002 ENTRY,SHJ-MSCP-GF-GATE04-TS EXIT EXIT,,
OB60816,PT117616,ALI NABIL YOUSSEF  ,OUTSOURCE,eMinds,SMB-41985,20085-SMB-SALES-CW41985,48 Hours Weekly,SMB-PRIME&BD-KAM-1,13-AUG-2026,Thursday,13-AUG-2026 08:07:28 AM,13-AUG-2026 06:39:28 PM,10:32,Present,SHJ-HRB-L03-D040 LOBBY ENTRY,SHJ-MSCP-GF-GATE04-TS EXIT EXIT,,
OB60816,PT117616,ALI NABIL YOUSSEF,OUTSOURCE,eMinds,SMB-41985,20085-SMB-SALES-CW41985,48 Hours Weekly,SMB-PRIME&BD-KAM-1,14-AUG-2026,Friday,14-AUG-2026 09:03:02 AM,14-AUG-2026 06:23:02 PM,09:20,Present,AUH-TWR-L01-D002 ENTRY,AUH-TWR-L01-D002 EXIT,,
OB60816,PT117616,ALI NABIL YOUSSEF,OUTSOURCE,eMinds,SMB-41985,20085-SMB-SALES-CW41985,48 Hours Weekly,SMB-PRIME&BD-KAM-1,15-AUG-2026,Saturday,,,,Weekly Off,,,,
OB60816,PT117616,ALI NABIL YOUSSEF,OUTSOURCE,eMinds,SMB-41985,20085-SMB-SALES-CW41985,48 Hours Weekly,SMB-PRIME&BD-KAM-1,16-AUG-2026,Sunday,,,,Weekly Off,,,,
OB60816,PT117616,ALI NABIL YOUSSEF,OUTSOURCE,eMinds,SMB-41985,20085-SMB-SALES-CW41985,48 Hours Weekly,SMB-PRIME&BD-KAM-1,17-AUG-2026,Monday,17-AUG-2026 09:17:51 AM,17-AUG-2026 06:45:51 PM,09:28,Present,SHJ-HRB-L03-D040 LOBBY ENTRY,AUH-TWR-L01-D002 EXIT,,
OB60816,PT117616,ALI NABIL YOUSSEF  ,OUTSOURCE,eMinds,SMB-41985,20085-SMB-SALES-CW41985,48 Hours Weekly,SMB-PRIME&BD-KAM-1,18-AUG-2026,Tuesday,18-AUG-2026 08:31:20 AM,18-AUG-2026 05:43:20 PM,09:12,Present,AUH-TWR-L01-D002 ENTRY,AUH-TWR-L01-D002 EXIT,,
OB60816,PT117616,ALI NABIL YOUSSEF,OUTSOURCE,eMinds,SMB-41985,20085-SMB-SALES-CW41985,48 Hours Weekly,SMB-PRIME&BD-KAM-1,19-AUG-2026,Wednesday,19-AUG-2026 07:53:28 AM,19-AUG-2026 05:22:28 PM,09:29,Present,SHJ-HRB-L03-D040 LOBBY ENTRY,DXB-HQ-GF-GATE01 EXIT,,
OB60816,PT117616,ALI NABIL YOUSSEF,OUTSOURCE,eMinds,SMB-41985,20085-SMB-SALES-CW41985,48 Hours Weekly,SMB-PRIME&BD-KAM-1,20-AUG-2026,Thursday,20-AUG-2026 07:35:37 AM,20-AUG-2026 04:58:37 PM,09:23,Present,AUH-TWR-L01-D002 ENTRY,AUH-TWR-L01-D002 EXIT,,
OB60816,PT117616,ALI NABIL YOUSSEF,OUTSOURCE,eMinds,SMB-41985,20085-SMB-SALES-CW41985,48 Hours Weekly,SMB-PRIME&BD-KAM-1,21-AUG-2026,Friday,21-AUG-2026 08:52:35 AM,21-AUG-2026 06:24:35 PM,09:32,Present,DXB-HQ-GF-GATE01 ENTRY,SHJ-MSCP-GF-GATE04-TS EXIT EXIT,,
OB60816,PT117616,ALI NABIL YOUSSEF,OUTSOURCE,eMinds,SMB-41985,20085-SMB-SALES-CW41985,48 Hours Weekly,SMB-PRIME&BD-KAM-1,22-AUG-2026,Saturday,,,,Weekly Off,,,,
OB60816,PT117616,ALI NABIL YOUSSEF,OUTSOURCE,eMinds,SMB-41985,20085-SMB-SALES-CW41985,48 Hours Weekly,SMB-PRIME&BD-KAM-1,23-AUG-2026,Sunday,,,,Weekly Off,,,,
OB60816,PT117616,ALI NABIL YOUSSEF,OUTSOURCE,eMinds,SMB-41985,20085-SMB-SALES-CW41985,48 Hours Weekly,SMB-PRIME&BD-KAM-1,24-AUG-2026,Monday,24-AUG-2026 08:25:05 AM,24-AUG-2026 05:40:05 PM,09:15,Present,SHJ-HRB-L03-D040 LOBBY ENTRY,SHJ-MSCP-GF-GATE04-TS EXIT EXIT,,
OB60816,PT117616,ALI NABIL YOUSSEF,OUTSOURCE,eMinds,SMB-41985,20085-SMB-SALES-CW41985,48 Hours Weekly,SMB-PRIME&BD-KAM-1,25-AUG-2026,Tuesday,25-AUG-2026 09:01:40 AM,25-AUG-2026 06:48:40 PM,09:47,Present,AUH-TWR-L01-D002 ENTRY,SHJ-MSCP-GF-GATE04-TS EXIT EXIT,,
OB60816,PT117616,ALI NABIL YOUSSEF,OUTSOURCE,eMinds,SMB-41985,20085-SMB-SALES-CW41985,48 Hours Weekly,SMB-PRIME&BD-KAM-1,26-AUG-2026,Wednesday,26-AUG-2026 09:41:50 AM,26-AUG-2026 08:14:50 PM,10:33,Present,SHJ-HRB-L03-D040 LOBBY ENTRY,AUH-TWR-L01-D002 EXIT,,
OB60816,PT117616,ALI NABIL YOUSSEF,OUTSOURCE,eMinds,SMB-41985,20085-SMB-SALES-CW41985,48 Hours Weekly,SMB-PRIME&BD-KAM-1,27-AUG-2026,Thursday,27-AUG-2026 07:41:52 AM,27-AUG-2026 04:41:52 PM,09:00,Present,AUH-TWR-L01-D002 ENTRY,SHJ-MSCP-GF-GATE04-TS EXIT EXIT,,
OB60816,PT117616,ALI NABIL YOUSSEF  ,OUTSOURCE,eMinds,SMB-41985,20085-SMB-SALES-CW41985,48 Hours Weekly,SMB-PRIME&BD-KAM-1,28-AUG-2026,Friday,28-AUG-2026 07:29:37 AM,28-AUG-2026 04:43:37 PM,09:14,Present,AUH-TWR-L01-D002 ENTRY,SHJ-MSCP-GF-GATE04-TS EXIT EXIT,,
OB60816,PT117616,ALI NABIL YOUSSEF,OUTSOURCE,eMinds,SMB-41985,20085-SMB-SALES-CW41985,48 Hours Weekly,SMB-PRIME&BD-KAM-1,29-AUG-2026,Saturday,,,,Weekly Off,,,,
OB60816,PT117616,ALI NABIL YOUSSEF,OUTSOURCE,eMinds,SMB-41985,20085-SMB-SALES-CW41985,48 Hours Weekly,SMB-PRIME&BD-KAM-1,30-AUG-2026,Sunday,,,,Weekly Off,,,,
OB60816,PT117616,ALI NABIL YOUSSEF,OUTSOURCE,eMinds,SMB-41985,20085-SMB-SALES-CW41985,48 Hours Weekly,SMB-PRIME&BD-KAM-1,31-AUG-2026,Monday,31-AUG-2026 08:57:45 AM,31-AUG-2026 07:39:45 PM,10:42,Present,DXB-HQ-GF-GATE01 ENTRY,AUH-TWR-L01-D002 EXIT,,
OB60817,PT117617,RANIA YOUSSEF IBRAHIM,OUTSOURCE,eMinds,CONSUMER-22011,20090-CONS-RETAIL-CW22011,45 Hours Weekly,SMB-GENERAL SHIFT,01-AUG-2026,Saturday,,,,Weekly Off,,,,
OB60817,PT117617,RANIA YOUSSEF IBRAHIM,OUTSOURCE,eMinds,CONSUMER-22011,20090-CONS-RETAIL-CW22011,45 Hours Weekly,SMB-GENERAL SHIFT,02-AUG-2026,Sunday,,,,Weekly Off,,,,
OB60817,PT117617,RANIA YOUSSEF IBRAHIM,OUTSOURCE,eMinds,CONSUMER-22011,20090-CONS-RETAIL-CW22011,45 Hours Weekly,SMB-GENERAL SHIFT,03-AUG-2026,Monday,03-AUG-2026 08:02:26 AM,03-AUG-2026 05:22:26 PM,09:20,Present,AUH-TWR-L01-D002 ENTRY,AUH-TWR-L01-D002 EXIT,,
OB60817,PT117617,RANIA YOUSSEF IBRAHIM,OUTSOURCE,eMinds,CONSUMER-22011,20090-CONS-RETAIL-CW22011,45 Hours Weekly,SMB-GENERAL SHIFT,04-AUG-2026,Tuesday,04-AUG-2026 07:21:22 AM,04-AUG-2026 04:21:22 PM,09:00,Present,AUH-TWR-L01-D002 ENTRY,SHJ-MSCP-GF-GATE04-TS EXIT EXIT,,
OB60817,PT117617,RANIA YOUSSEF IBRAHIM,OUTSOURCE,eMinds,CONSUMER-22011,20090-CONS-RETAIL-CW22011,45 Hours Weekly,SMB-GENERAL SHIFT,05-AUG-2026,Wednesday,05-AUG-2026 07:06:20 AM,05-AUG-2026 04:27:20 PM,09:21,Present,DXB-HQ-GF-GATE01 ENTRY,DXB-HQ-GF-GATE01 EXIT,,
OB60817,PT117617,RANIA YOUSSEF IBRAHIM,OUTSOURCE,eMinds,CONSUMER-22011,20090-CONS-RETAIL-CW22011,45 Hours Weekly,SMB-GENERAL SHIFT,06-AUG-2026,Thursday,06-AUG-2026 07:22:08 AM,06-AUG-2026 03:55:08 PM,08:33,Present,AUH-TWR-L01-D002 ENTRY,SHJ-MSCP-GF-GATE04-TS EXIT EXIT,,
OB60817,PT117617,RANIA YOUSSEF IBRAHIM,OUTSOURCE,eMinds,CONSUMER-22011,20090-CONS-RETAIL-CW22011,45 Hours Weekly,SMB-GENERAL SHIFT,07-AUG-2026,Friday,07-AUG-2026 08:16:02 AM,07-AUG-2026 05:39:02 PM,09:23,Present,SHJ-HRB-L03-D040 LOBBY ENTRY,SHJ-MSCP-GF-GATE04-TS EXIT EXIT,,
OB60817,PT117617,RANIA YOUSSEF IBRAHIM,OUTSOURCE,eMinds,CONSUMER-22011,20090-CONS-RETAIL-CW22011,45 Hours Weekly,SMB-GENERAL SHIFT,08-AUG-2026,Saturday,,,,Weekly Off,,,,
OB60817,PT117617,RANIA YOUSSEF IBRAHIM,OUTSOURCE,eMinds,CONSUMER-22011,20090-CONS-RETAIL-CW22011,45 Hours Weekly,SMB-GENERAL SHIFT,09-AUG-2026,Sunday,,,,Weekly Off,,,,
OB60817,PT117617,RANIA YOUSSEF IBRAHIM,OUTSOURCE,eMinds,CONSUMER-22011,20090-CONS-RETAIL-CW22011,45 Hours Weekly,SMB-GENERAL SHIFT,10-AUG-2026,Monday,10-AUG-2026 07:41:58 AM,10-AUG-2026 04:29:58 PM,08:48,Present,AUH-TWR-L01-D002 ENTRY,DXB-HQ-GF-GATE01 EXIT,,
OB60817,PT117617,RANIA YOUSSEF IBRAHIM,OUTSOURCE,eMinds,CONSUMER-22011,20090-CONS-RETAIL-CW22011,45 Hours Weekly,SMB-GENERAL SHIFT,11-AUG-2026,Tuesday,11-AUG-2026 07:25:34 AM,11-AUG-2026 04:32:34 PM,09:07,Present,AUH-TWR-L01-D002 ENTRY,AUH-TWR-L01-D002 EXIT,,
OB60817,PT117617,RANIA YOUSSEF IBRAHIM  ,OUTSOURCE,eMinds,CONSUMER-22011,20090-CONS-RETAIL-CW22011,45 Hours Weekly,SMB-GENERAL SHIFT,12-AUG-2026,Wednesday,,,,WFH,,,,
OB60817,PT117617,RANIA YOUSSEF IBRAHIM  ,OUTSOURCE,eMinds,CONSUMER-22011,20090-CONS-RETAIL-CW22011,45 Hours Weekly,SMB-GENERAL SHIFT,13-AUG-2026,Thursday,13-AUG-2026 08:39:28 AM,13-AUG-2026 06:42:28 PM,10:03,Present,AUH-TWR-L01-D002 ENTRY,DXB-HQ-GF-GATE01 EXIT,,
OB60817,PT117617,RANIA YOUSSEF IBRAHIM,OUTSOURCE,eMinds,CONSUMER-22011,20090-CONS-RETAIL-CW22011,45 Hours Weekly,SMB-GENERAL SHIFT,14-AUG-2026,Friday,14-AUG-2026 08:22:27 AM,14-AUG-2026 06:40:27 PM,10:18,Present,AUH-TWR-L01-D002 ENTRY,DXB-HQ-GF-GATE01 EXIT,,
OB60817,PT117617,RANIA YOUSSEF IBRAHIM  ,OUTSOURCE,eMinds,CONSUMER-22011,20090-CONS-RETAIL-CW22011,45 Hours Weekly,SMB-GENERAL SHIFT,15-AUG-2026,Saturday,,,,Weekly Off,,,,
OB60817,PT117617,RANIA YOUSSEF IBRAHIM,OUTSOURCE,eMinds,CONSUMER-22011,20090-CONS-RETAIL-CW22011,45 Hours Weekly,SMB-GENERAL SHIFT,16-AUG-2026,Sunday,,,,Weekly Off,,,,
OB60817,PT117617,RANIA YOUSSEF IBRAHIM  ,OUTSOURCE,eMinds,CONSUMER-22011,20090-CONS-RETAIL-CW22011,45 Hours Weekly,SMB-GENERAL SHIFT,17-AUG-2026,Monday,17-AUG-2026 08:46:54 AM,17-AUG-2026 06:05:54 PM,09:19,Present,SHJ-HRB-L03-D040 LOBBY ENTRY,SHJ-MSCP-GF-GATE04-TS EXIT EXIT,,
OB60817,PT117617,RANIA YOUSSEF IBRAHIM,OUTSOURCE,eMinds,CONSUMER-22011,20090-CONS-RETAIL-CW22011,45 Hours Weekly,SMB-GENERAL SHIFT,18-AUG-2026,Tuesday,18-AUG-2026 08:13:48 AM,18-AUG-2026 05:45:48 PM,09:32,Present,DXB-HQ-GF-GATE01 ENTRY,AUH-TWR-L01-D002 EXIT,,
OB60817,PT117617,RANIA YOUSSEF IBRAHIM,OUTSOURCE,eMinds,CONSUMER-22011,20090-CONS-RETAIL-CW22011,45 Hours Weekly,SMB-GENERAL SHIFT,19-AUG-2026,Wednesday,19-AUG-2026 08:28:45 AM,19-AUG-2026 06:06:45 PM,09:38,Present,AUH-TWR-L01-D002 ENTRY,DXB-HQ-GF-GATE01 EXIT,,
OB60817,PT117617,RANIA YOUSSEF IBRAHIM,OUTSOURCE,eMinds,CONSUMER-22011,20090-CONS-RETAIL-CW22011,45 Hours Weekly,SMB-GENERAL SHIFT,20-AUG-2026,Thursday,,20-AUG-2026 07:10:35 PM,,Present,,SHJ-MSCP-GF-GATE04-TS EXIT EXIT,,
OB60817,PT117617,RANIA YOUSSEF IBRAHIM,OUTSOURCE,eMinds,CONSUMER-22011,20090-CONS-RETAIL-CW22011,45 Hours Weekly,SMB-GENERAL SHIFT,21-AUG-2026,Friday,21-AUG-2026 08:58:45 AM,21-AUG-2026 06:39:45 PM,09:41,Present,SHJ-HRB-L03-D040 LOBBY ENTRY,SHJ-MSCP-GF-GATE04-TS EXIT EXIT,,
OB60817,PT117617,RANIA YOUSSEF IBRAHIM,OUTSOURCE,eMinds,CONSUMER-22011,20090-CONS-RETAIL-CW22011,45 Hours Weekly,SMB-GENERAL SHIFT,22-AUG-2026,Saturday,,,,Weekly Off,,,,
OB60817,PT117617,RANIA YOUSSEF IBRAHIM,OUTSOURCE,eMinds,CONSUMER-22011,20090-CONS-RETAIL-CW22011,45 Hours Weekly,SMB-GENERAL SHIFT,23-AUG-2026,Sunday,,,,Weekly Off,,,,
OB60817,PT117617,RANIA YOUSSEF IBRAHIM,OUTSOURCE,eMinds,CONSUMER-22011,20090-CONS-RETAIL-CW22011,45 Hours Weekly,SMB-GENERAL SHIFT,24-AUG-2026,Monday,24-AUG-2026 08:04:35 AM,24-AUG-2026 05:44:35 PM,09:40,Present,AUH-TWR-L01-D002 ENTRY,DXB-HQ-GF-GATE01 EXIT,,
OB60817,PT117617,RANIA YOUSSEF IBRAHIM,OUTSOURCE,eMinds,CONSUMER-22011,20090-CONS-RETAIL-CW22011,45 Hours Weekly,SMB-GENERAL SHIFT,25-AUG-2026,Tuesday,25-AUG-2026 07:29:58 AM,25-AUG-2026 04:48:58 PM,09:19,Present,DXB-HQ-GF-GATE01 ENTRY,AUH-TWR-L01-D002 EXIT,,
OB60817,PT117617,RANIA YOUSSEF IBRAHIM,OUTSOURCE,eMinds,CONSUMER-22011,20090-CONS-RETAIL-CW22011,45 Hours Weekly,SMB-GENERAL SHIFT,26-AUG-2026,Wednesday,26-AUG-2026 07:46:07 AM,26-AUG-2026 05:33:07 PM,09:47,Present,DXB-HQ-GF-GATE01 ENTRY,AUH-TWR-L01-D002 EXIT,,
OB60817,PT117617,RANIA YOUSSEF IBRAHIM,OUTSOURCE,eMinds,CONSUMER-22011,20090-CONS-RETAIL-CW22011,45 Hours Weekly,SMB-GENERAL SHIFT,27-AUG-2026,Thursday,27-AUG-2026 08:17:47 AM,27-AUG-2026 06:24:47 PM,10:07,Present,DXB-HQ-GF-GATE01 ENTRY,SHJ-MSCP-GF-GATE04-TS EXIT EXIT,,
OB60817,PT117617,RANIA YOUSSEF IBRAHIM  ,OUTSOURCE,eMinds,CONSUMER-22011,20090-CONS-RETAIL-CW22011,45 Hours Weekly,SMB-GENERAL SHIFT,28-AUG-2026,Friday,28-AUG-2026 07:04:32 AM,28-AUG-2026 03:29:32 PM,08:25,Present,DXB-HQ-GF-GATE01 ENTRY,SHJ-MSCP-GF-GATE04-TS EXIT EXIT,,
OB60817,PT117617,RANIA YOUSSEF IBRAHIM,OUTSOURCE,eMinds,CONSUMER-22011,20090-CONS-RETAIL-CW22011,45 Hours Weekly,SMB-GENERAL SHIFT,29-AUG-2026,Saturday,,,,Weekly Off,,,,
OB60817,PT117617,RANIA YOUSSEF IBRAHIM,OUTSOURCE,eMinds,CONSUMER-22011,20090-CONS-RETAIL-CW22011,45 Hours Weekly,SMB-GENERAL SHIFT,30-AUG-2026,Sunday,,,,Weekly Off,,,,
OB60817,PT117617,RANIA YOUSSEF IBRAHIM,OUTSOURCE,eMinds,CONSUMER-22011,20090-CONS-RETAIL-CW22011,45 Hours Weekly,SMB-GENERAL SHIFT,31-AUG-2026,Monday,31-AUG-2026 08:24:44 AM,31-AUG-2026 05:09:44 PM,08:45,Present,SHJ-HRB-L03-D040 LOBBY ENTRY,AUH-TWR-L01-D002 EXIT,,
OB60818,PT117618,SARA MOHSEN NABIL,OUTSOURCE,Etisalat Services,ENTERPRISE-30510,20110-ENT-SUPPORT-CW30510,40 Hours Weekly,SMB-Elite Business,01-AUG-2026,Saturday,,,,Weekly Off,,,,
OB60818,PT117618,SARA MOHSEN NABIL,OUTSOURCE,Etisalat Services,ENTERPRISE-30510,20110-ENT-SUPPORT-CW30510,40 Hours Weekly,SMB-Elite Business,02-AUG-2026,Sunday,,,,Weekly Off,,,,
OB60818,PT117618,SARA MOHSEN NABIL,OUTSOURCE,Etisalat Services,ENTERPRISE-30510,20110-ENT-SUPPORT-CW30510,40 Hours Weekly,SMB-Elite Business,03-AUG-2026,Monday,,,,Absent,,,Y,
OB60818,PT117618,SARA MOHSEN NABIL,OUTSOURCE,Etisalat Services,ENTERPRISE-30510,20110-ENT-SUPPORT-CW30510,40 Hours Weekly,SMB-Elite Business,04-AUG-2026,Tuesday,04-AUG-2026 07:34:25 AM,04-AUG-2026 05:16:25 PM,09:42,Present,SHJ-HRB-L03-D040 LOBBY ENTRY,SHJ-MSCP-GF-GATE04-TS EXIT EXIT,,
OB60818,PT117618,SARA MOHSEN NABIL,OUTSOURCE,Etisalat Services,ENTERPRISE-30510,20110-ENT-SUPPORT-CW30510,40 Hours Weekly,SMB-Elite Business,05-AUG-2026,Wednesday,05-AUG-2026 08:54:40 AM,05-AUG-2026 06:53:40 PM,09:59,Present,AUH-TWR-L01-D002 ENTRY,AUH-TWR-L01-D002 EXIT,,
OB60818,PT117618,SARA MOHSEN NABIL,OUTSOURCE,Etisalat Services,ENTERPRISE-30510,20110-ENT-SUPPORT-CW30510,40 Hours Weekly,SMB-Elite Business,06-AUG-2026,Thursday,06-AUG-2026 07:07:35 AM,06-AUG-2026 04:33:35 PM,09:26,Present,AUH-TWR-L01-D002 ENTRY,AUH-TWR-L01-D002 EXIT,,
OB60818,PT117618,SARA MOHSEN NABIL,OUTSOURCE,Etisalat Services,ENTERPRISE-30510,20110-ENT-SUPPORT-CW30510,40 Hours Weekly,SMB-Elite Business,07-AUG-2026,Friday,07-AUG-2026 08:26:27 AM,07-AUG-2026 04:26:27 PM,08:00,Present,DXB-HQ-GF-GATE01 ENTRY,SHJ-MSCP-GF-GATE04-TS EXIT EXIT,,
OB60818,PT117618,SARA MOHSEN NABIL,OUTSOURCE,Etisalat Services,ENTERPRISE-30510,20110-ENT-SUPPORT-CW30510,40 Hours Weekly,SMB-Elite Business,08-AUG-2026,Saturday,,,,Weekly Off,,,,
OB60818,PT117618,SARA MOHSEN NABIL,OUTSOURCE,Etisalat Services,ENTERPRISE-30510,20110-ENT-SUPPORT-CW30510,40 Hours Weekly,SMB-Elite Business,09-AUG-2026,Sunday,,,,Weekly Off,,,,
OB60818,PT117618,SARA MOHSEN NABIL,OUTSOURCE,Etisalat Services,ENTERPRISE-30510,20110-ENT-SUPPORT-CW30510,40 Hours Weekly,SMB-Elite Business,10-AUG-2026,Monday,10-AUG-2026 07:50:54 AM,10-AUG-2026 04:58:54 PM,09:08,Present,DXB-HQ-GF-GATE01 ENTRY,AUH-TWR-L01-D002 EXIT,,
OB60818,PT117618,SARA MOHSEN NABIL,OUTSOURCE,Etisalat Services,ENTERPRISE-30510,20110-ENT-SUPPORT-CW30510,40 Hours Weekly,SMB-Elite Business,11-AUG-2026,Tuesday,11-AUG-2026 07:04:57 AM,11-AUG-2026 04:50:57 PM,09:46,Present,SHJ-HRB-L03-D040 LOBBY ENTRY,DXB-HQ-GF-GATE01 EXIT,,
OB60818,PT117618,SARA MOHSEN NABIL,OUTSOURCE,Etisalat Services,ENTERPRISE-30510,20110-ENT-SUPPORT-CW30510,40 Hours Weekly,SMB-Elite Business,12-AUG-2026,Wednesday,12-AUG-2026 09:47:01 AM,12-AUG-2026 06:17:01 PM,08:30,Present,DXB-HQ-GF-GATE01 ENTRY,SHJ-MSCP-GF-GATE04-TS EXIT EXIT,,
OB60818,PT117618,SARA MOHSEN NABIL,OUTSOURCE,Etisalat Services,ENTERPRISE-30510,20110-ENT-SUPPORT-CW30510,40 Hours Weekly,SMB-Elite Business,13-AUG-2026,Thursday,13-AUG-2026 08:52:25 AM,13-AUG-2026 05:09:25 PM,08:17,Present,SHJ-HRB-L03-D040 LOBBY ENTRY,SHJ-MSCP-GF-GATE04-TS EXIT EXIT,,
OB60818,PT117618,SARA MOHSEN NABIL,OUTSOURCE,Etisalat Services,ENTERPRISE-30510,20110-ENT-SUPPORT-CW30510,40 Hours Weekly,SMB-Elite Business,14-AUG-2026,Friday,14-AUG-2026 08:04:29 AM,14-AUG-2026 05:58:29 PM,09:54,Present,DXB-HQ-GF-GATE01 ENTRY,SHJ-MSCP-GF-GATE04-TS EXIT EXIT,,
OB60818,PT117618,SARA MOHSEN NABIL,OUTSOURCE,Etisalat Services,ENTERPRISE-30510,20110-ENT-SUPPORT-CW30510,40 Hours Weekly,SMB-Elite Business,15-AUG-2026,Saturday,,,,Weekly Off,,,,
OB60818,PT117618,SARA MOHSEN NABIL,OUTSOURCE,Etisalat Services,ENTERPRISE-30510,20110-ENT-SUPPORT-CW30510,40 Hours Weekly,SMB-Elite Business,16-AUG-2026,Sunday,,,,Weekly Off,,,,
OB60818,PT117618,SARA MOHSEN NABIL,OUTSOURCE,Etisalat Services,ENTERPRISE-30510,20110-ENT-SUPPORT-CW30510,40 Hours Weekly,SMB-Elite Business,17-AUG-2026,Monday,,,,Sick Leave,,,,
OB60818,PT117618,SARA MOHSEN NABIL,OUTSOURCE,Etisalat Services,ENTERPRISE-30510,20110-ENT-SUPPORT-CW30510,40 Hours Weekly,SMB-Elite Business,18-AUG-2026,Tuesday,18-AUG-2026 08:13:04 AM,18-AUG-2026 06:50:04 PM,10:37,Present,AUH-TWR-L01-D002 ENTRY,DXB-HQ-GF-GATE01 EXIT,,
OB60818,PT117618,SARA MOHSEN NABIL,OUTSOURCE,Etisalat Services,ENTERPRISE-30510,20110-ENT-SUPPORT-CW30510,40 Hours Weekly,SMB-Elite Business,19-AUG-2026,Wednesday,19-AUG-2026 08:22:37 AM,19-AUG-2026 06:02:37 PM,09:40,Present,DXB-HQ-GF-GATE01 ENTRY,DXB-HQ-GF-GATE01 EXIT,,
OB60818,PT117618,SARA MOHSEN NABIL,OUTSOURCE,Etisalat Services,ENTERPRISE-30510,20110-ENT-SUPPORT-CW30510,40 Hours Weekly,SMB-Elite Business,20-AUG-2026,Thursday,20-AUG-2026 08:38:02 AM,20-AUG-2026 04:51:02 PM,08:13,Present,AUH-TWR-L01-D002 ENTRY,DXB-HQ-GF-GATE01 EXIT,,
OB60818,PT117618,SARA MOHSEN NABIL,OUTSOURCE,Etisalat Services,ENTERPRISE-30510,20110-ENT-SUPPORT-CW30510,40 Hours Weekly,SMB-Elite Business,21-AUG-2026,Friday,,,,Absent,,,Y,
OB60818,PT117618,SARA MOHSEN NABIL,OUTSOURCE,Etisalat Services,ENTERPRISE-30510,20110-ENT-SUPPORT-CW30510,40 Hours Weekly,SMB-Elite Business,22-AUG-2026,Saturday,,,,Weekly Off,,,,
OB60818,PT117618,SARA MOHSEN NABIL  ,OUTSOURCE,Etisalat Services,ENTERPRISE-30510,20110-ENT-SUPPORT-CW30510,40 Hours Weekly,SMB-Elite Business,23-AUG-2026,Sunday,,,,Weekly Off,,,,
OB60818,PT117618,SARA MOHSEN NABIL,OUTSOURCE,Etisalat Services,ENTERPRISE-30510,20110-ENT-SUPPORT-CW30510,40 Hours Weekly,SMB-Elite Business,24-AUG-2026,Monday,24-AUG-2026 07:53:59 AM,24-AUG-2026 05:42:59 PM,09:49,Present,AUH-TWR-L01-D002 ENTRY,DXB-HQ-GF-GATE01 EXIT,,
OB60818,PT117618,SARA MOHSEN NABIL,OUTSOURCE,Etisalat Services,ENTERPRISE-30510,20110-ENT-SUPPORT-CW30510,40 Hours Weekly,SMB-Elite Business,25-AUG-2026,Tuesday,25-AUG-2026 07:34:58 AM,25-AUG-2026 05:48:58 PM,10:14,Present,SHJ-HRB-L03-D040 LOBBY ENTRY,SHJ-MSCP-GF-GATE04-TS EXIT EXIT,,
OB60818,PT117618,SARA MOHSEN NABIL,OUTSOURCE,Etisalat Services,ENTERPRISE-30510,20110-ENT-SUPPORT-CW30510,40 Hours Weekly,SMB-Elite Business,26-AUG-2026,Wednesday,,,,Sick Leave,,,,
OB60818,PT117618,SARA MOHSEN NABIL  ,OUTSOURCE,Etisalat Services,ENTERPRISE-30510,20110-ENT-SUPPORT-CW30510,40 Hours Weekly,SMB-Elite Business,27-AUG-2026,Thursday,27-AUG-2026 07:23:43 AM,27-AUG-2026 04:41:43 PM,09:18,Present,DXB-HQ-GF-GATE01 ENTRY,SHJ-MSCP-GF-GATE04-TS EXIT EXIT,,
OB60818,PT117618,SARA MOHSEN NABIL,OUTSOURCE,Etisalat Services,ENTERPRISE-30510,20110-ENT-SUPPORT-CW30510,40 Hours Weekly,SMB-Elite Business,28-AUG-2026,Friday,28-AUG-2026 09:29:33 AM,28-AUG-2026 07:58:33 PM,10:29,Present,SHJ-HRB-L03-D040 LOBBY ENTRY,SHJ-MSCP-GF-GATE04-TS EXIT EXIT,,
OB60818,PT117618,SARA MOHSEN NABIL,OUTSOURCE,Etisalat Services,ENTERPRISE-30510,20110-ENT-SUPPORT-CW30510,40 Hours Weekly,SMB-Elite Business,29-AUG-2026,Saturday,,,,Weekly Off,,,,
OB60818,PT117618,SARA MOHSEN NABIL  ,OUTSOURCE,Etisalat Services,ENTERPRISE-30510,20110-ENT-SUPPORT-CW30510,40 Hours Weekly,SMB-Elite Business,30-AUG-2026,Sunday,,,,Weekly Off,,,,
OB60818,PT117618,SARA MOHSEN NABIL,OUTSOURCE,Etisalat Services,ENTERPRISE-30510,20110-ENT-SUPPORT-CW30510,40 Hours Weekly,SMB-Elite Business,31-AUG-2026,Monday,,,,Absent,,,N,
OB60819,PT117619,YOUSSEF HASSAN SAYED,OUTSOURCE,Etisalat Services,ENTERPRISE-30511,20110-ENT-SUPPORT-CW30511,40 Hours Weekly,SMB-CCC & SOHO,01-AUG-2026,Saturday,,,,Weekly Off,,,,
OB60819,PT117619,YOUSSEF HASSAN SAYED,OUTSOURCE,Etisalat Services,ENTERPRISE-30511,20110-ENT-SUPPORT-CW30511,40 Hours Weekly,SMB-CCC & SOHO,02-AUG-2026,Sunday,,,,Weekly Off,,,,
OB60819,PT117619,YOUSSEF HASSAN SAYED  ,OUTSOURCE,Etisalat Services,ENTERPRISE-30511,20110-ENT-SUPPORT-CW30511,40 Hours Weekly,SMB-CCC & SOHO,03-AUG-2026,Monday,03-AUG-2026 09:12:03 AM,03-AUG-2026 08:03:03 PM,10:51,Present,SHJ-HRB-L03-D040 LOBBY ENTRY,AUH-TWR-L01-D002 EXIT,,
OB60819,PT117619,YOUSSEF HASSAN SAYED,OUTSOURCE,Etisalat Services,ENTERPRISE-30511,20110-ENT-SUPPORT-CW30511,40 Hours Weekly,SMB-CCC & SOHO,04-AUG-2026,Tuesday,04-AUG-2026 08:15:05 AM,04-AUG-2026 05:28:05 PM,09:13,Present,SHJ-HRB-L03-D040 LOBBY ENTRY,DXB-HQ-GF-GATE01 EXIT,,
OB60819,PT117619,YOUSSEF HASSAN SAYED,OUTSOURCE,Etisalat Services,ENTERPRISE-30511,20110-ENT-SUPPORT-CW30511,40 Hours Weekly,SMB-CCC & SOHO,05-AUG-2026,Wednesday,05-AUG-2026 08:34:26 AM,05-AUG-2026 06:14:26 PM,09:40,Present,DXB-HQ-GF-GATE01 ENTRY,AUH-TWR-L01-D002 EXIT,,
OB60819,PT117619,YOUSSEF HASSAN SAYED,OUTSOURCE,Etisalat Services,ENTERPRISE-30511,20110-ENT-SUPPORT-CW30511,40 Hours Weekly,SMB-CCC & SOHO,06-AUG-2026,Thursday,,,,,,,,
OB60819,PT117619,YOUSSEF HASSAN SAYED,OUTSOURCE,Etisalat Services,ENTERPRISE-30511,20110-ENT-SUPPORT-CW30511,40 Hours Weekly,SMB-CCC & SOHO,07-AUG-2026,Friday,,,,Sick Leave,,,,
OB60819,PT117619,YOUSSEF HASSAN SAYED,OUTSOURCE,Etisalat Services,ENTERPRISE-30511,20110-ENT-SUPPORT-CW30511,40 Hours Weekly,SMB-CCC & SOHO,08-AUG-2026,Saturday,,,,Weekly Off,,,,
OB60819,PT117619,YOUSSEF HASSAN SAYED,OUTSOURCE,Etisalat Services,ENTERPRISE-30511,20110-ENT-SUPPORT-CW30511,40 Hours Weekly,SMB-CCC & SOHO,09-AUG-2026,Sunday,,,,Weekly Off,,,,
OB60819,PT117619,YOUSSEF HASSAN SAYED,OUTSOURCE,Etisalat Services,ENTERPRISE-30511,20110-ENT-SUPPORT-CW30511,40 Hours Weekly,SMB-CCC & SOHO,10-AUG-2026,Monday,10-AUG-2026 08:53:03 AM,10-AUG-2026 06:34:03 PM,09:41,Present,SHJ-HRB-L03-D040 LOBBY ENTRY,DXB-HQ-GF-GATE01 EXIT,,
OB60819,PT117619,YOUSSEF HASSAN SAYED  ,OUTSOURCE,Etisalat Services,ENTERPRISE-30511,20110-ENT-SUPPORT-CW30511,40 Hours Weekly,SMB-CCC & SOHO,11-AUG-2026,Tuesday,11-AUG-2026 07:15:59 AM,11-AUG-2026 03:38:59 PM,08:23,Present,AUH-TWR-L01-D002 ENTRY,SHJ-MSCP-GF-GATE04-TS EXIT EXIT,,
OB60819,PT117619,YOUSSEF HASSAN SAYED  ,OUTSOURCE,Etisalat Services,ENTERPRISE-30511,20110-ENT-SUPPORT-CW30511,40 Hours Weekly,SMB-CCC & SOHO,12-AUG-2026,Wednesday,,,,Absent,,,Y,
OB60819,PT117619,YOUSSEF HASSAN SAYED,OUTSOURCE,Etisalat Services,ENTERPRISE-30511,20110-ENT-SUPPORT-CW30511,40 Hours Weekly,SMB-CCC & SOHO,13-AUG-2026,Thursday,13-AUG-2026 07:32:27 AM,13-AUG-2026 05:13:27 PM,09:41,Present,AUH-TWR-L01-D002 ENTRY,SHJ-MSCP-GF-GATE04-TS EXIT EXIT,,
OB60819,PT117619,YOUSSEF HASSAN SAYED  ,OUTSOURCE,Etisalat Services,ENTERPRISE-30511,20110-ENT-SUPPORT-CW30511,40 Hours Weekly,SMB-CCC & SOHO,14-AUG-2026,Friday,14-AUG-2026 07:10:18 AM,14-AUG-2026 03:16:18 PM,08:06,Present,DXB-HQ-GF-GATE01 ENTRY,DXB-HQ-GF-GATE01 EXIT,,
OB60819,PT117619,YOUSSEF HASSAN SAYED,OUTSOURCE,Etisalat Services,ENTERPRISE-30511,20110-ENT-SUPPORT-CW30511,40 Hours Weekly,SMB-CCC & SOHO,15-AUG-2026,Saturday,,,,Weekly Off,,,,
OB60819,PT117619,YOUSSEF HASSAN SAYED  ,OUTSOURCE,Etisalat Services,ENTERPRISE-30511,20110-ENT-SUPPORT-CW30511,40 Hours Weekly,SMB-CCC & SOHO,16-AUG-2026,Sunday,,,,Weekly Off,,,,
OB60819,PT117619,YOUSSEF HASSAN SAYED,OUTSOURCE,Etisalat Services,ENTERPRISE-30511,20110-ENT-SUPPORT-CW30511,40 Hours Weekly,SMB-CCC & SOHO,17-AUG-2026,Monday,,,,,,,,
OB60819,PT117619,YOUSSEF HASSAN SAYED,OUTSOURCE,Etisalat Services,ENTERPRISE-30511,20110-ENT-SUPPORT-CW30511,40 Hours Weekly,SMB-CCC & SOHO,18-AUG-2026,Tuesday,18-AUG-2026 07:01:06 AM,18-AUG-2026 04:28:06 PM,09:27,Present,AUH-TWR-L01-D002 ENTRY,AUH-TWR-L01-D002 EXIT,,
OB60819,PT117619,YOUSSEF HASSAN SAYED,OUTSOURCE,Etisalat Services,ENTERPRISE-30511,20110-ENT-SUPPORT-CW30511,40 Hours Weekly,SMB-CCC & SOHO,19-AUG-2026,Wednesday,,19-AUG-2026 04:56:08 PM,,Present,,AUH-TWR-L01-D002 EXIT,,
OB60819,PT117619,YOUSSEF HASSAN SAYED  ,OUTSOURCE,Etisalat Services,ENTERPRISE-30511,20110-ENT-SUPPORT-CW30511,40 Hours Weekly,SMB-CCC & SOHO,20-AUG-2026,Thursday,20-AUG-2026 07:03:23 AM,20-AUG-2026 04:11:23 PM,09:08,Present,AUH-TWR-L01-D002 ENTRY,AUH-TWR-L01-D002 EXIT,,
OB60819,PT117619,YOUSSEF HASSAN SAYED,OUTSOURCE,Etisalat Services,ENTERPRISE-30511,20110-ENT-SUPPORT-CW30511,40 Hours Weekly,SMB-CCC & SOHO,21-AUG-2026,Friday,21-AUG-2026 07:54:04 AM,21-AUG-2026 04:42:04 PM,08:48,Present,SHJ-HRB-L03-D040 LOBBY ENTRY,SHJ-MSCP-GF-GATE04-TS EXIT EXIT,,
OB60819,PT117619,YOUSSEF HASSAN SAYED,OUTSOURCE,Etisalat Services,ENTERPRISE-30511,20110-ENT-SUPPORT-CW30511,40 Hours Weekly,SMB-CCC & SOHO,22-AUG-2026,Saturday,,,,Weekly Off,,,,
OB60819,PT117619,YOUSSEF HASSAN SAYED  ,OUTSOURCE,Etisalat Services,ENTERPRISE-30511,20110-ENT-SUPPORT-CW30511,40 Hours Weekly,SMB-CCC & SOHO,23-AUG-2026,Sunday,,,,Weekly Off,,,,
OB60819,PT117619,YOUSSEF HASSAN SAYED  ,OUTSOURCE,Etisalat Services,ENTERPRISE-30511,20110-ENT-SUPPORT-CW30511,40 Hours Weekly,SMB-CCC & SOHO,24-AUG-2026,Monday,24-AUG-2026 08:11:33 AM,24-AUG-2026 05:18:33 PM,09:07,Present,AUH-TWR-L01-D002 ENTRY,AUH-TWR-L01-D002 EXIT,,
OB60819,PT117619,YOUSSEF HASSAN SAYED  ,OUTSOURCE,Etisalat Services,ENTERPRISE-30511,20110-ENT-SUPPORT-CW30511,40 Hours Weekly,SMB-CCC & SOHO,25-AUG-2026,Tuesday,25-AUG-2026 08:43:18 AM,25-AUG-2026 05:51:18 PM,09:08,Present,DXB-HQ-GF-GATE01 ENTRY,DXB-HQ-GF-GATE01 EXIT,,
OB60819,PT117619,YOUSSEF HASSAN SAYED,OUTSOURCE,Etisalat Services,ENTERPRISE-30511,20110-ENT-SUPPORT-CW30511,40 Hours Weekly,SMB-CCC & SOHO,26-AUG-2026,Wednesday,26-AUG-2026 08:39:28 AM,,,Present,AUH-TWR-L01-D002 ENTRY,,,
OB60819,PT117619,YOUSSEF HASSAN SAYED,OUTSOURCE,Etisalat Services,ENTERPRISE-30511,20110-ENT-SUPPORT-CW30511,40 Hours Weekly,SMB-CCC & SOHO,27-AUG-2026,Thursday,27-AUG-2026 07:17:11 AM,27-AUG-2026 04:03:11 PM,08:46,Present,SHJ-HRB-L03-D040 LOBBY ENTRY,DXB-HQ-GF-GATE01 EXIT,,
OB60819,PT117619,YOUSSEF HASSAN SAYED,OUTSOURCE,Etisalat Services,ENTERPRISE-30511,20110-ENT-SUPPORT-CW30511,40 Hours Weekly,SMB-CCC & SOHO,28-AUG-2026,Friday,28-AUG-2026 08:40:57 AM,28-AUG-2026 05:57:57 PM,09:17,Present,AUH-TWR-L01-D002 ENTRY,DXB-HQ-GF-GATE01 EXIT,,
OB60819,PT117619,YOUSSEF HASSAN SAYED  ,OUTSOURCE,Etisalat Services,ENTERPRISE-30511,20110-ENT-SUPPORT-CW30511,40 Hours Weekly,SMB-CCC & SOHO,29-AUG-2026,Saturday,,,,Weekly Off,,,,
OB60819,PT117619,YOUSSEF HASSAN SAYED,OUTSOURCE,Etisalat Services,ENTERPRISE-30511,20110-ENT-SUPPORT-CW30511,40 Hours Weekly,SMB-CCC & SOHO,30-AUG-2026,Sunday,,,,Weekly Off,,,,
OB60819,PT117619,YOUSSEF HASSAN SAYED,OUTSOURCE,Etisalat Services,ENTERPRISE-30511,20110-ENT-SUPPORT-CW30511,40 Hours Weekly,SMB-CCC & SOHO,31-AUG-2026,Monday,31-AUG-2026 08:53:49 AM,31-AUG-2026 05:14:49 PM,08:21,Present,DXB-HQ-GF-GATE01 ENTRY,DXB-HQ-GF-GATE01 EXIT,,
OB60820,PT117620,YOUSSEF SAYED MAHMOUD,OUTSOURCE,eMinds,SMB-41984,20085-SMB-SALES-CW41984,48 Hours Weekly,SMB DIGITAL BACK OFFICE,01-AUG-2026,Saturday,,,,Weekly Off,,,,
OB60820,PT117620,YOUSSEF SAYED MAHMOUD,OUTSOURCE,eMinds,SMB-41984,20085-SMB-SALES-CW41984,48 Hours Weekly,SMB DIGITAL BACK OFFICE,02-AUG-2026,Sunday,,,,Weekly Off,,,,
OB60820,PT117620,YOUSSEF SAYED MAHMOUD,OUTSOURCE,eMinds,SMB-41984,20085-SMB-SALES-CW41984,48 Hours Weekly,SMB DIGITAL BACK OFFICE,03-AUG-2026,Monday,,,,Sick Leave,,,,
OB60820,PT117620,YOUSSEF SAYED MAHMOUD  ,OUTSOURCE,eMinds,SMB-41984,20085-SMB-SALES-CW41984,48 Hours Weekly,SMB DIGITAL BACK OFFICE,04-AUG-2026,Tuesday,04-AUG-2026 07:23:50 AM,04-AUG-2026 05:18:50 PM,09:55,Present,DXB-HQ-GF-GATE01 ENTRY,DXB-HQ-GF-GATE01 EXIT,,
OB60820,PT117620,YOUSSEF SAYED MAHMOUD,OUTSOURCE,eMinds,SMB-41984,20085-SMB-SALES-CW41984,48 Hours Weekly,SMB DIGITAL BACK OFFICE,05-AUG-2026,Wednesday,05-AUG-2026 08:30:50 AM,05-AUG-2026 05:44:50 PM,09:14,Present,AUH-TWR-L01-D002 ENTRY,DXB-HQ-GF-GATE01 EXIT,,
OB60820,PT117620,YOUSSEF SAYED MAHMOUD,OUTSOURCE,eMinds,SMB-41984,20085-SMB-SALES-CW41984,48 Hours Weekly,SMB DIGITAL BACK OFFICE,06-AUG-2026,Thursday,06-AUG-2026 08:49:17 AM,06-AUG-2026 06:16:17 PM,09:27,Present,DXB-HQ-GF-GATE01 ENTRY,SHJ-MSCP-GF-GATE04-TS EXIT EXIT,,
OB60820,PT117620,YOUSSEF SAYED MAHMOUD,OUTSOURCE,eMinds,SMB-41984,20085-SMB-SALES-CW41984,48 Hours Weekly,SMB DIGITAL BACK OFFICE,07-AUG-2026,Friday,07-AUG-2026 08:08:48 AM,07-AUG-2026 06:43:48 PM,10:35,Present,SHJ-HRB-L03-D040 LOBBY ENTRY,DXB-HQ-GF-GATE01 EXIT,,
OB60820,PT117620,YOUSSEF SAYED MAHMOUD,OUTSOURCE,eMinds,SMB-41984,20085-SMB-SALES-CW41984,48 Hours Weekly,SMB DIGITAL BACK OFFICE,08-AUG-2026,Saturday,,,,Weekly Off,,,,
OB60820,PT117620,YOUSSEF SAYED MAHMOUD,OUTSOURCE,eMinds,SMB-41984,20085-SMB-SALES-CW41984,48 Hours Weekly,SMB DIGITAL BACK OFFICE,09-AUG-2026,Sunday,,,,Weekly Off,,,,
OB60820,PT117620,YOUSSEF SAYED MAHMOUD,OUTSOURCE,eMinds,SMB-41984,20085-SMB-SALES-CW41984,48 Hours Weekly,SMB DIGITAL BACK OFFICE,10-AUG-2026,Monday,10-AUG-2026 08:31:59 AM,10-AUG-2026 06:40:59 PM,10:09,Present,SHJ-HRB-L03-D040 LOBBY ENTRY,SHJ-MSCP-GF-GATE04-TS EXIT EXIT,,
OB60820,PT117620,YOUSSEF SAYED MAHMOUD,OUTSOURCE,eMinds,SMB-41984,20085-SMB-SALES-CW41984,48 Hours Weekly,SMB DIGITAL BACK OFFICE,11-AUG-2026,Tuesday,11-AUG-2026 08:12:47 AM,11-AUG-2026 07:11:47 PM,10:59,Present,AUH-TWR-L01-D002 ENTRY,DXB-HQ-GF-GATE01 EXIT,,
OB60820,PT117620,YOUSSEF SAYED MAHMOUD  ,OUTSOURCE,eMinds,SMB-41984,20085-SMB-SALES-CW41984,48 Hours Weekly,SMB DIGITAL BACK OFFICE,12-AUG-2026,Wednesday,12-AUG-2026 08:32:47 AM,12-AUG-2026 05:47:47 PM,09:15,Present,SHJ-HRB-L03-D040 LOBBY ENTRY,DXB-HQ-GF-GATE01 EXIT,,
OB60820,PT117620,YOUSSEF SAYED MAHMOUD,OUTSOURCE,eMinds,SMB-41984,20085-SMB-SALES-CW41984,48 Hours Weekly,SMB DIGITAL BACK OFFICE,13-AUG-2026,Thursday,13-AUG-2026 07:18:36 AM,13-AUG-2026 04:55:36 PM,09:37,Present,AUH-TWR-L01-D002 ENTRY,AUH-TWR-L01-D002 EXIT,,
OB60820,PT117620,YOUSSEF SAYED MAHMOUD  ,OUTSOURCE,eMinds,SMB-41984,20085-SMB-SALES-CW41984,48 Hours Weekly,SMB DIGITAL BACK OFFICE,14-AUG-2026,Friday,,,,,,,,
OB60820,PT117620,YOUSSEF SAYED MAHMOUD,OUTSOURCE,eMinds,SMB-41984,20085-SMB-SALES-CW41984,48 Hours Weekly,SMB DIGITAL BACK OFFICE,15-AUG-2026,Saturday,,,,Weekly Off,,,,
OB60820,PT117620,YOUSSEF SAYED MAHMOUD,OUTSOURCE,eMinds,SMB-41984,20085-SMB-SALES-CW41984,48 Hours Weekly,SMB DIGITAL BACK OFFICE,16-AUG-2026,Sunday,,,,Weekly Off,,,,
OB60820,PT117620,YOUSSEF SAYED MAHMOUD,OUTSOURCE,eMinds,SMB-41984,20085-SMB-SALES-CW41984,48 Hours Weekly,SMB DIGITAL BACK OFFICE,17-AUG-2026,Monday,17-AUG-2026 07:25:57 AM,17-AUG-2026 06:06:57 PM,10:41,Present,SHJ-HRB-L03-D040 LOBBY ENTRY,SHJ-MSCP-GF-GATE04-TS EXIT EXIT,,
OB60820,PT117620,YOUSSEF SAYED MAHMOUD,OUTSOURCE,eMinds,SMB-41984,20085-SMB-SALES-CW41984,48 Hours Weekly,SMB DIGITAL BACK OFFICE,18-AUG-2026,Tuesday,,,,Absent,,,Y,
OB60820,PT117620,YOUSSEF SAYED MAHMOUD,OUTSOURCE,eMinds,SMB-41984,20085-SMB-SALES-CW41984,48 Hours Weekly,SMB DIGITAL BACK OFFICE,19-AUG-2026,Wednesday,19-AUG-2026 08:44:10 AM,19-AUG-2026 04:50:10 PM,08:06,Present,DXB-HQ-GF-GATE01 ENTRY,AUH-TWR-L01-D002 EXIT,,
OB60820,PT117620,YOUSSEF SAYED MAHMOUD,OUTSOURCE,eMinds,SMB-41984,20085-SMB-SALES-CW41984,48 Hours Weekly,SMB DIGITAL BACK OFFICE,20-AUG-2026,Thursday,20-AUG-2026 07:35:57 AM,20-AUG-2026 04:59:57 PM,09:24,Present,SHJ-HRB-L03-D040 LOBBY ENTRY,SHJ-MSCP-GF-GATE04-TS EXIT EXIT,,
OB60820,PT117620,YOUSSEF SAYED MAHMOUD,OUTSOURCE,eMinds,SMB-41984,20085-SMB-SALES-CW41984,48 Hours Weekly,SMB DIGITAL BACK OFFICE,21-AUG-2026,Friday,21-AUG-2026 08:25:50 AM,21-AUG-2026 06:02:50 PM,09:37,Present,DXB-HQ-GF-GATE01 ENTRY,DXB-HQ-GF-GATE01 EXIT,,
OB60820,PT117620,YOUSSEF SAYED MAHMOUD  ,OUTSOURCE,eMinds,SMB-41984,20085-SMB-SALES-CW41984,48 Hours Weekly,SMB DIGITAL BACK OFFICE,22-AUG-2026,Saturday,,,,Weekly Off,,,,
OB60820,PT117620,YOUSSEF SAYED MAHMOUD,OUTSOURCE,eMinds,SMB-41984,20085-SMB-SALES-CW41984,48 Hours Weekly,SMB DIGITAL BACK OFFICE,23-AUG-2026,Sunday,,,,Weekly Off,,,,
OB60820,PT117620,YOUSSEF SAYED MAHMOUD,OUTSOURCE,eMinds,SMB-41984,20085-SMB-SALES-CW41984,48 Hours Weekly,SMB DIGITAL BACK OFFICE,24-AUG-2026,Monday,24-AUG-2026 09:53:40 AM,24-AUG-2026 07:17:40 PM,09:24,Present,DXB-HQ-GF-GATE01 ENTRY,SHJ-MSCP-GF-GATE04-TS EXIT EXIT,,
OB60820,PT117620,YOUSSEF SAYED MAHMOUD,OUTSOURCE,eMinds,SMB-41984,20085-SMB-SALES-CW41984,48 Hours Weekly,SMB DIGITAL BACK OFFICE,25-AUG-2026,Tuesday,25-AUG-2026 07:38:06 AM,25-AUG-2026 04:46:06 PM,09:08,Present,AUH-TWR-L01-D002 ENTRY,AUH-TWR-L01-D002 EXIT,,
OB60820,PT117620,YOUSSEF SAYED MAHMOUD,OUTSOURCE,eMinds,SMB-41984,20085-SMB-SALES-CW41984,48 Hours Weekly,SMB DIGITAL BACK OFFICE,26-AUG-2026,Wednesday,26-AUG-2026 07:13:25 AM,26-AUG-2026 05:29:25 PM,10:16,Present,AUH-TWR-L01-D002 ENTRY,SHJ-MSCP-GF-GATE04-TS EXIT EXIT,,
OB60820,PT117620,YOUSSEF SAYED MAHMOUD,OUTSOURCE,eMinds,SMB-41984,20085-SMB-SALES-CW41984,48 Hours Weekly,SMB DIGITAL BACK OFFICE,27-AUG-2026,Thursday,27-AUG-2026 08:44:58 AM,27-AUG-2026 06:29:58 PM,09:45,Present,AUH-TWR-L01-D002 ENTRY,DXB-HQ-GF-GATE01 EXIT,,
OB60820,PT117620,YOUSSEF SAYED MAHMOUD,OUTSOURCE,eMinds,SMB-41984,20085-SMB-SALES-CW41984,48 Hours Weekly,SMB DIGITAL BACK OFFICE,28-AUG-2026,Friday,28-AUG-2026 07:26:43 AM,28-AUG-2026 05:40:43 PM,10:14,Present,SHJ-HRB-L03-D040 LOBBY ENTRY,SHJ-MSCP-GF-GATE04-TS EXIT EXIT,,
OB60820,PT117620,YOUSSEF SAYED MAHMOUD  ,OUTSOURCE,eMinds,SMB-41984,20085-SMB-SALES-CW41984,48 Hours Weekly,SMB DIGITAL BACK OFFICE,29-AUG-2026,Saturday,,,,Weekly Off,,,,
OB60820,PT117620,YOUSSEF SAYED MAHMOUD,OUTSOURCE,eMinds,SMB-41984,20085-SMB-SALES-CW41984,48 Hours Weekly,SMB DIGITAL BACK OFFICE,30-AUG-2026,Sunday,,,,Weekly Off,,,,
OB60820,PT117620,YOUSSEF SAYED MAHMOUD,OUTSOURCE,eMinds,SMB-41984,20085-SMB-SALES-CW41984,48 Hours Weekly,SMB DIGITAL BACK OFFICE,31-AUG-2026,Monday,31-AUG-2026 09:01:07 AM,31-AUG-2026 06:50:07 PM,09:49,Present,DXB-HQ-GF-GATE01 ENTRY,AUH-TWR-L01-D002 EXIT,,
OB60821,PT117621,MARIAM KAMAL NABIL,OUTSOURCE,eMinds,SMB-41985,20085-SMB-SALES-CW41985,48 Hours Weekly,SMB-PRIME&BD-KAM-1,01-AUG-2026,Saturday,,,,Weekly Off,,,,
OB60821,PT117621,MARIAM KAMAL NABIL,OUTSOURCE,eMinds,SMB-41985,20085-SMB-SALES-CW41985,48 Hours Weekly,SMB-PRIME&BD-KAM-1,02-AUG-2026,Sunday,,,,Weekly Off,,,,
OB60821,PT117621,MARIAM KAMAL NABIL,OUTSOURCE,eMinds,SMB-41985,20085-SMB-SALES-CW41985,48 Hours Weekly,SMB-PRIME&BD-KAM-1,03-AUG-2026,Monday,03-AUG-2026 07:14:17 AM,03-AUG-2026 04:27:17 PM,09:13,Present,DXB-HQ-GF-GATE01 ENTRY,AUH-TWR-L01-D002 EXIT,,
OB60821,PT117621,MARIAM KAMAL NABIL,OUTSOURCE,eMinds,SMB-41985,20085-SMB-SALES-CW41985,48 Hours Weekly,SMB-PRIME&BD-KAM-1,04-AUG-2026,Tuesday,,,,Present,,,,
OB60821,PT117621,MARIAM KAMAL NABIL,OUTSOURCE,eMinds,SMB-41985,20085-SMB-SALES-CW41985,48 Hours Weekly,SMB-PRIME&BD-KAM-1,05-AUG-2026,Wednesday,05-AUG-2026 08:05:46 AM,05-AUG-2026 04:09:46 PM,08:04,Present,SHJ-HRB-L03-D040 LOBBY ENTRY,SHJ-MSCP-GF-GATE04-TS EXIT EXIT,,
OB60821,PT117621,MARIAM KAMAL NABIL,OUTSOURCE,eMinds,SMB-41985,20085-SMB-SALES-CW41985,48 Hours Weekly,SMB-PRIME&BD-KAM-1,06-AUG-2026,Thursday,,,,WFH,,,,
OB60821,PT117621,MARIAM KAMAL NABIL,OUTSOURCE,eMinds,SMB-41985,20085-SMB-SALES-CW41985,48 Hours Weekly,SMB-PRIME&BD-KAM-1,07-AUG-2026,Friday,07-AUG-2026 07:25:00 AM,07-AUG-2026 05:02:00 PM,09:37,Present,AUH-TWR-L01-D002 ENTRY,SHJ-MSCP-GF-GATE04-TS EXIT EXIT,,
OB60821,PT117621,MARIAM KAMAL NABIL,OUTSOURCE,eMinds,SMB-41985,20085-SMB-SALES-CW41985,48 Hours Weekly,SMB-PRIME&BD-KAM-1,08-AUG-2026,Saturday,,,,Weekly Off,,,,
OB60821,PT117621,MARIAM KAMAL NABIL  ,OUTSOURCE,eMinds,SMB-41985,20085-SMB-SALES-CW41985,48 Hours Weekly,SMB-PRIME&BD-KAM-1,09-AUG-2026,Sunday,,,,Weekly Off,,,,
OB60821,PT117621,MARIAM KAMAL NABIL,OUTSOURCE,eMinds,SMB-41985,20085-SMB-SALES-CW41985,48 Hours Weekly,SMB-PRIME&BD-KAM-1,10-AUG-2026,Monday,10-AUG-2026 07:57:58 AM,10-AUG-2026 04:06:58 PM,08:09,Present,DXB-HQ-GF-GATE01 ENTRY,DXB-HQ-GF-GATE01 EXIT,,
OB60821,PT117621,MARIAM KAMAL NABIL,OUTSOURCE,eMinds,SMB-41985,20085-SMB-SALES-CW41985,48 Hours Weekly,SMB-PRIME&BD-KAM-1,11-AUG-2026,Tuesday,11-AUG-2026 08:58:34 AM,11-AUG-2026 05:45:34 PM,08:47,Present,AUH-TWR-L01-D002 ENTRY,SHJ-MSCP-GF-GATE04-TS EXIT EXIT,,
OB60821,PT117621,MARIAM KAMAL NABIL,OUTSOURCE,eMinds,SMB-41985,20085-SMB-SALES-CW41985,48 Hours Weekly,SMB-PRIME&BD-KAM-1,12-AUG-2026,Wednesday,12-AUG-2026 07:07:54 AM,12-AUG-2026 04:23:54 PM,09:16,Present,DXB-HQ-GF-GATE01 ENTRY,DXB-HQ-GF-GATE01 EXIT,,
OB60821,PT117621,MARIAM KAMAL NABIL  ,OUTSOURCE,eMinds,SMB-41985,20085-SMB-SALES-CW41985,48 Hours Weekly,SMB-PRIME&BD-KAM-1,13-AUG-2026,Thursday,13-AUG-2026 07:03:13 AM,13-AUG-2026 04:15:13 PM,09:12,Present,DXB-HQ-GF-GATE01 ENTRY,AUH-TWR-L01-D002 EXIT,,
OB60821,PT117621,MARIAM KAMAL NABIL,OUTSOURCE,eMinds,SMB-41985,20085-SMB-SALES-CW41985,48 Hours Weekly,SMB-PRIME&BD-KAM-1,14-AUG-2026,Friday,14-AUG-2026 07:31:53 AM,14-AUG-2026 05:37:53 PM,10:06,Present,SHJ-HRB-L03-D040 LOBBY ENTRY,SHJ-MSCP-GF-GATE04-TS EXIT EXIT,,
OB60821,PT117621,MARIAM KAMAL NABIL,OUTSOURCE,eMinds,SMB-41985,20085-SMB-SALES-CW41985,48 Hours Weekly,SMB-PRIME&BD-KAM-1,15-AUG-2026,Saturday,,,,Weekly Off,,,,
OB60821,PT117621,MARIAM KAMAL NABIL,OUTSOURCE,eMinds,SMB-41985,20085-SMB-SALES-CW41985,48 Hours Weekly,SMB-PRIME&BD-KAM-1,16-AUG-2026,Sunday,,,,Weekly Off,,,,
OB60821,PT117621,MARIAM KAMAL NABIL,OUTSOURCE,eMinds,SMB-41985,20085-SMB-SALES-CW41985,48 Hours Weekly,SMB-PRIME&BD-KAM-1,17-AUG-2026,Monday,17-AUG-2026 07:50:31 AM,17-AUG-2026 04:03:31 PM,08:13,Present,SHJ-HRB-L03-D040 LOBBY ENTRY,AUH-TWR-L01-D002 EXIT,,
OB60821,PT117621,MARIAM KAMAL NABIL  ,OUTSOURCE,eMinds,SMB-41985,20085-SMB-SALES-CW41985,48 Hours Weekly,SMB-PRIME&BD-KAM-1,18-AUG-2026,Tuesday,18-AUG-2026 07:08:19 AM,18-AUG-2026 04:50:19 PM,09:42,Present,AUH-TWR-L01-D002 ENTRY,AUH-TWR-L01-D002 EXIT,,
OB60821,PT117621,MARIAM KAMAL NABIL,OUTSOURCE,eMinds,SMB-41985,20085-SMB-SALES-CW41985,48 Hours Weekly,SMB-PRIME&BD-KAM-1,19-AUG-2026,Wednesday,19-AUG-2026 07:18:05 AM,19-AUG-2026 03:26:05 PM,08:08,Present,AUH-TWR-L01-D002 ENTRY,DXB-HQ-GF-GATE01 EXIT,,
OB60821,PT117621,MARIAM KAMAL NABIL,OUTSOURCE,eMinds,SMB-41985,20085-SMB-SALES-CW41985,48 Hours Weekly,SMB-PRIME&BD-KAM-1,20-AUG-2026,Thursday,20-AUG-2026 08:59:44 AM,20-AUG-2026 05:48:44 PM,08:49,Present,DXB-HQ-GF-GATE01 ENTRY,DXB-HQ-GF-GATE01 EXIT,,
OB60821,PT117621,MARIAM KAMAL NABIL,OUTSOURCE,eMinds,SMB-41985,20085-SMB-SALES-CW41985,48 Hours Weekly,SMB-PRIME&BD-KAM-1,21-AUG-2026,Friday,21-AUG-2026 08:31:24 AM,21-AUG-2026 06:26:24 PM,09:55,Present,SHJ-HRB-L03-D040 LOBBY ENTRY,AUH-TWR-L01-D002 EXIT,,
OB60821,PT117621,MARIAM KAMAL NABIL,OUTSOURCE,eMinds,SMB-41985,20085-SMB-SALES-CW41985,48 Hours Weekly,SMB-PRIME&BD-KAM-1,22-AUG-2026,Saturday,,,,Weekly Off,,,,
OB60821,PT117621,MARIAM KAMAL NABIL  ,OUTSOURCE,eMinds,SMB-41985,20085-SMB-SALES-CW41985,48 Hours Weekly,SMB-PRIME&BD-KAM-1,23-AUG-2026,Sunday,,,,Weekly Off,,,,
OB60821,PT117621,MARIAM KAMAL NABIL  ,OUTSOURCE,eMinds,SMB-41985,20085-SMB-SALES-CW41985,48 Hours Weekly,SMB-PRIME&BD-KAM-1,24-AUG-2026,Monday,24-AUG-2026 08:19:39 AM,24-AUG-2026 05:01:39 PM,08:42,Present,AUH-TWR-L01-D002 ENTRY,DXB-HQ-GF-GATE01 EXIT,,
OB60821,PT117621,MARIAM KAMAL NABIL,OUTSOURCE,eMinds,SMB-41985,20085-SMB-SALES-CW41985,48 Hours Weekly,SMB-PRIME&BD-KAM-1,25-AUG-2026,Tuesday,,,,Present,,,,
OB60821,PT117621,MARIAM KAMAL NABIL,OUTSOURCE,eMinds,SMB-41985,20085-SMB-SALES-CW41985,48 Hours Weekly,SMB-PRIME&BD-KAM-1,26-AUG-2026,Wednesday,26-AUG-2026 08:13:21 AM,26-AUG-2026 04:39:21 PM,08:26,Present,AUH-TWR-L01-D002 ENTRY,SHJ-MSCP-GF-GATE04-TS EXIT EXIT,,
OB60821,PT117621,MARIAM KAMAL NABIL,OUTSOURCE,eMinds,SMB-41985,20085-SMB-SALES-CW41985,48 Hours Weekly,SMB-PRIME&BD-KAM-1,27-AUG-2026,Thursday,27-AUG-2026 08:35:16 AM,27-AUG-2026 05:56:16 PM,09:21,Present,AUH-TWR-L01-D002 ENTRY,DXB-HQ-GF-GATE01 EXIT,,
OB60821,PT117621,MARIAM KAMAL NABIL,OUTSOURCE,eMinds,SMB-41985,20085-SMB-SALES-CW41985,48 Hours Weekly,SMB-PRIME&BD-KAM-1,28-AUG-2026,Friday,28-AUG-2026 07:00:08 AM,28-AUG-2026 04:18:08 PM,09:18,Present,AUH-TWR-L01-D002 ENTRY,DXB-HQ-GF-GATE01 EXIT,,
OB60821,PT117621,MARIAM KAMAL NABIL,OUTSOURCE,eMinds,SMB-41985,20085-SMB-SALES-CW41985,48 Hours Weekly,SMB-PRIME&BD-KAM-1,29-AUG-2026,Saturday,,,,Weekly Off,,,,
OB60821,PT117621,MARIAM KAMAL NABIL,OUTSOURCE,eMinds,SMB-41985,20085-SMB-SALES-CW41985,48 Hours Weekly,SMB-PRIME&BD-KAM-1,30-AUG-2026,Sunday,,,,Weekly Off,,,,
OB60821,PT117621,MARIAM KAMAL NABIL,OUTSOURCE,eMinds,SMB-41985,20085-SMB-SALES-CW41985,48 Hours Weekly,SMB-PRIME&BD-KAM-1,31-AUG-2026,Monday,31-AUG-2026 09:33:58 AM,31-AUG-2026 07:00:58 PM,09:27,Present,AUH-TWR-L01-D002 ENTRY,AUH-TWR-L01-D002 EXIT,,
OB60822,PT117622,RANIA SALEH ABDALLA,OUTSOURCE,eMinds,CONSUMER-22011,20090-CONS-RETAIL-CW22011,45 Hours Weekly,SMB-GENERAL SHIFT,01-AUG-2026,Saturday,,,,Weekly Off,,,,
OB60822,PT117622,RANIA SALEH ABDALLA  ,OUTSOURCE,eMinds,CONSUMER-22011,20090-CONS-RETAIL-CW22011,45 Hours Weekly,SMB-GENERAL SHIFT,02-AUG-2026,Sunday,,,,Weekly Off,,,,
OB60822,PT117622,RANIA SALEH ABDALLA,OUTSOURCE,eMinds,CONSUMER-22011,20090-CONS-RETAIL-CW22011,45 Hours Weekly,SMB-GENERAL SHIFT,03-AUG-2026,Monday,03-AUG-2026 09:40:44 AM,03-AUG-2026 07:07:44 PM,09:27,Present,DXB-HQ-GF-GATE01 ENTRY,SHJ-MSCP-GF-GATE04-TS EXIT EXIT,,
OB60822,PT117622,RANIA SALEH ABDALLA,OUTSOURCE,eMinds,CONSUMER-22011,20090-CONS-RETAIL-CW22011,45 Hours Weekly,SMB-GENERAL SHIFT,04-AUG-2026,Tuesday,04-AUG-2026 09:18:56 AM,04-AUG-2026 07:12:56 PM,09:54,Present,AUH-TWR-L01-D002 ENTRY,SHJ-MSCP-GF-GATE04-TS EXIT EXIT,,
OB60822,PT117622,RANIA SALEH ABDALLA,OUTSOURCE,eMinds,CONSUMER-22011,20090-CONS-RETAIL-CW22011,45 Hours Weekly,SMB-GENERAL SHIFT,05-AUG-2026,Wednesday,05-AUG-2026 08:25:08 AM,05-AUG-2026 05:50:08 PM,09:25,Present,SHJ-HRB-L03-D040 LOBBY ENTRY,DXB-HQ-GF-GATE01 EXIT,,
OB60822,PT117622,RANIA SALEH ABDALLA  ,OUTSOURCE,eMinds,CONSUMER-22011,20090-CONS-RETAIL-CW22011,45 Hours Weekly,SMB-GENERAL SHIFT,06-AUG-2026,Thursday,,,,Absent,,,Y,
OB60822,PT117622,RANIA SALEH ABDALLA,OUTSOURCE,eMinds,CONSUMER-22011,20090-CONS-RETAIL-CW22011,45 Hours Weekly,SMB-GENERAL SHIFT,07-AUG-2026,Friday,07-AUG-2026 08:07:53 AM,07-AUG-2026 05:07:53 PM,09:00,Present,AUH-TWR-L01-D002 ENTRY,DXB-HQ-GF-GATE01 EXIT,,
OB60822,PT117622,RANIA SALEH ABDALLA,OUTSOURCE,eMinds,CONSUMER-22011,20090-CONS-RETAIL-CW22011,45 Hours Weekly,SMB-GENERAL SHIFT,08-AUG-2026,Saturday,,,,Weekly Off,,,,
OB60822,PT117622,RANIA SALEH ABDALLA,OUTSOURCE,eMinds,CONSUMER-22011,20090-CONS-RETAIL-CW22011,45 Hours Weekly,SMB-GENERAL SHIFT,09-AUG-2026,Sunday,,,,Weekly Off,,,,
OB60822,PT117622,RANIA SALEH ABDALLA,OUTSOURCE,eMinds,CONSUMER-22011,20090-CONS-RETAIL-CW22011,45 Hours Weekly,SMB-GENERAL SHIFT,10-AUG-2026,Monday,10-AUG-2026 09:28:49 AM,,,Present,DXB-HQ-GF-GATE01 ENTRY,,,
OB60822,PT117622,RANIA SALEH ABDALLA,OUTSOURCE,eMinds,CONSUMER-22011,20090-CONS-RETAIL-CW22011,45 Hours Weekly,SMB-GENERAL SHIFT,11-AUG-2026,Tuesday,11-AUG-2026 09:03:43 AM,11-AUG-2026 06:54:43 PM,09:51,Present,AUH-TWR-L01-D002 ENTRY,SHJ-MSCP-GF-GATE04-TS EXIT EXIT,,
OB60822,PT117622,RANIA SALEH ABDALLA  ,OUTSOURCE,eMinds,CONSUMER-22011,20090-CONS-RETAIL-CW22011,45 Hours Weekly,SMB-GENERAL SHIFT,12-AUG-2026,Wednesday,,,,Absent,,,N,
OB60822,PT117622,RANIA SALEH ABDALLA,OUTSOURCE,eMinds,CONSUMER-22011,20090-CONS-RETAIL-CW22011,45 Hours Weekly,SMB-GENERAL SHIFT,13-AUG-2026,Thursday,13-AUG-2026 07:07:22 AM,13-AUG-2026 04:15:22 PM,09:08,Present,SHJ-HRB-L03-D040 LOBBY ENTRY,SHJ-MSCP-GF-GATE04-TS EXIT EXIT,,
OB60822,PT117622,RANIA SALEH ABDALLA  ,OUTSOURCE,eMinds,CONSUMER-22011,20090-CONS-RETAIL-CW22011,45 Hours Weekly,SMB-GENERAL SHIFT,14-AUG-2026,Friday,14-AUG-2026 08:00:34 AM,14-AUG-2026 05:30:34 PM,09:30,Present,SHJ-HRB-L03-D040 LOBBY ENTRY,DXB-HQ-GF-GATE01 EXIT,,
OB60822,PT117622,RANIA SALEH ABDALLA,OUTSOURCE,eMinds,CONSUMER-22011,20090-CONS-RETAIL-CW22011,45 Hours Weekly,SMB-GENERAL SHIFT,15-AUG-2026,Saturday,,,,Weekly Off,,,,
OB60822,PT117622,RANIA SALEH ABDALLA,OUTSOURCE,eMinds,CONSUMER-22011,20090-CONS-RETAIL-CW22011,45 Hours Weekly,SMB-GENERAL SHIFT,16-AUG-2026,Sunday,,,,Weekly Off,,,,
OB60822,PT117622,RANIA SALEH ABDALLA,OUTSOURCE,eMinds,CONSUMER-22011,20090-CONS-RETAIL-CW22011,45 Hours Weekly,SMB-GENERAL SHIFT,17-AUG-2026,Monday,17-AUG-2026 07:17:05 AM,17-AUG-2026 04:03:05 PM,08:46,Present,AUH-TWR-L01-D002 ENTRY,SHJ-MSCP-GF-GATE04-TS EXIT EXIT,,
OB60822,PT117622,RANIA SALEH ABDALLA,OUTSOURCE,eMinds,CONSUMER-22011,20090-CONS-RETAIL-CW22011,45 Hours Weekly,SMB-GENERAL SHIFT,18-AUG-2026,Tuesday,18-AUG-2026 07:45:07 AM,18-AUG-2026 05:07:07 PM,09:22,Present,DXB-HQ-GF-GATE01 ENTRY,SHJ-MSCP-GF-GATE04-TS EXIT EXIT,,
OB60822,PT117622,RANIA SALEH ABDALLA,OUTSOURCE,eMinds,CONSUMER-22011,20090-CONS-RETAIL-CW22011,45 Hours Weekly,SMB-GENERAL SHIFT,19-AUG-2026,Wednesday,19-AUG-2026 08:59:09 AM,19-AUG-2026 06:48:09 PM,09:49,Present,SHJ-HRB-L03-D040 LOBBY ENTRY,DXB-HQ-GF-GATE01 EXIT,,
OB60822,PT117622,RANIA SALEH ABDALLA,OUTSOURCE,eMinds,CONSUMER-22011,20090-CONS-RETAIL-CW22011,45 Hours Weekly,SMB-GENERAL SHIFT,20-AUG-2026,Thursday,20-AUG-2026 08:31:35 AM,20-AUG-2026 05:09:35 PM,08:38,Present,SHJ-HRB-L03-D040 LOBBY ENTRY,SHJ-MSCP-GF-GATE04-TS EXIT EXIT,,
OB60822,PT117622,RANIA SALEH ABDALLA,OUTSOURCE,eMinds,CONSUMER-22011,20090-CONS-RETAIL-CW22011,45 Hours Weekly,SMB-GENERAL SHIFT,21-AUG-2026,Friday,21-AUG-2026 07:54:04 AM,21-AUG-2026 04:51:04 PM,08:57,Present,AUH-TWR-L01-D002 ENTRY,DXB-HQ-GF-GATE01 EXIT,,
OB60822,PT117622,RANIA SALEH ABDALLA,OUTSOURCE,eMinds,CONSUMER-22011,20090-CONS-RETAIL-CW22011,45 Hours Weekly,SMB-GENERAL SHIFT,22-AUG-2026,Saturday,,,,Weekly Off,,,,
OB60822,PT117622,RANIA SALEH ABDALLA  ,OUTSOURCE,eMinds,CONSUMER-22011,20090-CONS-RETAIL-CW22011,45 Hours Weekly,SMB-GENERAL SHIFT,23-AUG-2026,Sunday,,,,Weekly Off,,,,
OB60822,PT117622,RANIA SALEH ABDALLA,OUTSOURCE,eMinds,CONSUMER-22011,20090-CONS-RETAIL-CW22011,45 Hours Weekly,SMB-GENERAL SHIFT,24-AUG-2026,Monday,24-AUG-2026 07:50:48 AM,24-AUG-2026 06:38:48 PM,10:48,Present,DXB-HQ-GF-GATE01 ENTRY,DXB-HQ-GF-GATE01 EXIT,,
OB60822,PT117622,RANIA SALEH ABDALLA  ,OUTSOURCE,eMinds,CONSUMER-22011,20090-CONS-RETAIL-CW22011,45 Hours Weekly,SMB-GENERAL SHIFT,25-AUG-2026,Tuesday,25-AUG-2026 08:51:29 AM,25-AUG-2026 06:37:29 PM,09:46,Present,SHJ-HRB-L03-D040 LOBBY ENTRY,SHJ-MSCP-GF-GATE04-TS EXIT EXIT,,
OB60822,PT117622,RANIA SALEH ABDALLA,OUTSOURCE,eMinds,CONSUMER-22011,20090-CONS-RETAIL-CW22011,45 Hours Weekly,SMB-GENERAL SHIFT,26-AUG-2026,Wednesday,26-AUG-2026 09:43:35 AM,,,Present,DXB-HQ-GF-GATE01 ENTRY,,,
OB60822,PT117622,RANIA SALEH ABDALLA,OUTSOURCE,eMinds,CONSUMER-22011,20090-CONS-RETAIL-CW22011,45 Hours Weekly,SMB-GENERAL SHIFT,27-AUG-2026,Thursday,27-AUG-2026 09:41:45 AM,27-AUG-2026 06:24:45 PM,08:43,Present,AUH-TWR-L01-D002 ENTRY,SHJ-MSCP-GF-GATE04-TS EXIT EXIT,,
OB60822,PT117622,RANIA SALEH ABDALLA,OUTSOURCE,eMinds,CONSUMER-22011,20090-CONS-RETAIL-CW22011,45 Hours Weekly,SMB-GENERAL SHIFT,28-AUG-2026,Friday,28-AUG-2026 07:14:52 AM,28-AUG-2026 06:00:52 PM,10:46,Present,SHJ-HRB-L03-D040 LOBBY ENTRY,AUH-TWR-L01-D002 EXIT,,
OB60822,PT117622,RANIA SALEH ABDALLA,OUTSOURCE,eMinds,CONSUMER-22011,20090-CONS-RETAIL-CW22011,45 Hours Weekly,SMB-GENERAL SHIFT,29-AUG-2026,Saturday,,,,Weekly Off,,,,
OB60822,PT117622,RANIA SALEH ABDALLA,OUTSOURCE,eMinds,CONSUMER-22011,20090-CONS-RETAIL-CW22011,45 Hours Weekly,SMB-GENERAL SHIFT,30-AUG-2026,Sunday,,,,Weekly Off,,,,
OB60822,PT117622,RANIA SALEH ABDALLA,OUTSOURCE,eMinds,CONSUMER-22011,20090-CONS-RETAIL-CW22011,45 Hours Weekly,SMB-GENERAL SHIFT,31-AUG-2026,Monday,31-AUG-2026 08:35:20 AM,31-AUG-2026 06:33:20 PM,09:58,Present,AUH-TWR-L01-D002 ENTRY,DXB-HQ-GF-GATE01 EXIT,,
OB60823,PT117623,RANIA IBRAHIM NABIL,OUTSOURCE,Etisalat Services,ENTERPRISE-30510,20110-ENT-SUPPORT-CW30510,40 Hours Weekly,SMB-Elite Business,01-AUG-2026,Saturday,,,,Weekly Off,,,,
OB60823,PT117623,RANIA IBRAHIM NABIL  ,OUTSOURCE,Etisalat Services,ENTERPRISE-30510,20110-ENT-SUPPORT-CW30510,40 Hours Weekly,SMB-Elite Business,02-AUG-2026,Sunday,,,,Weekly Off,,,,
OB60823,PT117623,RANIA IBRAHIM NABIL,OUTSOURCE,Etisalat Services,ENTERPRISE-30510,20110-ENT-SUPPORT-CW30510,40 Hours Weekly,SMB-Elite Business,03-AUG-2026,Monday,03-AUG-2026 07:36:57 AM,03-AUG-2026 04:29:57 PM,08:53,Present,AUH-TWR-L01-D002 ENTRY,AUH-TWR-L01-D002 EXIT,,
OB60823,PT117623,RANIA IBRAHIM NABIL,OUTSOURCE,Etisalat Services,ENTERPRISE-30510,20110-ENT-SUPPORT-CW30510,40 Hours Weekly,SMB-Elite Business,04-AUG-2026,Tuesday,,,,Sick Leave,,,,
OB60823,PT117623,RANIA IBRAHIM NABIL,OUTSOURCE,Etisalat Services,ENTERPRISE-30510,20110-ENT-SUPPORT-CW30510,40 Hours Weekly,SMB-Elite Business,05-AUG-2026,Wednesday,05-AUG-2026 09:51:34 AM,05-AUG-2026 06:51:34 PM,09:00,Present,DXB-HQ-GF-GATE01 ENTRY,DXB-HQ-GF-GATE01 EXIT,,
OB60823,PT117623,RANIA IBRAHIM NABIL  ,OUTSOURCE,Etisalat Services,ENTERPRISE-30510,20110-ENT-SUPPORT-CW30510,40 Hours Weekly,SMB-Elite Business,06-AUG-2026,Thursday,06-AUG-2026 07:14:28 AM,06-AUG-2026 04:37:28 PM,09:23,Present,DXB-HQ-GF-GATE01 ENTRY,DXB-HQ-GF-GATE01 EXIT,,
OB60823,PT117623,RANIA IBRAHIM NABIL  ,OUTSOURCE,Etisalat Services,ENTERPRISE-30510,20110-ENT-SUPPORT-CW30510,40 Hours Weekly,SMB-Elite Business,07-AUG-2026,Friday,07-AUG-2026 08:05:59 AM,07-AUG-2026 05:31:59 PM,09:26,Present,AUH-TWR-L01-D002 ENTRY,AUH-TWR-L01-D002 EXIT,,
OB60823,PT117623,RANIA IBRAHIM NABIL  ,OUTSOURCE,Etisalat Services,ENTERPRISE-30510,20110-ENT-SUPPORT-CW30510,40 Hours Weekly,SMB-Elite Business,08-AUG-2026,Saturday,,,,Weekly Off,,,,
OB60823,PT117623,RANIA IBRAHIM NABIL,OUTSOURCE,Etisalat Services,ENTERPRISE-30510,20110-ENT-SUPPORT-CW30510,40 Hours Weekly,SMB-Elite Business,09-AUG-2026,Sunday,,,,Weekly Off,,,,
OB60823,PT117623,RANIA IBRAHIM NABIL,OUTSOURCE,Etisalat Services,ENTERPRISE-30510,20110-ENT-SUPPORT-CW30510,40 Hours Weekly,SMB-Elite Business,10-AUG-2026,Monday,10-AUG-2026 09:17:12 AM,10-AUG-2026 07:03:12 PM,09:46,Present,AUH-TWR-L01-D002 ENTRY,AUH-TWR-L01-D002 EXIT,,
OB60823,PT117623,RANIA IBRAHIM NABIL,OUTSOURCE,Etisalat Services,ENTERPRISE-30510,20110-ENT-SUPPORT-CW30510,40 Hours Weekly,SMB-Elite Business,11-AUG-2026,Tuesday,11-AUG-2026 08:17:19 AM,11-AUG-2026 06:06:19 PM,09:49,Present,SHJ-HRB-L03-D040 LOBBY ENTRY,DXB-HQ-GF-GATE01 EXIT,,
OB60823,PT117623,RANIA IBRAHIM NABIL,OUTSOURCE,Etisalat Services,ENTERPRISE-30510,20110-ENT-SUPPORT-CW30510,40 Hours Weekly,SMB-Elite Business,12-AUG-2026,Wednesday,12-AUG-2026 07:34:18 AM,12-AUG-2026 04:49:18 PM,09:15,Present,SHJ-HRB-L03-D040 LOBBY ENTRY,SHJ-MSCP-GF-GATE04-TS EXIT EXIT,,
OB60823,PT117623,RANIA IBRAHIM NABIL  ,OUTSOURCE,Etisalat Services,ENTERPRISE-30510,20110-ENT-SUPPORT-CW30510,40 Hours Weekly,SMB-Elite Business,13-AUG-2026,Thursday,13-AUG-2026 07:49:02 AM,13-AUG-2026 04:54:02 PM,09:05,Present,SHJ-HRB-L03-D040 LOBBY ENTRY,AUH-TWR-L01-D002 EXIT,,
OB60823,PT117623,RANIA IBRAHIM NABIL,OUTSOURCE,Etisalat Services,ENTERPRISE-30510,20110-ENT-SUPPORT-CW30510,40 Hours Weekly,SMB-Elite Business,14-AUG-2026,Friday,14-AUG-2026 07:55:25 AM,14-AUG-2026 06:01:25 PM,10:06,Present,DXB-HQ-GF-GATE01 ENTRY,DXB-HQ-GF-GATE01 EXIT,,
OB60823,PT117623,RANIA IBRAHIM NABIL,OUTSOURCE,Etisalat Services,ENTERPRISE-30510,20110-ENT-SUPPORT-CW30510,40 Hours Weekly,SMB-Elite Business,15-AUG-2026,Saturday,,,,Weekly Off,,,,
OB60823,PT117623,RANIA IBRAHIM NABIL,OUTSOURCE,Etisalat Services,ENTERPRISE-30510,20110-ENT-SUPPORT-CW30510,40 Hours Weekly,SMB-Elite Business,16-AUG-2026,Sunday,,,,Weekly Off,,,,
OB60823,PT117623,RANIA IBRAHIM NABIL,OUTSOURCE,Etisalat Services,ENTERPRISE-30510,20110-ENT-SUPPORT-CW30510,40 Hours Weekly,SMB-Elite Business,17-AUG-2026,Monday,,,,Absent,,,Y,
OB60823,PT117623,RANIA IBRAHIM NABIL  ,OUTSOURCE,Etisalat Services,ENTERPRISE-30510,20110-ENT-SUPPORT-CW30510,40 Hours Weekly,SMB-Elite Business,18-AUG-2026,Tuesday,18-AUG-2026 08:00:10 AM,18-AUG-2026 05:10:10 PM,09:10,Present,SHJ-HRB-L03-D040 LOBBY ENTRY,SHJ-MSCP-GF-GATE04-TS EXIT EXIT,,
OB60823,PT117623,RANIA IBRAHIM NABIL,OUTSOURCE,Etisalat Services,ENTERPRISE-30510,20110-ENT-SUPPORT-CW30510,40 Hours Weekly,SMB-Elite Business,19-AUG-2026,Wednesday,19-AUG-2026 09:50:21 AM,19-AUG-2026 08:08:21 PM,10:18,Present,SHJ-HRB-L03-D040 LOBBY ENTRY,DXB-HQ-GF-GATE01 EXIT,,
OB60823,PT117623,RANIA IBRAHIM NABIL,OUTSOURCE,Etisalat Services,ENTERPRISE-30510,20110-ENT-SUPPORT-CW30510,40 Hours Weekly,SMB-Elite Business,20-AUG-2026,Thursday,20-AUG-2026 07:33:24 AM,20-AUG-2026 04:35:24 PM,09:02,Present,SHJ-HRB-L03-D040 LOBBY ENTRY,AUH-TWR-L01-D002 EXIT,,
OB60823,PT117623,RANIA IBRAHIM NABIL  ,OUTSOURCE,Etisalat Services,ENTERPRISE-30510,20110-ENT-SUPPORT-CW30510,40 Hours Weekly,SMB-Elite Business,21-AUG-2026,Friday,21-AUG-2026 07:57:56 AM,21-AUG-2026 06:35:56 PM,10:38,Present,DXB-HQ-GF-GATE01 ENTRY,DXB-HQ-GF-GATE01 EXIT,,
OB60823,PT117623,RANIA IBRAHIM NABIL,OUTSOURCE,Etisalat Services,ENTERPRISE-30510,20110-ENT-SUPPORT-CW30510,40 Hours Weekly,SMB-Elite Business,22-AUG-2026,Saturday,,,,Weekly Off,,,,
OB60823,PT117623,RANIA IBRAHIM NABIL,OUTSOURCE,Etisalat Services,ENTERPRISE-30510,20110-ENT-SUPPORT-CW30510,40 Hours Weekly,SMB-Elite Business,23-AUG-2026,Sunday,,,,Weekly Off,,,,
OB60823,PT117623,RANIA IBRAHIM NABIL,OUTSOURCE,Etisalat Services,ENTERPRISE-30510,20110-ENT-SUPPORT-CW30510,40 Hours Weekly,SMB-Elite Business,24-AUG-2026,Monday,24-AUG-2026 07:19:05 AM,24-AUG-2026 04:48:05 PM,09:29,Present,SHJ-HRB-L03-D040 LOBBY ENTRY,DXB-HQ-GF-GATE01 EXIT,,
OB60823,PT117623,RANIA IBRAHIM NABIL,OUTSOURCE,Etisalat Services,ENTERPRISE-30510,20110-ENT-SUPPORT-CW30510,40 Hours Weekly,SMB-Elite Business,25-AUG-2026,Tuesday,25-AUG-2026 09:11:57 AM,25-AUG-2026 06:35:57 PM,09:24,Present,SHJ-HRB-L03-D040 LOBBY ENTRY,DXB-HQ-GF-GATE01 EXIT,,
OB60823,PT117623,RANIA IBRAHIM NABIL,OUTSOURCE,Etisalat Services,ENTERPRISE-30510,20110-ENT-SUPPORT-CW30510,40 Hours Weekly,SMB-Elite Business,26-AUG-2026,Wednesday,26-AUG-2026 07:52:22 AM,26-AUG-2026 04:05:22 PM,08:13,Present,SHJ-HRB-L03-D040 LOBBY ENTRY,AUH-TWR-L01-D002 EXIT,,
OB60823,PT117623,RANIA IBRAHIM NABIL  ,OUTSOURCE,Etisalat Services,ENTERPRISE-30510,20110-ENT-SUPPORT-CW30510,40 Hours Weekly,SMB-Elite Business,27-AUG-2026,Thursday,,,,Sick Leave,,,,
OB60823,PT117623,RANIA IBRAHIM NABIL,OUTSOURCE,Etisalat Services,ENTERPRISE-30510,20110-ENT-SUPPORT-CW30510,40 Hours Weekly,SMB-Elite Business,28-AUG-2026,Friday,28-AUG-2026 08:06:42 AM,28-AUG-2026 06:09:42 PM,10:03,Present,SHJ-HRB-L03-D040 LOBBY ENTRY,SHJ-MSCP-GF-GATE04-TS EXIT EXIT,,
OB60823,PT117623,RANIA IBRAHIM NABIL,OUTSOURCE,Etisalat Services,ENTERPRISE-30510,20110-ENT-SUPPORT-CW30510,40 Hours Weekly,SMB-Elite Business,29-AUG-2026,Saturday,,,,Weekly Off,,,,
OB60823,PT117623,RANIA IBRAHIM NABIL,OUTSOURCE,Etisalat Services,ENTERPRISE-30510,20110-ENT-SUPPORT-CW30510,40 Hours Weekly,SMB-Elite Business,30-AUG-2026,Sunday,,,,Weekly Off,,,,
OB60823,PT117623,RANIA IBRAHIM NABIL  ,OUTSOURCE,Etisalat Services,ENTERPRISE-30510,20110-ENT-SUPPORT-CW30510,40 Hours Weekly,SMB-Elite Business,31-AUG-2026,Monday,31-AUG-2026 07:38:03 AM,31-AUG-2026 03:41:03 PM,08:03,Present,AUH-TWR-L01-D002 ENTRY,AUH-TWR-L01-D002 EXIT,,
OB60824,PT117624,MARIAM SAMIR NABIL,OUTSOURCE,Etisalat Services,ENTERPRISE-30511,20110-ENT-SUPPORT-CW30511,40 Hours Weekly,SMB-CCC & SOHO,01-AUG-2026,Saturday,,,,Weekly Off,,,,
OB60824,PT117624,MARIAM SAMIR NABIL  ,OUTSOURCE,Etisalat Services,ENTERPRISE-30511,20110-ENT-SUPPORT-CW30511,40 Hours Weekly,SMB-CCC & SOHO,02-AUG-2026,Sunday,,,,Weekly Off,,,,
OB60824,PT117624,MARIAM SAMIR NABIL,OUTSOURCE,Etisalat Services,ENTERPRISE-30511,20110-ENT-SUPPORT-CW30511,40 Hours Weekly,SMB-CCC & SOHO,03-AUG-2026,Monday,03-AUG-2026 08:24:45 AM,03-AUG-2026 06:08:45 PM,09:44,Present,DXB-HQ-GF-GATE01 ENTRY,DXB-HQ-GF-GATE01 EXIT,,
OB60824,PT117624,MARIAM SAMIR NABIL,OUTSOURCE,Etisalat Services,ENTERPRISE-30511,20110-ENT-SUPPORT-CW30511,40 Hours Weekly,SMB-CCC & SOHO,04-AUG-2026,Tuesday,04-AUG-2026 08:00:46 AM,04-AUG-2026 05:37:46 PM,09:37,Present,SHJ-HRB-L03-D040 LOBBY ENTRY,SHJ-MSCP-GF-GATE04-TS EXIT EXIT,,
OB60824,PT117624,MARIAM SAMIR NABIL,OUTSOURCE,Etisalat Services,ENTERPRISE-30511,20110-ENT-SUPPORT-CW30511,40 Hours Weekly,SMB-CCC & SOHO,05-AUG-2026,Wednesday,,,,Absent,,,N,
OB60824,PT117624,MARIAM SAMIR NABIL,OUTSOURCE,Etisalat Services,ENTERPRISE-30511,20110-ENT-SUPPORT-CW30511,40 Hours Weekly,SMB-CCC & SOHO,06-AUG-2026,Thursday,06-AUG-2026 07:47:14 AM,06-AUG-2026 04:11:14 PM,08:24,Present,AUH-TWR-L01-D002 ENTRY,SHJ-MSCP-GF-GATE04-TS EXIT EXIT,,
OB60824,PT117624,MARIAM SAMIR NABIL  ,OUTSOURCE,Etisalat Services,ENTERPRISE-30511,20110-ENT-SUPPORT-CW30511,40 Hours Weekly,SMB-CCC & SOHO,07-AUG-2026,Friday,07-AUG-2026 08:18:28 AM,07-AUG-2026 06:11:28 PM,09:53,Present,AUH-TWR-L01-D002 ENTRY,SHJ-MSCP-GF-GATE04-TS EXIT EXIT,,
OB60824,PT117624,MARIAM SAMIR NABIL,OUTSOURCE,Etisalat Services,ENTERPRISE-30511,20110-ENT-SUPPORT-CW30511,40 Hours Weekly,SMB-CCC & SOHO,08-AUG-2026,Saturday,,,,Weekly Off,,,,
OB60824,PT117624,MARIAM SAMIR NABIL,OUTSOURCE,Etisalat Services,ENTERPRISE-30511,20110-ENT-SUPPORT-CW30511,40 Hours Weekly,SMB-CCC & SOHO,09-AUG-2026,Sunday,,,,Weekly Off,,,,
OB60824,PT117624,MARIAM SAMIR NABIL,OUTSOURCE,Etisalat Services,ENTERPRISE-30511,20110-ENT-SUPPORT-CW30511,40 Hours Weekly,SMB-CCC & SOHO,10-AUG-2026,Monday,10-AUG-2026 09:44:58 AM,10-AUG-2026 06:42:58 PM,08:58,Present,DXB-HQ-GF-GATE01 ENTRY,DXB-HQ-GF-GATE01 EXIT,,
OB60824,PT117624,MARIAM SAMIR NABIL,OUTSOURCE,Etisalat Services,ENTERPRISE-30511,20110-ENT-SUPPORT-CW30511,40 Hours Weekly,SMB-CCC & SOHO,11-AUG-2026,Tuesday,11-AUG-2026 08:21:03 AM,11-AUG-2026 05:32:03 PM,09:11,Present,DXB-HQ-GF-GATE01 ENTRY,SHJ-MSCP-GF-GATE04-TS EXIT EXIT,,
OB60824,PT117624,MARIAM SAMIR NABIL,OUTSOURCE,Etisalat Services,ENTERPRISE-30511,20110-ENT-SUPPORT-CW30511,40 Hours Weekly,SMB-CCC & SOHO,12-AUG-2026,Wednesday,12-AUG-2026 09:10:35 AM,12-AUG-2026 06:02:35 PM,08:52,Present,AUH-TWR-L01-D002 ENTRY,SHJ-MSCP-GF-GATE04-TS EXIT EXIT,,
OB60824,PT117624,MARIAM SAMIR NABIL,OUTSOURCE,Etisalat Services,ENTERPRISE-30511,20110-ENT-SUPPORT-CW30511,40 Hours Weekly,SMB-CCC & SOHO,13-AUG-2026,Thursday,13-AUG-2026 07:51:46 AM,13-AUG-2026 05:54:46 PM,10:03,Present,AUH-TWR-L01-D002 ENTRY,SHJ-MSCP-GF-GATE04-TS EXIT EXIT,,
OB60824,PT117624,MARIAM SAMIR NABIL,OUTSOURCE,Etisalat Services,ENTERPRISE-30511,20110-ENT-SUPPORT-CW30511,40 Hours Weekly,SMB-CCC & SOHO,14-AUG-2026,Friday,14-AUG-2026 09:43:59 AM,14-AUG-2026 06:44:59 PM,09:01,Present,AUH-TWR-L01-D002 ENTRY,DXB-HQ-GF-GATE01 EXIT,,
OB60824,PT117624,MARIAM SAMIR NABIL,OUTSOURCE,Etisalat Services,ENTERPRISE-30511,20110-ENT-SUPPORT-CW30511,40 Hours Weekly,SMB-CCC & SOHO,15-AUG-2026,Saturday,,,,Weekly Off,,,,
OB60824,PT117624,MARIAM SAMIR NABIL,OUTSOURCE,Etisalat Services,ENTERPRISE-30511,20110-ENT-SUPPORT-CW30511,40 Hours Weekly,SMB-CCC & SOHO,16-AUG-2026,Sunday,,,,Weekly Off,,,,
OB60824,PT117624,MARIAM SAMIR NABIL,OUTSOURCE,Etisalat Services,ENTERPRISE-30511,20110-ENT-SUPPORT-CW30511,40 Hours Weekly,SMB-CCC & SOHO,17-AUG-2026,Monday,17-AUG-2026 08:07:34 AM,17-AUG-2026 05:44:34 PM,09:37,Present,DXB-HQ-GF-GATE01 ENTRY,AUH-TWR-L01-D002 EXIT,,
OB60824,PT117624,MARIAM SAMIR NABIL,OUTSOURCE,Etisalat Services,ENTERPRISE-30511,20110-ENT-SUPPORT-CW30511,40 Hours Weekly,SMB-CCC & SOHO,18-AUG-2026,Tuesday,18-AUG-2026 08:41:32 AM,18-AUG-2026 06:07:32 PM,09:26,Present,SHJ-HRB-L03-D040 LOBBY ENTRY,DXB-HQ-GF-GATE01 EXIT,,
OB60824,PT117624,MARIAM SAMIR NABIL,OUTSOURCE,Etisalat Services,ENTERPRISE-30511,20110-ENT-SUPPORT-CW30511,40 Hours Weekly,SMB-CCC & SOHO,19-AUG-2026,Wednesday,19-AUG-2026 09:19:12 AM,,,Present,DXB-HQ-GF-GATE01 ENTRY,,,
OB60824,PT117624,MARIAM SAMIR NABIL  ,OUTSOURCE,Etisalat Services,ENTERPRISE-30511,20110-ENT-SUPPORT-CW30511,40 Hours Weekly,SMB-CCC & SOHO,20-AUG-2026,Thursday,20-AUG-2026 07:36:48 AM,20-AUG-2026 06:12:48 PM,10:36,Present,SHJ-HRB-L03-D040 LOBBY ENTRY,AUH-TWR-L01-D002 EXIT,,
OB60824,PT117624,MARIAM SAMIR NABIL,OUTSOURCE,Etisalat Services,ENTERPRISE-30511,20110-ENT-SUPPORT-CW30511,40 Hours Weekly,SMB-CCC & SOHO,21-AUG-2026,Friday,21-AUG-2026 07:09:16 AM,21-AUG-2026 04:31:16 PM,09:22,Present,DXB-HQ-GF-GATE01 ENTRY,DXB-HQ-GF-GATE01 EXIT,,
OB60824,PT117624,MARIAM SAMIR NABIL,OUTSOURCE,Etisalat Services,ENTERPRISE-30511,20110-ENT-SUPPORT-CW30511,40 Hours Weekly,SMB-CCC & SOHO,22-AUG-2026,Saturday,,,,Weekly Off,,,,
OB60824,PT117624,MARIAM SAMIR NABIL  ,OUTSOURCE,Etisalat Services,ENTERPRISE-30511,20110-ENT-SUPPORT-CW30511,40 Hours Weekly,SMB-CCC & SOHO,23-AUG-2026,Sunday,,,,Weekly Off,,,,
OB60824,PT117624,MARIAM SAMIR NABIL,OUTSOURCE,Etisalat Services,ENTERPRISE-30511,20110-ENT-SUPPORT-CW30511,40 Hours Weekly,SMB-CCC & SOHO,24-AUG-2026,Monday,24-AUG-2026 09:45:16 AM,24-AUG-2026 06:16:16 PM,08:31,Present,AUH-TWR-L01-D002 ENTRY,DXB-HQ-GF-GATE01 EXIT,,
OB60824,PT117624,MARIAM SAMIR NABIL,OUTSOURCE,Etisalat Services,ENTERPRISE-30511,20110-ENT-SUPPORT-CW30511,40 Hours Weekly,SMB-CCC & SOHO,25-AUG-2026,Tuesday,25-AUG-2026 09:04:56 AM,25-AUG-2026 07:01:56 PM,09:57,Present,SHJ-HRB-L03-D040 LOBBY ENTRY,SHJ-MSCP-GF-GATE04-TS EXIT EXIT,,
OB60824,PT117624,MARIAM SAMIR NABIL,OUTSOURCE,Etisalat Services,ENTERPRISE-30511,20110-ENT-SUPPORT-CW30511,40 Hours Weekly,SMB-CCC & SOHO,26-AUG-2026,Wednesday,26-AUG-2026 08:42:55 AM,26-AUG-2026 05:34:55 PM,08:52,Present,AUH-TWR-L01-D002 ENTRY,DXB-HQ-GF-GATE01 EXIT,,
OB60824,PT117624,MARIAM SAMIR NABIL  ,OUTSOURCE,Etisalat Services,ENTERPRISE-30511,20110-ENT-SUPPORT-CW30511,40 Hours Weekly,SMB-CCC & SOHO,27-AUG-2026,Thursday,27-AUG-2026 07:27:28 AM,27-AUG-2026 05:22:28 PM,09:55,Present,SHJ-HRB-L03-D040 LOBBY ENTRY,DXB-HQ-GF-GATE01 EXIT,,
OB60824,PT117624,MARIAM SAMIR NABIL,OUTSOURCE,Etisalat Services,ENTERPRISE-30511,20110-ENT-SUPPORT-CW30511,40 Hours Weekly,SMB-CCC & SOHO,28-AUG-2026,Friday,28-AUG-2026 08:20:22 AM,28-AUG-2026 06:11:22 PM,09:51,Present,DXB-HQ-GF-GATE01 ENTRY,AUH-TWR-L01-D002 EXIT,,
OB60824,PT117624,MARIAM SAMIR NABIL,OUTSOURCE,Etisalat Services,ENTERPRISE-30511,20110-ENT-SUPPORT-CW30511,40 Hours Weekly,SMB-CCC & SOHO,29-AUG-2026,Saturday,,,,Weekly Off,,,,
OB60824,PT117624,MARIAM SAMIR NABIL,OUTSOURCE,Etisalat Services,ENTERPRISE-30511,20110-ENT-SUPPORT-CW30511,40 Hours Weekly,SMB-CCC & SOHO,30-AUG-2026,Sunday,,,,Weekly Off,,,,
OB60824,PT117624,MARIAM SAMIR NABIL,OUTSOURCE,Etisalat Services,ENTERPRISE-30511,20110-ENT-SUPPORT-CW30511,40 Hours Weekly,SMB-CCC & SOHO,31-AUG-2026,Monday,31-AUG-2026 08:26:16 AM,31-AUG-2026 06:54:16 PM,10:28,Present,SHJ-HRB-L03-D040 LOBBY ENTRY,SHJ-MSCP-GF-GATE04-TS EXIT EXIT,,
OB60825,PT117625,SARA YOUSSEF NABIL,OUTSOURCE,eMinds,SMB-41984,20085-SMB-SALES-CW41984,48 Hours Weekly,SMB DIGITAL BACK OFFICE,01-AUG-2026,Saturday,,,,Weekly Off,,,,
OB60825,PT117625,SARA YOUSSEF NABIL,OUTSOURCE,eMinds,SMB-41984,20085-SMB-SALES-CW41984,48 Hours Weekly,SMB DIGITAL BACK OFFICE,02-AUG-2026,Sunday,,,,Weekly Off,,,,
OB60825,PT117625,SARA YOUSSEF NABIL  ,OUTSOURCE,eMinds,SMB-41984,20085-SMB-SALES-CW41984,48 Hours Weekly,SMB DIGITAL BACK OFFICE,03-AUG-2026,Monday,03-AUG-2026 08:53:07 AM,03-AUG-2026 05:12:07 PM,08:19,Present,SHJ-HRB-L03-D040 LOBBY ENTRY,DXB-HQ-GF-GATE01 EXIT,,
OB60825,PT117625,SARA YOUSSEF NABIL,OUTSOURCE,eMinds,SMB-41984,20085-SMB-SALES-CW41984,48 Hours Weekly,SMB DIGITAL BACK OFFICE,04-AUG-2026,Tuesday,04-AUG-2026 09:26:20 AM,04-AUG-2026 07:00:20 PM,09:34,Present,SHJ-HRB-L03-D040 LOBBY ENTRY,AUH-TWR-L01-D002 EXIT,,
OB60825,PT117625,SARA YOUSSEF NABIL,OUTSOURCE,eMinds,SMB-41984,20085-SMB-SALES-CW41984,48 Hours Weekly,SMB DIGITAL BACK OFFICE,05-AUG-2026,Wednesday,,,,Sick Leave,,,,
OB60825,PT117625,SARA YOUSSEF NABIL,OUTSOURCE,eMinds,SMB-41984,20085-SMB-SALES-CW41984,48 Hours Weekly,SMB DIGITAL BACK OFFICE,06-AUG-2026,Thursday,06-AUG-2026 08:45:31 AM,06-AUG-2026 06:23:31 PM,09:38,Present,AUH-TWR-L01-D002 ENTRY,SHJ-MSCP-GF-GATE04-TS EXIT EXIT,,
OB60825,PT117625,SARA YOUSSEF NABIL,OUTSOURCE,eMinds,SMB-41984,20085-SMB-SALES-CW41984,48 Hours Weekly,SMB DIGITAL BACK OFFICE,07-AUG-2026,Friday,07-AUG-2026 09:49:13 AM,07-AUG-2026 07:32:13 PM,09:43,Present,SHJ-HRB-L03-D040 LOBBY ENTRY,SHJ-MSCP-GF-GATE04-TS EXIT EXIT,,
OB60825,PT117625,SARA YOUSSEF NABIL,OUTSOURCE,eMinds,SMB-41984,20085-SMB-SALES-CW41984,48 Hours Weekly,SMB DIGITAL BACK OFFICE,08-AUG-2026,Saturday,,,,Weekly Off,,,,
OB60825,PT117625,SARA YOUSSEF NABIL,OUTSOURCE,eMinds,SMB-41984,20085-SMB-SALES-CW41984,48 Hours Weekly,SMB DIGITAL BACK OFFICE,09-AUG-2026,Sunday,,,,Weekly Off,,,,
OB60825,PT117625,SARA YOUSSEF NABIL,OUTSOURCE,eMinds,SMB-41984,20085-SMB-SALES-CW41984,48 Hours Weekly,SMB DIGITAL BACK OFFICE,10-AUG-2026,Monday,10-AUG-2026 08:57:00 AM,10-AUG-2026 06:06:00 PM,09:09,Present,DXB-HQ-GF-GATE01 ENTRY,DXB-HQ-GF-GATE01 EXIT,,
OB60825,PT117625,SARA YOUSSEF NABIL,OUTSOURCE,eMinds,SMB-41984,20085-SMB-SALES-CW41984,48 Hours Weekly,SMB DIGITAL BACK OFFICE,11-AUG-2026,Tuesday,11-AUG-2026 07:18:58 AM,11-AUG-2026 04:49:58 PM,09:31,Present,SHJ-HRB-L03-D040 LOBBY ENTRY,DXB-HQ-GF-GATE01 EXIT,,
OB60825,PT117625,SARA YOUSSEF NABIL,OUTSOURCE,eMinds,SMB-41984,20085-SMB-SALES-CW41984,48 Hours Weekly,SMB DIGITAL BACK OFFICE,12-AUG-2026,Wednesday,12-AUG-2026 09:18:44 AM,,,Present,AUH-TWR-L01-D002 ENTRY,,,
OB60825,PT117625,SARA YOUSSEF NABIL,OUTSOURCE,eMinds,SMB-41984,20085-SMB-SALES-CW41984,48 Hours Weekly,SMB DIGITAL BACK OFFICE,13-AUG-2026,Thursday,13-AUG-2026 07:18:28 AM,13-AUG-2026 06:01:28 PM,10:43,Present,SHJ-HRB-L03-D040 LOBBY ENTRY,SHJ-MSCP-GF-GATE04-TS EXIT EXIT,,
OB60825,PT117625,SARA YOUSSEF NABIL,OUTSOURCE,eMinds,SMB-41984,20085-SMB-SALES-CW41984,48 Hours Weekly,SMB DIGITAL BACK OFFICE,14-AUG-2026,Friday,14-AUG-2026 07:44:03 AM,14-AUG-2026 06:28:03 PM,10:44,Present,AUH-TWR-L01-D002 ENTRY,DXB-HQ-GF-GATE01 EXIT,,
OB60825,PT117625,SARA YOUSSEF NABIL,OUTSOURCE,eMinds,SMB-41984,20085-SMB-SALES-CW41984,48 Hours Weekly,SMB DIGITAL BACK OFFICE,15-AUG-2026,Saturday,,,,Weekly Off,,,,
OB60825,PT117625,SARA YOUSSEF NABIL,OUTSOURCE,eMinds,SMB-41984,20085-SMB-SALES-CW41984,48 Hours Weekly,SMB DIGITAL BACK OFFICE,16-AUG-2026,Sunday,,,,Weekly Off,,,,
OB60825,PT117625,SARA YOUSSEF NABIL,OUTSOURCE,eMinds,SMB-41984,20085-SMB-SALES-CW41984,48 Hours Weekly,SMB DIGITAL BACK OFFICE,17-AUG-2026,Monday,17-AUG-2026 08:12:26 AM,17-AUG-2026 05:54:26 PM,09:42,Present,AUH-TWR-L01-D002 ENTRY,DXB-HQ-GF-GATE01 EXIT,,
OB60825,PT117625,SARA YOUSSEF NABIL,OUTSOURCE,eMinds,SMB-41984,20085-SMB-SALES-CW41984,48 Hours Weekly,SMB DIGITAL BACK OFFICE,18-AUG-2026,Tuesday,18-AUG-2026 07:04:08 AM,18-AUG-2026 04:05:08 PM,09:01,Present,AUH-TWR-L01-D002 ENTRY,AUH-TWR-L01-D002 EXIT,,
OB60825,PT117625,SARA YOUSSEF NABIL,OUTSOURCE,eMinds,SMB-41984,20085-SMB-SALES-CW41984,48 Hours Weekly,SMB DIGITAL BACK OFFICE,19-AUG-2026,Wednesday,19-AUG-2026 09:58:17 AM,19-AUG-2026 07:22:17 PM,09:24,Present,AUH-TWR-L01-D002 ENTRY,SHJ-MSCP-GF-GATE04-TS EXIT EXIT,,
OB60825,PT117625,SARA YOUSSEF NABIL  ,OUTSOURCE,eMinds,SMB-41984,20085-SMB-SALES-CW41984,48 Hours Weekly,SMB DIGITAL BACK OFFICE,20-AUG-2026,Thursday,20-AUG-2026 07:27:54 AM,20-AUG-2026 05:10:54 PM,09:43,Present,AUH-TWR-L01-D002 ENTRY,SHJ-MSCP-GF-GATE04-TS EXIT EXIT,,
OB60825,PT117625,SARA YOUSSEF NABIL  ,OUTSOURCE,eMinds,SMB-41984,20085-SMB-SALES-CW41984,48 Hours Weekly,SMB DIGITAL BACK OFFICE,21-AUG-2026,Friday,21-AUG-2026 09:38:25 AM,21-AUG-2026 07:24:25 PM,09:46,Present,SHJ-HRB-L03-D040 LOBBY ENTRY,DXB-HQ-GF-GATE01 EXIT,,
OB60825,PT117625,SARA YOUSSEF NABIL  ,OUTSOURCE,eMinds,SMB-41984,20085-SMB-SALES-CW41984,48 Hours Weekly,SMB DIGITAL BACK OFFICE,22-AUG-2026,Saturday,,,,Weekly Off,,,,
OB60825,PT117625,SARA YOUSSEF NABIL,OUTSOURCE,eMinds,SMB-41984,20085-SMB-SALES-CW41984,48 Hours Weekly,SMB DIGITAL BACK OFFICE,23-AUG-2026,Sunday,,,,Weekly Off,,,,
OB60825,PT117625,SARA YOUSSEF NABIL  ,OUTSOURCE,eMinds,SMB-41984,20085-SMB-SALES-CW41984,48 Hours Weekly,SMB DIGITAL BACK OFFICE,24-AUG-2026,Monday,24-AUG-2026 09:58:18 AM,24-AUG-2026 07:54:18 PM,09:56,Present,AUH-TWR-L01-D002 ENTRY,DXB-HQ-GF-GATE01 EXIT,,
OB60825,PT117625,SARA YOUSSEF NABIL  ,OUTSOURCE,eMinds,SMB-41984,20085-SMB-SALES-CW41984,48 Hours Weekly,SMB DIGITAL BACK OFFICE,25-AUG-2026,Tuesday,25-AUG-2026 08:36:45 AM,25-AUG-2026 04:43:45 PM,08:07,Present,AUH-TWR-L01-D002 ENTRY,DXB-HQ-GF-GATE01 EXIT,,
OB60825,PT117625,SARA YOUSSEF NABIL,OUTSOURCE,eMinds,SMB-41984,20085-SMB-SALES-CW41984,48 Hours Weekly,SMB DIGITAL BACK OFFICE,26-AUG-2026,Wednesday,,,,Present,,,,
OB60825,PT117625,SARA YOUSSEF NABIL,OUTSOURCE,eMinds,SMB-41984,20085-SMB-SALES-CW41984,48 Hours Weekly,SMB DIGITAL BACK OFFICE,27-AUG-2026,Thursday,27-AUG-2026 07:04:06 AM,27-AUG-2026 04:22:06 PM,09:18,Present,AUH-TWR-L01-D002 ENTRY,AUH-TWR-L01-D002 EXIT,,
OB60825,PT117625,SARA YOUSSEF NABIL,OUTSOURCE,eMinds,SMB-41984,20085-SMB-SALES-CW41984,48 Hours Weekly,SMB DIGITAL BACK OFFICE,28-AUG-2026,Friday,28-AUG-2026 07:34:56 AM,28-AUG-2026 03:47:56 PM,08:13,Present,AUH-TWR-L01-D002 ENTRY,AUH-TWR-L01-D002 EXIT,,
OB60825,PT117625,SARA YOUSSEF NABIL,OUTSOURCE,eMinds,SMB-41984,20085-SMB-SALES-CW41984,48 Hours Weekly,SMB DIGITAL BACK OFFICE,29-AUG-2026,Saturday,,,,Weekly Off,,,,
OB60825,PT117625,SARA YOUSSEF NABIL,OUTSOURCE,eMinds,SMB-41984,20085-SMB-SALES-CW41984,48 Hours Weekly,SMB DIGITAL BACK OFFICE,30-AUG-2026,Sunday,,,,Weekly Off,,,,
OB60825,PT117625,SARA YOUSSEF NABIL,OUTSOURCE,eMinds,SMB-41984,20085-SMB-SALES-CW41984,48 Hours Weekly,SMB DIGITAL BACK OFFICE,31-AUG-2026,Monday,31-AUG-2026 07:03:18 AM,31-AUG-2026 03:20:18 PM,08:17,Present,DXB-HQ-GF-GATE01 ENTRY,AUH-TWR-L01-D002 EXIT,,
OB60826,PT117626,KHALED FAWZY SAMIR,OUTSOURCE,eMinds,SMB-41985,20085-SMB-SALES-CW41985,48 Hours Weekly,SMB-PRIME&BD-KAM-1,01-AUG-2026,Saturday,,,,Weekly Off,,,,
OB60826,PT117626,KHALED FAWZY SAMIR,OUTSOURCE,eMinds,SMB-41985,20085-SMB-SALES-CW41985,48 Hours Weekly,SMB-PRIME&BD-KAM-1,02-AUG-2026,Sunday,,,,Weekly Off,,,,
OB60826,PT117626,KHALED FAWZY SAMIR,OUTSOURCE,eMinds,SMB-41985,20085-SMB-SALES-CW41985,48 Hours Weekly,SMB-PRIME&BD-KAM-1,03-AUG-2026,Monday,03-AUG-2026 07:33:40 AM,03-AUG-2026 03:50:40 PM,08:17,Present,DXB-HQ-GF-GATE01 ENTRY,DXB-HQ-GF-GATE01 EXIT,,
OB60826,PT117626,KHALED FAWZY SAMIR  ,OUTSOURCE,eMinds,SMB-41985,20085-SMB-SALES-CW41985,48 Hours Weekly,SMB-PRIME&BD-KAM-1,04-AUG-2026,Tuesday,04-AUG-2026 09:03:12 AM,04-AUG-2026 05:42:12 PM,08:39,Present,DXB-HQ-GF-GATE01 ENTRY,AUH-TWR-L01-D002 EXIT,,
OB60826,PT117626,KHALED FAWZY SAMIR,OUTSOURCE,eMinds,SMB-41985,20085-SMB-SALES-CW41985,48 Hours Weekly,SMB-PRIME&BD-KAM-1,05-AUG-2026,Wednesday,05-AUG-2026 08:18:28 AM,05-AUG-2026 04:49:28 PM,08:31,Present,DXB-HQ-GF-GATE01 ENTRY,SHJ-MSCP-GF-GATE04-TS EXIT EXIT,,
OB60826,PT117626,KHALED FAWZY SAMIR  ,OUTSOURCE,eMinds,SMB-41985,20085-SMB-SALES-CW41985,48 Hours Weekly,SMB-PRIME&BD-KAM-1,06-AUG-2026,Thursday,06-AUG-2026 09:02:09 AM,06-AUG-2026 06:52:09 PM,09:50,Present,AUH-TWR-L01-D002 ENTRY,AUH-TWR-L01-D002 EXIT,,
OB60826,PT117626,KHALED FAWZY SAMIR,OUTSOURCE,eMinds,SMB-41985,20085-SMB-SALES-CW41985,48 Hours Weekly,SMB-PRIME&BD-KAM-1,07-AUG-2026,Friday,07-AUG-2026 07:30:44 AM,07-AUG-2026 03:57:44 PM,08:27,Present,DXB-HQ-GF-GATE01 ENTRY,DXB-HQ-GF-GATE01 EXIT,,
OB60826,PT117626,KHALED FAWZY SAMIR,OUTSOURCE,eMinds,SMB-41985,20085-SMB-SALES-CW41985,48 Hours Weekly,SMB-PRIME&BD-KAM-1,08-AUG-2026,Saturday,,,,Weekly Off,,,,
OB60826,PT117626,KHALED FAWZY SAMIR,OUTSOURCE,eMinds,SMB-41985,20085-SMB-SALES-CW41985,48 Hours Weekly,SMB-PRIME&BD-KAM-1,09-AUG-2026,Sunday,,,,Weekly Off,,,,
OB60826,PT117626,KHALED FAWZY SAMIR,OUTSOURCE,eMinds,SMB-41985,20085-SMB-SALES-CW41985,48 Hours Weekly,SMB-PRIME&BD-KAM-1,10-AUG-2026,Monday,10-AUG-2026 07:36:36 AM,10-AUG-2026 05:28:36 PM,09:52,Present,AUH-TWR-L01-D002 ENTRY,AUH-TWR-L01-D002 EXIT,,
OB60826,PT117626,KHALED FAWZY SAMIR,OUTSOURCE,eMinds,SMB-41985,20085-SMB-SALES-CW41985,48 Hours Weekly,SMB-PRIME&BD-KAM-1,11-AUG-2026,Tuesday,11-AUG-2026 07:42:12 AM,11-AUG-2026 05:08:12 PM,13:12,Present,AUH-TWR-L01-D002 ENTRY,DXB-HQ-GF-GATE01 EXIT,,
OB60826,PT117626,KHALED FAWZY SAMIR,OUTSOURCE,eMinds,SMB-41985,20085-SMB-SALES-CW41985,48 Hours Weekly,SMB-PRIME&BD-KAM-1,12-AUG-2026,Wednesday,12-AUG-2026 08:34:13 AM,12-AUG-2026 05:46:13 PM,09:12,Present,SHJ-HRB-L03-D040 LOBBY ENTRY,AUH-TWR-L01-D002 EXIT,,
OB60826,PT117626,KHALED FAWZY SAMIR,OUTSOURCE,eMinds,SMB-41985,20085-SMB-SALES-CW41985,48 Hours Weekly,SMB-PRIME&BD-KAM-1,13-AUG-2026,Thursday,13-AUG-2026 08:28:45 AM,13-AUG-2026 06:02:45 PM,09:34,Present,SHJ-HRB-L03-D040 LOBBY ENTRY,SHJ-MSCP-GF-GATE04-TS EXIT EXIT,,
OB60826,PT117626,KHALED FAWZY SAMIR,OUTSOURCE,eMinds,SMB-41985,20085-SMB-SALES-CW41985,48 Hours Weekly,SMB-PRIME&BD-KAM-1,14-AUG-2026,Friday,14-AUG-2026 09:49:48 AM,14-AUG-2026 07:59:48 PM,10:10,Present,AUH-TWR-L01-D002 ENTRY,SHJ-MSCP-GF-GATE04-TS EXIT EXIT,,
OB60826,PT117626,KHALED FAWZY SAMIR  ,OUTSOURCE,eMinds,SMB-41985,20085-SMB-SALES-CW41985,48 Hours Weekly,SMB-PRIME&BD-KAM-1,15-AUG-2026,Saturday,,,,Weekly Off,,,,
OB60826,PT117626,KHALED FAWZY SAMIR,OUTSOURCE,eMinds,SMB-41985,20085-SMB-SALES-CW41985,48 Hours Weekly,SMB-PRIME&BD-KAM-1,16-AUG-2026,Sunday,,,,Weekly Off,,,,
OB60826,PT117626,KHALED FAWZY SAMIR,OUTSOURCE,eMinds,SMB-41985,20085-SMB-SALES-CW41985,48 Hours Weekly,SMB-PRIME&BD-KAM-1,17-AUG-2026,Monday,17-AUG-2026 08:35:02 AM,17-AUG-2026 05:18:02 PM,08:43,Present,DXB-HQ-GF-GATE01 ENTRY,DXB-HQ-GF-GATE01 EXIT,,
OB60826,PT117626,KHALED FAWZY SAMIR,OUTSOURCE,eMinds,SMB-41985,20085-SMB-SALES-CW41985,48 Hours Weekly,SMB-PRIME&BD-KAM-1,18-AUG-2026,Tuesday,18-AUG-2026 09:55:13 AM,18-AUG-2026 06:47:13 PM,08:52,Present,SHJ-HRB-L03-D040 LOBBY ENTRY,AUH-TWR-L01-D002 EXIT,,
OB60826,PT117626,KHALED FAWZY SAMIR,OUTSOURCE,eMinds,SMB-41985,20085-SMB-SALES-CW41985,48 Hours Weekly,SMB-PRIME&BD-KAM-1,19-AUG-2026,Wednesday,19-AUG-2026 07:57:52 AM,19-AUG-2026 05:08:52 PM,09:11,Present,AUH-TWR-L01-D002 ENTRY,AUH-TWR-L01-D002 EXIT,,
OB60826,PT117626,KHALED FAWZY SAMIR,OUTSOURCE,eMinds,SMB-41985,20085-SMB-SALES-CW41985,48 Hours Weekly,SMB-PRIME&BD-KAM-1,20-AUG-2026,Thursday,20-AUG-2026 07:16:20 AM,20-AUG-2026 03:56:20 PM,08:40,Present,SHJ-HRB-L03-D040 LOBBY ENTRY,SHJ-MSCP-GF-GATE04-TS EXIT EXIT,,
OB60826,PT117626,KHALED FAWZY SAMIR  ,OUTSOURCE,eMinds,SMB-41985,20085-SMB-SALES-CW41985,48 Hours Weekly,SMB-PRIME&BD-KAM-1,21-AUG-2026,Friday,21-AUG-2026 09:23:19 AM,21-AUG-2026 06:29:19 PM,09:06,Present,AUH-TWR-L01-D002 ENTRY,DXB-HQ-GF-GATE01 EXIT,,
OB60826,PT117626,KHALED FAWZY SAMIR,OUTSOURCE,eMinds,SMB-41985,20085-SMB-SALES-CW41985,48 Hours Weekly,SMB-PRIME&BD-KAM-1,22-AUG-2026,Saturday,,,,Weekly Off,,,,
OB60826,PT117626,KHALED FAWZY SAMIR,OUTSOURCE,eMinds,SMB-41985,20085-SMB-SALES-CW41985,48 Hours Weekly,SMB-PRIME&BD-KAM-1,23-AUG-2026,Sunday,,,,Weekly Off,,,,
OB60826,PT117626,KHALED FAWZY SAMIR,OUTSOURCE,eMinds,SMB-41985,20085-SMB-SALES-CW41985,48 Hours Weekly,SMB-PRIME&BD-KAM-1,24-AUG-2026,Monday,,,,Absent,,,,
OB60826,PT117626,KHALED FAWZY SAMIR,OUTSOURCE,eMinds,SMB-41985,20085-SMB-SALES-CW41985,48 Hours Weekly,SMB-PRIME&BD-KAM-1,25-AUG-2026,Tuesday,25-AUG-2026 07:40:29 AM,25-AUG-2026 05:15:29 PM,09:35,Present,DXB-HQ-GF-GATE01 ENTRY,DXB-HQ-GF-GATE01 EXIT,,
OB60826,PT117626,KHALED FAWZY SAMIR  ,OUTSOURCE,eMinds,SMB-41985,20085-SMB-SALES-CW41985,48 Hours Weekly,SMB-PRIME&BD-KAM-1,26-AUG-2026,Wednesday,26-AUG-2026 07:07:56 AM,26-AUG-2026 05:25:56 PM,10:18,Present,AUH-TWR-L01-D002 ENTRY,DXB-HQ-GF-GATE01 EXIT,,
OB60826,PT117626,KHALED FAWZY SAMIR,OUTSOURCE,eMinds,SMB-41985,20085-SMB-SALES-CW41985,48 Hours Weekly,SMB-PRIME&BD-KAM-1,27-AUG-2026,Thursday,27-AUG-2026 08:12:00 AM,,,Present,SHJ-HRB-L03-D040 LOBBY ENTRY,,,
OB60826,PT117626,KHALED FAWZY SAMIR,OUTSOURCE,eMinds,SMB-41985,20085-SMB-SALES-CW41985,48 Hours Weekly,SMB-PRIME&BD-KAM-1,28-AUG-2026,Friday,,,,WFH,,,,
OB60826,PT117626,KHALED FAWZY SAMIR,OUTSOURCE,eMinds,SMB-41985,20085-SMB-SALES-CW41985,48 Hours Weekly,SMB-PRIME&BD-KAM-1,29-AUG-2026,Saturday,,,,Weekly Off,,,,
OB60826,PT117626,KHALED FAWZY SAMIR,OUTSOURCE,eMinds,SMB-41985,20085-SMB-SALES-CW41985,48 Hours Weekly,SMB-PRIME&BD-KAM-1,30-AUG-2026,Sunday,,,,Weekly Off,,,,
OB60826,PT117626,KHALED FAWZY SAMIR,OUTSOURCE,eMinds,SMB-41985,20085-SMB-SALES-CW41985,48 Hours Weekly,SMB-PRIME&BD-KAM-1,31-AUG-2026,Monday,31-AUG-2026 08:31:13 AM,31-AUG-2026 04:53:13 PM,08:22,Present,AUH-TWR-L01-D002 ENTRY,AUH-TWR-L01-D002 EXIT,,
OB60827,PT117627,YOUSSEF SALEH KAMAL,OUTSOURCE,eMinds,CONSUMER-22011,20090-CONS-RETAIL-CW22011,45 Hours Weekly,SMB-GENERAL SHIFT,01-AUG-2026,Saturday,,,,Weekly Off,,,,
OB60827,PT117627,YOUSSEF SALEH KAMAL,OUTSOURCE,eMinds,CONSUMER-22011,20090-CONS-RETAIL-CW22011,45 Hours Weekly,SMB-GENERAL SHIFT,02-AUG-2026,Sunday,,,,Weekly Off,,,,
OB60827,PT117627,YOUSSEF SALEH KAMAL  ,OUTSOURCE,eMinds,CONSUMER-22011,20090-CONS-RETAIL-CW22011,45 Hours Weekly,SMB-GENERAL SHIFT,03-AUG-2026,Monday,03-AUG-2026 08:59:07 AM,03-AUG-2026 07:36:07 PM,10:37,Present,DXB-HQ-GF-GATE01 ENTRY,AUH-TWR-L01-D002 EXIT,,
OB60827,PT117627,YOUSSEF SALEH KAMAL,OUTSOURCE,eMinds,CONSUMER-22011,20090-CONS-RETAIL-CW22011,45 Hours Weekly,SMB-GENERAL SHIFT,04-AUG-2026,Tuesday,04-AUG-2026 08:49:25 AM,04-AUG-2026 06:38:25 PM,09:49,Present,AUH-TWR-L01-D002 ENTRY,AUH-TWR-L01-D002 EXIT,,
OB60827,PT117627,YOUSSEF SALEH KAMAL,OUTSOURCE,eMinds,CONSUMER-22011,20090-CONS-RETAIL-CW22011,45 Hours Weekly,SMB-GENERAL SHIFT,05-AUG-2026,Wednesday,05-AUG-2026 08:33:54 AM,05-AUG-2026 05:45:54 PM,09:12,Present,SHJ-HRB-L03-D040 LOBBY ENTRY,AUH-TWR-L01-D002 EXIT,,
OB60827,PT117627,YOUSSEF SALEH KAMAL,OUTSOURCE,eMinds,CONSUMER-22011,20090-CONS-RETAIL-CW22011,45 Hours Weekly,SMB-GENERAL SHIFT,06-AUG-2026,Thursday,06-AUG-2026 07:10:59 AM,06-AUG-2026 04:18:59 PM,09:08,Present,AUH-TWR-L01-D002 ENTRY,DXB-HQ-GF-GATE01 EXIT,,
OB60827,PT117627,YOUSSEF SALEH KAMAL,OUTSOURCE,eMinds,CONSUMER-22011,20090-CONS-RETAIL-CW22011,45 Hours Weekly,SMB-GENERAL SHIFT,07-AUG-2026,Friday,07-AUG-2026 08:39:12 AM,07-AUG-2026 05:47:12 PM,09:08,Present,DXB-HQ-GF-GATE01 ENTRY,SHJ-MSCP-GF-GATE04-TS EXIT EXIT,,
OB60827,PT117627,YOUSSEF SALEH KAMAL,OUTSOURCE,eMinds,CONSUMER-22011,20090-CONS-RETAIL-CW22011,45 Hours Weekly,SMB-GENERAL SHIFT,08-AUG-2026,Saturday,,,,Weekly Off,,,,
OB60827,PT117627,YOUSSEF SALEH KAMAL,OUTSOURCE,eMinds,CONSUMER-22011,20090-CONS-RETAIL-CW22011,45 Hours Weekly,SMB-GENERAL SHIFT,09-AUG-2026,Sunday,,,,Weekly Off,,,,
OB60827,PT117627,YOUSSEF SALEH KAMAL  ,OUTSOURCE,eMinds,CONSUMER-22011,20090-CONS-RETAIL-CW22011,45 Hours Weekly,SMB-GENERAL SHIFT,10-AUG-2026,Monday,10-AUG-2026 08:44:18 AM,10-AUG-2026 06:26:18 PM,09:42,Present,SHJ-HRB-L03-D040 LOBBY ENTRY,DXB-HQ-GF-GATE01 EXIT,,
OB60827,PT117627,YOUSSEF SALEH KAMAL  ,OUTSOURCE,eMinds,CONSUMER-22011,20090-CONS-RETAIL-CW22011,45 Hours Weekly,SMB-GENERAL SHIFT,11-AUG-2026,Tuesday,11-AUG-2026 09:07:05 AM,11-AUG-2026 06:09:05 PM,09:02,Present,SHJ-HRB-L03-D040 LOBBY ENTRY,DXB-HQ-GF-GATE01 EXIT,,
OB60827,PT117627,YOUSSEF SALEH KAMAL,OUTSOURCE,eMinds,CONSUMER-22011,20090-CONS-RETAIL-CW22011,45 Hours Weekly,SMB-GENERAL SHIFT,12-AUG-2026,Wednesday,,12-AUG-2026 03:58:00 PM,,Present,,AUH-TWR-L01-D002 EXIT,,
OB60827,PT117627,YOUSSEF SALEH KAMAL,OUTSOURCE,eMinds,CONSUMER-22011,20090-CONS-RETAIL-CW22011,45 Hours Weekly,SMB-GENERAL SHIFT,13-AUG-2026,Thursday,13-AUG-2026 07:42:16 AM,13-AUG-2026 05:40:16 PM,09:58,Present,AUH-TWR-L01-D002 ENTRY,SHJ-MSCP-GF-GATE04-TS EXIT EXIT,,
OB60827,PT117627,YOUSSEF SALEH KAMAL  ,OUTSOURCE,eMinds,CONSUMER-22011,20090-CONS-RETAIL-CW22011,45 Hours Weekly,SMB-GENERAL SHIFT,14-AUG-2026,Friday,14-AUG-2026 08:32:32 AM,14-AUG-2026 05:54:32 PM,09:22,Present,SHJ-HRB-L03-D040 LOBBY ENTRY,SHJ-MSCP-GF-GATE04-TS EXIT EXIT,,
OB60827,PT117627,YOUSSEF SALEH KAMAL,OUTSOURCE,eMinds,CONSUMER-22011,20090-CONS-RETAIL-CW22011,45 Hours Weekly,SMB-GENERAL SHIFT,15-AUG-2026,Saturday,,,,Weekly Off,,,,
OB60827,PT117627,YOUSSEF SALEH KAMAL,OUTSOURCE,eMinds,CONSUMER-22011,20090-CONS-RETAIL-CW22011,45 Hours Weekly,SMB-GENERAL SHIFT,16-AUG-2026,Sunday,,,,Weekly Off,,,,
OB60827,PT117627,YOUSSEF SALEH KAMAL,OUTSOURCE,eMinds,CONSUMER-22011,20090-CONS-RETAIL-CW22011,45 Hours Weekly,SMB-GENERAL SHIFT,17-AUG-2026,Monday,17-AUG-2026 08:24:15 AM,17-AUG-2026 07:23:15 PM,10:59,Present,DXB-HQ-GF-GATE01 ENTRY,AUH-TWR-L01-D002 EXIT,,
OB60827,PT117627,YOUSSEF SALEH KAMAL,OUTSOURCE,eMinds,CONSUMER-22011,20090-CONS-RETAIL-CW22011,45 Hours Weekly,SMB-GENERAL SHIFT,18-AUG-2026,Tuesday,18-AUG-2026 07:01:56 AM,18-AUG-2026 04:06:56 PM,09:05,Present,AUH-TWR-L01-D002 ENTRY,SHJ-MSCP-GF-GATE04-TS EXIT EXIT,,
OB60827,PT117627,YOUSSEF SALEH KAMAL,OUTSOURCE,eMinds,CONSUMER-22011,20090-CONS-RETAIL-CW22011,45 Hours Weekly,SMB-GENERAL SHIFT,19-AUG-2026,Wednesday,19-AUG-2026 08:27:23 AM,19-AUG-2026 06:16:23 PM,09:49,Present,AUH-TWR-L01-D002 ENTRY,DXB-HQ-GF-GATE01 EXIT,,
OB60827,PT117627,YOUSSEF SALEH KAMAL  ,OUTSOURCE,eMinds,CONSUMER-22011,20090-CONS-RETAIL-CW22011,45 Hours Weekly,SMB-GENERAL SHIFT,20-AUG-2026,Thursday,20-AUG-2026 09:57:10 AM,20-AUG-2026 07:39:10 PM,09:42,Present,SHJ-HRB-L03-D040 LOBBY ENTRY,AUH-TWR-L01-D002 EXIT,,
OB60827,PT117627,YOUSSEF SALEH KAMAL,OUTSOURCE,eMinds,CONSUMER-22011,20090-CONS-RETAIL-CW22011,45 Hours Weekly,SMB-GENERAL SHIFT,21-AUG-2026,Friday,,,,Present,,,,
OB60827,PT117627,YOUSSEF SALEH KAMAL,OUTSOURCE,eMinds,CONSUMER-22011,20090-CONS-RETAIL-CW22011,45 Hours Weekly,SMB-GENERAL SHIFT,22-AUG-2026,Saturday,,,,Weekly Off,,,,
OB60827,PT117627,YOUSSEF SALEH KAMAL,OUTSOURCE,eMinds,CONSUMER-22011,20090-CONS-RETAIL-CW22011,45 Hours Weekly,SMB-GENERAL SHIFT,23-AUG-2026,Sunday,,,,Weekly Off,,,,
OB60827,PT117627,YOUSSEF SALEH KAMAL  ,OUTSOURCE,eMinds,CONSUMER-22011,20090-CONS-RETAIL-CW22011,45 Hours Weekly,SMB-GENERAL SHIFT,24-AUG-2026,Monday,24-AUG-2026 09:01:35 AM,24-AUG-2026 06:18:35 PM,09:17,Present,SHJ-HRB-L03-D040 LOBBY ENTRY,DXB-HQ-GF-GATE01 EXIT,,
OB60827,PT117627,YOUSSEF SALEH KAMAL,OUTSOURCE,eMinds,CONSUMER-22011,20090-CONS-RETAIL-CW22011,45 Hours Weekly,SMB-GENERAL SHIFT,25-AUG-2026,Tuesday,25-AUG-2026 07:46:03 AM,25-AUG-2026 05:01:03 PM,09:15,Present,AUH-TWR-L01-D002 ENTRY,SHJ-MSCP-GF-GATE04-TS EXIT EXIT,,
OB60827,PT117627,YOUSSEF SALEH KAMAL,OUTSOURCE,eMinds,CONSUMER-22011,20090-CONS-RETAIL-CW22011,45 Hours Weekly,SMB-GENERAL SHIFT,26-AUG-2026,Wednesday,26-AUG-2026 07:51:00 AM,26-AUG-2026 04:49:00 PM,08:58,Present,AUH-TWR-L01-D002 ENTRY,SHJ-MSCP-GF-GATE04-TS EXIT EXIT,,Late In
OB60827,PT117627,YOUSSEF SALEH KAMAL  ,OUTSOURCE,eMinds,CONSUMER-22011,20090-CONS-RETAIL-CW22011,45 Hours Weekly,SMB-GENERAL SHIFT,27-AUG-2026,Thursday,27-AUG-2026 09:37:15 AM,27-AUG-2026 06:12:15 PM,08:35,Present,SHJ-HRB-L03-D040 LOBBY ENTRY,DXB-HQ-GF-GATE01 EXIT,,
OB60827,PT117627,YOUSSEF SALEH KAMAL,OUTSOURCE,eMinds,CONSUMER-22011,20090-CONS-RETAIL-CW22011,45 Hours Weekly,SMB-GENERAL SHIFT,28-AUG-2026,Friday,28-AUG-2026 09:02:11 AM,28-AUG-2026 07:43:11 PM,10:41,Present,AUH-TWR-L01-D002 ENTRY,DXB-HQ-GF-GATE01 EXIT,,
OB60827,PT117627,YOUSSEF SALEH KAMAL  ,OUTSOURCE,eMinds,CONSUMER-22011,20090-CONS-RETAIL-CW22011,45 Hours Weekly,SMB-GENERAL SHIFT,29-AUG-2026,Saturday,,,,Weekly Off,,,,
OB60827,PT117627,YOUSSEF SALEH KAMAL,OUTSOURCE,eMinds,CONSUMER-22011,20090-CONS-RETAIL-CW22011,45 Hours Weekly,SMB-GENERAL SHIFT,30-AUG-2026,Sunday,,,,Weekly Off,,,,
OB60827,PT117627,YOUSSEF SALEH KAMAL  ,OUTSOURCE,eMinds,CONSUMER-22011,20090-CONS-RETAIL-CW22011,45 Hours Weekly,SMB-GENERAL SHIFT,31-AUG-2026,Monday,31-AUG-2026 07:39:43 AM,31-AUG-2026 04:18:43 PM,08:39,Present,DXB-HQ-GF-GATE01 ENTRY,AUH-TWR-L01-D002 EXIT,,
OB60828,PT117628,TAREK HASSAN NABIL,OUTSOURCE,Etisalat Services,ENTERPRISE-30510,20110-ENT-SUPPORT-CW30510,40 Hours Weekly,SMB-Elite Business,01-AUG-2026,Saturday,,,,Weekly Off,,,,
OB60828,PT117628,TAREK HASSAN NABIL,OUTSOURCE,Etisalat Services,ENTERPRISE-30510,20110-ENT-SUPPORT-CW30510,40 Hours Weekly,SMB-Elite Business,02-AUG-2026,Sunday,,,,Weekly Off,,,,
OB60828,PT117628,TAREK HASSAN NABIL,OUTSOURCE,Etisalat Services,ENTERPRISE-30510,20110-ENT-SUPPORT-CW30510,40 Hours Weekly,SMB-Elite Business,03-AUG-2026,Monday,03-AUG-2026 07:49:26 AM,03-AUG-2026 04:59:26 PM,09:10,Present,AUH-TWR-L01-D002 ENTRY,SHJ-MSCP-GF-GATE04-TS EXIT EXIT,,
OB60828,PT117628,TAREK HASSAN NABIL,OUTSOURCE,Etisalat Services,ENTERPRISE-30510,20110-ENT-SUPPORT-CW30510,40 Hours Weekly,SMB-Elite Business,04-AUG-2026,Tuesday,04-AUG-2026 07:43:40 AM,04-AUG-2026 05:16:40 PM,09:33,Present,AUH-TWR-L01-D002 ENTRY,DXB-HQ-GF-GATE01 EXIT,,
OB60828,PT117628,TAREK HASSAN NABIL,OUTSOURCE,Etisalat Services,ENTERPRISE-30510,20110-ENT-SUPPORT-CW30510,40 Hours Weekly,SMB-Elite Business,05-AUG-2026,Wednesday,05-AUG-2026 08:49:29 AM,05-AUG-2026 05:44:29 PM,08:55,Present,SHJ-HRB-L03-D040 LOBBY ENTRY,SHJ-MSCP-GF-GATE04-TS EXIT EXIT,,
OB60828,PT117628,TAREK HASSAN NABIL,OUTSOURCE,Etisalat Services,ENTERPRISE-30510,20110-ENT-SUPPORT-CW30510,40 Hours Weekly,SMB-Elite Business,06-AUG-2026,Thursday,,,,Absent,,,N,
OB60828,PT117628,TAREK HASSAN NABIL,OUTSOURCE,Etisalat Services,ENTERPRISE-30510,20110-ENT-SUPPORT-CW30510,40 Hours Weekly,SMB-Elite Business,07-AUG-2026,Friday,07-AUG-2026 07:00:55 AM,07-AUG-2026 05:27:55 PM,10:27,Present,DXB-HQ-GF-GATE01 ENTRY,AUH-TWR-L01-D002 EXIT,,
OB60828,PT117628,TAREK HASSAN NABIL,OUTSOURCE,Etisalat Services,ENTERPRISE-30510,20110-ENT-SUPPORT-CW30510,40 Hours Weekly,SMB-Elite Business,08-AUG-2026,Saturday,,,,Weekly Off,,,,
OB60828,PT117628,TAREK HASSAN NABIL,OUTSOURCE,Etisalat Services,ENTERPRISE-30510,20110-ENT-SUPPORT-CW30510,40 Hours Weekly,SMB-Elite Business,09-AUG-2026,Sunday,,,,Weekly Off,,,,
OB60828,PT117628,TAREK HASSAN NABIL,OUTSOURCE,Etisalat Services,ENTERPRISE-30510,20110-ENT-SUPPORT-CW30510,40 Hours Weekly,SMB-Elite Business,10-AUG-2026,Monday,10-AUG-2026 09:07:47 AM,10-AUG-2026 06:15:47 PM,09:08,Present,DXB-HQ-GF-GATE01 ENTRY,DXB-HQ-GF-GATE01 EXIT,,
OB60828,PT117628,TAREK HASSAN NABIL,OUTSOURCE,Etisalat Services,ENTERPRISE-30510,20110-ENT-SUPPORT-CW30510,40 Hours Weekly,SMB-Elite Business,11-AUG-2026,Tuesday,11-AUG-2026 08:41:01 AM,11-AUG-2026 05:06:01 PM,08:25,Present,AUH-TWR-L01-D002 ENTRY,SHJ-MSCP-GF-GATE04-TS EXIT EXIT,,
OB60828,PT117628,TAREK HASSAN NABIL,OUTSOURCE,Etisalat Services,ENTERPRISE-30510,20110-ENT-SUPPORT-CW30510,40 Hours Weekly,SMB-Elite Business,12-AUG-2026,Wednesday,12-AUG-2026 08:25:55 AM,12-AUG-2026 06:07:55 PM,09:42,Present,SHJ-HRB-L03-D040 LOBBY ENTRY,DXB-HQ-GF-GATE01 EXIT,,
OB60828,PT117628,TAREK HASSAN NABIL,OUTSOURCE,Etisalat Services,ENTERPRISE-30510,20110-ENT-SUPPORT-CW30510,40 Hours Weekly,SMB-Elite Business,13-AUG-2026,Thursday,13-AUG-2026 08:34:33 AM,13-AUG-2026 05:35:33 PM,09:01,Present,AUH-TWR-L01-D002 ENTRY,SHJ-MSCP-GF-GATE04-TS EXIT EXIT,,
OB60828,PT117628,TAREK HASSAN NABIL,OUTSOURCE,Etisalat Services,ENTERPRISE-30510,20110-ENT-SUPPORT-CW30510,40 Hours Weekly,SMB-Elite Business,14-AUG-2026,Friday,14-AUG-2026 08:11:37 AM,14-AUG-2026 05:22:37 PM,09:11,Present,AUH-TWR-L01-D002 ENTRY,AUH-TWR-L01-D002 EXIT,,
OB60828,PT117628,TAREK HASSAN NABIL,OUTSOURCE,Etisalat Services,ENTERPRISE-30510,20110-ENT-SUPPORT-CW30510,40 Hours Weekly,SMB-Elite Business,15-AUG-2026,Saturday,,,,Weekly Off,,,,
OB60828,PT117628,TAREK HASSAN NABIL,OUTSOURCE,Etisalat Services,ENTERPRISE-30510,20110-ENT-SUPPORT-CW30510,40 Hours Weekly,SMB-Elite Business,16-AUG-2026,Sunday,,,,Weekly Off,,,,
OB60828,PT117628,TAREK HASSAN NABIL,OUTSOURCE,Etisalat Services,ENTERPRISE-30510,20110-ENT-SUPPORT-CW30510,40 Hours Weekly,SMB-Elite Business,17-AUG-2026,Monday,17-AUG-2026 08:41:25 AM,17-AUG-2026 05:06:25 PM,08:25,Present,SHJ-HRB-L03-D040 LOBBY ENTRY,AUH-TWR-L01-D002 EXIT,,
OB60828,PT117628,TAREK HASSAN NABIL,OUTSOURCE,Etisalat Services,ENTERPRISE-30510,20110-ENT-SUPPORT-CW30510,40 Hours Weekly,SMB-Elite Business,18-AUG-2026,Tuesday,18-AUG-2026 09:43:57 AM,,,Present,AUH-TWR-L01-D002 ENTRY,,,
OB60828,PT117628,TAREK HASSAN NABIL,OUTSOURCE,Etisalat Services,ENTERPRISE-30510,20110-ENT-SUPPORT-CW30510,40 Hours Weekly,SMB-Elite Business,19-AUG-2026,Wednesday,19-AUG-2026 08:36:34 AM,19-AUG-2026 04:44:34 PM,08:08,Present,DXB-HQ-GF-GATE01 ENTRY,DXB-HQ-GF-GATE01 EXIT,,
OB60828,PT117628,TAREK HASSAN NABIL,OUTSOURCE,Etisalat Services,ENTERPRISE-30510,20110-ENT-SUPPORT-CW30510,40 Hours Weekly,SMB-Elite Business,20-AUG-2026,Thursday,20-AUG-2026 08:38:53 AM,20-AUG-2026 06:02:53 PM,09:24,Present,SHJ-HRB-L03-D040 LOBBY ENTRY,AUH-TWR-L01-D002 EXIT,,
OB60828,PT117628,TAREK HASSAN NABIL,OUTSOURCE,Etisalat Services,ENTERPRISE-30510,20110-ENT-SUPPORT-CW30510,40 Hours Weekly,SMB-Elite Business,21-AUG-2026,Friday,21-AUG-2026 09:01:20 AM,21-AUG-2026 06:00:20 PM,08:59,Present,DXB-HQ-GF-GATE01 ENTRY,SHJ-MSCP-GF-GATE04-TS EXIT EXIT,,
OB60828,PT117628,TAREK HASSAN NABIL,OUTSOURCE,Etisalat Services,ENTERPRISE-30510,20110-ENT-SUPPORT-CW30510,40 Hours Weekly,SMB-Elite Business,22-AUG-2026,Saturday,,,,Weekly Off,,,,
OB60828,PT117628,TAREK HASSAN NABIL  ,OUTSOURCE,Etisalat Services,ENTERPRISE-30510,20110-ENT-SUPPORT-CW30510,40 Hours Weekly,SMB-Elite Business,23-AUG-2026,Sunday,,,,Weekly Off,,,,
OB60828,PT117628,TAREK HASSAN NABIL  ,OUTSOURCE,Etisalat Services,ENTERPRISE-30510,20110-ENT-SUPPORT-CW30510,40 Hours Weekly,SMB-Elite Business,24-AUG-2026,Monday,24-AUG-2026 08:21:30 AM,24-AUG-2026 06:58:30 PM,10:37,Present,SHJ-HRB-L03-D040 LOBBY ENTRY,AUH-TWR-L01-D002 EXIT,,
OB60828,PT117628,TAREK HASSAN NABIL,OUTSOURCE,Etisalat Services,ENTERPRISE-30510,20110-ENT-SUPPORT-CW30510,40 Hours Weekly,SMB-Elite Business,25-AUG-2026,Tuesday,25-AUG-2026 08:55:25 AM,25-AUG-2026 06:46:25 PM,09:51,Present,SHJ-HRB-L03-D040 LOBBY ENTRY,AUH-TWR-L01-D002 EXIT,,
OB60828,PT117628,TAREK HASSAN NABIL,OUTSOURCE,Etisalat Services,ENTERPRISE-30510,20110-ENT-SUPPORT-CW30510,40 Hours Weekly,SMB-Elite Business,26-AUG-2026,Wednesday,26-AUG-2026 08:33:27 AM,26-AUG-2026 04:36:27 PM,08:03,Present,SHJ-HRB-L03-D040 LOBBY ENTRY,SHJ-MSCP-GF-GATE04-TS EXIT EXIT,,
OB60828,PT117628,TAREK HASSAN NABIL,OUTSOURCE,Etisalat Services,ENTERPRISE-30510,20110-ENT-SUPPORT-CW30510,40 Hours Weekly,SMB-Elite Business,27-AUG-2026,Thursday,27-AUG-2026 07:16:17 AM,27-AUG-2026 06:01:17 PM,10:45,Present,DXB-HQ-GF-GATE01 ENTRY,AUH-TWR-L01-D002 EXIT,,
OB60828,PT117628,TAREK HASSAN NABIL,OUTSOURCE,Etisalat Services,ENTERPRISE-30510,20110-ENT-SUPPORT-CW30510,40 Hours Weekly,SMB-Elite Business,28-AUG-2026,Friday,28-AUG-2026 08:22:40 AM,28-AUG-2026 05:25:40 PM,09:03,Present,SHJ-HRB-L03-D040 LOBBY ENTRY,AUH-TWR-L01-D002 EXIT,,
OB60828,PT117628,TAREK HASSAN NABIL  ,OUTSOURCE,Etisalat Services,ENTERPRISE-30510,20110-ENT-SUPPORT-CW30510,40 Hours Weekly,SMB-Elite Business,29-AUG-2026,Saturday,,,,Weekly Off,,,,
OB60828,PT117628,TAREK HASSAN NABIL  ,OUTSOURCE,Etisalat Services,ENTERPRISE-30510,20110-ENT-SUPPORT-CW30510,40 Hours Weekly,SMB-Elite Business,30-AUG-2026,Sunday,,,,Weekly Off,,,,
OB60828,PT117628,TAREK HASSAN NABIL,OUTSOURCE,Etisalat Services,ENTERPRISE-30510,20110-ENT-SUPPORT-CW30510,40 Hours Weekly,SMB-Elite Business,31-AUG-2026,Monday,31-AUG-2026 07:21:40 AM,31-AUG-2026 03:25:40 PM,08:04,Present,AUH-TWR-L01-D002 ENTRY,SHJ-MSCP-GF-GATE04-TS EXIT EXIT,,
OB60829,PT117629,YOUSSEF NABIL ABDALLA,OUTSOURCE,Etisalat Services,ENTERPRISE-30511,20110-ENT-SUPPORT-CW30511,40 Hours Weekly,SMB-CCC & SOHO,01-AUG-2026,Saturday,,,,Weekly Off,,,,
OB60829,PT117629,YOUSSEF NABIL ABDALLA  ,OUTSOURCE,Etisalat Services,ENTERPRISE-30511,20110-ENT-SUPPORT-CW30511,40 Hours Weekly,SMB-CCC & SOHO,02-AUG-2026,Sunday,,,,Weekly Off,,,,
OB60829,PT117629,YOUSSEF NABIL ABDALLA  ,OUTSOURCE,Etisalat Services,ENTERPRISE-30511,20110-ENT-SUPPORT-CW30511,40 Hours Weekly,SMB-CCC & SOHO,03-AUG-2026,Monday,03-AUG-2026 07:25:42 AM,03-AUG-2026 05:47:42 PM,10:22,Present,SHJ-HRB-L03-D040 LOBBY ENTRY,SHJ-MSCP-GF-GATE04-TS EXIT EXIT,,
OB60829,PT117629,YOUSSEF NABIL ABDALLA,OUTSOURCE,Etisalat Services,ENTERPRISE-30511,20110-ENT-SUPPORT-CW30511,40 Hours Weekly,SMB-CCC & SOHO,04-AUG-2026,Tuesday,04-AUG-2026 07:52:07 AM,04-AUG-2026 05:53:07 PM,10:01,Present,SHJ-HRB-L03-D040 LOBBY ENTRY,DXB-HQ-GF-GATE01 EXIT,,
OB60829,PT117629,YOUSSEF NABIL ABDALLA,OUTSOURCE,Etisalat Services,ENTERPRISE-30511,20110-ENT-SUPPORT-CW30511,40 Hours Weekly,SMB-CCC & SOHO,05-AUG-2026,Wednesday,05-AUG-2026 07:08:51 AM,05-AUG-2026 04:58:51 PM,09:50,Present,AUH-TWR-L01-D002 ENTRY,DXB-HQ-GF-GATE01 EXIT,,
OB60829,PT117629,YOUSSEF NABIL ABDALLA,OUTSOURCE,Etisalat Services,ENTERPRISE-30511,20110-ENT-SUPPORT-CW30511,40 Hours Weekly,SMB-CCC & SOHO,06-AUG-2026,Thursday,06-AUG-2026 09:28:23 AM,06-AUG-2026 06:58:23 PM,09:30,Present,DXB-HQ-GF-GATE01 ENTRY,SHJ-MSCP-GF-GATE04-TS EXIT EXIT,,
OB60829,PT117629,YOUSSEF NABIL ABDALLA,OUTSOURCE,Etisalat Services,ENTERPRISE-30511,20110-ENT-SUPPORT-CW30511,40 Hours Weekly,SMB-CCC & SOHO,07-AUG-2026,Friday,07-AUG-2026 08:31:56 AM,07-AUG-2026 05:22:56 PM,08:51,Present,DXB-HQ-GF-GATE01 ENTRY,AUH-TWR-L01-D002 EXIT,,
OB60829,PT117629,YOUSSEF NABIL ABDALLA,OUTSOURCE,Etisalat Services,ENTERPRISE-30511,20110-ENT-SUPPORT-CW30511,40 Hours Weekly,SMB-CCC & SOHO,08-AUG-2026,Saturday,,,,Weekly Off,,,,
OB60829,PT117629,YOUSSEF NABIL ABDALLA,OUTSOURCE,Etisalat Services,ENTERPRISE-30511,20110-ENT-SUPPORT-CW30511,40 Hours Weekly,SMB-CCC & SOHO,09-AUG-2026,Sunday,,,,Weekly Off,,,,
OB60829,PT117629,YOUSSEF NABIL ABDALLA,OUTSOURCE,Etisalat Services,ENTERPRISE-30511,20110-ENT-SUPPORT-CW30511,40 Hours Weekly,SMB-CCC & SOHO,10-AUG-2026,Monday,10-AUG-2026 08:16:03 AM,10-AUG-2026 05:50:03 PM,09:34,Present,DXB-HQ-GF-GATE01 ENTRY,AUH-TWR-L01-D002 EXIT,,
OB60829,PT117629,YOUSSEF NABIL ABDALLA,OUTSOURCE,Etisalat Services,ENTERPRISE-30511,20110-ENT-SUPPORT-CW30511,40 Hours Weekly,SMB-CCC & SOHO,11-AUG-2026,Tuesday,11-AUG-2026 08:14:16 AM,11-AUG-2026 06:00:16 PM,13:12,Present,DXB-HQ-GF-GATE01 ENTRY,AUH-TWR-L01-D002 EXIT,,
OB60829,PT117629,YOUSSEF NABIL ABDALLA,OUTSOURCE,Etisalat Services,ENTERPRISE-30511,20110-ENT-SUPPORT-CW30511,40 Hours Weekly,SMB-CCC & SOHO,12-AUG-2026,Wednesday,12-AUG-2026 08:22:59 AM,12-AUG-2026 06:34:59 PM,10:12,Present,AUH-TWR-L01-D002 ENTRY,SHJ-MSCP-GF-GATE04-TS EXIT EXIT,,
OB60829,PT117629,YOUSSEF NABIL ABDALLA,OUTSOURCE,Etisalat Services,ENTERPRISE-30511,20110-ENT-SUPPORT-CW30511,40 Hours Weekly,SMB-CCC & SOHO,13-AUG-2026,Thursday,13-AUG-2026 09:47:54 AM,13-AUG-2026 07:29:54 PM,09:42,Present,AUH-TWR-L01-D002 ENTRY,DXB-HQ-GF-GATE01 EXIT,,
OB60829,PT117629,YOUSSEF NABIL ABDALLA,OUTSOURCE,Etisalat Services,ENTERPRISE-30511,20110-ENT-SUPPORT-CW30511,40 Hours Weekly,SMB-CCC & SOHO,14-AUG-2026,Friday,14-AUG-2026 08:53:31 AM,14-AUG-2026 06:20:31 PM,09:27,Present,AUH-TWR-L01-D002 ENTRY,DXB-HQ-GF-GATE01 EXIT,,
OB60829,PT117629,YOUSSEF NABIL ABDALLA,OUTSOURCE,Etisalat Services,ENTERPRISE-30511,20110-ENT-SUPPORT-CW30511,40 Hours Weekly,SMB-CCC & SOHO,15-AUG-2026,Saturday,,,,Weekly Off,,,,
OB60829,PT117629,YOUSSEF NABIL ABDALLA  ,OUTSOURCE,Etisalat Services,ENTERPRISE-30511,20110-ENT-SUPPORT-CW30511,40 Hours Weekly,SMB-CCC & SOHO,16-AUG-2026,Sunday,,,,Weekly Off,,,,
OB60829,PT117629,YOUSSEF NABIL ABDALLA,OUTSOURCE,Etisalat Services,ENTERPRISE-30511,20110-ENT-SUPPORT-CW30511,40 Hours Weekly,SMB-CCC & SOHO,17-AUG-2026,Monday,17-AUG-2026 08:30:23 AM,,,Present,AUH-TWR-L01-D002 ENTRY,,,
OB60829,PT117629,YOUSSEF NABIL ABDALLA,OUTSOURCE,Etisalat Services,ENTERPRISE-30511,20110-ENT-SUPPORT-CW30511,40 Hours Weekly,SMB-CCC & SOHO,18-AUG-2026,Tuesday,18-AUG-2026 07:49:56 AM,18-AUG-2026 05:38:56 PM,09:49,Present,AUH-TWR-L01-D002 ENTRY,AUH-TWR-L01-D002 EXIT,,
OB60829,PT117629,YOUSSEF NABIL ABDALLA,OUTSOURCE,Etisalat Services,ENTERPRISE-30511,20110-ENT-SUPPORT-CW30511,40 Hours Weekly,SMB-CCC & SOHO,19-AUG-2026,Wednesday,19-AUG-2026 07:55:46 AM,19-AUG-2026 05:33:46 PM,09:38,Present,SHJ-HRB-L03-D040 LOBBY ENTRY,DXB-HQ-GF-GATE01 EXIT,,
OB60829,PT117629,YOUSSEF NABIL ABDALLA,OUTSOURCE,Etisalat Services,ENTERPRISE-30511,20110-ENT-SUPPORT-CW30511,40 Hours Weekly,SMB-CCC & SOHO,20-AUG-2026,Thursday,,,,Absent,,,,
OB60829,PT117629,YOUSSEF NABIL ABDALLA,OUTSOURCE,Etisalat Services,ENTERPRISE-30511,20110-ENT-SUPPORT-CW30511,40 Hours Weekly,SMB-CCC & SOHO,21-AUG-2026,Friday,21-AUG-2026 07:23:46 AM,21-AUG-2026 04:01:46 PM,08:38,Present,DXB-HQ-GF-GATE01 ENTRY,SHJ-MSCP-GF-GATE04-TS EXIT EXIT,,
OB60829,PT117629,YOUSSEF NABIL ABDALLA,OUTSOURCE,Etisalat Services,ENTERPRISE-30511,20110-ENT-SUPPORT-CW30511,40 Hours Weekly,SMB-CCC & SOHO,22-AUG-2026,Saturday,,,,Weekly Off,,,,
OB60829,PT117629,YOUSSEF NABIL ABDALLA  ,OUTSOURCE,Etisalat Services,ENTERPRISE-30511,20110-ENT-SUPPORT-CW30511,40 Hours Weekly,SMB-CCC & SOHO,23-AUG-2026,Sunday,,,,Weekly Off,,,,
OB60829,PT117629,YOUSSEF NABIL ABDALLA  ,OUTSOURCE,Etisalat Services,ENTERPRISE-30511,20110-ENT-SUPPORT-CW30511,40 Hours Weekly,SMB-CCC & SOHO,24-AUG-2026,Monday,24-AUG-2026 08:11:58 AM,24-AUG-2026 06:59:58 PM,10:48,Present,DXB-HQ-GF-GATE01 ENTRY,DXB-HQ-GF-GATE01 EXIT,,
OB60829,PT117629,YOUSSEF NABIL ABDALLA,OUTSOURCE,Etisalat Services,ENTERPRISE-30511,20110-ENT-SUPPORT-CW30511,40 Hours Weekly,SMB-CCC & SOHO,25-AUG-2026,Tuesday,25-AUG-2026 08:58:09 AM,25-AUG-2026 07:18:09 PM,10:20,Present,DXB-HQ-GF-GATE01 ENTRY,AUH-TWR-L01-D002 EXIT,,
OB60829,PT117629,YOUSSEF NABIL ABDALLA,OUTSOURCE,Etisalat Services,ENTERPRISE-30511,20110-ENT-SUPPORT-CW30511,40 Hours Weekly,SMB-CCC & SOHO,26-AUG-2026,Wednesday,26-AUG-2026 07:15:35 AM,26-AUG-2026 03:19:35 PM,08:04,Present,DXB-HQ-GF-GATE01 ENTRY,SHJ-MSCP-GF-GATE04-TS EXIT EXIT,,
OB60829,PT117629,YOUSSEF NABIL ABDALLA  ,OUTSOURCE,Etisalat Services,ENTERPRISE-30511,20110-ENT-SUPPORT-CW30511,40 Hours Weekly,SMB-CCC & SOHO,27-AUG-2026,Thursday,27-AUG-2026 07:44:44 AM,27-AUG-2026 04:03:44 PM,08:19,Present,SHJ-HRB-L03-D040 LOBBY ENTRY,AUH-TWR-L01-D002 EXIT,,
OB60829,PT117629,YOUSSEF NABIL ABDALLA,OUTSOURCE,Etisalat Services,ENTERPRISE-30511,20110-ENT-SUPPORT-CW30511,40 Hours Weekly,SMB-CCC & SOHO,28-AUG-2026,Friday,28-AUG-2026 07:21:14 AM,28-AUG-2026 03:29:14 PM,08:08,Present,AUH-TWR-L01-D002 ENTRY,AUH-TWR-L01-D002 EXIT,,
OB60829,PT117629,YOUSSEF NABIL ABDALLA,OUTSOURCE,Etisalat Services,ENTERPRISE-30511,20110-ENT-SUPPORT-CW30511,40 Hours Weekly,SMB-CCC & SOHO,29-AUG-2026,Saturday,,,,Weekly Off,,,,
OB60829,PT117629,YOUSSEF NABIL ABDALLA,OUTSOURCE,Etisalat Services,ENTERPRISE-30511,20110-ENT-SUPPORT-CW30511,40 Hours Weekly,SMB-CCC & SOHO,30-AUG-2026,Sunday,,,,Weekly Off,,,,
OB60829,PT117629,YOUSSEF NABIL ABDALLA,OUTSOURCE,Etisalat Services,ENTERPRISE-30511,20110-ENT-SUPPORT-CW30511,40 Hours Weekly,SMB-CCC & SOHO,31-AUG-2026,Monday,31-AUG-2026 08:39:54 AM,31-AUG-2026 05:51:54 PM,09:12,Present,SHJ-HRB-L03-D040 LOBBY ENTRY,SHJ-MSCP-GF-GATE04-TS EXIT EXIT,,
OB60830,PT117630,MOHAMED IBRAHIM MOHSEN  ,OUTSOURCE,eMinds,SMB-41984,20085-SMB-SALES-CW41984,48 Hours Weekly,SMB DIGITAL BACK OFFICE,01-AUG-2026,Saturday,,,,Weekly Off,,,,
OB60830,PT117630,MOHAMED IBRAHIM MOHSEN,OUTSOURCE,eMinds,SMB-41984,20085-SMB-SALES-CW41984,48 Hours Weekly,SMB DIGITAL BACK OFFICE,02-AUG-2026,Sunday,,,,Weekly Off,,,,
OB60830,PT117630,MOHAMED IBRAHIM MOHSEN,OUTSOURCE,eMinds,SMB-41984,20085-SMB-SALES-CW41984,48 Hours Weekly,SMB DIGITAL BACK OFFICE,03-AUG-2026,Monday,03-AUG-2026 08:55:10 AM,03-AUG-2026 06:17:10 PM,09:22,Present,DXB-HQ-GF-GATE01 ENTRY,SHJ-MSCP-GF-GATE04-TS EXIT EXIT,,
OB60830,PT117630,MOHAMED IBRAHIM MOHSEN,OUTSOURCE,eMinds,SMB-41984,20085-SMB-SALES-CW41984,48 Hours Weekly,SMB DIGITAL BACK OFFICE,04-AUG-2026,Tuesday,04-AUG-2026 08:57:11 AM,04-AUG-2026 06:04:11 PM,09:07,Present,DXB-HQ-GF-GATE01 ENTRY,SHJ-MSCP-GF-GATE04-TS EXIT EXIT,,
OB60830,PT117630,MOHAMED IBRAHIM MOHSEN,OUTSOURCE,eMinds,SMB-41984,20085-SMB-SALES-CW41984,48 Hours Weekly,SMB DIGITAL BACK OFFICE,05-AUG-2026,Wednesday,05-AUG-2026 09:45:43 AM,05-AUG-2026 07:07:43 PM,09:22,Present,DXB-HQ-GF-GATE01 ENTRY,AUH-TWR-L01-D002 EXIT,,
OB60830,PT117630,MOHAMED IBRAHIM MOHSEN  ,OUTSOURCE,eMinds,SMB-41984,20085-SMB-SALES-CW41984,48 Hours Weekly,SMB DIGITAL BACK OFFICE,06-AUG-2026,Thursday,06-AUG-2026 07:51:38 AM,06-AUG-2026 04:28:38 PM,08:37,Present,DXB-HQ-GF-GATE01 ENTRY,AUH-TWR-L01-D002 EXIT,,
OB60830,PT117630,MOHAMED IBRAHIM MOHSEN,OUTSOURCE,eMinds,SMB-41984,20085-SMB-SALES-CW41984,48 Hours Weekly,SMB DIGITAL BACK OFFICE,07-AUG-2026,Friday,07-AUG-2026 08:22:53 AM,07-AUG-2026 05:42:53 PM,09:20,Present,DXB-HQ-GF-GATE01 ENTRY,AUH-TWR-L01-D002 EXIT,,
OB60830,PT117630,MOHAMED IBRAHIM MOHSEN  ,OUTSOURCE,eMinds,SMB-41984,20085-SMB-SALES-CW41984,48 Hours Weekly,SMB DIGITAL BACK OFFICE,08-AUG-2026,Saturday,,,,Weekly Off,,,,
OB60830,PT117630,MOHAMED IBRAHIM MOHSEN,OUTSOURCE,eMinds,SMB-41984,20085-SMB-SALES-CW41984,48 Hours Weekly,SMB DIGITAL BACK OFFICE,09-AUG-2026,Sunday,,,,Weekly Off,,,,
OB60830,PT117630,MOHAMED IBRAHIM MOHSEN,OUTSOURCE,eMinds,SMB-41984,20085-SMB-SALES-CW41984,48 Hours Weekly,SMB DIGITAL BACK OFFICE,10-AUG-2026,Monday,10-AUG-2026 07:34:54 AM,10-AUG-2026 04:00:54 PM,08:26,Present,DXB-HQ-GF-GATE01 ENTRY,DXB-HQ-GF-GATE01 EXIT,,
OB60830,PT117630,MOHAMED IBRAHIM MOHSEN,OUTSOURCE,eMinds,SMB-41984,20085-SMB-SALES-CW41984,48 Hours Weekly,SMB DIGITAL BACK OFFICE,11-AUG-2026,Tuesday,11-AUG-2026 07:54:05 AM,11-AUG-2026 05:47:05 PM,09:53,Present,AUH-TWR-L01-D002 ENTRY,AUH-TWR-L01-D002 EXIT,,
OB60830,PT117630,MOHAMED IBRAHIM MOHSEN,OUTSOURCE,eMinds,SMB-41984,20085-SMB-SALES-CW41984,48 Hours Weekly,SMB DIGITAL BACK OFFICE,12-AUG-2026,Wednesday,12-AUG-2026 07:48:27 AM,12-AUG-2026 05:44:27 PM,09:56,Present,SHJ-HRB-L03-D040 LOBBY ENTRY,AUH-TWR-L01-D002 EXIT,,
OB60830,PT117630,MOHAMED IBRAHIM MOHSEN,OUTSOURCE,eMinds,SMB-41984,20085-SMB-SALES-CW41984,48 Hours Weekly,SMB DIGITAL BACK OFFICE,13-AUG-2026,Thursday,13-AUG-2026 07:32:50 AM,13-AUG-2026 04:57:50 PM,09:25,Present,SHJ-HRB-L03-D040 LOBBY ENTRY,DXB-HQ-GF-GATE01 EXIT,,
OB60830,PT117630,MOHAMED IBRAHIM MOHSEN,OUTSOURCE,eMinds,SMB-41984,20085-SMB-SALES-CW41984,48 Hours Weekly,SMB DIGITAL BACK OFFICE,14-AUG-2026,Friday,14-AUG-2026 07:38:53 AM,,,Present,AUH-TWR-L01-D002 ENTRY,,,
OB60830,PT117630,MOHAMED IBRAHIM MOHSEN,OUTSOURCE,eMinds,SMB-41984,20085-SMB-SALES-CW41984,48 Hours Weekly,SMB DIGITAL BACK OFFICE,15-AUG-2026,Saturday,,,,Weekly Off,,,,
OB60830,PT117630,MOHAMED IBRAHIM MOHSEN,OUTSOURCE,eMinds,SMB-41984,20085-SMB-SALES-CW41984,48 Hours Weekly,SMB DIGITAL BACK OFFICE,16-AUG-2026,Sunday,,,,Weekly Off,,,,
OB60830,PT117630,MOHAMED IBRAHIM MOHSEN,OUTSOURCE,eMinds,SMB-41984,20085-SMB-SALES-CW41984,48 Hours Weekly,SMB DIGITAL BACK OFFICE,17-AUG-2026,Monday,17-AUG-2026 08:03:19 AM,17-AUG-2026 05:05:19 PM,09:02,Present,AUH-TWR-L01-D002 ENTRY,AUH-TWR-L01-D002 EXIT,,
OB60830,PT117630,MOHAMED IBRAHIM MOHSEN,OUTSOURCE,eMinds,SMB-41984,20085-SMB-SALES-CW41984,48 Hours Weekly,SMB DIGITAL BACK OFFICE,18-AUG-2026,Tuesday,18-AUG-2026 07:58:43 AM,18-AUG-2026 05:26:43 PM,09:28,Present,SHJ-HRB-L03-D040 LOBBY ENTRY,SHJ-MSCP-GF-GATE04-TS EXIT EXIT,,
OB60830,PT117630,MOHAMED IBRAHIM MOHSEN,OUTSOURCE,eMinds,SMB-41984,20085-SMB-SALES-CW41984,48 Hours Weekly,SMB DIGITAL BACK OFFICE,19-AUG-2026,Wednesday,19-AUG-2026 07:52:49 AM,19-AUG-2026 06:50:49 PM,10:58,Present,DXB-HQ-GF-GATE01 ENTRY,AUH-TWR-L01-D002 EXIT,,
OB60830,PT117630,MOHAMED IBRAHIM MOHSEN,OUTSOURCE,eMinds,SMB-41984,20085-SMB-SALES-CW41984,48 Hours Weekly,SMB DIGITAL BACK OFFICE,20-AUG-2026,Thursday,20-AUG-2026 07:42:18 AM,20-AUG-2026 04:45:18 PM,09:03,Present,SHJ-HRB-L03-D040 LOBBY ENTRY,DXB-HQ-GF-GATE01 EXIT,,
OB60830,PT117630,MOHAMED IBRAHIM MOHSEN,OUTSOURCE,eMinds,SMB-41984,20085-SMB-SALES-CW41984,48 Hours Weekly,SMB DIGITAL BACK OFFICE,21-AUG-2026,Friday,21-AUG-2026 07:54:43 AM,21-AUG-2026 05:29:43 PM,09:35,Present,SHJ-HRB-L03-D040 LOBBY ENTRY,SHJ-MSCP-GF-GATE04-TS EXIT EXIT,,
OB60830,PT117630,MOHAMED IBRAHIM MOHSEN,OUTSOURCE,eMinds,SMB-41984,20085-SMB-SALES-CW41984,48 Hours Weekly,SMB DIGITAL BACK OFFICE,22-AUG-2026,Saturday,,,,Weekly Off,,,,
OB60830,PT117630,MOHAMED IBRAHIM MOHSEN,OUTSOURCE,eMinds,SMB-41984,20085-SMB-SALES-CW41984,48 Hours Weekly,SMB DIGITAL BACK OFFICE,23-AUG-2026,Sunday,,,,Weekly Off,,,,
OB60830,PT117630,MOHAMED IBRAHIM MOHSEN  ,OUTSOURCE,eMinds,SMB-41984,20085-SMB-SALES-CW41984,48 Hours Weekly,SMB DIGITAL BACK OFFICE,24-AUG-2026,Monday,24-AUG-2026 08:24:29 AM,24-AUG-2026 06:02:29 PM,09:38,Present,DXB-HQ-GF-GATE01 ENTRY,DXB-HQ-GF-GATE01 EXIT,,
OB60830,PT117630,MOHAMED IBRAHIM MOHSEN,OUTSOURCE,eMinds,SMB-41984,20085-SMB-SALES-CW41984,48 Hours Weekly,SMB DIGITAL BACK OFFICE,25-AUG-2026,Tuesday,25-AUG-2026 08:40:16 AM,25-AUG-2026 06:37:16 PM,09:57,Present,SHJ-HRB-L03-D040 LOBBY ENTRY,AUH-TWR-L01-D002 EXIT,,
OB60830,PT117630,MOHAMED IBRAHIM MOHSEN  ,OUTSOURCE,eMinds,SMB-41984,20085-SMB-SALES-CW41984,48 Hours Weekly,SMB DIGITAL BACK OFFICE,26-AUG-2026,Wednesday,26-AUG-2026 08:56:39 AM,26-AUG-2026 06:10:39 PM,09:14,Present,SHJ-HRB-L03-D040 LOBBY ENTRY,AUH-TWR-L01-D002 EXIT,,
OB60830,PT117630,MOHAMED IBRAHIM MOHSEN,OUTSOURCE,eMinds,SMB-41984,20085-SMB-SALES-CW41984,48 Hours Weekly,SMB DIGITAL BACK OFFICE,27-AUG-2026,Thursday,27-AUG-2026 07:42:37 AM,27-AUG-2026 05:12:37 PM,09:30,Present,DXB-HQ-GF-GATE01 ENTRY,SHJ-MSCP-GF-GATE04-TS EXIT EXIT,,
OB60830,PT117630,MOHAMED IBRAHIM MOHSEN,OUTSOURCE,eMinds,SMB-41984,20085-SMB-SALES-CW41984,48 Hours Weekly,SMB DIGITAL BACK OFFICE,28-AUG-2026,Friday,28-AUG-2026 09:07:43 AM,28-AUG-2026 06:45:43 PM,09:38,Present,DXB-HQ-GF-GATE01 ENTRY,SHJ-MSCP-GF-GATE04-TS EXIT EXIT,,
OB60830,PT117630,MOHAMED IBRAHIM MOHSEN,OUTSOURCE,eMinds,SMB-41984,20085-SMB-SALES-CW41984,48 Hours Weekly,SMB DIGITAL BACK OFFICE,29-AUG-2026,Saturday,,,,Weekly Off,,,,
OB60830,PT117630,MOHAMED IBRAHIM MOHSEN,OUTSOURCE,eMinds,SMB-41984,20085-SMB-SALES-CW41984,48 Hours Weekly,SMB DIGITAL BACK OFFICE,30-AUG-2026,Sunday,,,,Weekly Off,,,,
OB60830,PT117630,MOHAMED IBRAHIM MOHSEN,OUTSOURCE,eMinds,SMB-41984,20085-SMB-SALES-CW41984,48 Hours Weekly,SMB DIGITAL BACK OFFICE,31-AUG-2026,Monday,31-AUG-2026 07:53:27 AM,31-AUG-2026 05:36:27 PM,09:43,Present,AUH-TWR-L01-D002 ENTRY,AUH-TWR-L01-D002 EXIT,,
OB60831,PT117631,HUDA MAHMOUD HASSAN,OUTSOURCE,eMinds,SMB-41985,20085-SMB-SALES-CW41985,48 Hours Weekly,SMB-PRIME&BD-KAM-1,01-AUG-2026,Saturday,,,,Weekly Off,,,,
OB60831,PT117631,HUDA MAHMOUD HASSAN,OUTSOURCE,eMinds,SMB-41985,20085-SMB-SALES-CW41985,48 Hours Weekly,SMB-PRIME&BD-KAM-1,02-AUG-2026,Sunday,,,,Weekly Off,,,,
OB60831,PT117631,HUDA MAHMOUD HASSAN  ,OUTSOURCE,eMinds,SMB-41985,20085-SMB-SALES-CW41985,48 Hours Weekly,SMB-PRIME&BD-KAM-1,03-AUG-2026,Monday,03-AUG-2026 07:37:35 AM,03-AUG-2026 05:02:35 PM,09:25,Present,DXB-HQ-GF-GATE01 ENTRY,DXB-HQ-GF-GATE01 EXIT,,
OB60831,PT117631,HUDA MAHMOUD HASSAN,OUTSOURCE,eMinds,SMB-41985,20085-SMB-SALES-CW41985,48 Hours Weekly,SMB-PRIME&BD-KAM-1,04-AUG-2026,Tuesday,04-AUG-2026 08:27:49 AM,04-AUG-2026 05:34:49 PM,09:07,Present,AUH-TWR-L01-D002 ENTRY,AUH-TWR-L01-D002 EXIT,,
OB60831,PT117631,HUDA MAHMOUD HASSAN,OUTSOURCE,eMinds,SMB-41985,20085-SMB-SALES-CW41985,48 Hours Weekly,SMB-PRIME&BD-KAM-1,05-AUG-2026,Wednesday,05-AUG-2026 08:00:28 AM,05-AUG-2026 05:22:28 PM,09:22,Present,AUH-TWR-L01-D002 ENTRY,SHJ-MSCP-GF-GATE04-TS EXIT EXIT,,
OB60831,PT117631,HUDA MAHMOUD HASSAN,OUTSOURCE,eMinds,SMB-41985,20085-SMB-SALES-CW41985,48 Hours Weekly,SMB-PRIME&BD-KAM-1,06-AUG-2026,Thursday,06-AUG-2026 07:03:16 AM,06-AUG-2026 04:23:16 PM,00:00,Present,SHJ-HRB-L03-D040 LOBBY ENTRY,SHJ-MSCP-GF-GATE04-TS EXIT EXIT,,
OB60831,PT117631,HUDA MAHMOUD HASSAN,OUTSOURCE,eMinds,SMB-41985,20085-SMB-SALES-CW41985,48 Hours Weekly,SMB-PRIME&BD-KAM-1,07-AUG-2026,Friday,07-AUG-2026 08:47:51 AM,07-AUG-2026 07:02:51 PM,10:15,Present,SHJ-HRB-L03-D040 LOBBY ENTRY,SHJ-MSCP-GF-GATE04-TS EXIT EXIT,,
OB60831,PT117631,HUDA MAHMOUD HASSAN,OUTSOURCE,eMinds,SMB-41985,20085-SMB-SALES-CW41985,48 Hours Weekly,SMB-PRIME&BD-KAM-1,08-AUG-2026,Saturday,,,,Weekly Off,,,,
OB60831,PT117631,HUDA MAHMOUD HASSAN,OUTSOURCE,eMinds,SMB-41985,20085-SMB-SALES-CW41985,48 Hours Weekly,SMB-PRIME&BD-KAM-1,09-AUG-2026,Sunday,,,,Weekly Off,,,,
OB60831,PT117631,HUDA MAHMOUD HASSAN,OUTSOURCE,eMinds,SMB-41985,20085-SMB-SALES-CW41985,48 Hours Weekly,SMB-PRIME&BD-KAM-1,10-AUG-2026,Monday,10-AUG-2026 07:10:38 AM,10-AUG-2026 04:42:38 PM,09:32,Present,SHJ-HRB-L03-D040 LOBBY ENTRY,SHJ-MSCP-GF-GATE04-TS EXIT EXIT,,
OB60831,PT117631,HUDA MAHMOUD HASSAN,OUTSOURCE,eMinds,SMB-41985,20085-SMB-SALES-CW41985,48 Hours Weekly,SMB-PRIME&BD-KAM-1,11-AUG-2026,Tuesday,11-AUG-2026 07:17:00 AM,11-AUG-2026 06:06:00 PM,10:49,Present,DXB-HQ-GF-GATE01 ENTRY,AUH-TWR-L01-D002 EXIT,,
OB60831,PT117631,HUDA MAHMOUD HASSAN  ,OUTSOURCE,eMinds,SMB-41985,20085-SMB-SALES-CW41985,48 Hours Weekly,SMB-PRIME&BD-KAM-1,12-AUG-2026,Wednesday,12-AUG-2026 08:19:40 AM,12-AUG-2026 04:53:40 PM,08:34,Present,DXB-HQ-GF-GATE01 ENTRY,AUH-TWR-L01-D002 EXIT,,
OB60831,PT117631,HUDA MAHMOUD HASSAN  ,OUTSOURCE,eMinds,SMB-41985,20085-SMB-SALES-CW41985,48 Hours Weekly,SMB-PRIME&BD-KAM-1,13-AUG-2026,Thursday,13-AUG-2026 07:04:56 AM,13-AUG-2026 04:57:56 PM,09:53,Present,SHJ-HRB-L03-D040 LOBBY ENTRY,SHJ-MSCP-GF-GATE04-TS EXIT EXIT,,
OB60831,PT117631,HUDA MAHMOUD HASSAN  ,OUTSOURCE,eMinds,SMB-41985,20085-SMB-SALES-CW41985,48 Hours Weekly,SMB-PRIME&BD-KAM-1,14-AUG-2026,Friday,,,,Sick Leave,,,,
OB60831,PT117631,HUDA MAHMOUD HASSAN,OUTSOURCE,eMinds,SMB-41985,20085-SMB-SALES-CW41985,48 Hours Weekly,SMB-PRIME&BD-KAM-1,15-AUG-2026,Saturday,,,,Weekly Off,,,,
OB60831,PT117631,HUDA MAHMOUD HASSAN,OUTSOURCE,eMinds,SMB-41985,20085-SMB-SALES-CW41985,48 Hours Weekly,SMB-PRIME&BD-KAM-1,16-AUG-2026,Sunday,,,,Weekly Off,,,,
OB60831,PT117631,HUDA MAHMOUD HASSAN,OUTSOURCE,eMinds,SMB-41985,20085-SMB-SALES-CW41985,48 Hours Weekly,SMB-PRIME&BD-KAM-1,17-AUG-2026,Monday,17-AUG-2026 08:10:09 AM,17-AUG-2026 04:16:09 PM,08:06,Present,SHJ-HRB-L03-D040 LOBBY ENTRY,DXB-HQ-GF-GATE01 EXIT,,
OB60831,PT117631,HUDA MAHMOUD HASSAN,OUTSOURCE,eMinds,SMB-41985,20085-SMB-SALES-CW41985,48 Hours Weekly,SMB-PRIME&BD-KAM-1,18-AUG-2026,Tuesday,18-AUG-2026 07:02:49 AM,18-AUG-2026 05:49:49 PM,10:47,Present,AUH-TWR-L01-D002 ENTRY,DXB-HQ-GF-GATE01 EXIT,,
OB60831,PT117631,HUDA MAHMOUD HASSAN,OUTSOURCE,eMinds,SMB-41985,20085-SMB-SALES-CW41985,48 Hours Weekly,SMB-PRIME&BD-KAM-1,19-AUG-2026,Wednesday,19-AUG-2026 08:14:26 AM,19-AUG-2026 04:29:26 PM,08:15,Present,AUH-TWR-L01-D002 ENTRY,SHJ-MSCP-GF-GATE04-TS EXIT EXIT,,
OB60831,PT117631,HUDA MAHMOUD HASSAN,OUTSOURCE,eMinds,SMB-41985,20085-SMB-SALES-CW41985,48 Hours Weekly,SMB-PRIME&BD-KAM-1,20-AUG-2026,Thursday,20-AUG-2026 08:15:47 AM,,,Present,AUH-TWR-L01-D002 ENTRY,,,
OB60831,PT117631,HUDA MAHMOUD HASSAN,OUTSOURCE,eMinds,SMB-41985,20085-SMB-SALES-CW41985,48 Hours Weekly,SMB-PRIME&BD-KAM-1,21-AUG-2026,Friday,,21-AUG-2026 05:29:30 PM,,Present,,SHJ-MSCP-GF-GATE04-TS EXIT EXIT,,
OB60831,PT117631,HUDA MAHMOUD HASSAN,OUTSOURCE,eMinds,SMB-41985,20085-SMB-SALES-CW41985,48 Hours Weekly,SMB-PRIME&BD-KAM-1,22-AUG-2026,Saturday,,,,Weekly Off,,,,
OB60831,PT117631,HUDA MAHMOUD HASSAN,OUTSOURCE,eMinds,SMB-41985,20085-SMB-SALES-CW41985,48 Hours Weekly,SMB-PRIME&BD-KAM-1,23-AUG-2026,Sunday,,,,Weekly Off,,,,
OB60831,PT117631,HUDA MAHMOUD HASSAN,OUTSOURCE,eMinds,SMB-41985,20085-SMB-SALES-CW41985,48 Hours Weekly,SMB-PRIME&BD-KAM-1,24-AUG-2026,Monday,24-AUG-2026 08:58:00 AM,24-AUG-2026 06:05:00 PM,09:07,Present,DXB-HQ-GF-GATE01 ENTRY,SHJ-MSCP-GF-GATE04-TS EXIT EXIT,,
OB60831,PT117631,HUDA MAHMOUD HASSAN,OUTSOURCE,eMinds,SMB-41985,20085-SMB-SALES-CW41985,48 Hours Weekly,SMB-PRIME&BD-KAM-1,25-AUG-2026,Tuesday,25-AUG-2026 09:53:38 AM,25-AUG-2026 06:59:38 PM,09:06,Present,AUH-TWR-L01-D002 ENTRY,DXB-HQ-GF-GATE01 EXIT,,
OB60831,PT117631,HUDA MAHMOUD HASSAN,OUTSOURCE,eMinds,SMB-41985,20085-SMB-SALES-CW41985,48 Hours Weekly,SMB-PRIME&BD-KAM-1,26-AUG-2026,Wednesday,26-AUG-2026 07:56:49 AM,26-AUG-2026 06:44:49 PM,10:48,Present,AUH-TWR-L01-D002 ENTRY,DXB-HQ-GF-GATE01 EXIT,,
OB60831,PT117631,HUDA MAHMOUD HASSAN,OUTSOURCE,eMinds,SMB-41985,20085-SMB-SALES-CW41985,48 Hours Weekly,SMB-PRIME&BD-KAM-1,27-AUG-2026,Thursday,27-AUG-2026 08:26:38 AM,27-AUG-2026 05:35:38 PM,09:09,Present,DXB-HQ-GF-GATE01 ENTRY,SHJ-MSCP-GF-GATE04-TS EXIT EXIT,,
OB60831,PT117631,HUDA MAHMOUD HASSAN,OUTSOURCE,eMinds,SMB-41985,20085-SMB-SALES-CW41985,48 Hours Weekly,SMB-PRIME&BD-KAM-1,28-AUG-2026,Friday,28-AUG-2026 08:27:31 AM,28-AUG-2026 04:42:31 PM,08:15,Present,SHJ-HRB-L03-D040 LOBBY ENTRY,AUH-TWR-L01-D002 EXIT,,
OB60831,PT117631,HUDA MAHMOUD HASSAN,OUTSOURCE,eMinds,SMB-41985,20085-SMB-SALES-CW41985,48 Hours Weekly,SMB-PRIME&BD-KAM-1,29-AUG-2026,Saturday,,,,Weekly Off,,,,
OB60831,PT117631,HUDA MAHMOUD HASSAN,OUTSOURCE,eMinds,SMB-41985,20085-SMB-SALES-CW41985,48 Hours Weekly,SMB-PRIME&BD-KAM-1,30-AUG-2026,Sunday,,,,Weekly Off,,,,
OB60831,PT117631,HUDA MAHMOUD HASSAN  ,OUTSOURCE,eMinds,SMB-41985,20085-SMB-SALES-CW41985,48 Hours Weekly,SMB-PRIME&BD-KAM-1,31-AUG-2026,Monday,31-AUG-2026 07:54:27 AM,31-AUG-2026 05:31:27 PM,09:37,Present,AUH-TWR-L01-D002 ENTRY,DXB-HQ-GF-GATE01 EXIT,,
OB60832,PT117632,SARA IBRAHIM YOUSSEF,OUTSOURCE,eMinds,CONSUMER-22011,20090-CONS-RETAIL-CW22011,45 Hours Weekly,SMB-GENERAL SHIFT,01-AUG-2026,Saturday,,,,Weekly Off,,,,
OB60832,PT117632,SARA IBRAHIM YOUSSEF,OUTSOURCE,eMinds,CONSUMER-22011,20090-CONS-RETAIL-CW22011,45 Hours Weekly,SMB-GENERAL SHIFT,02-AUG-2026,Sunday,,,,Weekly Off,,,,
OB60832,PT117632,SARA IBRAHIM YOUSSEF,OUTSOURCE,eMinds,CONSUMER-22011,20090-CONS-RETAIL-CW22011,45 Hours Weekly,SMB-GENERAL SHIFT,03-AUG-2026,Monday,03-AUG-2026 09:14:01 AM,03-AUG-2026 06:37:01 PM,09:23,Present,SHJ-HRB-L03-D040 LOBBY ENTRY,AUH-TWR-L01-D002 EXIT,,
OB60832,PT117632,SARA IBRAHIM YOUSSEF  ,OUTSOURCE,eMinds,CONSUMER-22011,20090-CONS-RETAIL-CW22011,45 Hours Weekly,SMB-GENERAL SHIFT,04-AUG-2026,Tuesday,04-AUG-2026 09:30:47 AM,04-AUG-2026 07:22:47 PM,09:52,Present,SHJ-HRB-L03-D040 LOBBY ENTRY,SHJ-MSCP-GF-GATE04-TS EXIT EXIT,,
OB60832,PT117632,SARA IBRAHIM YOUSSEF,OUTSOURCE,eMinds,CONSUMER-22011,20090-CONS-RETAIL-CW22011,45 Hours Weekly,SMB-GENERAL SHIFT,05-AUG-2026,Wednesday,05-AUG-2026 08:42:24 AM,05-AUG-2026 05:01:24 PM,08:19,Present,DXB-HQ-GF-GATE01 ENTRY,SHJ-MSCP-GF-GATE04-TS EXIT EXIT,,
OB60832,PT117632,SARA IBRAHIM YOUSSEF  ,OUTSOURCE,eMinds,CONSUMER-22011,20090-CONS-RETAIL-CW22011,45 Hours Weekly,SMB-GENERAL SHIFT,06-AUG-2026,Thursday,06-AUG-2026 07:46:13 AM,06-AUG-2026 04:04:13 PM,08:18,Present,DXB-HQ-GF-GATE01 ENTRY,DXB-HQ-GF-GATE01 EXIT,,
OB60832,PT117632,SARA IBRAHIM YOUSSEF,OUTSOURCE,eMinds,CONSUMER-22011,20090-CONS-RETAIL-CW22011,45 Hours Weekly,SMB-GENERAL SHIFT,07-AUG-2026,Friday,07-AUG-2026 08:11:40 AM,07-AUG-2026 04:34:40 PM,08:23,Present,SHJ-HRB-L03-D040 LOBBY ENTRY,AUH-TWR-L01-D002 EXIT,,
OB60832,PT117632,SARA IBRAHIM YOUSSEF,OUTSOURCE,eMinds,CONSUMER-22011,20090-CONS-RETAIL-CW22011,45 Hours Weekly,SMB-GENERAL SHIFT,08-AUG-2026,Saturday,,,,Weekly Off,,,,
OB60832,PT117632,SARA IBRAHIM YOUSSEF,OUTSOURCE,eMinds,CONSUMER-22011,20090-CONS-RETAIL-CW22011,45 Hours Weekly,SMB-GENERAL SHIFT,09-AUG-2026,Sunday,,,,Weekly Off,,,,
OB60832,PT117632,SARA IBRAHIM YOUSSEF,OUTSOURCE,eMinds,CONSUMER-22011,20090-CONS-RETAIL-CW22011,45 Hours Weekly,SMB-GENERAL SHIFT,10-AUG-2026,Monday,10-AUG-2026 08:16:30 AM,10-AUG-2026 05:09:30 PM,08:53,Present,AUH-TWR-L01-D002 ENTRY,AUH-TWR-L01-D002 EXIT,,
OB60832,PT117632,SARA IBRAHIM YOUSSEF,OUTSOURCE,eMinds,CONSUMER-22011,20090-CONS-RETAIL-CW22011,45 Hours Weekly,SMB-GENERAL SHIFT,11-AUG-2026,Tuesday,11-AUG-2026 09:57:30 AM,11-AUG-2026 06:10:30 PM,08:13,Present,SHJ-HRB-L03-D040 LOBBY ENTRY,SHJ-MSCP-GF-GATE04-TS EXIT EXIT,,
OB60832,PT117632,SARA IBRAHIM YOUSSEF,OUTSOURCE,eMinds,CONSUMER-22011,20090-CONS-RETAIL-CW22011,45 Hours Weekly,SMB-GENERAL SHIFT,12-AUG-2026,Wednesday,,,,Absent,,,,
OB60832,PT117632,SARA IBRAHIM YOUSSEF,OUTSOURCE,eMinds,CONSUMER-22011,20090-CONS-RETAIL-CW22011,45 Hours Weekly,SMB-GENERAL SHIFT,13-AUG-2026,Thursday,13-AUG-2026 07:25:46 AM,13-AUG-2026 05:09:46 PM,09:44,Present,AUH-TWR-L01-D002 ENTRY,SHJ-MSCP-GF-GATE04-TS EXIT EXIT,,
OB60832,PT117632,SARA IBRAHIM YOUSSEF  ,OUTSOURCE,eMinds,CONSUMER-22011,20090-CONS-RETAIL-CW22011,45 Hours Weekly,SMB-GENERAL SHIFT,14-AUG-2026,Friday,14-AUG-2026 07:49:45 AM,14-AUG-2026 05:56:45 PM,10:07,Present,SHJ-HRB-L03-D040 LOBBY ENTRY,DXB-HQ-GF-GATE01 EXIT,,
OB60832,PT117632,SARA IBRAHIM YOUSSEF,OUTSOURCE,eMinds,CONSUMER-22011,20090-CONS-RETAIL-CW22011,45 Hours Weekly,SMB-GENERAL SHIFT,15-AUG-2026,Saturday,,,,Weekly Off,,,,
OB60832,PT117632,SARA IBRAHIM YOUSSEF,OUTSOURCE,eMinds,CONSUMER-22011,20090-CONS-RETAIL-CW22011,45 Hours Weekly,SMB-GENERAL SHIFT,16-AUG-2026,Sunday,,,,Weekly Off,,,,
OB60832,PT117632,SARA IBRAHIM YOUSSEF  ,OUTSOURCE,eMinds,CONSUMER-22011,20090-CONS-RETAIL-CW22011,45 Hours Weekly,SMB-GENERAL SHIFT,17-AUG-2026,Monday,,,,Sick Leave,,,,
OB60832,PT117632,SARA IBRAHIM YOUSSEF  ,OUTSOURCE,eMinds,CONSUMER-22011,20090-CONS-RETAIL-CW22011,45 Hours Weekly,SMB-GENERAL SHIFT,18-AUG-2026,Tuesday,18-AUG-2026 07:37:06 AM,18-AUG-2026 04:11:06 PM,08:34,Present,SHJ-HRB-L03-D040 LOBBY ENTRY,DXB-HQ-GF-GATE01 EXIT,,
OB60832,PT117632,SARA IBRAHIM YOUSSEF,OUTSOURCE,eMinds,CONSUMER-22011,20090-CONS-RETAIL-CW22011,45 Hours Weekly,SMB-GENERAL SHIFT,19-AUG-2026,Wednesday,19-AUG-2026 09:12:01 AM,19-AUG-2026 05:46:01 PM,08:34,Present,DXB-HQ-GF-GATE01 ENTRY,AUH-TWR-L01-D002 EXIT,,
OB60832,PT117632,SARA IBRAHIM YOUSSEF,OUTSOURCE,eMinds,CONSUMER-22011,20090-CONS-RETAIL-CW22011,45 Hours Weekly,SMB-GENERAL SHIFT,20-AUG-2026,Thursday,,,,Sick Leave,,,,
OB60832,PT117632,SARA IBRAHIM YOUSSEF,OUTSOURCE,eMinds,CONSUMER-22011,20090-CONS-RETAIL-CW22011,45 Hours Weekly,SMB-GENERAL SHIFT,21-AUG-2026,Friday,21-AUG-2026 09:46:50 AM,21-AUG-2026 08:27:50 PM,10:41,Present,DXB-HQ-GF-GATE01 ENTRY,AUH-TWR-L01-D002 EXIT,,
OB60832,PT117632,SARA IBRAHIM YOUSSEF,OUTSOURCE,eMinds,CONSUMER-22011,20090-CONS-RETAIL-CW22011,45 Hours Weekly,SMB-GENERAL SHIFT,22-AUG-2026,Saturday,,,,Weekly Off,,,,
OB60832,PT117632,SARA IBRAHIM YOUSSEF,OUTSOURCE,eMinds,CONSUMER-22011,20090-CONS-RETAIL-CW22011,45 Hours Weekly,SMB-GENERAL SHIFT,23-AUG-2026,Sunday,,,,Weekly Off,,,,
OB60832,PT117632,SARA IBRAHIM YOUSSEF,OUTSOURCE,eMinds,CONSUMER-22011,20090-CONS-RETAIL-CW22011,45 Hours Weekly,SMB-GENERAL SHIFT,24-AUG-2026,Monday,,,,Annual Leave,,,,
OB60832,PT117632,SARA IBRAHIM YOUSSEF,OUTSOURCE,eMinds,CONSUMER-22011,20090-CONS-RETAIL-CW22011,45 Hours Weekly,SMB-GENERAL SHIFT,25-AUG-2026,Tuesday,25-AUG-2026 08:07:07 AM,25-AUG-2026 05:41:07 PM,09:34,Present,DXB-HQ-GF-GATE01 ENTRY,DXB-HQ-GF-GATE01 EXIT,,
OB60832,PT117632,SARA IBRAHIM YOUSSEF,OUTSOURCE,eMinds,CONSUMER-22011,20090-CONS-RETAIL-CW22011,45 Hours Weekly,SMB-GENERAL SHIFT,26-AUG-2026,Wednesday,26-AUG-2026 07:35:39 AM,26-AUG-2026 06:17:39 PM,10:42,Present,SHJ-HRB-L03-D040 LOBBY ENTRY,DXB-HQ-GF-GATE01 EXIT,,
OB60832,PT117632,SARA IBRAHIM YOUSSEF,OUTSOURCE,eMinds,CONSUMER-22011,20090-CONS-RETAIL-CW22011,45 Hours Weekly,SMB-GENERAL SHIFT,27-AUG-2026,Thursday,,,,,,,,
OB60832,PT117632,SARA IBRAHIM YOUSSEF,OUTSOURCE,eMinds,CONSUMER-22011,20090-CONS-RETAIL-CW22011,45 Hours Weekly,SMB-GENERAL SHIFT,28-AUG-2026,Friday,28-AUG-2026 08:26:55 AM,28-AUG-2026 05:32:55 PM,09:06,Present,SHJ-HRB-L03-D040 LOBBY ENTRY,SHJ-MSCP-GF-GATE04-TS EXIT EXIT,,
OB60832,PT117632,SARA IBRAHIM YOUSSEF,OUTSOURCE,eMinds,CONSUMER-22011,20090-CONS-RETAIL-CW22011,45 Hours Weekly,SMB-GENERAL SHIFT,29-AUG-2026,Saturday,,,,Weekly Off,,,,
OB60832,PT117632,SARA IBRAHIM YOUSSEF,OUTSOURCE,eMinds,CONSUMER-22011,20090-CONS-RETAIL-CW22011,45 Hours Weekly,SMB-GENERAL SHIFT,30-AUG-2026,Sunday,,,,Weekly Off,,,,
OB60832,PT117632,SARA IBRAHIM YOUSSEF,OUTSOURCE,eMinds,CONSUMER-22011,20090-CONS-RETAIL-CW22011,45 Hours Weekly,SMB-GENERAL SHIFT,31-AUG-2026,Monday,31-AUG-2026 08:28:52 AM,31-AUG-2026 06:15:52 PM,09:47,Present,DXB-HQ-GF-GATE01 ENTRY,AUH-TWR-L01-D002 EXIT,,
OB60833,PT117633,HUDA IBRAHIM NABIL,OUTSOURCE,Etisalat Services,ENTERPRISE-30510,20110-ENT-SUPPORT-CW30510,40 Hours Weekly,SMB-Elite Business,01-AUG-2026,Saturday,,,,Weekly Off,,,,
OB60833,PT117633,HUDA IBRAHIM NABIL,OUTSOURCE,Etisalat Services,ENTERPRISE-30510,20110-ENT-SUPPORT-CW30510,40 Hours Weekly,SMB-Elite Business,02-AUG-2026,Sunday,,,,Weekly Off,,,,
OB60833,PT117633,HUDA IBRAHIM NABIL,OUTSOURCE,Etisalat Services,ENTERPRISE-30510,20110-ENT-SUPPORT-CW30510,40 Hours Weekly,SMB-Elite Business,03-AUG-2026,Monday,03-AUG-2026 09:32:04 AM,03-AUG-2026 06:08:04 PM,08:36,Present,AUH-TWR-L01-D002 ENTRY,AUH-TWR-L01-D002 EXIT,,
OB60833,PT117633,HUDA IBRAHIM NABIL,OUTSOURCE,Etisalat Services,ENTERPRISE-30510,20110-ENT-SUPPORT-CW30510,40 Hours Weekly,SMB-Elite Business,04-AUG-2026,Tuesday,04-AUG-2026 09:56:37 AM,04-AUG-2026 06:21:37 PM,08:25,Present,AUH-TWR-L01-D002 ENTRY,SHJ-MSCP-GF-GATE04-TS EXIT EXIT,,
OB60833,PT117633,HUDA IBRAHIM NABIL,OUTSOURCE,Etisalat Services,ENTERPRISE-30510,20110-ENT-SUPPORT-CW30510,40 Hours Weekly,SMB-Elite Business,05-AUG-2026,Wednesday,05-AUG-2026 07:41:52 AM,05-AUG-2026 04:12:52 PM,08:31,Present,DXB-HQ-GF-GATE01 ENTRY,SHJ-MSCP-GF-GATE04-TS EXIT EXIT,,
OB60833,PT117633,HUDA IBRAHIM NABIL  ,OUTSOURCE,Etisalat Services,ENTERPRISE-30510,20110-ENT-SUPPORT-CW30510,40 Hours Weekly,SMB-Elite Business,06-AUG-2026,Thursday,06-AUG-2026 07:07:24 AM,06-AUG-2026 04:58:24 PM,09:51,Present,SHJ-HRB-L03-D040 LOBBY ENTRY,SHJ-MSCP-GF-GATE04-TS EXIT EXIT,,
OB60833,PT117633,HUDA IBRAHIM NABIL,OUTSOURCE,Etisalat Services,ENTERPRISE-30510,20110-ENT-SUPPORT-CW30510,40 Hours Weekly,SMB-Elite Business,07-AUG-2026,Friday,,,,,,,,
OB60833,PT117633,HUDA IBRAHIM NABIL,OUTSOURCE,Etisalat Services,ENTERPRISE-30510,20110-ENT-SUPPORT-CW30510,40 Hours Weekly,SMB-Elite Business,08-AUG-2026,Saturday,,,,Weekly Off,,,,
OB60833,PT117633,HUDA IBRAHIM NABIL,OUTSOURCE,Etisalat Services,ENTERPRISE-30510,20110-ENT-SUPPORT-CW30510,40 Hours Weekly,SMB-Elite Business,09-AUG-2026,Sunday,,,,Weekly Off,,,,
OB60833,PT117633,HUDA IBRAHIM NABIL,OUTSOURCE,Etisalat Services,ENTERPRISE-30510,20110-ENT-SUPPORT-CW30510,40 Hours Weekly,SMB-Elite Business,10-AUG-2026,Monday,,,,Absent,,,Y,
OB60833,PT117633,HUDA IBRAHIM NABIL,OUTSOURCE,Etisalat Services,ENTERPRISE-30510,20110-ENT-SUPPORT-CW30510,40 Hours Weekly,SMB-Elite Business,11-AUG-2026,Tuesday,11-AUG-2026 07:15:30 AM,11-AUG-2026 04:53:30 PM,09:38,Present,AUH-TWR-L01-D002 ENTRY,DXB-HQ-GF-GATE01 EXIT,,
OB60833,PT117633,HUDA IBRAHIM NABIL,OUTSOURCE,Etisalat Services,ENTERPRISE-30510,20110-ENT-SUPPORT-CW30510,40 Hours Weekly,SMB-Elite Business,12-AUG-2026,Wednesday,12-AUG-2026 08:44:26 AM,12-AUG-2026 06:27:26 PM,09:43,Present,SHJ-HRB-L03-D040 LOBBY ENTRY,SHJ-MSCP-GF-GATE04-TS EXIT EXIT,,
OB60833,PT117633,HUDA IBRAHIM NABIL,OUTSOURCE,Etisalat Services,ENTERPRISE-30510,20110-ENT-SUPPORT-CW30510,40 Hours Weekly,SMB-Elite Business,13-AUG-2026,Thursday,13-AUG-2026 08:46:13 AM,13-AUG-2026 07:26:13 PM,10:40,Present,DXB-HQ-GF-GATE01 ENTRY,SHJ-MSCP-GF-GATE04-TS EXIT EXIT,,
OB60833,PT117633,HUDA IBRAHIM NABIL,OUTSOURCE,Etisalat Services,ENTERPRISE-30510,20110-ENT-SUPPORT-CW30510,40 Hours Weekly,SMB-Elite Business,14-AUG-2026,Friday,14-AUG-2026 08:04:53 AM,14-AUG-2026 06:48:53 PM,10:44,Present,SHJ-HRB-L03-D040 LOBBY ENTRY,AUH-TWR-L01-D002 EXIT,,
OB60833,PT117633,HUDA IBRAHIM NABIL,OUTSOURCE,Etisalat Services,ENTERPRISE-30510,20110-ENT-SUPPORT-CW30510,40 Hours Weekly,SMB-Elite Business,15-AUG-2026,Saturday,,,,Weekly Off,,,,
OB60833,PT117633,HUDA IBRAHIM NABIL,OUTSOURCE,Etisalat Services,ENTERPRISE-30510,20110-ENT-SUPPORT-CW30510,40 Hours Weekly,SMB-Elite Business,16-AUG-2026,Sunday,,,,Weekly Off,,,,
OB60833,PT117633,HUDA IBRAHIM NABIL,OUTSOURCE,Etisalat Services,ENTERPRISE-30510,20110-ENT-SUPPORT-CW30510,40 Hours Weekly,SMB-Elite Business,17-AUG-2026,Monday,17-AUG-2026 08:53:31 AM,17-AUG-2026 06:50:31 PM,09:57,Present,AUH-TWR-L01-D002 ENTRY,SHJ-MSCP-GF-GATE04-TS EXIT EXIT,,
OB60833,PT117633,HUDA IBRAHIM NABIL,OUTSOURCE,Etisalat Services,ENTERPRISE-30510,20110-ENT-SUPPORT-CW30510,40 Hours Weekly,SMB-Elite Business,18-AUG-2026,Tuesday,18-AUG-2026 08:51:02 AM,18-AUG-2026 05:35:02 PM,08:44,Present,AUH-TWR-L01-D002 ENTRY,DXB-HQ-GF-GATE01 EXIT,,
OB60833,PT117633,HUDA IBRAHIM NABIL  ,OUTSOURCE,Etisalat Services,ENTERPRISE-30510,20110-ENT-SUPPORT-CW30510,40 Hours Weekly,SMB-Elite Business,19-AUG-2026,Wednesday,19-AUG-2026 07:52:13 AM,19-AUG-2026 06:08:13 PM,10:16,Present,DXB-HQ-GF-GATE01 ENTRY,SHJ-MSCP-GF-GATE04-TS EXIT EXIT,,
OB60833,PT117633,HUDA IBRAHIM NABIL,OUTSOURCE,Etisalat Services,ENTERPRISE-30510,20110-ENT-SUPPORT-CW30510,40 Hours Weekly,SMB-Elite Business,20-AUG-2026,Thursday,20-AUG-2026 09:15:00 AM,20-AUG-2026 06:53:00 PM,09:38,Present,DXB-HQ-GF-GATE01 ENTRY,AUH-TWR-L01-D002 EXIT,,
OB60833,PT117633,HUDA IBRAHIM NABIL,OUTSOURCE,Etisalat Services,ENTERPRISE-30510,20110-ENT-SUPPORT-CW30510,40 Hours Weekly,SMB-Elite Business,21-AUG-2026,Friday,,,,Sick Leave,,,,
OB60833,PT117633,HUDA IBRAHIM NABIL,OUTSOURCE,Etisalat Services,ENTERPRISE-30510,20110-ENT-SUPPORT-CW30510,40 Hours Weekly,SMB-Elite Business,22-AUG-2026,Saturday,,,,Weekly Off,,,,
OB60833,PT117633,HUDA IBRAHIM NABIL,OUTSOURCE,Etisalat Services,ENTERPRISE-30510,20110-ENT-SUPPORT-CW30510,40 Hours Weekly,SMB-Elite Business,23-AUG-2026,Sunday,,,,Weekly Off,,,,
OB60833,PT117633,HUDA IBRAHIM NABIL,OUTSOURCE,Etisalat Services,ENTERPRISE-30510,20110-ENT-SUPPORT-CW30510,40 Hours Weekly,SMB-Elite Business,24-AUG-2026,Monday,24-AUG-2026 08:08:40 AM,24-AUG-2026 06:06:40 PM,09:58,Present,AUH-TWR-L01-D002 ENTRY,AUH-TWR-L01-D002 EXIT,,
OB60833,PT117633,HUDA IBRAHIM NABIL,OUTSOURCE,Etisalat Services,ENTERPRISE-30510,20110-ENT-SUPPORT-CW30510,40 Hours Weekly,SMB-Elite Business,25-AUG-2026,Tuesday,25-AUG-2026 07:44:06 AM,25-AUG-2026 05:14:06 PM,09:30,Present,DXB-HQ-GF-GATE01 ENTRY,AUH-TWR-L01-D002 EXIT,,
OB60833,PT117633,HUDA IBRAHIM NABIL,OUTSOURCE,Etisalat Services,ENTERPRISE-30510,20110-ENT-SUPPORT-CW30510,40 Hours Weekly,SMB-Elite Business,26-AUG-2026,Wednesday,26-AUG-2026 07:26:25 AM,26-AUG-2026 05:30:25 PM,10:04,Present,AUH-TWR-L01-D002 ENTRY,DXB-HQ-GF-GATE01 EXIT,,
OB60833,PT117633,HUDA IBRAHIM NABIL,OUTSOURCE,Etisalat Services,ENTERPRISE-30510,20110-ENT-SUPPORT-CW30510,40 Hours Weekly,SMB-Elite Business,27-AUG-2026,Thursday,27-AUG-2026 08:28:01 AM,27-AUG-2026 06:12:01 PM,09:44,Present,SHJ-HRB-L03-D040 LOBBY ENTRY,AUH-TWR-L01-D002 EXIT,,
OB60833,PT117633,HUDA IBRAHIM NABIL  ,OUTSOURCE,Etisalat Services,ENTERPRISE-30510,20110-ENT-SUPPORT-CW30510,40 Hours Weekly,SMB-Elite Business,28-AUG-2026,Friday,28-AUG-2026 07:45:58 AM,28-AUG-2026 05:04:58 PM,09:19,Present,SHJ-HRB-L03-D040 LOBBY ENTRY,AUH-TWR-L01-D002 EXIT,,
OB60833,PT117633,HUDA IBRAHIM NABIL,OUTSOURCE,Etisalat Services,ENTERPRISE-30510,20110-ENT-SUPPORT-CW30510,40 Hours Weekly,SMB-Elite Business,29-AUG-2026,Saturday,,,,Weekly Off,,,,
OB60833,PT117633,HUDA IBRAHIM NABIL,OUTSOURCE,Etisalat Services,ENTERPRISE-30510,20110-ENT-SUPPORT-CW30510,40 Hours Weekly,SMB-Elite Business,30-AUG-2026,Sunday,,,,Weekly Off,,,,
OB60833,PT117633,HUDA IBRAHIM NABIL,OUTSOURCE,Etisalat Services,ENTERPRISE-30510,20110-ENT-SUPPORT-CW30510,40 Hours Weekly,SMB-Elite Business,31-AUG-2026,Monday,31-AUG-2026 09:56:50 AM,31-AUG-2026 07:47:50 PM,09:51,Present,SHJ-HRB-L03-D040 LOBBY ENTRY,SHJ-MSCP-GF-GATE04-TS EXIT EXIT,,
OB60834,PT117634,DINA MAHMOUD NABIL,OUTSOURCE,Etisalat Services,ENTERPRISE-30511,20110-ENT-SUPPORT-CW30511,40 Hours Weekly,SMB-CCC & SOHO,01-AUG-2026,Saturday,,,,Weekly Off,,,,
OB60834,PT117634,DINA MAHMOUD NABIL,OUTSOURCE,Etisalat Services,ENTERPRISE-30511,20110-ENT-SUPPORT-CW30511,40 Hours Weekly,SMB-CCC & SOHO,02-AUG-2026,Sunday,,,,Weekly Off,,,,
OB60834,PT117634,DINA MAHMOUD NABIL,OUTSOURCE,Etisalat Services,ENTERPRISE-30511,20110-ENT-SUPPORT-CW30511,40 Hours Weekly,SMB-CCC & SOHO,03-AUG-2026,Monday,03-AUG-2026 07:06:57 AM,03-AUG-2026 05:12:57 PM,10:06,Present,DXB-HQ-GF-GATE01 ENTRY,SHJ-MSCP-GF-GATE04-TS EXIT EXIT,,
OB60834,PT117634,DINA MAHMOUD NABIL,OUTSOURCE,Etisalat Services,ENTERPRISE-30511,20110-ENT-SUPPORT-CW30511,40 Hours Weekly,SMB-CCC & SOHO,04-AUG-2026,Tuesday,04-AUG-2026 09:55:54 AM,04-AUG-2026 07:04:54 PM,09:09,Present,SHJ-HRB-L03-D040 LOBBY ENTRY,AUH-TWR-L01-D002 EXIT,,
OB60834,PT117634,DINA MAHMOUD NABIL,OUTSOURCE,Etisalat Services,ENTERPRISE-30511,20110-ENT-SUPPORT-CW30511,40 Hours Weekly,SMB-CCC & SOHO,05-AUG-2026,Wednesday,05-AUG-2026 08:00:44 AM,05-AUG-2026 06:19:44 PM,10:19,Present,SHJ-HRB-L03-D040 LOBBY ENTRY,SHJ-MSCP-GF-GATE04-TS EXIT EXIT,,
OB60834,PT117634,DINA MAHMOUD NABIL,OUTSOURCE,Etisalat Services,ENTERPRISE-30511,20110-ENT-SUPPORT-CW30511,40 Hours Weekly,SMB-CCC & SOHO,06-AUG-2026,Thursday,06-AUG-2026 09:27:42 AM,06-AUG-2026 05:48:42 PM,08:21,Present,AUH-TWR-L01-D002 ENTRY,AUH-TWR-L01-D002 EXIT,,
OB60834,PT117634,DINA MAHMOUD NABIL,OUTSOURCE,Etisalat Services,ENTERPRISE-30511,20110-ENT-SUPPORT-CW30511,40 Hours Weekly,SMB-CCC & SOHO,07-AUG-2026,Friday,07-AUG-2026 08:31:22 AM,07-AUG-2026 06:10:22 PM,09:39,Present,SHJ-HRB-L03-D040 LOBBY ENTRY,DXB-HQ-GF-GATE01 EXIT,,
OB60834,PT117634,DINA MAHMOUD NABIL  ,OUTSOURCE,Etisalat Services,ENTERPRISE-30511,20110-ENT-SUPPORT-CW30511,40 Hours Weekly,SMB-CCC & SOHO,08-AUG-2026,Saturday,,,,Weekly Off,,,,
OB60834,PT117634,DINA MAHMOUD NABIL,OUTSOURCE,Etisalat Services,ENTERPRISE-30511,20110-ENT-SUPPORT-CW30511,40 Hours Weekly,SMB-CCC & SOHO,09-AUG-2026,Sunday,,,,Weekly Off,,,,
OB60834,PT117634,DINA MAHMOUD NABIL  ,OUTSOURCE,Etisalat Services,ENTERPRISE-30511,20110-ENT-SUPPORT-CW30511,40 Hours Weekly,SMB-CCC & SOHO,10-AUG-2026,Monday,10-AUG-2026 08:53:20 AM,10-AUG-2026 05:36:20 PM,08:43,Present,SHJ-HRB-L03-D040 LOBBY ENTRY,DXB-HQ-GF-GATE01 EXIT,,
OB60834,PT117634,DINA MAHMOUD NABIL,OUTSOURCE,Etisalat Services,ENTERPRISE-30511,20110-ENT-SUPPORT-CW30511,40 Hours Weekly,SMB-CCC & SOHO,11-AUG-2026,Tuesday,11-AUG-2026 07:01:41 AM,11-AUG-2026 04:21:41 PM,09:20,Present,SHJ-HRB-L03-D040 LOBBY ENTRY,AUH-TWR-L01-D002 EXIT,,
OB60834,PT117634,DINA MAHMOUD NABIL,OUTSOURCE,Etisalat Services,ENTERPRISE-30511,20110-ENT-SUPPORT-CW30511,40 Hours Weekly,SMB-CCC & SOHO,12-AUG-2026,Wednesday,12-AUG-2026 07:02:40 AM,12-AUG-2026 04:17:40 PM,09:15,Present,DXB-HQ-GF-GATE01 ENTRY,AUH-TWR-L01-D002 EXIT,,
OB60834,PT117634,DINA MAHMOUD NABIL,OUTSOURCE,Etisalat Services,ENTERPRISE-30511,20110-ENT-SUPPORT-CW30511,40 Hours Weekly,SMB-CCC & SOHO,13-AUG-2026,Thursday,13-AUG-2026 08:38:11 AM,13-AUG-2026 06:14:11 PM,09:36,Present,DXB-HQ-GF-GATE01 ENTRY,SHJ-MSCP-GF-GATE04-TS EXIT EXIT,,
OB60834,PT117634,DINA MAHMOUD NABIL,OUTSOURCE,Etisalat Services,ENTERPRISE-30511,20110-ENT-SUPPORT-CW30511,40 Hours Weekly,SMB-CCC & SOHO,14-AUG-2026,Friday,14-AUG-2026 07:53:04 AM,14-AUG-2026 06:43:04 PM,10:50,Present,SHJ-HRB-L03-D040 LOBBY ENTRY,AUH-TWR-L01-D002 EXIT,,
OB60834,PT117634,DINA MAHMOUD NABIL,OUTSOURCE,Etisalat Services,ENTERPRISE-30511,20110-ENT-SUPPORT-CW30511,40 Hours Weekly,SMB-CCC & SOHO,15-AUG-2026,Saturday,,,,Weekly Off,,,,
OB60834,PT117634,DINA MAHMOUD NABIL,OUTSOURCE,Etisalat Services,ENTERPRISE-30511,20110-ENT-SUPPORT-CW30511,40 Hours Weekly,SMB-CCC & SOHO,16-AUG-2026,Sunday,,,,Weekly Off,,,,
OB60834,PT117634,DINA MAHMOUD NABIL,OUTSOURCE,Etisalat Services,ENTERPRISE-30511,20110-ENT-SUPPORT-CW30511,40 Hours Weekly,SMB-CCC & SOHO,17-AUG-2026,Monday,17-AUG-2026 08:41:40 AM,,,Present,SHJ-HRB-L03-D040 LOBBY ENTRY,,,
OB60834,PT117634,DINA MAHMOUD NABIL,OUTSOURCE,Etisalat Services,ENTERPRISE-30511,20110-ENT-SUPPORT-CW30511,40 Hours Weekly,SMB-CCC & SOHO,18-AUG-2026,Tuesday,18-AUG-2026 07:17:26 AM,18-AUG-2026 04:29:26 PM,09:12,Present,AUH-TWR-L01-D002 ENTRY,AUH-TWR-L01-D002 EXIT,,
OB60834,PT117634,DINA MAHMOUD NABIL,OUTSOURCE,Etisalat Services,ENTERPRISE-30511,20110-ENT-SUPPORT-CW30511,40 Hours Weekly,SMB-CCC & SOHO,19-AUG-2026,Wednesday,19-AUG-2026 07:16:13 AM,19-AUG-2026 04:39:13 PM,09:23,Present,AUH-TWR-L01-D002 ENTRY,DXB-HQ-GF-GATE01 EXIT,,
OB60834,PT117634,DINA MAHMOUD NABIL,OUTSOURCE,Etisalat Services,ENTERPRISE-30511,20110-ENT-SUPPORT-CW30511,40 Hours Weekly,SMB-CCC & SOHO,20-AUG-2026,Thursday,20-AUG-2026 09:16:46 AM,20-AUG-2026 05:48:46 PM,08:32,Present,DXB-HQ-GF-GATE01 ENTRY,SHJ-MSCP-GF-GATE04-TS EXIT EXIT,,
OB60834,PT117634,DINA MAHMOUD NABIL,OUTSOURCE,Etisalat Services,ENTERPRISE-30511,20110-ENT-SUPPORT-CW30511,40 Hours Weekly,SMB-CCC & SOHO,21-AUG-2026,Friday,21-AUG-2026 09:11:24 AM,21-AUG-2026 07:19:24 PM,10:08,Present,DXB-HQ-GF-GATE01 ENTRY,DXB-HQ-GF-GATE01 EXIT,,
OB60834,PT117634,DINA MAHMOUD NABIL,OUTSOURCE,Etisalat Services,ENTERPRISE-30511,20110-ENT-SUPPORT-CW30511,40 Hours Weekly,SMB-CCC & SOHO,22-AUG-2026,Saturday,,,,Weekly Off,,,,
OB60834,PT117634,DINA MAHMOUD NABIL,OUTSOURCE,Etisalat Services,ENTERPRISE-30511,20110-ENT-SUPPORT-CW30511,40 Hours Weekly,SMB-CCC & SOHO,23-AUG-2026,Sunday,,,,Weekly Off,,,,
OB60834,PT117634,DINA MAHMOUD NABIL  ,OUTSOURCE,Etisalat Services,ENTERPRISE-30511,20110-ENT-SUPPORT-CW30511,40 Hours Weekly,SMB-CCC & SOHO,24-AUG-2026,Monday,,,,Absent,,,N,
OB60834,PT117634,DINA MAHMOUD NABIL,OUTSOURCE,Etisalat Services,ENTERPRISE-30511,20110-ENT-SUPPORT-CW30511,40 Hours Weekly,SMB-CCC & SOHO,25-AUG-2026,Tuesday,25-AUG-2026 09:40:57 AM,25-AUG-2026 08:31:57 PM,10:51,Present,DXB-HQ-GF-GATE01 ENTRY,DXB-HQ-GF-GATE01 EXIT,,
OB60834,PT117634,DINA MAHMOUD NABIL,OUTSOURCE,Etisalat Services,ENTERPRISE-30511,20110-ENT-SUPPORT-CW30511,40 Hours Weekly,SMB-CCC & SOHO,26-AUG-2026,Wednesday,26-AUG-2026 07:15:36 AM,26-AUG-2026 05:06:36 PM,09:51,Present,DXB-HQ-GF-GATE01 ENTRY,DXB-HQ-GF-GATE01 EXIT,,
OB60834,PT117634,DINA MAHMOUD NABIL,OUTSOURCE,Etisalat Services,ENTERPRISE-30511,20110-ENT-SUPPORT-CW30511,40 Hours Weekly,SMB-CCC & SOHO,27-AUG-2026,Thursday,27-AUG-2026 08:38:06 AM,27-AUG-2026 06:03:06 PM,09:25,Present,SHJ-HRB-L03-D040 LOBBY ENTRY,AUH-TWR-L01-D002 EXIT,,
OB60834,PT117634,DINA MAHMOUD NABIL,OUTSOURCE,Etisalat Services,ENTERPRISE-30511,20110-ENT-SUPPORT-CW30511,40 Hours Weekly,SMB-CCC & SOHO,28-AUG-2026,Friday,28-AUG-2026 07:02:48 AM,28-AUG-2026 05:53:48 PM,10:51,Present,AUH-TWR-L01-D002 ENTRY,AUH-TWR-L01-D002 EXIT,,
OB60834,PT117634,DINA MAHMOUD NABIL,OUTSOURCE,Etisalat Services,ENTERPRISE-30511,20110-ENT-SUPPORT-CW30511,40 Hours Weekly,SMB-CCC & SOHO,29-AUG-2026,Saturday,,,,Weekly Off,,,,
OB60834,PT117634,DINA MAHMOUD NABIL,OUTSOURCE,Etisalat Services,ENTERPRISE-30511,20110-ENT-SUPPORT-CW30511,40 Hours Weekly,SMB-CCC & SOHO,30-AUG-2026,Sunday,,,,Weekly Off,,,,
OB60834,PT117634,DINA MAHMOUD NABIL,OUTSOURCE,Etisalat Services,ENTERPRISE-30511,20110-ENT-SUPPORT-CW30511,40 Hours Weekly,SMB-CCC & SOHO,31-AUG-2026,Monday,31-AUG-2026 08:47:46 AM,31-AUG-2026 07:28:46 PM,10:41,Present,DXB-HQ-GF-GATE01 ENTRY,DXB-HQ-GF-GATE01 EXIT,,
OB60835,PT117635,HASSAN SALEH HASSAN,OUTSOURCE,eMinds,SMB-41984,20085-SMB-SALES-CW41984,48 Hours Weekly,SMB DIGITAL BACK OFFICE,01-AUG-2026,Saturday,,,,Weekly Off,,,,
OB60835,PT117635,HASSAN SALEH HASSAN,OUTSOURCE,eMinds,SMB-41984,20085-SMB-SALES-CW41984,48 Hours Weekly,SMB DIGITAL BACK OFFICE,02-AUG-2026,Sunday,,,,Weekly Off,,,,
OB60835,PT117635,HASSAN SALEH HASSAN,OUTSOURCE,eMinds,SMB-41984,20085-SMB-SALES-CW41984,48 Hours Weekly,SMB DIGITAL BACK OFFICE,03-AUG-2026,Monday,03-AUG-2026 08:01:26 AM,03-AUG-2026 04:30:26 PM,08:29,Present,SHJ-HRB-L03-D040 LOBBY ENTRY,DXB-HQ-GF-GATE01 EXIT,,
OB60835,PT117635,HASSAN SALEH HASSAN  ,OUTSOURCE,eMinds,SMB-41984,20085-SMB-SALES-CW41984,48 Hours Weekly,SMB DIGITAL BACK OFFICE,04-AUG-2026,Tuesday,04-AUG-2026 07:54:16 AM,04-AUG-2026 06:22:16 PM,10:28,Present,SHJ-HRB-L03-D040 LOBBY ENTRY,AUH-TWR-L01-D002 EXIT,,
OB60835,PT117635,HASSAN SALEH HASSAN,OUTSOURCE,eMinds,SMB-41984,20085-SMB-SALES-CW41984,48 Hours Weekly,SMB DIGITAL BACK OFFICE,05-AUG-2026,Wednesday,05-AUG-2026 08:06:21 AM,05-AUG-2026 05:36:21 PM,09:30,Present,AUH-TWR-L01-D002 ENTRY,DXB-HQ-GF-GATE01 EXIT,,
OB60835,PT117635,HASSAN SALEH HASSAN  ,OUTSOURCE,eMinds,SMB-41984,20085-SMB-SALES-CW41984,48 Hours Weekly,SMB DIGITAL BACK OFFICE,06-AUG-2026,Thursday,,,,Absent,,,N,
OB60835,PT117635,HASSAN SALEH HASSAN,OUTSOURCE,eMinds,SMB-41984,20085-SMB-SALES-CW41984,48 Hours Weekly,SMB DIGITAL BACK OFFICE,07-AUG-2026,Friday,07-AUG-2026 08:01:43 AM,07-AUG-2026 04:25:43 PM,08:24,Present,AUH-TWR-L01-D002 ENTRY,AUH-TWR-L01-D002 EXIT,,
OB60835,PT117635,HASSAN SALEH HASSAN,OUTSOURCE,eMinds,SMB-41984,20085-SMB-SALES-CW41984,48 Hours Weekly,SMB DIGITAL BACK OFFICE,08-AUG-2026,Saturday,,,,Weekly Off,,,,
OB60835,PT117635,HASSAN SALEH HASSAN,OUTSOURCE,eMinds,SMB-41984,20085-SMB-SALES-CW41984,48 Hours Weekly,SMB DIGITAL BACK OFFICE,09-AUG-2026,Sunday,,,,Weekly Off,,,,
OB60835,PT117635,HASSAN SALEH HASSAN  ,OUTSOURCE,eMinds,SMB-41984,20085-SMB-SALES-CW41984,48 Hours Weekly,SMB DIGITAL BACK OFFICE,10-AUG-2026,Monday,10-AUG-2026 08:39:56 AM,10-AUG-2026 06:15:56 PM,09:36,Present,DXB-HQ-GF-GATE01 ENTRY,DXB-HQ-GF-GATE01 EXIT,,
OB60835,PT117635,HASSAN SALEH HASSAN,OUTSOURCE,eMinds,SMB-41984,20085-SMB-SALES-CW41984,48 Hours Weekly,SMB DIGITAL BACK OFFICE,11-AUG-2026,Tuesday,11-AUG-2026 07:41:21 AM,11-AUG-2026 05:07:21 PM,09:26,Present,SHJ-HRB-L03-D040 LOBBY ENTRY,DXB-HQ-GF-GATE01 EXIT,,
OB60835,PT117635,HASSAN SALEH HASSAN,OUTSOURCE,eMinds,SMB-41984,20085-SMB-SALES-CW41984,48 Hours Weekly,SMB DIGITAL BACK OFFICE,12-AUG-2026,Wednesday,12-AUG-2026 07:08:52 AM,12-AUG-2026 05:05:52 PM,09:57,Present,SHJ-HRB-L03-D040 LOBBY ENTRY,DXB-HQ-GF-GATE01 EXIT,,
OB60835,PT117635,HASSAN SALEH HASSAN,OUTSOURCE,eMinds,SMB-41984,20085-SMB-SALES-CW41984,48 Hours Weekly,SMB DIGITAL BACK OFFICE,13-AUG-2026,Thursday,13-AUG-2026 09:37:10 AM,13-AUG-2026 07:28:10 PM,09:51,Present,SHJ-HRB-L03-D040 LOBBY ENTRY,SHJ-MSCP-GF-GATE04-TS EXIT EXIT,,
OB60835,PT117635,HASSAN SALEH HASSAN,OUTSOURCE,eMinds,SMB-41984,20085-SMB-SALES-CW41984,48 Hours Weekly,SMB DIGITAL BACK OFFICE,14-AUG-2026,Friday,14-AUG-2026 07:34:20 AM,14-AUG-2026 05:01:20 PM,09:27,Present,DXB-HQ-GF-GATE01 ENTRY,AUH-TWR-L01-D002 EXIT,,
OB60835,PT117635,HASSAN SALEH HASSAN,OUTSOURCE,eMinds,SMB-41984,20085-SMB-SALES-CW41984,48 Hours Weekly,SMB DIGITAL BACK OFFICE,15-AUG-2026,Saturday,,,,Weekly Off,,,,
OB60835,PT117635,HASSAN SALEH HASSAN  ,OUTSOURCE,eMinds,SMB-41984,20085-SMB-SALES-CW41984,48 Hours Weekly,SMB DIGITAL BACK OFFICE,16-AUG-2026,Sunday,,,,Weekly Off,,,,
OB60835,PT117635,HASSAN SALEH HASSAN,OUTSOURCE,eMinds,SMB-41984,20085-SMB-SALES-CW41984,48 Hours Weekly,SMB DIGITAL BACK OFFICE,17-AUG-2026,Monday,17-AUG-2026 07:33:41 AM,17-AUG-2026 05:09:41 PM,09:36,Present,AUH-TWR-L01-D002 ENTRY,SHJ-MSCP-GF-GATE04-TS EXIT EXIT,,
OB60835,PT117635,HASSAN SALEH HASSAN,OUTSOURCE,eMinds,SMB-41984,20085-SMB-SALES-CW41984,48 Hours Weekly,SMB DIGITAL BACK OFFICE,18-AUG-2026,Tuesday,18-AUG-2026 07:20:32 AM,,,Present,SHJ-HRB-L03-D040 LOBBY ENTRY,,,
OB60835,PT117635,HASSAN SALEH HASSAN  ,OUTSOURCE,eMinds,SMB-41984,20085-SMB-SALES-CW41984,48 Hours Weekly,SMB DIGITAL BACK OFFICE,19-AUG-2026,Wednesday,19-AUG-2026 07:28:35 AM,19-AUG-2026 05:52:35 PM,10:24,Present,AUH-TWR-L01-D002 ENTRY,AUH-TWR-L01-D002 EXIT,,
OB60835,PT117635,HASSAN SALEH HASSAN,OUTSOURCE,eMinds,SMB-41984,20085-SMB-SALES-CW41984,48 Hours Weekly,SMB DIGITAL BACK OFFICE,20-AUG-2026,Thursday,20-AUG-2026 08:41:58 AM,20-AUG-2026 07:36:58 PM,10:55,Present,AUH-TWR-L01-D002 ENTRY,DXB-HQ-GF-GATE01 EXIT,,
OB60835,PT117635,HASSAN SALEH HASSAN,OUTSOURCE,eMinds,SMB-41984,20085-SMB-SALES-CW41984,48 Hours Weekly,SMB DIGITAL BACK OFFICE,21-AUG-2026,Friday,21-AUG-2026 09:24:48 AM,21-AUG-2026 06:27:48 PM,09:03,Present,DXB-HQ-GF-GATE01 ENTRY,SHJ-MSCP-GF-GATE04-TS EXIT EXIT,,
OB60835,PT117635,HASSAN SALEH HASSAN  ,OUTSOURCE,eMinds,SMB-41984,20085-SMB-SALES-CW41984,48 Hours Weekly,SMB DIGITAL BACK OFFICE,22-AUG-2026,Saturday,,,,Weekly Off,,,,
OB60835,PT117635,HASSAN SALEH HASSAN  ,OUTSOURCE,eMinds,SMB-41984,20085-SMB-SALES-CW41984,48 Hours Weekly,SMB DIGITAL BACK OFFICE,23-AUG-2026,Sunday,,,,Weekly Off,,,,
OB60835,PT117635,HASSAN SALEH HASSAN,OUTSOURCE,eMinds,SMB-41984,20085-SMB-SALES-CW41984,48 Hours Weekly,SMB DIGITAL BACK OFFICE,24-AUG-2026,Monday,24-AUG-2026 08:19:43 AM,24-AUG-2026 05:32:43 PM,09:13,Present,AUH-TWR-L01-D002 ENTRY,AUH-TWR-L01-D002 EXIT,,
OB60835,PT117635,HASSAN SALEH HASSAN  ,OUTSOURCE,eMinds,SMB-41984,20085-SMB-SALES-CW41984,48 Hours Weekly,SMB DIGITAL BACK OFFICE,25-AUG-2026,Tuesday,25-AUG-2026 07:14:06 AM,25-AUG-2026 05:18:06 PM,10:04,Present,SHJ-HRB-L03-D040 LOBBY ENTRY,DXB-HQ-GF-GATE01 EXIT,,
OB60835,PT117635,HASSAN SALEH HASSAN,OUTSOURCE,eMinds,SMB-41984,20085-SMB-SALES-CW41984,48 Hours Weekly,SMB DIGITAL BACK OFFICE,26-AUG-2026,Wednesday,26-AUG-2026 08:05:30 AM,26-AUG-2026 04:33:30 PM,08:28,Present,DXB-HQ-GF-GATE01 ENTRY,DXB-HQ-GF-GATE01 EXIT,,
OB60835,PT117635,HASSAN SALEH HASSAN,OUTSOURCE,eMinds,SMB-41984,20085-SMB-SALES-CW41984,48 Hours Weekly,SMB DIGITAL BACK OFFICE,27-AUG-2026,Thursday,27-AUG-2026 08:29:29 AM,27-AUG-2026 05:40:29 PM,09:11,Present,DXB-HQ-GF-GATE01 ENTRY,SHJ-MSCP-GF-GATE04-TS EXIT EXIT,,
OB60835,PT117635,HASSAN SALEH HASSAN,OUTSOURCE,eMinds,SMB-41984,20085-SMB-SALES-CW41984,48 Hours Weekly,SMB DIGITAL BACK OFFICE,28-AUG-2026,Friday,28-AUG-2026 08:34:20 AM,28-AUG-2026 05:06:20 PM,08:32,Present,AUH-TWR-L01-D002 ENTRY,DXB-HQ-GF-GATE01 EXIT,,
OB60835,PT117635,HASSAN SALEH HASSAN,OUTSOURCE,eMinds,SMB-41984,20085-SMB-SALES-CW41984,48 Hours Weekly,SMB DIGITAL BACK OFFICE,29-AUG-2026,Saturday,,,,Weekly Off,,,,
OB60835,PT117635,HASSAN SALEH HASSAN,OUTSOURCE,eMinds,SMB-41984,20085-SMB-SALES-CW41984,48 Hours Weekly,SMB DIGITAL BACK OFFICE,30-AUG-2026,Sunday,,,,Weekly Off,,,,
OB60835,PT117635,HASSAN SALEH HASSAN,OUTSOURCE,eMinds,SMB-41984,20085-SMB-SALES-CW41984,48 Hours Weekly,SMB DIGITAL BACK OFFICE,31-AUG-2026,Monday,31-AUG-2026 08:39:17 AM,31-AUG-2026 06:20:17 PM,09:41,Present,AUH-TWR-L01-D002 ENTRY,AUH-TWR-L01-D002 EXIT,,
OB60836,PT117636,OMAR IBRAHIM SAMIR,OUTSOURCE,eMinds,SMB-41985,20085-SMB-SALES-CW41985,48 Hours Weekly,SMB-PRIME&BD-KAM-1,01-AUG-2026,Saturday,,,,Weekly Off,,,,
OB60836,PT117636,OMAR IBRAHIM SAMIR,OUTSOURCE,eMinds,SMB-41985,20085-SMB-SALES-CW41985,48 Hours Weekly,SMB-PRIME&BD-KAM-1,02-AUG-2026,Sunday,,,,Weekly Off,,,,
OB60836,PT117636,OMAR IBRAHIM SAMIR  ,OUTSOURCE,eMinds,SMB-41985,20085-SMB-SALES-CW41985,48 Hours Weekly,SMB-PRIME&BD-KAM-1,03-AUG-2026,Monday,03-AUG-2026 08:47:29 AM,03-AUG-2026 06:43:29 PM,09:56,Present,SHJ-HRB-L03-D040 LOBBY ENTRY,DXB-HQ-GF-GATE01 EXIT,,
OB60836,PT117636,OMAR IBRAHIM SAMIR  ,OUTSOURCE,eMinds,SMB-41985,20085-SMB-SALES-CW41985,48 Hours Weekly,SMB-PRIME&BD-KAM-1,04-AUG-2026,Tuesday,04-AUG-2026 08:35:30 AM,04-AUG-2026 05:36:30 PM,09:01,Present,DXB-HQ-GF-GATE01 ENTRY,DXB-HQ-GF-GATE01 EXIT,,
OB60836,PT117636,OMAR IBRAHIM SAMIR  ,OUTSOURCE,eMinds,SMB-41985,20085-SMB-SALES-CW41985,48 Hours Weekly,SMB-PRIME&BD-KAM-1,05-AUG-2026,Wednesday,05-AUG-2026 07:19:38 AM,05-AUG-2026 04:41:38 PM,09:22,Present,DXB-HQ-GF-GATE01 ENTRY,DXB-HQ-GF-GATE01 EXIT,,
OB60836,PT117636,OMAR IBRAHIM SAMIR,OUTSOURCE,eMinds,SMB-41985,20085-SMB-SALES-CW41985,48 Hours Weekly,SMB-PRIME&BD-KAM-1,06-AUG-2026,Thursday,06-AUG-2026 07:03:39 AM,06-AUG-2026 05:06:39 PM,10:03,Present,SHJ-HRB-L03-D040 LOBBY ENTRY,AUH-TWR-L01-D002 EXIT,,
OB60836,PT117636,OMAR IBRAHIM SAMIR,OUTSOURCE,eMinds,SMB-41985,20085-SMB-SALES-CW41985,48 Hours Weekly,SMB-PRIME&BD-KAM-1,07-AUG-2026,Friday,07-AUG-2026 07:50:26 AM,07-AUG-2026 05:15:26 PM,09:25,Present,SHJ-HRB-L03-D040 LOBBY ENTRY,AUH-TWR-L01-D002 EXIT,,
OB60836,PT117636,OMAR IBRAHIM SAMIR,OUTSOURCE,eMinds,SMB-41985,20085-SMB-SALES-CW41985,48 Hours Weekly,SMB-PRIME&BD-KAM-1,08-AUG-2026,Saturday,,,,Weekly Off,,,,
OB60836,PT117636,OMAR IBRAHIM SAMIR,OUTSOURCE,eMinds,SMB-41985,20085-SMB-SALES-CW41985,48 Hours Weekly,SMB-PRIME&BD-KAM-1,09-AUG-2026,Sunday,,,,Weekly Off,,,,
OB60836,PT117636,OMAR IBRAHIM SAMIR,OUTSOURCE,eMinds,SMB-41985,20085-SMB-SALES-CW41985,48 Hours Weekly,SMB-PRIME&BD-KAM-1,10-AUG-2026,Monday,10-AUG-2026 08:41:42 AM,10-AUG-2026 06:04:42 PM,09:23,Present,SHJ-HRB-L03-D040 LOBBY ENTRY,AUH-TWR-L01-D002 EXIT,,
OB60836,PT117636,OMAR IBRAHIM SAMIR,OUTSOURCE,eMinds,SMB-41985,20085-SMB-SALES-CW41985,48 Hours Weekly,SMB-PRIME&BD-KAM-1,11-AUG-2026,Tuesday,11-AUG-2026 08:27:02 AM,11-AUG-2026 05:22:02 PM,08:55,Present,SHJ-HRB-L03-D040 LOBBY ENTRY,AUH-TWR-L01-D002 EXIT,,
OB60836,PT117636,OMAR IBRAHIM SAMIR,OUTSOURCE,eMinds,SMB-41985,20085-SMB-SALES-CW41985,48 Hours Weekly,SMB-PRIME&BD-KAM-1,12-AUG-2026,Wednesday,12-AUG-2026 07:03:47 AM,12-AUG-2026 04:55:47 PM,09:52,Present,AUH-TWR-L01-D002 ENTRY,DXB-HQ-GF-GATE01 EXIT,,
OB60836,PT117636,OMAR IBRAHIM SAMIR,OUTSOURCE,eMinds,SMB-41985,20085-SMB-SALES-CW41985,48 Hours Weekly,SMB-PRIME&BD-KAM-1,13-AUG-2026,Thursday,13-AUG-2026 07:05:38 AM,13-AUG-2026 05:37:38 PM,10:32,Present,DXB-HQ-GF-GATE01 ENTRY,SHJ-MSCP-GF-GATE04-TS EXIT EXIT,,
OB60836,PT117636,OMAR IBRAHIM SAMIR,OUTSOURCE,eMinds,SMB-41985,20085-SMB-SALES-CW41985,48 Hours Weekly,SMB-PRIME&BD-KAM-1,14-AUG-2026,Friday,14-AUG-2026 07:43:56 AM,14-AUG-2026 05:15:56 PM,09:32,Present,DXB-HQ-GF-GATE01 ENTRY,DXB-HQ-GF-GATE01 EXIT,,
OB60836,PT117636,OMAR IBRAHIM SAMIR,OUTSOURCE,eMinds,SMB-41985,20085-SMB-SALES-CW41985,48 Hours Weekly,SMB-PRIME&BD-KAM-1,15-AUG-2026,Saturday,,,,Weekly Off,,,,
OB60836,PT117636,OMAR IBRAHIM SAMIR,OUTSOURCE,eMinds,SMB-41985,20085-SMB-SALES-CW41985,48 Hours Weekly,SMB-PRIME&BD-KAM-1,16-AUG-2026,Sunday,,,,Weekly Off,,,,
OB60836,PT117636,OMAR IBRAHIM SAMIR,OUTSOURCE,eMinds,SMB-41985,20085-SMB-SALES-CW41985,48 Hours Weekly,SMB-PRIME&BD-KAM-1,17-AUG-2026,Monday,17-AUG-2026 08:27:59 AM,17-AUG-2026 04:59:59 PM,08:32,Present,AUH-TWR-L01-D002 ENTRY,DXB-HQ-GF-GATE01 EXIT,,
OB60836,PT117636,OMAR IBRAHIM SAMIR,OUTSOURCE,eMinds,SMB-41985,20085-SMB-SALES-CW41985,48 Hours Weekly,SMB-PRIME&BD-KAM-1,18-AUG-2026,Tuesday,18-AUG-2026 08:46:29 AM,18-AUG-2026 07:12:29 PM,10:26,Present,DXB-HQ-GF-GATE01 ENTRY,AUH-TWR-L01-D002 EXIT,,
OB60836,PT117636,OMAR IBRAHIM SAMIR,OUTSOURCE,eMinds,SMB-41985,20085-SMB-SALES-CW41985,48 Hours Weekly,SMB-PRIME&BD-KAM-1,19-AUG-2026,Wednesday,19-AUG-2026 09:01:47 AM,19-AUG-2026 06:46:47 PM,09:45,Present,AUH-TWR-L01-D002 ENTRY,AUH-TWR-L01-D002 EXIT,,
OB60836,PT117636,OMAR IBRAHIM SAMIR,OUTSOURCE,eMinds,SMB-41985,20085-SMB-SALES-CW41985,48 Hours Weekly,SMB-PRIME&BD-KAM-1,20-AUG-2026,Thursday,20-AUG-2026 09:41:39 AM,20-AUG-2026 05:58:39 PM,08:17,Present,AUH-TWR-L01-D002 ENTRY,SHJ-MSCP-GF-GATE04-TS EXIT EXIT,,
OB60836,PT117636,OMAR IBRAHIM SAMIR,OUTSOURCE,eMinds,SMB-41985,20085-SMB-SALES-CW41985,48 Hours Weekly,SMB-PRIME&BD-KAM-1,21-AUG-2026,Friday,,,,Absent,,,Y,
OB60836,PT117636,OMAR IBRAHIM SAMIR  ,OUTSOURCE,eMinds,SMB-41985,20085-SMB-SALES-CW41985,48 Hours Weekly,SMB-PRIME&BD-KAM-1,22-AUG-2026,Saturday,,,,Weekly Off,,,,
OB60836,PT117636,OMAR IBRAHIM SAMIR,OUTSOURCE,eMinds,SMB-41985,20085-SMB-SALES-CW41985,48 Hours Weekly,SMB-PRIME&BD-KAM-1,23-AUG-2026,Sunday,,,,Weekly Off,,,,
OB60836,PT117636,OMAR IBRAHIM SAMIR,OUTSOURCE,eMinds,SMB-41985,20085-SMB-SALES-CW41985,48 Hours Weekly,SMB-PRIME&BD-KAM-1,24-AUG-2026,Monday,24-AUG-2026 07:20:17 AM,24-AUG-2026 05:03:17 PM,09:43,Present,SHJ-HRB-L03-D040 LOBBY ENTRY,SHJ-MSCP-GF-GATE04-TS EXIT EXIT,,
OB60836,PT117636,OMAR IBRAHIM SAMIR,OUTSOURCE,eMinds,SMB-41985,20085-SMB-SALES-CW41985,48 Hours Weekly,SMB-PRIME&BD-KAM-1,25-AUG-2026,Tuesday,,,,Annual Leave,,,,
OB60836,PT117636,OMAR IBRAHIM SAMIR,OUTSOURCE,eMinds,SMB-41985,20085-SMB-SALES-CW41985,48 Hours Weekly,SMB-PRIME&BD-KAM-1,26-AUG-2026,Wednesday,26-AUG-2026 07:34:24 AM,26-AUG-2026 04:36:24 PM,09:02,Present,SHJ-HRB-L03-D040 LOBBY ENTRY,SHJ-MSCP-GF-GATE04-TS EXIT EXIT,,
OB60836,PT117636,OMAR IBRAHIM SAMIR,OUTSOURCE,eMinds,SMB-41985,20085-SMB-SALES-CW41985,48 Hours Weekly,SMB-PRIME&BD-KAM-1,27-AUG-2026,Thursday,27-AUG-2026 07:16:29 AM,27-AUG-2026 05:37:29 PM,10:21,Present,DXB-HQ-GF-GATE01 ENTRY,SHJ-MSCP-GF-GATE04-TS EXIT EXIT,,
OB60836,PT117636,OMAR IBRAHIM SAMIR,OUTSOURCE,eMinds,SMB-41985,20085-SMB-SALES-CW41985,48 Hours Weekly,SMB-PRIME&BD-KAM-1,28-AUG-2026,Friday,,,,Absent,,,N,
OB60836,PT117636,OMAR IBRAHIM SAMIR,OUTSOURCE,eMinds,SMB-41985,20085-SMB-SALES-CW41985,48 Hours Weekly,SMB-PRIME&BD-KAM-1,29-AUG-2026,Saturday,,,,Weekly Off,,,,
OB60836,PT117636,OMAR IBRAHIM SAMIR  ,OUTSOURCE,eMinds,SMB-41985,20085-SMB-SALES-CW41985,48 Hours Weekly,SMB-PRIME&BD-KAM-1,30-AUG-2026,Sunday,,,,Weekly Off,,,,
OB60836,PT117636,OMAR IBRAHIM SAMIR,OUTSOURCE,eMinds,SMB-41985,20085-SMB-SALES-CW41985,48 Hours Weekly,SMB-PRIME&BD-KAM-1,31-AUG-2026,Monday,31-AUG-2026 07:58:46 AM,31-AUG-2026 05:48:46 PM,09:50,Present,DXB-HQ-GF-GATE01 ENTRY,SHJ-MSCP-GF-GATE04-TS EXIT EXIT,,
OB60837,PT117637,MARIAM SAMIR YOUSSEF,OUTSOURCE,eMinds,CONSUMER-22011,20090-CONS-RETAIL-CW22011,45 Hours Weekly,SMB-GENERAL SHIFT,01-AUG-2026,Saturday,,,,Weekly Off,,,,
OB60837,PT117637,MARIAM SAMIR YOUSSEF,OUTSOURCE,eMinds,CONSUMER-22011,20090-CONS-RETAIL-CW22011,45 Hours Weekly,SMB-GENERAL SHIFT,02-AUG-2026,Sunday,,,,Weekly Off,,,,
OB60837,PT117637,MARIAM SAMIR YOUSSEF,OUTSOURCE,eMinds,CONSUMER-22011,20090-CONS-RETAIL-CW22011,45 Hours Weekly,SMB-GENERAL SHIFT,03-AUG-2026,Monday,03-AUG-2026 08:26:19 AM,03-AUG-2026 05:56:19 PM,09:30,Present,SHJ-HRB-L03-D040 LOBBY ENTRY,DXB-HQ-GF-GATE01 EXIT,,
OB60837,PT117637,MARIAM SAMIR YOUSSEF,OUTSOURCE,eMinds,CONSUMER-22011,20090-CONS-RETAIL-CW22011,45 Hours Weekly,SMB-GENERAL SHIFT,04-AUG-2026,Tuesday,,,,,,,,
OB60837,PT117637,MARIAM SAMIR YOUSSEF,OUTSOURCE,eMinds,CONSUMER-22011,20090-CONS-RETAIL-CW22011,45 Hours Weekly,SMB-GENERAL SHIFT,05-AUG-2026,Wednesday,,,,Absent,,,N,
OB60837,PT117637,MARIAM SAMIR YOUSSEF,OUTSOURCE,eMinds,CONSUMER-22011,20090-CONS-RETAIL-CW22011,45 Hours Weekly,SMB-GENERAL SHIFT,06-AUG-2026,Thursday,06-AUG-2026 08:49:20 AM,06-AUG-2026 07:41:20 PM,10:52,Present,AUH-TWR-L01-D002 ENTRY,AUH-TWR-L01-D002 EXIT,,
OB60837,PT117637,MARIAM SAMIR YOUSSEF,OUTSOURCE,eMinds,CONSUMER-22011,20090-CONS-RETAIL-CW22011,45 Hours Weekly,SMB-GENERAL SHIFT,07-AUG-2026,Friday,07-AUG-2026 08:40:10 AM,07-AUG-2026 05:11:10 PM,08:31,Present,AUH-TWR-L01-D002 ENTRY,AUH-TWR-L01-D002 EXIT,,
OB60837,PT117637,MARIAM SAMIR YOUSSEF  ,OUTSOURCE,eMinds,CONSUMER-22011,20090-CONS-RETAIL-CW22011,45 Hours Weekly,SMB-GENERAL SHIFT,08-AUG-2026,Saturday,,,,Weekly Off,,,,
OB60837,PT117637,MARIAM SAMIR YOUSSEF,OUTSOURCE,eMinds,CONSUMER-22011,20090-CONS-RETAIL-CW22011,45 Hours Weekly,SMB-GENERAL SHIFT,09-AUG-2026,Sunday,,,,Weekly Off,,,,
OB60837,PT117637,MARIAM SAMIR YOUSSEF,OUTSOURCE,eMinds,CONSUMER-22011,20090-CONS-RETAIL-CW22011,45 Hours Weekly,SMB-GENERAL SHIFT,10-AUG-2026,Monday,10-AUG-2026 07:58:10 AM,10-AUG-2026 06:22:10 PM,10:24,Present,SHJ-HRB-L03-D040 LOBBY ENTRY,DXB-HQ-GF-GATE01 EXIT,,
OB60837,PT117637,MARIAM SAMIR YOUSSEF  ,OUTSOURCE,eMinds,CONSUMER-22011,20090-CONS-RETAIL-CW22011,45 Hours Weekly,SMB-GENERAL SHIFT,11-AUG-2026,Tuesday,11-AUG-2026 09:11:13 AM,11-AUG-2026 07:24:13 PM,10:13,Present,SHJ-HRB-L03-D040 LOBBY ENTRY,DXB-HQ-GF-GATE01 EXIT,,
OB60837,PT117637,MARIAM SAMIR YOUSSEF  ,OUTSOURCE,eMinds,CONSUMER-22011,20090-CONS-RETAIL-CW22011,45 Hours Weekly,SMB-GENERAL SHIFT,12-AUG-2026,Wednesday,12-AUG-2026 09:05:35 AM,12-AUG-2026 05:51:35 PM,ab:cd,Present,AUH-TWR-L01-D002 ENTRY,SHJ-MSCP-GF-GATE04-TS EXIT EXIT,,
OB60837,PT117637,MARIAM SAMIR YOUSSEF,OUTSOURCE,eMinds,CONSUMER-22011,20090-CONS-RETAIL-CW22011,45 Hours Weekly,SMB-GENERAL SHIFT,13-AUG-2026,Thursday,13-AUG-2026 08:12:16 AM,13-AUG-2026 05:57:16 PM,09:45,Present,DXB-HQ-GF-GATE01 ENTRY,SHJ-MSCP-GF-GATE04-TS EXIT EXIT,,
OB60837,PT117637,MARIAM SAMIR YOUSSEF,OUTSOURCE,eMinds,CONSUMER-22011,20090-CONS-RETAIL-CW22011,45 Hours Weekly,SMB-GENERAL SHIFT,14-AUG-2026,Friday,14-AUG-2026 09:56:23 AM,14-AUG-2026 08:25:23 PM,10:29,Present,SHJ-HRB-L03-D040 LOBBY ENTRY,AUH-TWR-L01-D002 EXIT,,
OB60837,PT117637,MARIAM SAMIR YOUSSEF,OUTSOURCE,eMinds,CONSUMER-22011,20090-CONS-RETAIL-CW22011,45 Hours Weekly,SMB-GENERAL SHIFT,15-AUG-2026,Saturday,,,,Weekly Off,,,,
OB60837,PT117637,MARIAM SAMIR YOUSSEF  ,OUTSOURCE,eMinds,CONSUMER-22011,20090-CONS-RETAIL-CW22011,45 Hours Weekly,SMB-GENERAL SHIFT,16-AUG-2026,Sunday,,,,Weekly Off,,,,
OB60837,PT117637,MARIAM SAMIR YOUSSEF  ,OUTSOURCE,eMinds,CONSUMER-22011,20090-CONS-RETAIL-CW22011,45 Hours Weekly,SMB-GENERAL SHIFT,17-AUG-2026,Monday,,,,Sick Leave,,,,
OB60837,PT117637,MARIAM SAMIR YOUSSEF  ,OUTSOURCE,eMinds,CONSUMER-22011,20090-CONS-RETAIL-CW22011,45 Hours Weekly,SMB-GENERAL SHIFT,18-AUG-2026,Tuesday,18-AUG-2026 08:05:05 AM,18-AUG-2026 05:51:05 PM,09:46,Present,SHJ-HRB-L03-D040 LOBBY ENTRY,DXB-HQ-GF-GATE01 EXIT,,
OB60837,PT117637,MARIAM SAMIR YOUSSEF  ,OUTSOURCE,eMinds,CONSUMER-22011,20090-CONS-RETAIL-CW22011,45 Hours Weekly,SMB-GENERAL SHIFT,19-AUG-2026,Wednesday,19-AUG-2026 08:23:12 AM,19-AUG-2026 04:27:12 PM,08:04,Present,SHJ-HRB-L03-D040 LOBBY ENTRY,DXB-HQ-GF-GATE01 EXIT,,
OB60837,PT117637,MARIAM SAMIR YOUSSEF,OUTSOURCE,eMinds,CONSUMER-22011,20090-CONS-RETAIL-CW22011,45 Hours Weekly,SMB-GENERAL SHIFT,20-AUG-2026,Thursday,20-AUG-2026 08:28:34 AM,20-AUG-2026 05:10:34 PM,08:42,Present,AUH-TWR-L01-D002 ENTRY,AUH-TWR-L01-D002 EXIT,,
OB60837,PT117637,MARIAM SAMIR YOUSSEF,OUTSOURCE,eMinds,CONSUMER-22011,20090-CONS-RETAIL-CW22011,45 Hours Weekly,SMB-GENERAL SHIFT,21-AUG-2026,Friday,21-AUG-2026 09:35:19 AM,21-AUG-2026 06:55:19 PM,09:20,Present,AUH-TWR-L01-D002 ENTRY,DXB-HQ-GF-GATE01 EXIT,,
OB60837,PT117637,MARIAM SAMIR YOUSSEF,OUTSOURCE,eMinds,CONSUMER-22011,20090-CONS-RETAIL-CW22011,45 Hours Weekly,SMB-GENERAL SHIFT,22-AUG-2026,Saturday,,,,Weekly Off,,,,
OB60837,PT117637,MARIAM SAMIR YOUSSEF,OUTSOURCE,eMinds,CONSUMER-22011,20090-CONS-RETAIL-CW22011,45 Hours Weekly,SMB-GENERAL SHIFT,23-AUG-2026,Sunday,,,,Weekly Off,,,,
OB60837,PT117637,MARIAM SAMIR YOUSSEF,OUTSOURCE,eMinds,CONSUMER-22011,20090-CONS-RETAIL-CW22011,45 Hours Weekly,SMB-GENERAL SHIFT,24-AUG-2026,Monday,24-AUG-2026 08:07:50 AM,24-AUG-2026 06:54:50 PM,10:47,Present,SHJ-HRB-L03-D040 LOBBY ENTRY,SHJ-MSCP-GF-GATE04-TS EXIT EXIT,,
OB60837,PT117637,MARIAM SAMIR YOUSSEF  ,OUTSOURCE,eMinds,CONSUMER-22011,20090-CONS-RETAIL-CW22011,45 Hours Weekly,SMB-GENERAL SHIFT,25-AUG-2026,Tuesday,25-AUG-2026 09:54:57 AM,25-AUG-2026 08:11:57 PM,10:17,Present,DXB-HQ-GF-GATE01 ENTRY,AUH-TWR-L01-D002 EXIT,,
OB60837,PT117637,MARIAM SAMIR YOUSSEF  ,OUTSOURCE,eMinds,CONSUMER-22011,20090-CONS-RETAIL-CW22011,45 Hours Weekly,SMB-GENERAL SHIFT,26-AUG-2026,Wednesday,26-AUG-2026 09:58:46 AM,26-AUG-2026 05:59:46 PM,08:01,Present,AUH-TWR-L01-D002 ENTRY,AUH-TWR-L01-D002 EXIT,,
OB60837,PT117637,MARIAM SAMIR YOUSSEF,OUTSOURCE,eMinds,CONSUMER-22011,20090-CONS-RETAIL-CW22011,45 Hours Weekly,SMB-GENERAL SHIFT,27-AUG-2026,Thursday,27-AUG-2026 08:44:39 AM,27-AUG-2026 04:45:39 PM,08:01,Present,AUH-TWR-L01-D002 ENTRY,AUH-TWR-L01-D002 EXIT,,Late In
OB60837,PT117637,MARIAM SAMIR YOUSSEF  ,OUTSOURCE,eMinds,CONSUMER-22011,20090-CONS-RETAIL-CW22011,45 Hours Weekly,SMB-GENERAL SHIFT,28-AUG-2026,Friday,28-AUG-2026 07:10:42 AM,28-AUG-2026 04:18:42 PM,09:08,Present,AUH-TWR-L01-D002 ENTRY,SHJ-MSCP-GF-GATE04-TS EXIT EXIT,,
OB60837,PT117637,MARIAM SAMIR YOUSSEF,OUTSOURCE,eMinds,CONSUMER-22011,20090-CONS-RETAIL-CW22011,45 Hours Weekly,SMB-GENERAL SHIFT,29-AUG-2026,Saturday,,,,Weekly Off,,,,
OB60837,PT117637,MARIAM SAMIR YOUSSEF,OUTSOURCE,eMinds,CONSUMER-22011,20090-CONS-RETAIL-CW22011,45 Hours Weekly,SMB-GENERAL SHIFT,30-AUG-2026,Sunday,,,,Weekly Off,,,,
OB60837,PT117637,MARIAM SAMIR YOUSSEF,OUTSOURCE,eMinds,CONSUMER-22011,20090-CONS-RETAIL-CW22011,45 Hours Weekly,SMB-GENERAL SHIFT,31-AUG-2026,Monday,31-AUG-2026 07:40:51 AM,31-AUG-2026 05:02:51 PM,09:22,Present,AUH-TWR-L01-D002 ENTRY,DXB-HQ-GF-GATE01 EXIT,,
OB60838,PT117638,LAILA YOUSSEF MAHMOUD,OUTSOURCE,Etisalat Services,ENTERPRISE-30510,20110-ENT-SUPPORT-CW30510,40 Hours Weekly,SMB-Elite Business,01-AUG-2026,Saturday,,,,Weekly Off,,,,
OB60838,PT117638,LAILA YOUSSEF MAHMOUD,OUTSOURCE,Etisalat Services,ENTERPRISE-30510,20110-ENT-SUPPORT-CW30510,40 Hours Weekly,SMB-Elite Business,02-AUG-2026,Sunday,,,,Weekly Off,,,,
OB60838,PT117638,LAILA YOUSSEF MAHMOUD,OUTSOURCE,Etisalat Services,ENTERPRISE-30510,20110-ENT-SUPPORT-CW30510,40 Hours Weekly,SMB-Elite Business,03-AUG-2026,Monday,03-AUG-2026 07:01:33 AM,03-AUG-2026 04:41:33 PM,09:40,Present,AUH-TWR-L01-D002 ENTRY,SHJ-MSCP-GF-GATE04-TS EXIT EXIT,,
OB60838,PT117638,LAILA YOUSSEF MAHMOUD,OUTSOURCE,Etisalat Services,ENTERPRISE-30510,20110-ENT-SUPPORT-CW30510,40 Hours Weekly,SMB-Elite Business,04-AUG-2026,Tuesday,04-AUG-2026 07:22:36 AM,04-AUG-2026 04:30:36 PM,09:08,Present,AUH-TWR-L01-D002 ENTRY,DXB-HQ-GF-GATE01 EXIT,,
OB60838,PT117638,LAILA YOUSSEF MAHMOUD  ,OUTSOURCE,Etisalat Services,ENTERPRISE-30510,20110-ENT-SUPPORT-CW30510,40 Hours Weekly,SMB-Elite Business,05-AUG-2026,Wednesday,05-AUG-2026 07:35:40 AM,05-AUG-2026 04:38:40 PM,09:03,Present,SHJ-HRB-L03-D040 LOBBY ENTRY,SHJ-MSCP-GF-GATE04-TS EXIT EXIT,,
OB60838,PT117638,LAILA YOUSSEF MAHMOUD,OUTSOURCE,Etisalat Services,ENTERPRISE-30510,20110-ENT-SUPPORT-CW30510,40 Hours Weekly,SMB-Elite Business,06-AUG-2026,Thursday,06-AUG-2026 08:58:54 AM,06-AUG-2026 06:33:54 PM,09:35,Present,SHJ-HRB-L03-D040 LOBBY ENTRY,DXB-HQ-GF-GATE01 EXIT,,
OB60838,PT117638,LAILA YOUSSEF MAHMOUD,OUTSOURCE,Etisalat Services,ENTERPRISE-30510,20110-ENT-SUPPORT-CW30510,40 Hours Weekly,SMB-Elite Business,07-AUG-2026,Friday,07-AUG-2026 09:29:07 AM,07-AUG-2026 07:08:07 PM,09:39,Present,SHJ-HRB-L03-D040 LOBBY ENTRY,AUH-TWR-L01-D002 EXIT,,
OB60838,PT117638,LAILA YOUSSEF MAHMOUD,OUTSOURCE,Etisalat Services,ENTERPRISE-30510,20110-ENT-SUPPORT-CW30510,40 Hours Weekly,SMB-Elite Business,08-AUG-2026,Saturday,,,,Weekly Off,,,,
OB60838,PT117638,LAILA YOUSSEF MAHMOUD,OUTSOURCE,Etisalat Services,ENTERPRISE-30510,20110-ENT-SUPPORT-CW30510,40 Hours Weekly,SMB-Elite Business,09-AUG-2026,Sunday,,,,Weekly Off,,,,
OB60838,PT117638,LAILA YOUSSEF MAHMOUD,OUTSOURCE,Etisalat Services,ENTERPRISE-30510,20110-ENT-SUPPORT-CW30510,40 Hours Weekly,SMB-Elite Business,10-AUG-2026,Monday,10-AUG-2026 07:45:59 AM,10-AUG-2026 05:43:59 PM,09:58,Present,SHJ-HRB-L03-D040 LOBBY ENTRY,DXB-HQ-GF-GATE01 EXIT,,
OB60838,PT117638,LAILA YOUSSEF MAHMOUD  ,OUTSOURCE,Etisalat Services,ENTERPRISE-30510,20110-ENT-SUPPORT-CW30510,40 Hours Weekly,SMB-Elite Business,11-AUG-2026,Tuesday,,,,Annual Leave,,,,
OB60838,PT117638,LAILA YOUSSEF MAHMOUD,OUTSOURCE,Etisalat Services,ENTERPRISE-30510,20110-ENT-SUPPORT-CW30510,40 Hours Weekly,SMB-Elite Business,12-AUG-2026,Wednesday,12-AUG-2026 07:16:00 AM,12-AUG-2026 05:06:00 PM,09:50,Present,DXB-HQ-GF-GATE01 ENTRY,DXB-HQ-GF-GATE01 EXIT,,
OB60838,PT117638,LAILA YOUSSEF MAHMOUD  ,OUTSOURCE,Etisalat Services,ENTERPRISE-30510,20110-ENT-SUPPORT-CW30510,40 Hours Weekly,SMB-Elite Business,13-AUG-2026,Thursday,13-AUG-2026 08:44:38 AM,13-AUG-2026 05:46:38 PM,09:02,Present,SHJ-HRB-L03-D040 LOBBY ENTRY,AUH-TWR-L01-D002 EXIT,,
OB60838,PT117638,LAILA YOUSSEF MAHMOUD,OUTSOURCE,Etisalat Services,ENTERPRISE-30510,20110-ENT-SUPPORT-CW30510,40 Hours Weekly,SMB-Elite Business,14-AUG-2026,Friday,14-AUG-2026 09:32:21 AM,14-AUG-2026 06:57:21 PM,09:25,Present,SHJ-HRB-L03-D040 LOBBY ENTRY,SHJ-MSCP-GF-GATE04-TS EXIT EXIT,,
OB60838,PT117638,LAILA YOUSSEF MAHMOUD,OUTSOURCE,Etisalat Services,ENTERPRISE-30510,20110-ENT-SUPPORT-CW30510,40 Hours Weekly,SMB-Elite Business,15-AUG-2026,Saturday,,,,Weekly Off,,,,
OB60838,PT117638,LAILA YOUSSEF MAHMOUD,OUTSOURCE,Etisalat Services,ENTERPRISE-30510,20110-ENT-SUPPORT-CW30510,40 Hours Weekly,SMB-Elite Business,16-AUG-2026,Sunday,,,,Weekly Off,,,,
OB60838,PT117638,LAILA YOUSSEF MAHMOUD,OUTSOURCE,Etisalat Services,ENTERPRISE-30510,20110-ENT-SUPPORT-CW30510,40 Hours Weekly,SMB-Elite Business,17-AUG-2026,Monday,17-AUG-2026 08:51:08 AM,17-AUG-2026 06:23:08 PM,09:32,Present,AUH-TWR-L01-D002 ENTRY,DXB-HQ-GF-GATE01 EXIT,,
OB60838,PT117638,LAILA YOUSSEF MAHMOUD  ,OUTSOURCE,Etisalat Services,ENTERPRISE-30510,20110-ENT-SUPPORT-CW30510,40 Hours Weekly,SMB-Elite Business,18-AUG-2026,Tuesday,18-AUG-2026 08:22:27 AM,18-AUG-2026 07:01:27 PM,10:39,Present,DXB-HQ-GF-GATE01 ENTRY,AUH-TWR-L01-D002 EXIT,,
OB60838,PT117638,LAILA YOUSSEF MAHMOUD,OUTSOURCE,Etisalat Services,ENTERPRISE-30510,20110-ENT-SUPPORT-CW30510,40 Hours Weekly,SMB-Elite Business,19-AUG-2026,Wednesday,19-AUG-2026 08:41:08 AM,19-AUG-2026 06:34:08 PM,09:53,Present,SHJ-HRB-L03-D040 LOBBY ENTRY,AUH-TWR-L01-D002 EXIT,,
OB60838,PT117638,LAILA YOUSSEF MAHMOUD,OUTSOURCE,Etisalat Services,ENTERPRISE-30510,20110-ENT-SUPPORT-CW30510,40 Hours Weekly,SMB-Elite Business,20-AUG-2026,Thursday,20-AUG-2026 09:24:00 AM,20-AUG-2026 06:54:00 PM,09:30,Present,DXB-HQ-GF-GATE01 ENTRY,SHJ-MSCP-GF-GATE04-TS EXIT EXIT,,
OB60838,PT117638,LAILA YOUSSEF MAHMOUD  ,OUTSOURCE,Etisalat Services,ENTERPRISE-30510,20110-ENT-SUPPORT-CW30510,40 Hours Weekly,SMB-Elite Business,21-AUG-2026,Friday,21-AUG-2026 09:00:13 AM,21-AUG-2026 07:01:13 PM,10:01,Present,AUH-TWR-L01-D002 ENTRY,AUH-TWR-L01-D002 EXIT,,
OB60838,PT117638,LAILA YOUSSEF MAHMOUD,OUTSOURCE,Etisalat Services,ENTERPRISE-30510,20110-ENT-SUPPORT-CW30510,40 Hours Weekly,SMB-Elite Business,22-AUG-2026,Saturday,,,,Weekly Off,,,,
OB60838,PT117638,LAILA YOUSSEF MAHMOUD,OUTSOURCE,Etisalat Services,ENTERPRISE-30510,20110-ENT-SUPPORT-CW30510,40 Hours Weekly,SMB-Elite Business,23-AUG-2026,Sunday,,,,Weekly Off,,,,
OB60838,PT117638,LAILA YOUSSEF MAHMOUD,OUTSOURCE,Etisalat Services,ENTERPRISE-30510,20110-ENT-SUPPORT-CW30510,40 Hours Weekly,SMB-Elite Business,24-AUG-2026,Monday,24-AUG-2026 08:46:15 AM,24-AUG-2026 06:56:15 PM,10:10,Present,DXB-HQ-GF-GATE01 ENTRY,SHJ-MSCP-GF-GATE04-TS EXIT EXIT,,
OB60838,PT117638,LAILA YOUSSEF MAHMOUD,OUTSOURCE,Etisalat Services,ENTERPRISE-30510,20110-ENT-SUPPORT-CW30510,40 Hours Weekly,SMB-Elite Business,25-AUG-2026,Tuesday,,,,Present,,,,
OB60838,PT117638,LAILA YOUSSEF MAHMOUD,OUTSOURCE,Etisalat Services,ENTERPRISE-30510,20110-ENT-SUPPORT-CW30510,40 Hours Weekly,SMB-Elite Business,26-AUG-2026,Wednesday,26-AUG-2026 07:35:15 AM,26-AUG-2026 05:57:15 PM,10:22,Present,DXB-HQ-GF-GATE01 ENTRY,DXB-HQ-GF-GATE01 EXIT,,
OB60838,PT117638,LAILA YOUSSEF MAHMOUD,OUTSOURCE,Etisalat Services,ENTERPRISE-30510,20110-ENT-SUPPORT-CW30510,40 Hours Weekly,SMB-Elite Business,27-AUG-2026,Thursday,27-AUG-2026 07:52:36 AM,27-AUG-2026 05:38:36 PM,09:46,Present,DXB-HQ-GF-GATE01 ENTRY,DXB-HQ-GF-GATE01 EXIT,,
OB60838,PT117638,LAILA YOUSSEF MAHMOUD,OUTSOURCE,Etisalat Services,ENTERPRISE-30510,20110-ENT-SUPPORT-CW30510,40 Hours Weekly,SMB-Elite Business,28-AUG-2026,Friday,,,,Absent,,,,
OB60838,PT117638,LAILA YOUSSEF MAHMOUD,OUTSOURCE,Etisalat Services,ENTERPRISE-30510,20110-ENT-SUPPORT-CW30510,40 Hours Weekly,SMB-Elite Business,29-AUG-2026,Saturday,,,,Weekly Off,,,,
OB60838,PT117638,LAILA YOUSSEF MAHMOUD,OUTSOURCE,Etisalat Services,ENTERPRISE-30510,20110-ENT-SUPPORT-CW30510,40 Hours Weekly,SMB-Elite Business,30-AUG-2026,Sunday,,,,Weekly Off,,,,
OB60838,PT117638,LAILA YOUSSEF MAHMOUD,OUTSOURCE,Etisalat Services,ENTERPRISE-30510,20110-ENT-SUPPORT-CW30510,40 Hours Weekly,SMB-Elite Business,31-AUG-2026,Monday,31-AUG-2026 09:47:49 AM,31-AUG-2026 07:40:49 PM,09:53,Present,AUH-TWR-L01-D002 ENTRY,SHJ-MSCP-GF-GATE04-TS EXIT EXIT,,
OB60839,PT117639,RANIA IBRAHIM SALEH,OUTSOURCE,Etisalat Services,ENTERPRISE-30511,20110-ENT-SUPPORT-CW30511,40 Hours Weekly,SMB-CCC & SOHO,01-AUG-2026,Saturday,,,,Weekly Off,,,,
OB60839,PT117639,RANIA IBRAHIM SALEH  ,OUTSOURCE,Etisalat Services,ENTERPRISE-30511,20110-ENT-SUPPORT-CW30511,40 Hours Weekly,SMB-CCC & SOHO,02-AUG-2026,Sunday,,,,Weekly Off,,,,
OB60839,PT117639,RANIA IBRAHIM SALEH,OUTSOURCE,Etisalat Services,ENTERPRISE-30511,20110-ENT-SUPPORT-CW30511,40 Hours Weekly,SMB-CCC & SOHO,03-AUG-2026,Monday,03-AUG-2026 09:42:11 AM,03-AUG-2026 07:15:11 PM,09:33,Present,SHJ-HRB-L03-D040 LOBBY ENTRY,SHJ-MSCP-GF-GATE04-TS EXIT EXIT,,
OB60839,PT117639,RANIA IBRAHIM SALEH,OUTSOURCE,Etisalat Services,ENTERPRISE-30511,20110-ENT-SUPPORT-CW30511,40 Hours Weekly,SMB-CCC & SOHO,04-AUG-2026,Tuesday,04-AUG-2026 07:15:23 AM,04-AUG-2026 04:17:23 PM,09:02,Present,DXB-HQ-GF-GATE01 ENTRY,DXB-HQ-GF-GATE01 EXIT,,
OB60839,PT117639,RANIA IBRAHIM SALEH,OUTSOURCE,Etisalat Services,ENTERPRISE-30511,20110-ENT-SUPPORT-CW30511,40 Hours Weekly,SMB-CCC & SOHO,05-AUG-2026,Wednesday,05-AUG-2026 08:43:53 AM,05-AUG-2026 06:14:53 PM,09:31,Present,AUH-TWR-L01-D002 ENTRY,SHJ-MSCP-GF-GATE04-TS EXIT EXIT,,
OB60839,PT117639,RANIA IBRAHIM SALEH,OUTSOURCE,Etisalat Services,ENTERPRISE-30511,20110-ENT-SUPPORT-CW30511,40 Hours Weekly,SMB-CCC & SOHO,06-AUG-2026,Thursday,06-AUG-2026 08:17:20 AM,06-AUG-2026 06:31:20 PM,10:14,Present,DXB-HQ-GF-GATE01 ENTRY,AUH-TWR-L01-D002 EXIT,,
OB60839,PT117639,RANIA IBRAHIM SALEH,OUTSOURCE,Etisalat Services,ENTERPRISE-30511,20110-ENT-SUPPORT-CW30511,40 Hours Weekly,SMB-CCC & SOHO,07-AUG-2026,Friday,07-AUG-2026 09:30:21 AM,07-AUG-2026 06:35:21 PM,09:05,Present,SHJ-HRB-L03-D040 LOBBY ENTRY,DXB-HQ-GF-GATE01 EXIT,,
OB60839,PT117639,RANIA IBRAHIM SALEH,OUTSOURCE,Etisalat Services,ENTERPRISE-30511,20110-ENT-SUPPORT-CW30511,40 Hours Weekly,SMB-CCC & SOHO,08-AUG-2026,Saturday,,,,Weekly Off,,,,
OB60839,PT117639,RANIA IBRAHIM SALEH,OUTSOURCE,Etisalat Services,ENTERPRISE-30511,20110-ENT-SUPPORT-CW30511,40 Hours Weekly,SMB-CCC & SOHO,09-AUG-2026,Sunday,,,,Weekly Off,,,,
OB60839,PT117639,RANIA IBRAHIM SALEH,OUTSOURCE,Etisalat Services,ENTERPRISE-30511,20110-ENT-SUPPORT-CW30511,40 Hours Weekly,SMB-CCC & SOHO,10-AUG-2026,Monday,10-AUG-2026 08:38:40 AM,10-AUG-2026 06:37:40 PM,09:59,Present,DXB-HQ-GF-GATE01 ENTRY,AUH-TWR-L01-D002 EXIT,,
OB60839,PT117639,RANIA IBRAHIM SALEH,OUTSOURCE,Etisalat Services,ENTERPRISE-30511,20110-ENT-SUPPORT-CW30511,40 Hours Weekly,SMB-CCC & SOHO,11-AUG-2026,Tuesday,11-AUG-2026 08:05:43 AM,11-AUG-2026 04:50:43 PM,08:45,Present,DXB-HQ-GF-GATE01 ENTRY,AUH-TWR-L01-D002 EXIT,,
OB60839,PT117639,RANIA IBRAHIM SALEH,OUTSOURCE,Etisalat Services,ENTERPRISE-30511,20110-ENT-SUPPORT-CW30511,40 Hours Weekly,SMB-CCC & SOHO,12-AUG-2026,Wednesday,12-AUG-2026 07:27:28 AM,12-AUG-2026 05:15:28 PM,09:48,Present,SHJ-HRB-L03-D040 LOBBY ENTRY,AUH-TWR-L01-D002 EXIT,,
OB60839,PT117639,RANIA IBRAHIM SALEH,OUTSOURCE,Etisalat Services,ENTERPRISE-30511,20110-ENT-SUPPORT-CW30511,40 Hours Weekly,SMB-CCC & SOHO,13-AUG-2026,Thursday,13-AUG-2026 08:16:21 AM,13-AUG-2026 05:33:21 PM,09:17,Present,DXB-HQ-GF-GATE01 ENTRY,SHJ-MSCP-GF-GATE04-TS EXIT EXIT,,
OB60839,PT117639,RANIA IBRAHIM SALEH,OUTSOURCE,Etisalat Services,ENTERPRISE-30511,20110-ENT-SUPPORT-CW30511,40 Hours Weekly,SMB-CCC & SOHO,14-AUG-2026,Friday,14-AUG-2026 08:19:56 AM,14-AUG-2026 04:58:56 PM,08:39,Present,DXB-HQ-GF-GATE01 ENTRY,SHJ-MSCP-GF-GATE04-TS EXIT EXIT,,
OB60839,PT117639,RANIA IBRAHIM SALEH,OUTSOURCE,Etisalat Services,ENTERPRISE-30511,20110-ENT-SUPPORT-CW30511,40 Hours Weekly,SMB-CCC & SOHO,15-AUG-2026,Saturday,,,,Weekly Off,,,,
OB60839,PT117639,RANIA IBRAHIM SALEH  ,OUTSOURCE,Etisalat Services,ENTERPRISE-30511,20110-ENT-SUPPORT-CW30511,40 Hours Weekly,SMB-CCC & SOHO,16-AUG-2026,Sunday,,,,Weekly Off,,,,
OB60839,PT117639,RANIA IBRAHIM SALEH,OUTSOURCE,Etisalat Services,ENTERPRISE-30511,20110-ENT-SUPPORT-CW30511,40 Hours Weekly,SMB-CCC & SOHO,17-AUG-2026,Monday,17-AUG-2026 09:13:22 AM,17-AUG-2026 08:05:22 PM,10:52,Present,DXB-HQ-GF-GATE01 ENTRY,SHJ-MSCP-GF-GATE04-TS EXIT EXIT,,
OB60839,PT117639,RANIA IBRAHIM SALEH,OUTSOURCE,Etisalat Services,ENTERPRISE-30511,20110-ENT-SUPPORT-CW30511,40 Hours Weekly,SMB-CCC & SOHO,18-AUG-2026,Tuesday,18-AUG-2026 07:48:47 AM,18-AUG-2026 05:24:47 PM,09:36,Present,SHJ-HRB-L03-D040 LOBBY ENTRY,DXB-HQ-GF-GATE01 EXIT,,
OB60839,PT117639,RANIA IBRAHIM SALEH,OUTSOURCE,Etisalat Services,ENTERPRISE-30511,20110-ENT-SUPPORT-CW30511,40 Hours Weekly,SMB-CCC & SOHO,19-AUG-2026,Wednesday,19-AUG-2026 09:17:48 AM,19-AUG-2026 08:07:48 PM,10:50,Present,AUH-TWR-L01-D002 ENTRY,AUH-TWR-L01-D002 EXIT,,
OB60839,PT117639,RANIA IBRAHIM SALEH,OUTSOURCE,Etisalat Services,ENTERPRISE-30511,20110-ENT-SUPPORT-CW30511,40 Hours Weekly,SMB-CCC & SOHO,20-AUG-2026,Thursday,20-AUG-2026 08:26:35 AM,20-AUG-2026 05:02:35 PM,08:36,Present,DXB-HQ-GF-GATE01 ENTRY,AUH-TWR-L01-D002 EXIT,,
OB60839,PT117639,RANIA IBRAHIM SALEH,OUTSOURCE,Etisalat Services,ENTERPRISE-30511,20110-ENT-SUPPORT-CW30511,40 Hours Weekly,SMB-CCC & SOHO,21-AUG-2026,Friday,21-AUG-2026 07:51:40 AM,21-AUG-2026 05:53:40 PM,10:02,Present,SHJ-HRB-L03-D040 LOBBY ENTRY,DXB-HQ-GF-GATE01 EXIT,,
OB60839,PT117639,RANIA IBRAHIM SALEH,OUTSOURCE,Etisalat Services,ENTERPRISE-30511,20110-ENT-SUPPORT-CW30511,40 Hours Weekly,SMB-CCC & SOHO,22-AUG-2026,Saturday,,,,Weekly Off,,,,
OB60839,PT117639,RANIA IBRAHIM SALEH  ,OUTSOURCE,Etisalat Services,ENTERPRISE-30511,20110-ENT-SUPPORT-CW30511,40 Hours Weekly,SMB-CCC & SOHO,23-AUG-2026,Sunday,,,,Weekly Off,,,,
OB60839,PT117639,RANIA IBRAHIM SALEH,OUTSOURCE,Etisalat Services,ENTERPRISE-30511,20110-ENT-SUPPORT-CW30511,40 Hours Weekly,SMB-CCC & SOHO,24-AUG-2026,Monday,24-AUG-2026 07:28:47 AM,24-AUG-2026 04:51:47 PM,09:23,Present,DXB-HQ-GF-GATE01 ENTRY,AUH-TWR-L01-D002 EXIT,,
OB60839,PT117639,RANIA IBRAHIM SALEH,OUTSOURCE,Etisalat Services,ENTERPRISE-30511,20110-ENT-SUPPORT-CW30511,40 Hours Weekly,SMB-CCC & SOHO,25-AUG-2026,Tuesday,25-AUG-2026 08:20:16 AM,25-AUG-2026 05:46:16 PM,09:26,Present,AUH-TWR-L01-D002 ENTRY,SHJ-MSCP-GF-GATE04-TS EXIT EXIT,,
OB60839,PT117639,RANIA IBRAHIM SALEH,OUTSOURCE,Etisalat Services,ENTERPRISE-30511,20110-ENT-SUPPORT-CW30511,40 Hours Weekly,SMB-CCC & SOHO,26-AUG-2026,Wednesday,26-AUG-2026 07:39:56 AM,26-AUG-2026 05:10:56 PM,09:31,Present,DXB-HQ-GF-GATE01 ENTRY,AUH-TWR-L01-D002 EXIT,,
OB60839,PT117639,RANIA IBRAHIM SALEH,OUTSOURCE,Etisalat Services,ENTERPRISE-30511,20110-ENT-SUPPORT-CW30511,40 Hours Weekly,SMB-CCC & SOHO,27-AUG-2026,Thursday,27-AUG-2026 08:08:03 AM,27-AUG-2026 05:55:03 PM,09:47,Present,DXB-HQ-GF-GATE01 ENTRY,AUH-TWR-L01-D002 EXIT,,
OB60839,PT117639,RANIA IBRAHIM SALEH,OUTSOURCE,Etisalat Services,ENTERPRISE-30511,20110-ENT-SUPPORT-CW30511,40 Hours Weekly,SMB-CCC & SOHO,28-AUG-2026,Friday,28-AUG-2026 07:38:44 AM,28-AUG-2026 05:23:44 PM,09:45,Present,DXB-HQ-GF-GATE01 ENTRY,DXB-HQ-GF-GATE01 EXIT,,
OB60839,PT117639,RANIA IBRAHIM SALEH,OUTSOURCE,Etisalat Services,ENTERPRISE-30511,20110-ENT-SUPPORT-CW30511,40 Hours Weekly,SMB-CCC & SOHO,29-AUG-2026,Saturday,,,,Weekly Off,,,,
OB60839,PT117639,RANIA IBRAHIM SALEH,OUTSOURCE,Etisalat Services,ENTERPRISE-30511,20110-ENT-SUPPORT-CW30511,40 Hours Weekly,SMB-CCC & SOHO,30-AUG-2026,Sunday,,,,Weekly Off,,,,
OB60839,PT117639,RANIA IBRAHIM SALEH,OUTSOURCE,Etisalat Services,ENTERPRISE-30511,20110-ENT-SUPPORT-CW30511,40 Hours Weekly,SMB-CCC & SOHO,31-AUG-2026,Monday,31-AUG-2026 09:23:47 AM,31-AUG-2026 05:33:47 PM,08:10,Present,DXB-HQ-GF-GATE01 ENTRY,DXB-HQ-GF-GATE01 EXIT,,
OB60840,PT117640,DINA SAYED MOHSEN,OUTSOURCE,eMinds,SMB-41984,20085-SMB-SALES-CW41984,48 Hours Weekly,SMB DIGITAL BACK OFFICE,01-AUG-2026,Saturday,,,,Weekly Off,,,,
OB60840,PT117640,DINA SAYED MOHSEN,OUTSOURCE,eMinds,SMB-41984,20085-SMB-SALES-CW41984,48 Hours Weekly,SMB DIGITAL BACK OFFICE,02-AUG-2026,Sunday,,,,Weekly Off,,,,
OB60840,PT117640,DINA SAYED MOHSEN,OUTSOURCE,eMinds,SMB-41984,20085-SMB-SALES-CW41984,48 Hours Weekly,SMB DIGITAL BACK OFFICE,03-AUG-2026,Monday,03-AUG-2026 07:35:15 AM,03-AUG-2026 04:18:15 PM,08:43,Present,DXB-HQ-GF-GATE01 ENTRY,AUH-TWR-L01-D002 EXIT,,
OB60840,PT117640,DINA SAYED MOHSEN,OUTSOURCE,eMinds,SMB-41984,20085-SMB-SALES-CW41984,48 Hours Weekly,SMB DIGITAL BACK OFFICE,04-AUG-2026,Tuesday,04-AUG-2026 07:24:11 AM,04-AUG-2026 04:40:11 PM,09:16,Present,DXB-HQ-GF-GATE01 ENTRY,DXB-HQ-GF-GATE01 EXIT,,
OB60840,PT117640,DINA SAYED MOHSEN,OUTSOURCE,eMinds,SMB-41984,20085-SMB-SALES-CW41984,48 Hours Weekly,SMB DIGITAL BACK OFFICE,05-AUG-2026,Wednesday,05-AUG-2026 08:18:47 AM,05-AUG-2026 05:18:47 PM,09:00,Present,SHJ-HRB-L03-D040 LOBBY ENTRY,DXB-HQ-GF-GATE01 EXIT,,
OB60840,PT117640,DINA SAYED MOHSEN  ,OUTSOURCE,eMinds,SMB-41984,20085-SMB-SALES-CW41984,48 Hours Weekly,SMB DIGITAL BACK OFFICE,06-AUG-2026,Thursday,06-AUG-2026 07:42:50 AM,06-AUG-2026 06:26:50 PM,10:44,Present,AUH-TWR-L01-D002 ENTRY,SHJ-MSCP-GF-GATE04-TS EXIT EXIT,,
OB60840,PT117640,DINA SAYED MOHSEN,OUTSOURCE,eMinds,SMB-41984,20085-SMB-SALES-CW41984,48 Hours Weekly,SMB DIGITAL BACK OFFICE,07-AUG-2026,Friday,07-AUG-2026 08:23:04 AM,07-AUG-2026 05:59:04 PM,09:36,Present,SHJ-HRB-L03-D040 LOBBY ENTRY,DXB-HQ-GF-GATE01 EXIT,,
OB60840,PT117640,DINA SAYED MOHSEN,OUTSOURCE,eMinds,SMB-41984,20085-SMB-SALES-CW41984,48 Hours Weekly,SMB DIGITAL BACK OFFICE,08-AUG-2026,Saturday,,,,Weekly Off,,,,
OB60840,PT117640,DINA SAYED MOHSEN  ,OUTSOURCE,eMinds,SMB-41984,20085-SMB-SALES-CW41984,48 Hours Weekly,SMB DIGITAL BACK OFFICE,09-AUG-2026,Sunday,,,,Weekly Off,,,,
OB60840,PT117640,DINA SAYED MOHSEN,OUTSOURCE,eMinds,SMB-41984,20085-SMB-SALES-CW41984,48 Hours Weekly,SMB DIGITAL BACK OFFICE,10-AUG-2026,Monday,10-AUG-2026 07:27:58 AM,10-AUG-2026 05:06:58 PM,09:39,Present,AUH-TWR-L01-D002 ENTRY,SHJ-MSCP-GF-GATE04-TS EXIT EXIT,,
OB60840,PT117640,DINA SAYED MOHSEN,OUTSOURCE,eMinds,SMB-41984,20085-SMB-SALES-CW41984,48 Hours Weekly,SMB DIGITAL BACK OFFICE,11-AUG-2026,Tuesday,11-AUG-2026 08:42:36 AM,11-AUG-2026 05:59:36 PM,09:17,Present,DXB-HQ-GF-GATE01 ENTRY,DXB-HQ-GF-GATE01 EXIT,,
OB60840,PT117640,DINA SAYED MOHSEN,OUTSOURCE,eMinds,SMB-41984,20085-SMB-SALES-CW41984,48 Hours Weekly,SMB DIGITAL BACK OFFICE,12-AUG-2026,Wednesday,12-AUG-2026 07:30:01 AM,12-AUG-2026 04:50:01 PM,09:20,Present,AUH-TWR-L01-D002 ENTRY,AUH-TWR-L01-D002 EXIT,,
OB60840,PT117640,DINA SAYED MOHSEN,OUTSOURCE,eMinds,SMB-41984,20085-SMB-SALES-CW41984,48 Hours Weekly,SMB DIGITAL BACK OFFICE,13-AUG-2026,Thursday,13-AUG-2026 08:14:49 AM,13-AUG-2026 05:48:49 PM,09:34,Present,DXB-HQ-GF-GATE01 ENTRY,DXB-HQ-GF-GATE01 EXIT,,
OB60840,PT117640,DINA SAYED MOHSEN,OUTSOURCE,eMinds,SMB-41984,20085-SMB-SALES-CW41984,48 Hours Weekly,SMB DIGITAL BACK OFFICE,14-AUG-2026,Friday,14-AUG-2026 07:09:46 AM,14-AUG-2026 04:02:46 PM,08:53,Present,SHJ-HRB-L03-D040 LOBBY ENTRY,DXB-HQ-GF-GATE01 EXIT,,
OB60840,PT117640,DINA SAYED MOHSEN,OUTSOURCE,eMinds,SMB-41984,20085-SMB-SALES-CW41984,48 Hours Weekly,SMB DIGITAL BACK OFFICE,15-AUG-2026,Saturday,,,,Weekly Off,,,,
OB60840,PT117640,DINA SAYED MOHSEN,OUTSOURCE,eMinds,SMB-41984,20085-SMB-SALES-CW41984,48 Hours Weekly,SMB DIGITAL BACK OFFICE,16-AUG-2026,Sunday,,,,Weekly Off,,,,
OB60840,PT117640,DINA SAYED MOHSEN  ,OUTSOURCE,eMinds,SMB-41984,20085-SMB-SALES-CW41984,48 Hours Weekly,SMB DIGITAL BACK OFFICE,17-AUG-2026,Monday,17-AUG-2026 07:22:13 AM,17-AUG-2026 04:59:13 PM,09:37,Present,SHJ-HRB-L03-D040 LOBBY ENTRY,AUH-TWR-L01-D002 EXIT,,
OB60840,PT117640,DINA SAYED MOHSEN,OUTSOURCE,eMinds,SMB-41984,20085-SMB-SALES-CW41984,48 Hours Weekly,SMB DIGITAL BACK OFFICE,18-AUG-2026,Tuesday,,,,Annual Leave,,,,
OB60840,PT117640,DINA SAYED MOHSEN,OUTSOURCE,eMinds,SMB-41984,20085-SMB-SALES-CW41984,48 Hours Weekly,SMB DIGITAL BACK OFFICE,19-AUG-2026,Wednesday,19-AUG-2026 08:29:54 AM,19-AUG-2026 06:18:54 PM,09:49,Present,SHJ-HRB-L03-D040 LOBBY ENTRY,AUH-TWR-L01-D002 EXIT,,
OB60840,PT117640,DINA SAYED MOHSEN,OUTSOURCE,eMinds,SMB-41984,20085-SMB-SALES-CW41984,48 Hours Weekly,SMB DIGITAL BACK OFFICE,20-AUG-2026,Thursday,,,,WFH,,,,
OB60840,PT117640,DINA SAYED MOHSEN,OUTSOURCE,eMinds,SMB-41984,20085-SMB-SALES-CW41984,48 Hours Weekly,SMB DIGITAL BACK OFFICE,21-AUG-2026,Friday,21-AUG-2026 09:30:08 AM,21-AUG-2026 06:52:08 PM,09:22,Present,AUH-TWR-L01-D002 ENTRY,DXB-HQ-GF-GATE01 EXIT,,
OB60840,PT117640,DINA SAYED MOHSEN,OUTSOURCE,eMinds,SMB-41984,20085-SMB-SALES-CW41984,48 Hours Weekly,SMB DIGITAL BACK OFFICE,22-AUG-2026,Saturday,,,,Weekly Off,,,,
OB60840,PT117640,DINA SAYED MOHSEN  ,OUTSOURCE,eMinds,SMB-41984,20085-SMB-SALES-CW41984,48 Hours Weekly,SMB DIGITAL BACK OFFICE,23-AUG-2026,Sunday,,,,Weekly Off,,,,
OB60840,PT117640,DINA SAYED MOHSEN,OUTSOURCE,eMinds,SMB-41984,20085-SMB-SALES-CW41984,48 Hours Weekly,SMB DIGITAL BACK OFFICE,24-AUG-2026,Monday,24-AUG-2026 08:19:06 AM,24-AUG-2026 05:53:06 PM,09:34,Present,DXB-HQ-GF-GATE01 ENTRY,SHJ-MSCP-GF-GATE04-TS EXIT EXIT,,
OB60840,PT117640,DINA SAYED MOHSEN,OUTSOURCE,eMinds,SMB-41984,20085-SMB-SALES-CW41984,48 Hours Weekly,SMB DIGITAL BACK OFFICE,25-AUG-2026,Tuesday,25-AUG-2026 08:09:15 AM,25-AUG-2026 05:43:15 PM,09:34,Present,AUH-TWR-L01-D002 ENTRY,SHJ-MSCP-GF-GATE04-TS EXIT EXIT,,
OB60840,PT117640,DINA SAYED MOHSEN,OUTSOURCE,eMinds,SMB-41984,20085-SMB-SALES-CW41984,48 Hours Weekly,SMB DIGITAL BACK OFFICE,26-AUG-2026,Wednesday,26-AUG-2026 09:50:53 AM,26-AUG-2026 07:21:53 PM,09:31,Present,DXB-HQ-GF-GATE01 ENTRY,DXB-HQ-GF-GATE01 EXIT,,
OB60840,PT117640,DINA SAYED MOHSEN,OUTSOURCE,eMinds,SMB-41984,20085-SMB-SALES-CW41984,48 Hours Weekly,SMB DIGITAL BACK OFFICE,27-AUG-2026,Thursday,27-AUG-2026 07:41:26 AM,27-AUG-2026 04:43:26 PM,09:02,Present,AUH-TWR-L01-D002 ENTRY,DXB-HQ-GF-GATE01 EXIT,,
OB60840,PT117640,DINA SAYED MOHSEN,OUTSOURCE,eMinds,SMB-41984,20085-SMB-SALES-CW41984,48 Hours Weekly,SMB DIGITAL BACK OFFICE,28-AUG-2026,Friday,28-AUG-2026 07:49:12 AM,28-AUG-2026 04:59:12 PM,09:10,Present,AUH-TWR-L01-D002 ENTRY,AUH-TWR-L01-D002 EXIT,,
OB60840,PT117640,DINA SAYED MOHSEN,OUTSOURCE,eMinds,SMB-41984,20085-SMB-SALES-CW41984,48 Hours Weekly,SMB DIGITAL BACK OFFICE,29-AUG-2026,Saturday,,,,Weekly Off,,,,
OB60840,PT117640,DINA SAYED MOHSEN  ,OUTSOURCE,eMinds,SMB-41984,20085-SMB-SALES-CW41984,48 Hours Weekly,SMB DIGITAL BACK OFFICE,30-AUG-2026,Sunday,,,,Weekly Off,,,,
OB60840,PT117640,DINA SAYED MOHSEN,OUTSOURCE,eMinds,SMB-41984,20085-SMB-SALES-CW41984,48 Hours Weekly,SMB DIGITAL BACK OFFICE,31-AUG-2026,Monday,,,,Absent,,,Y,
OB60841,PT117641,FATIMA SALEH NABIL,OUTSOURCE,eMinds,SMB-41985,20085-SMB-SALES-CW41985,48 Hours Weekly,SMB-PRIME&BD-KAM-1,01-AUG-2026,Saturday,,,,Weekly Off,,,,
OB60841,PT117641,FATIMA SALEH NABIL,OUTSOURCE,eMinds,SMB-41985,20085-SMB-SALES-CW41985,48 Hours Weekly,SMB-PRIME&BD-KAM-1,02-AUG-2026,Sunday,,,,Weekly Off,,,,
OB60841,PT117641,FATIMA SALEH NABIL,OUTSOURCE,eMinds,SMB-41985,20085-SMB-SALES-CW41985,48 Hours Weekly,SMB-PRIME&BD-KAM-1,03-AUG-2026,Monday,03-AUG-2026 07:16:46 AM,03-AUG-2026 04:58:46 PM,09:42,Present,AUH-TWR-L01-D002 ENTRY,SHJ-MSCP-GF-GATE04-TS EXIT EXIT,,
OB60841,PT117641,FATIMA SALEH NABIL  ,OUTSOURCE,eMinds,SMB-41985,20085-SMB-SALES-CW41985,48 Hours Weekly,SMB-PRIME&BD-KAM-1,04-AUG-2026,Tuesday,04-AUG-2026 07:35:22 AM,04-AUG-2026 05:11:22 PM,09:36,Present,AUH-TWR-L01-D002 ENTRY,SHJ-MSCP-GF-GATE04-TS EXIT EXIT,,
OB60841,PT117641,FATIMA SALEH NABIL  ,OUTSOURCE,eMinds,SMB-41985,20085-SMB-SALES-CW41985,48 Hours Weekly,SMB-PRIME&BD-KAM-1,05-AUG-2026,Wednesday,05-AUG-2026 08:23:45 AM,05-AUG-2026 05:25:45 PM,09:02,Present,AUH-TWR-L01-D002 ENTRY,DXB-HQ-GF-GATE01 EXIT,,
OB60841,PT117641,FATIMA SALEH NABIL,OUTSOURCE,eMinds,SMB-41985,20085-SMB-SALES-CW41985,48 Hours Weekly,SMB-PRIME&BD-KAM-1,06-AUG-2026,Thursday,,06-AUG-2026 06:12:22 PM,,Present,,SHJ-MSCP-GF-GATE04-TS EXIT EXIT,,
OB60841,PT117641,FATIMA SALEH NABIL,OUTSOURCE,eMinds,SMB-41985,20085-SMB-SALES-CW41985,48 Hours Weekly,SMB-PRIME&BD-KAM-1,07-AUG-2026,Friday,07-AUG-2026 07:24:29 AM,07-AUG-2026 06:14:29 PM,10:50,Present,DXB-HQ-GF-GATE01 ENTRY,AUH-TWR-L01-D002 EXIT,,
OB60841,PT117641,FATIMA SALEH NABIL,OUTSOURCE,eMinds,SMB-41985,20085-SMB-SALES-CW41985,48 Hours Weekly,SMB-PRIME&BD-KAM-1,08-AUG-2026,Saturday,,,,Weekly Off,,,,
OB60841,PT117641,FATIMA SALEH NABIL,OUTSOURCE,eMinds,SMB-41985,20085-SMB-SALES-CW41985,48 Hours Weekly,SMB-PRIME&BD-KAM-1,09-AUG-2026,Sunday,,,,Weekly Off,,,,
OB60841,PT117641,FATIMA SALEH NABIL  ,OUTSOURCE,eMinds,SMB-41985,20085-SMB-SALES-CW41985,48 Hours Weekly,SMB-PRIME&BD-KAM-1,10-AUG-2026,Monday,10-AUG-2026 08:20:43 AM,10-AUG-2026 04:45:43 PM,08:25,Present,AUH-TWR-L01-D002 ENTRY,DXB-HQ-GF-GATE01 EXIT,,
OB60841,PT117641,FATIMA SALEH NABIL,OUTSOURCE,eMinds,SMB-41985,20085-SMB-SALES-CW41985,48 Hours Weekly,SMB-PRIME&BD-KAM-1,11-AUG-2026,Tuesday,11-AUG-2026 07:42:35 AM,11-AUG-2026 06:09:35 PM,10:27,Present,DXB-HQ-GF-GATE01 ENTRY,SHJ-MSCP-GF-GATE04-TS EXIT EXIT,,
OB60841,PT117641,FATIMA SALEH NABIL,OUTSOURCE,eMinds,SMB-41985,20085-SMB-SALES-CW41985,48 Hours Weekly,SMB-PRIME&BD-KAM-1,12-AUG-2026,Wednesday,12-AUG-2026 08:15:23 AM,12-AUG-2026 06:00:23 PM,09:45,Present,DXB-HQ-GF-GATE01 ENTRY,SHJ-MSCP-GF-GATE04-TS EXIT EXIT,,
OB60841,PT117641,FATIMA SALEH NABIL,OUTSOURCE,eMinds,SMB-41985,20085-SMB-SALES-CW41985,48 Hours Weekly,SMB-PRIME&BD-KAM-1,13-AUG-2026,Thursday,13-AUG-2026 07:34:34 AM,13-AUG-2026 04:51:34 PM,09:17,Present,SHJ-HRB-L03-D040 LOBBY ENTRY,DXB-HQ-GF-GATE01 EXIT,,
OB60841,PT117641,FATIMA SALEH NABIL,OUTSOURCE,eMinds,SMB-41985,20085-SMB-SALES-CW41985,48 Hours Weekly,SMB-PRIME&BD-KAM-1,14-AUG-2026,Friday,14-AUG-2026 07:39:00 AM,14-AUG-2026 03:56:00 PM,08:17,Present,DXB-HQ-GF-GATE01 ENTRY,SHJ-MSCP-GF-GATE04-TS EXIT EXIT,,
OB60841,PT117641,FATIMA SALEH NABIL,OUTSOURCE,eMinds,SMB-41985,20085-SMB-SALES-CW41985,48 Hours Weekly,SMB-PRIME&BD-KAM-1,15-AUG-2026,Saturday,,,,Weekly Off,,,,
OB60841,PT117641,FATIMA SALEH NABIL,OUTSOURCE,eMinds,SMB-41985,20085-SMB-SALES-CW41985,48 Hours Weekly,SMB-PRIME&BD-KAM-1,16-AUG-2026,Sunday,,,,Weekly Off,,,,
OB60841,PT117641,FATIMA SALEH NABIL,OUTSOURCE,eMinds,SMB-41985,20085-SMB-SALES-CW41985,48 Hours Weekly,SMB-PRIME&BD-KAM-1,17-AUG-2026,Monday,17-AUG-2026 08:25:54 AM,17-AUG-2026 05:45:54 PM,09:20,Present,AUH-TWR-L01-D002 ENTRY,DXB-HQ-GF-GATE01 EXIT,,
OB60841,PT117641,FATIMA SALEH NABIL,OUTSOURCE,eMinds,SMB-41985,20085-SMB-SALES-CW41985,48 Hours Weekly,SMB-PRIME&BD-KAM-1,18-AUG-2026,Tuesday,18-AUG-2026 07:44:17 AM,18-AUG-2026 05:45:17 PM,10:01,Present,AUH-TWR-L01-D002 ENTRY,SHJ-MSCP-GF-GATE04-TS EXIT EXIT,,
OB60841,PT117641,FATIMA SALEH NABIL,OUTSOURCE,eMinds,SMB-41985,20085-SMB-SALES-CW41985,48 Hours Weekly,SMB-PRIME&BD-KAM-1,19-AUG-2026,Wednesday,19-AUG-2026 08:43:46 AM,19-AUG-2026 06:34:46 PM,09:51,Present,DXB-HQ-GF-GATE01 ENTRY,AUH-TWR-L01-D002 EXIT,,
OB60841,PT117641,FATIMA SALEH NABIL,OUTSOURCE,eMinds,SMB-41985,20085-SMB-SALES-CW41985,48 Hours Weekly,SMB-PRIME&BD-KAM-1,20-AUG-2026,Thursday,20-AUG-2026 08:52:01 AM,20-AUG-2026 07:03:01 PM,10:11,Present,AUH-TWR-L01-D002 ENTRY,DXB-HQ-GF-GATE01 EXIT,,
OB60841,PT117641,FATIMA SALEH NABIL  ,OUTSOURCE,eMinds,SMB-41985,20085-SMB-SALES-CW41985,48 Hours Weekly,SMB-PRIME&BD-KAM-1,21-AUG-2026,Friday,21-AUG-2026 08:51:37 AM,21-AUG-2026 06:36:37 PM,09:45,Present,AUH-TWR-L01-D002 ENTRY,AUH-TWR-L01-D002 EXIT,,
OB60841,PT117641,FATIMA SALEH NABIL,OUTSOURCE,eMinds,SMB-41985,20085-SMB-SALES-CW41985,48 Hours Weekly,SMB-PRIME&BD-KAM-1,22-AUG-2026,Saturday,,,,Weekly Off,,,,
OB60841,PT117641,FATIMA SALEH NABIL,OUTSOURCE,eMinds,SMB-41985,20085-SMB-SALES-CW41985,48 Hours Weekly,SMB-PRIME&BD-KAM-1,23-AUG-2026,Sunday,,,,Weekly Off,,,,
OB60841,PT117641,FATIMA SALEH NABIL  ,OUTSOURCE,eMinds,SMB-41985,20085-SMB-SALES-CW41985,48 Hours Weekly,SMB-PRIME&BD-KAM-1,24-AUG-2026,Monday,24-AUG-2026 07:43:08 AM,24-AUG-2026 05:33:08 PM,09:50,Present,AUH-TWR-L01-D002 ENTRY,AUH-TWR-L01-D002 EXIT,,
OB60841,PT117641,FATIMA SALEH NABIL,OUTSOURCE,eMinds,SMB-41985,20085-SMB-SALES-CW41985,48 Hours Weekly,SMB-PRIME&BD-KAM-1,25-AUG-2026,Tuesday,25-AUG-2026 07:51:24 AM,25-AUG-2026 04:50:24 PM,08:59,Present,AUH-TWR-L01-D002 ENTRY,AUH-TWR-L01-D002 EXIT,,
OB60841,PT117641,FATIMA SALEH NABIL,OUTSOURCE,eMinds,SMB-41985,20085-SMB-SALES-CW41985,48 Hours Weekly,SMB-PRIME&BD-KAM-1,26-AUG-2026,Wednesday,26-AUG-2026 07:53:21 AM,26-AUG-2026 06:48:21 PM,10:55,Present,DXB-HQ-GF-GATE01 ENTRY,DXB-HQ-GF-GATE01 EXIT,,
OB60841,PT117641,FATIMA SALEH NABIL,OUTSOURCE,eMinds,SMB-41985,20085-SMB-SALES-CW41985,48 Hours Weekly,SMB-PRIME&BD-KAM-1,27-AUG-2026,Thursday,27-AUG-2026 08:24:58 AM,27-AUG-2026 06:08:58 PM,09:44,Present,DXB-HQ-GF-GATE01 ENTRY,DXB-HQ-GF-GATE01 EXIT,,
OB60841,PT117641,FATIMA SALEH NABIL,OUTSOURCE,eMinds,SMB-41985,20085-SMB-SALES-CW41985,48 Hours Weekly,SMB-PRIME&BD-KAM-1,28-AUG-2026,Friday,28-AUG-2026 07:07:33 AM,28-AUG-2026 03:58:33 PM,08:51,Present,AUH-TWR-L01-D002 ENTRY,DXB-HQ-GF-GATE01 EXIT,,
OB60841,PT117641,FATIMA SALEH NABIL  ,OUTSOURCE,eMinds,SMB-41985,20085-SMB-SALES-CW41985,48 Hours Weekly,SMB-PRIME&BD-KAM-1,29-AUG-2026,Saturday,,,,Weekly Off,,,,
OB60841,PT117641,FATIMA SALEH NABIL,OUTSOURCE,eMinds,SMB-41985,20085-SMB-SALES-CW41985,48 Hours Weekly,SMB-PRIME&BD-KAM-1,30-AUG-2026,Sunday,,,,Weekly Off,,,,
OB60841,PT117641,FATIMA SALEH NABIL,OUTSOURCE,eMinds,SMB-41985,20085-SMB-SALES-CW41985,48 Hours Weekly,SMB-PRIME&BD-KAM-1,31-AUG-2026,Monday,31-AUG-2026 09:01:43 AM,31-AUG-2026 06:10:43 PM,ab:cd,Present,AUH-TWR-L01-D002 ENTRY,AUH-TWR-L01-D002 EXIT,,
OB60842,PT117642,KHALED NABIL MAHMOUD,OUTSOURCE,eMinds,CONSUMER-22011,20090-CONS-RETAIL-CW22011,45 Hours Weekly,SMB-GENERAL SHIFT,01-AUG-2026,Saturday,,,,Weekly Off,,,,
OB60842,PT117642,KHALED NABIL MAHMOUD,OUTSOURCE,eMinds,CONSUMER-22011,20090-CONS-RETAIL-CW22011,45 Hours Weekly,SMB-GENERAL SHIFT,02-AUG-2026,Sunday,,,,Weekly Off,,,,
OB60842,PT117642,KHALED NABIL MAHMOUD,OUTSOURCE,eMinds,CONSUMER-22011,20090-CONS-RETAIL-CW22011,45 Hours Weekly,SMB-GENERAL SHIFT,03-AUG-2026,Monday,03-AUG-2026 08:32:19 AM,03-AUG-2026 05:06:19 PM,08:34,Present,DXB-HQ-GF-GATE01 ENTRY,SHJ-MSCP-GF-GATE04-TS EXIT EXIT,,
OB60842,PT117642,KHALED NABIL MAHMOUD,OUTSOURCE,eMinds,CONSUMER-22011,20090-CONS-RETAIL-CW22011,45 Hours Weekly,SMB-GENERAL SHIFT,04-AUG-2026,Tuesday,04-AUG-2026 07:10:01 AM,04-AUG-2026 03:26:01 PM,08:16,Present,SHJ-HRB-L03-D040 LOBBY ENTRY,DXB-HQ-GF-GATE01 EXIT,,
OB60842,PT117642,KHALED NABIL MAHMOUD,OUTSOURCE,eMinds,CONSUMER-22011,20090-CONS-RETAIL-CW22011,45 Hours Weekly,SMB-GENERAL SHIFT,05-AUG-2026,Wednesday,05-AUG-2026 07:57:06 AM,05-AUG-2026 04:08:06 PM,08:11,Present,DXB-HQ-GF-GATE01 ENTRY,SHJ-MSCP-GF-GATE04-TS EXIT EXIT,,
OB60842,PT117642,KHALED NABIL MAHMOUD,OUTSOURCE,eMinds,CONSUMER-22011,20090-CONS-RETAIL-CW22011,45 Hours Weekly,SMB-GENERAL SHIFT,06-AUG-2026,Thursday,06-AUG-2026 09:30:56 AM,06-AUG-2026 07:28:56 PM,09:58,Present,SHJ-HRB-L03-D040 LOBBY ENTRY,AUH-TWR-L01-D002 EXIT,,
OB60842,PT117642,KHALED NABIL MAHMOUD,OUTSOURCE,eMinds,CONSUMER-22011,20090-CONS-RETAIL-CW22011,45 Hours Weekly,SMB-GENERAL SHIFT,07-AUG-2026,Friday,07-AUG-2026 08:42:42 AM,07-AUG-2026 06:09:42 PM,09:27,Present,DXB-HQ-GF-GATE01 ENTRY,DXB-HQ-GF-GATE01 EXIT,,
OB60842,PT117642,KHALED NABIL MAHMOUD  ,OUTSOURCE,eMinds,CONSUMER-22011,20090-CONS-RETAIL-CW22011,45 Hours Weekly,SMB-GENERAL SHIFT,08-AUG-2026,Saturday,,,,Weekly Off,,,,
OB60842,PT117642,KHALED NABIL MAHMOUD,OUTSOURCE,eMinds,CONSUMER-22011,20090-CONS-RETAIL-CW22011,45 Hours Weekly,SMB-GENERAL SHIFT,09-AUG-2026,Sunday,,,,Weekly Off,,,,
OB60842,PT117642,KHALED NABIL MAHMOUD,OUTSOURCE,eMinds,CONSUMER-22011,20090-CONS-RETAIL-CW22011,45 Hours Weekly,SMB-GENERAL SHIFT,10-AUG-2026,Monday,,,,Absent,,,N,
OB60842,PT117642,KHALED NABIL MAHMOUD  ,OUTSOURCE,eMinds,CONSUMER-22011,20090-CONS-RETAIL-CW22011,45 Hours Weekly,SMB-GENERAL SHIFT,11-AUG-2026,Tuesday,11-AUG-2026 07:40:26 AM,11-AUG-2026 04:46:26 PM,09:06,Present,AUH-TWR-L01-D002 ENTRY,AUH-TWR-L01-D002 EXIT,,
OB60842,PT117642,KHALED NABIL MAHMOUD,OUTSOURCE,eMinds,CONSUMER-22011,20090-CONS-RETAIL-CW22011,45 Hours Weekly,SMB-GENERAL SHIFT,12-AUG-2026,Wednesday,12-AUG-2026 08:35:03 AM,12-AUG-2026 05:41:03 PM,09:06,Present,SHJ-HRB-L03-D040 LOBBY ENTRY,SHJ-MSCP-GF-GATE04-TS EXIT EXIT,,
OB60842,PT117642,KHALED NABIL MAHMOUD,OUTSOURCE,eMinds,CONSUMER-22011,20090-CONS-RETAIL-CW22011,45 Hours Weekly,SMB-GENERAL SHIFT,13-AUG-2026,Thursday,13-AUG-2026 07:24:54 AM,13-AUG-2026 05:05:54 PM,09:41,Present,AUH-TWR-L01-D002 ENTRY,DXB-HQ-GF-GATE01 EXIT,,
OB60842,PT117642,KHALED NABIL MAHMOUD,OUTSOURCE,eMinds,CONSUMER-22011,20090-CONS-RETAIL-CW22011,45 Hours Weekly,SMB-GENERAL SHIFT,14-AUG-2026,Friday,,14-AUG-2026 04:02:39 PM,,Present,,AUH-TWR-L01-D002 EXIT,,
OB60842,PT117642,KHALED NABIL MAHMOUD,OUTSOURCE,eMinds,CONSUMER-22011,20090-CONS-RETAIL-CW22011,45 Hours Weekly,SMB-GENERAL SHIFT,15-AUG-2026,Saturday,,,,Weekly Off,,,,
OB60842,PT117642,KHALED NABIL MAHMOUD,OUTSOURCE,eMinds,CONSUMER-22011,20090-CONS-RETAIL-CW22011,45 Hours Weekly,SMB-GENERAL SHIFT,16-AUG-2026,Sunday,,,,Weekly Off,,,,
OB60842,PT117642,KHALED NABIL MAHMOUD,OUTSOURCE,eMinds,CONSUMER-22011,20090-CONS-RETAIL-CW22011,45 Hours Weekly,SMB-GENERAL SHIFT,17-AUG-2026,Monday,,,,Absent,,,N,
OB60842,PT117642,KHALED NABIL MAHMOUD,OUTSOURCE,eMinds,CONSUMER-22011,20090-CONS-RETAIL-CW22011,45 Hours Weekly,SMB-GENERAL SHIFT,18-AUG-2026,Tuesday,18-AUG-2026 09:46:45 AM,,,Present,DXB-HQ-GF-GATE01 ENTRY,,,
OB60842,PT117642,KHALED NABIL MAHMOUD,OUTSOURCE,eMinds,CONSUMER-22011,20090-CONS-RETAIL-CW22011,45 Hours Weekly,SMB-GENERAL SHIFT,19-AUG-2026,Wednesday,19-AUG-2026 07:45:38 AM,19-AUG-2026 05:28:38 PM,00:00,Present,AUH-TWR-L01-D002 ENTRY,DXB-HQ-GF-GATE01 EXIT,,
OB60842,PT117642,KHALED NABIL MAHMOUD,OUTSOURCE,eMinds,CONSUMER-22011,20090-CONS-RETAIL-CW22011,45 Hours Weekly,SMB-GENERAL SHIFT,20-AUG-2026,Thursday,20-AUG-2026 07:12:25 AM,20-AUG-2026 05:21:25 PM,10:09,Present,SHJ-HRB-L03-D040 LOBBY ENTRY,DXB-HQ-GF-GATE01 EXIT,,
OB60842,PT117642,KHALED NABIL MAHMOUD,OUTSOURCE,eMinds,CONSUMER-22011,20090-CONS-RETAIL-CW22011,45 Hours Weekly,SMB-GENERAL SHIFT,21-AUG-2026,Friday,21-AUG-2026 07:21:59 AM,21-AUG-2026 04:25:59 PM,09:04,Present,DXB-HQ-GF-GATE01 ENTRY,AUH-TWR-L01-D002 EXIT,,
OB60842,PT117642,KHALED NABIL MAHMOUD  ,OUTSOURCE,eMinds,CONSUMER-22011,20090-CONS-RETAIL-CW22011,45 Hours Weekly,SMB-GENERAL SHIFT,22-AUG-2026,Saturday,,,,Weekly Off,,,,
OB60842,PT117642,KHALED NABIL MAHMOUD,OUTSOURCE,eMinds,CONSUMER-22011,20090-CONS-RETAIL-CW22011,45 Hours Weekly,SMB-GENERAL SHIFT,23-AUG-2026,Sunday,,,,Weekly Off,,,,
OB60842,PT117642,KHALED NABIL MAHMOUD,OUTSOURCE,eMinds,CONSUMER-22011,20090-CONS-RETAIL-CW22011,45 Hours Weekly,SMB-GENERAL SHIFT,24-AUG-2026,Monday,24-AUG-2026 08:50:00 AM,24-AUG-2026 06:01:00 PM,09:11,Present,SHJ-HRB-L03-D040 LOBBY ENTRY,AUH-TWR-L01-D002 EXIT,,
OB60842,PT117642,KHALED NABIL MAHMOUD,OUTSOURCE,eMinds,CONSUMER-22011,20090-CONS-RETAIL-CW22011,45 Hours Weekly,SMB-GENERAL SHIFT,25-AUG-2026,Tuesday,25-AUG-2026 08:23:50 AM,,,Present,AUH-TWR-L01-D002 ENTRY,,,
OB60842,PT117642,KHALED NABIL MAHMOUD,OUTSOURCE,eMinds,CONSUMER-22011,20090-CONS-RETAIL-CW22011,45 Hours Weekly,SMB-GENERAL SHIFT,26-AUG-2026,Wednesday,26-AUG-2026 08:34:14 AM,26-AUG-2026 07:26:14 PM,10:52,Present,AUH-TWR-L01-D002 ENTRY,AUH-TWR-L01-D002 EXIT,,
OB60842,PT117642,KHALED NABIL MAHMOUD,OUTSOURCE,eMinds,CONSUMER-22011,20090-CONS-RETAIL-CW22011,45 Hours Weekly,SMB-GENERAL SHIFT,27-AUG-2026,Thursday,27-AUG-2026 08:23:28 AM,27-AUG-2026 06:19:28 PM,09:56,Present,DXB-HQ-GF-GATE01 ENTRY,DXB-HQ-GF-GATE01 EXIT,,
OB60842,PT117642,KHALED NABIL MAHMOUD,OUTSOURCE,eMinds,CONSUMER-22011,20090-CONS-RETAIL-CW22011,45 Hours Weekly,SMB-GENERAL SHIFT,28-AUG-2026,Friday,28-AUG-2026 08:24:36 AM,28-AUG-2026 06:13:36 PM,09:49,Present,SHJ-HRB-L03-D040 LOBBY ENTRY,SHJ-MSCP-GF-GATE04-TS EXIT EXIT,,
OB60842,PT117642,KHALED NABIL MAHMOUD,OUTSOURCE,eMinds,CONSUMER-22011,20090-CONS-RETAIL-CW22011,45 Hours Weekly,SMB-GENERAL SHIFT,29-AUG-2026,Saturday,,,,Weekly Off,,,,
OB60842,PT117642,KHALED NABIL MAHMOUD,OUTSOURCE,eMinds,CONSUMER-22011,20090-CONS-RETAIL-CW22011,45 Hours Weekly,SMB-GENERAL SHIFT,30-AUG-2026,Sunday,,,,Weekly Off,,,,
OB60842,PT117642,KHALED NABIL MAHMOUD,OUTSOURCE,eMinds,CONSUMER-22011,20090-CONS-RETAIL-CW22011,45 Hours Weekly,SMB-GENERAL SHIFT,31-AUG-2026,Monday,31-AUG-2026 07:09:58 AM,31-AUG-2026 05:24:58 PM,10:15,Present,DXB-HQ-GF-GATE01 ENTRY,AUH-TWR-L01-D002 EXIT,,
OB60843,PT117643,SARA MAHMOUD MAHMOUD,OUTSOURCE,Etisalat Services,ENTERPRISE-30510,20110-ENT-SUPPORT-CW30510,40 Hours Weekly,SMB-Elite Business,01-AUG-2026,Saturday,,,,Weekly Off,,,,
OB60843,PT117643,SARA MAHMOUD MAHMOUD,OUTSOURCE,Etisalat Services,ENTERPRISE-30510,20110-ENT-SUPPORT-CW30510,40 Hours Weekly,SMB-Elite Business,02-AUG-2026,Sunday,,,,Weekly Off,,,,
OB60843,PT117643,SARA MAHMOUD MAHMOUD,OUTSOURCE,Etisalat Services,ENTERPRISE-30510,20110-ENT-SUPPORT-CW30510,40 Hours Weekly,SMB-Elite Business,03-AUG-2026,Monday,03-AUG-2026 09:00:59 AM,03-AUG-2026 06:21:59 PM,09:21,Present,DXB-HQ-GF-GATE01 ENTRY,SHJ-MSCP-GF-GATE04-TS EXIT EXIT,,
OB60843,PT117643,SARA MAHMOUD MAHMOUD  ,OUTSOURCE,Etisalat Services,ENTERPRISE-30510,20110-ENT-SUPPORT-CW30510,40 Hours Weekly,SMB-Elite Business,04-AUG-2026,Tuesday,04-AUG-2026 08:05:54 AM,,,Present,DXB-HQ-GF-GATE01 ENTRY,,,
OB60843,PT117643,SARA MAHMOUD MAHMOUD,OUTSOURCE,Etisalat Services,ENTERPRISE-30510,20110-ENT-SUPPORT-CW30510,40 Hours Weekly,SMB-Elite Business,05-AUG-2026,Wednesday,05-AUG-2026 07:57:36 AM,05-AUG-2026 05:01:36 PM,09:04,Present,AUH-TWR-L01-D002 ENTRY,DXB-HQ-GF-GATE01 EXIT,,
OB60843,PT117643,SARA MAHMOUD MAHMOUD,OUTSOURCE,Etisalat Services,ENTERPRISE-30510,20110-ENT-SUPPORT-CW30510,40 Hours Weekly,SMB-Elite Business,06-AUG-2026,Thursday,,,,Absent,,,Y,
OB60843,PT117643,SARA MAHMOUD MAHMOUD,OUTSOURCE,Etisalat Services,ENTERPRISE-30510,20110-ENT-SUPPORT-CW30510,40 Hours Weekly,SMB-Elite Business,07-AUG-2026,Friday,07-AUG-2026 07:48:40 AM,07-AUG-2026 06:25:40 PM,10:37,Present,DXB-HQ-GF-GATE01 ENTRY,AUH-TWR-L01-D002 EXIT,,
OB60843,PT117643,SARA MAHMOUD MAHMOUD,OUTSOURCE,Etisalat Services,ENTERPRISE-30510,20110-ENT-SUPPORT-CW30510,40 Hours Weekly,SMB-Elite Business,08-AUG-2026,Saturday,,,,Weekly Off,,,,
OB60843,PT117643,SARA MAHMOUD MAHMOUD,OUTSOURCE,Etisalat Services,ENTERPRISE-30510,20110-ENT-SUPPORT-CW30510,40 Hours Weekly,SMB-Elite Business,09-AUG-2026,Sunday,,,,Weekly Off,,,,
OB60843,PT117643,SARA MAHMOUD MAHMOUD,OUTSOURCE,Etisalat Services,ENTERPRISE-30510,20110-ENT-SUPPORT-CW30510,40 Hours Weekly,SMB-Elite Business,10-AUG-2026,Monday,10-AUG-2026 08:29:29 AM,10-AUG-2026 06:23:29 PM,09:54,Present,SHJ-HRB-L03-D040 LOBBY ENTRY,DXB-HQ-GF-GATE01 EXIT,,Late In
OB60843,PT117643,SARA MAHMOUD MAHMOUD,OUTSOURCE,Etisalat Services,ENTERPRISE-30510,20110-ENT-SUPPORT-CW30510,40 Hours Weekly,SMB-Elite Business,11-AUG-2026,Tuesday,11-AUG-2026 09:51:45 AM,11-AUG-2026 07:34:45 PM,09:43,Present,SHJ-HRB-L03-D040 LOBBY ENTRY,AUH-TWR-L01-D002 EXIT,,
OB60843,PT117643,SARA MAHMOUD MAHMOUD,OUTSOURCE,Etisalat Services,ENTERPRISE-30510,20110-ENT-SUPPORT-CW30510,40 Hours Weekly,SMB-Elite Business,12-AUG-2026,Wednesday,12-AUG-2026 07:02:14 AM,12-AUG-2026 04:13:14 PM,09:11,Present,AUH-TWR-L01-D002 ENTRY,AUH-TWR-L01-D002 EXIT,,
OB60843,PT117643,SARA MAHMOUD MAHMOUD,OUTSOURCE,Etisalat Services,ENTERPRISE-30510,20110-ENT-SUPPORT-CW30510,40 Hours Weekly,SMB-Elite Business,13-AUG-2026,Thursday,13-AUG-2026 08:58:48 AM,13-AUG-2026 06:55:48 PM,09:57,Present,DXB-HQ-GF-GATE01 ENTRY,SHJ-MSCP-GF-GATE04-TS EXIT EXIT,,
OB60843,PT117643,SARA MAHMOUD MAHMOUD,OUTSOURCE,Etisalat Services,ENTERPRISE-30510,20110-ENT-SUPPORT-CW30510,40 Hours Weekly,SMB-Elite Business,14-AUG-2026,Friday,,14-AUG-2026 07:28:17 PM,,Present,,DXB-HQ-GF-GATE01 EXIT,,
OB60843,PT117643,SARA MAHMOUD MAHMOUD,OUTSOURCE,Etisalat Services,ENTERPRISE-30510,20110-ENT-SUPPORT-CW30510,40 Hours Weekly,SMB-Elite Business,15-AUG-2026,Saturday,,,,Weekly Off,,,,
OB60843,PT117643,SARA MAHMOUD MAHMOUD,OUTSOURCE,Etisalat Services,ENTERPRISE-30510,20110-ENT-SUPPORT-CW30510,40 Hours Weekly,SMB-Elite Business,16-AUG-2026,Sunday,,,,Weekly Off,,,,
OB60843,PT117643,SARA MAHMOUD MAHMOUD,OUTSOURCE,Etisalat Services,ENTERPRISE-30510,20110-ENT-SUPPORT-CW30510,40 Hours Weekly,SMB-Elite Business,17-AUG-2026,Monday,17-AUG-2026 07:22:24 AM,17-AUG-2026 04:16:24 PM,08:54,Present,DXB-HQ-GF-GATE01 ENTRY,SHJ-MSCP-GF-GATE04-TS EXIT EXIT,,
OB60843,PT117643,SARA MAHMOUD MAHMOUD,OUTSOURCE,Etisalat Services,ENTERPRISE-30510,20110-ENT-SUPPORT-CW30510,40 Hours Weekly,SMB-Elite Business,18-AUG-2026,Tuesday,18-AUG-2026 09:57:23 AM,18-AUG-2026 08:42:23 PM,10:45,Present,DXB-HQ-GF-GATE01 ENTRY,SHJ-MSCP-GF-GATE04-TS EXIT EXIT,,
OB60843,PT117643,SARA MAHMOUD MAHMOUD,OUTSOURCE,Etisalat Services,ENTERPRISE-30510,20110-ENT-SUPPORT-CW30510,40 Hours Weekly,SMB-Elite Business,19-AUG-2026,Wednesday,19-AUG-2026 07:30:36 AM,19-AUG-2026 04:55:36 PM,09:25,Present,DXB-HQ-GF-GATE01 ENTRY,AUH-TWR-L01-D002 EXIT,,
OB60843,PT117643,SARA MAHMOUD MAHMOUD,OUTSOURCE,Etisalat Services,ENTERPRISE-30510,20110-ENT-SUPPORT-CW30510,40 Hours Weekly,SMB-Elite Business,20-AUG-2026,Thursday,20-AUG-2026 08:21:29 AM,20-AUG-2026 05:53:29 PM,09:32,Present,SHJ-HRB-L03-D040 LOBBY ENTRY,DXB-HQ-GF-GATE01 EXIT,,
OB60843,PT117643,SARA MAHMOUD MAHMOUD,OUTSOURCE,Etisalat Services,ENTERPRISE-30510,20110-ENT-SUPPORT-CW30510,40 Hours Weekly,SMB-Elite Business,21-AUG-2026,Friday,21-AUG-2026 07:18:32 AM,21-AUG-2026 04:35:32 PM,09:17,Present,SHJ-HRB-L03-D040 LOBBY ENTRY,AUH-TWR-L01-D002 EXIT,,
OB60843,PT117643,SARA MAHMOUD MAHMOUD  ,OUTSOURCE,Etisalat Services,ENTERPRISE-30510,20110-ENT-SUPPORT-CW30510,40 Hours Weekly,SMB-Elite Business,22-AUG-2026,Saturday,,,,Weekly Off,,,,
OB60843,PT117643,SARA MAHMOUD MAHMOUD,OUTSOURCE,Etisalat Services,ENTERPRISE-30510,20110-ENT-SUPPORT-CW30510,40 Hours Weekly,SMB-Elite Business,23-AUG-2026,Sunday,,,,Weekly Off,,,,
OB60843,PT117643,SARA MAHMOUD MAHMOUD,OUTSOURCE,Etisalat Services,ENTERPRISE-30510,20110-ENT-SUPPORT-CW30510,40 Hours Weekly,SMB-Elite Business,24-AUG-2026,Monday,24-AUG-2026 08:33:54 AM,24-AUG-2026 06:20:54 PM,09:47,Present,DXB-HQ-GF-GATE01 ENTRY,AUH-TWR-L01-D002 EXIT,,
OB60843,PT117643,SARA MAHMOUD MAHMOUD  ,OUTSOURCE,Etisalat Services,ENTERPRISE-30510,20110-ENT-SUPPORT-CW30510,40 Hours Weekly,SMB-Elite Business,25-AUG-2026,Tuesday,25-AUG-2026 09:11:59 AM,25-AUG-2026 06:15:59 PM,09:04,Present,DXB-HQ-GF-GATE01 ENTRY,AUH-TWR-L01-D002 EXIT,,
OB60843,PT117643,SARA MAHMOUD MAHMOUD,OUTSOURCE,Etisalat Services,ENTERPRISE-30510,20110-ENT-SUPPORT-CW30510,40 Hours Weekly,SMB-Elite Business,26-AUG-2026,Wednesday,26-AUG-2026 09:49:55 AM,26-AUG-2026 07:45:55 PM,09:56,Present,AUH-TWR-L01-D002 ENTRY,DXB-HQ-GF-GATE01 EXIT,,
OB60843,PT117643,SARA MAHMOUD MAHMOUD,OUTSOURCE,Etisalat Services,ENTERPRISE-30510,20110-ENT-SUPPORT-CW30510,40 Hours Weekly,SMB-Elite Business,27-AUG-2026,Thursday,27-AUG-2026 07:36:36 AM,27-AUG-2026 04:45:36 PM,09:09,Present,AUH-TWR-L01-D002 ENTRY,SHJ-MSCP-GF-GATE04-TS EXIT EXIT,,
OB60843,PT117643,SARA MAHMOUD MAHMOUD,OUTSOURCE,Etisalat Services,ENTERPRISE-30510,20110-ENT-SUPPORT-CW30510,40 Hours Weekly,SMB-Elite Business,28-AUG-2026,Friday,28-AUG-2026 08:04:42 AM,28-AUG-2026 04:07:42 PM,08:03,Present,DXB-HQ-GF-GATE01 ENTRY,SHJ-MSCP-GF-GATE04-TS EXIT EXIT,,
OB60843,PT117643,SARA MAHMOUD MAHMOUD  ,OUTSOURCE,Etisalat Services,ENTERPRISE-30510,20110-ENT-SUPPORT-CW30510,40 Hours Weekly,SMB-Elite Business,29-AUG-2026,Saturday,,,,Weekly Off,,,,
OB60843,PT117643,SARA MAHMOUD MAHMOUD,OUTSOURCE,Etisalat Services,ENTERPRISE-30510,20110-ENT-SUPPORT-CW30510,40 Hours Weekly,SMB-Elite Business,30-AUG-2026,Sunday,,,,Weekly Off,,,,
OB60843,PT117643,SARA MAHMOUD MAHMOUD,OUTSOURCE,Etisalat Services,ENTERPRISE-30510,20110-ENT-SUPPORT-CW30510,40 Hours Weekly,SMB-Elite Business,31-AUG-2026,Monday,31-AUG-2026 07:26:34 AM,31-AUG-2026 04:44:34 PM,09:18,Present,AUH-TWR-L01-D002 ENTRY,SHJ-MSCP-GF-GATE04-TS EXIT EXIT,,
OB60844,PT117644,HASSAN FAWZY HASSAN  ,OUTSOURCE,Etisalat Services,ENTERPRISE-30511,20110-ENT-SUPPORT-CW30511,40 Hours Weekly,SMB-CCC & SOHO,01-AUG-2026,Saturday,,,,Weekly Off,,,,
OB60844,PT117644,HASSAN FAWZY HASSAN  ,OUTSOURCE,Etisalat Services,ENTERPRISE-30511,20110-ENT-SUPPORT-CW30511,40 Hours Weekly,SMB-CCC & SOHO,02-AUG-2026,Sunday,,,,Weekly Off,,,,
OB60844,PT117644,HASSAN FAWZY HASSAN,OUTSOURCE,Etisalat Services,ENTERPRISE-30511,20110-ENT-SUPPORT-CW30511,40 Hours Weekly,SMB-CCC & SOHO,03-AUG-2026,Monday,03-AUG-2026 07:16:17 AM,03-AUG-2026 04:17:17 PM,09:01,Present,SHJ-HRB-L03-D040 LOBBY ENTRY,DXB-HQ-GF-GATE01 EXIT,,
OB60844,PT117644,HASSAN FAWZY HASSAN,OUTSOURCE,Etisalat Services,ENTERPRISE-30511,20110-ENT-SUPPORT-CW30511,40 Hours Weekly,SMB-CCC & SOHO,04-AUG-2026,Tuesday,04-AUG-2026 08:45:14 AM,04-AUG-2026 05:10:14 PM,08:25,Present,SHJ-HRB-L03-D040 LOBBY ENTRY,DXB-HQ-GF-GATE01 EXIT,,
OB60844,PT117644,HASSAN FAWZY HASSAN  ,OUTSOURCE,Etisalat Services,ENTERPRISE-30511,20110-ENT-SUPPORT-CW30511,40 Hours Weekly,SMB-CCC & SOHO,05-AUG-2026,Wednesday,05-AUG-2026 08:20:49 AM,05-AUG-2026 05:58:49 PM,09:38,Present,DXB-HQ-GF-GATE01 ENTRY,SHJ-MSCP-GF-GATE04-TS EXIT EXIT,,
OB60844,PT117644,HASSAN FAWZY HASSAN,OUTSOURCE,Etisalat Services,ENTERPRISE-30511,20110-ENT-SUPPORT-CW30511,40 Hours Weekly,SMB-CCC & SOHO,06-AUG-2026,Thursday,06-AUG-2026 07:02:50 AM,06-AUG-2026 04:57:50 PM,09:55,Present,AUH-TWR-L01-D002 ENTRY,DXB-HQ-GF-GATE01 EXIT,,
OB60844,PT117644,HASSAN FAWZY HASSAN,OUTSOURCE,Etisalat Services,ENTERPRISE-30511,20110-ENT-SUPPORT-CW30511,40 Hours Weekly,SMB-CCC & SOHO,07-AUG-2026,Friday,07-AUG-2026 08:49:21 AM,07-AUG-2026 05:55:21 PM,09:06,Present,AUH-TWR-L01-D002 ENTRY,SHJ-MSCP-GF-GATE04-TS EXIT EXIT,,
OB60844,PT117644,HASSAN FAWZY HASSAN,OUTSOURCE,Etisalat Services,ENTERPRISE-30511,20110-ENT-SUPPORT-CW30511,40 Hours Weekly,SMB-CCC & SOHO,08-AUG-2026,Saturday,,,,Weekly Off,,,,
OB60844,PT117644,HASSAN FAWZY HASSAN,OUTSOURCE,Etisalat Services,ENTERPRISE-30511,20110-ENT-SUPPORT-CW30511,40 Hours Weekly,SMB-CCC & SOHO,09-AUG-2026,Sunday,,,,Weekly Off,,,,
OB60844,PT117644,HASSAN FAWZY HASSAN,OUTSOURCE,Etisalat Services,ENTERPRISE-30511,20110-ENT-SUPPORT-CW30511,40 Hours Weekly,SMB-CCC & SOHO,10-AUG-2026,Monday,10-AUG-2026 07:33:51 AM,10-AUG-2026 03:53:51 PM,08:20,Present,DXB-HQ-GF-GATE01 ENTRY,SHJ-MSCP-GF-GATE04-TS EXIT EXIT,,
OB60844,PT117644,HASSAN FAWZY HASSAN,OUTSOURCE,Etisalat Services,ENTERPRISE-30511,20110-ENT-SUPPORT-CW30511,40 Hours Weekly,SMB-CCC & SOHO,11-AUG-2026,Tuesday,11-AUG-2026 07:30:35 AM,11-AUG-2026 05:05:35 PM,09:35,Present,AUH-TWR-L01-D002 ENTRY,DXB-HQ-GF-GATE01 EXIT,,
OB60844,PT117644,HASSAN FAWZY HASSAN  ,OUTSOURCE,Etisalat Services,ENTERPRISE-30511,20110-ENT-SUPPORT-CW30511,40 Hours Weekly,SMB-CCC & SOHO,12-AUG-2026,Wednesday,,,,Absent,,,Y,
OB60844,PT117644,HASSAN FAWZY HASSAN,OUTSOURCE,Etisalat Services,ENTERPRISE-30511,20110-ENT-SUPPORT-CW30511,40 Hours Weekly,SMB-CCC & SOHO,13-AUG-2026,Thursday,13-AUG-2026 07:10:07 AM,13-AUG-2026 05:06:07 PM,09:56,Present,SHJ-HRB-L03-D040 LOBBY ENTRY,AUH-TWR-L01-D002 EXIT,,
OB60844,PT117644,HASSAN FAWZY HASSAN,OUTSOURCE,Etisalat Services,ENTERPRISE-30511,20110-ENT-SUPPORT-CW30511,40 Hours Weekly,SMB-CCC & SOHO,14-AUG-2026,Friday,14-AUG-2026 08:35:25 AM,14-AUG-2026 06:34:25 PM,09:59,Present,AUH-TWR-L01-D002 ENTRY,AUH-TWR-L01-D002 EXIT,,
OB60844,PT117644,HASSAN FAWZY HASSAN  ,OUTSOURCE,Etisalat Services,ENTERPRISE-30511,20110-ENT-SUPPORT-CW30511,40 Hours Weekly,SMB-CCC & SOHO,15-AUG-2026,Saturday,,,,Weekly Off,,,,
OB60844,PT117644,HASSAN FAWZY HASSAN,OUTSOURCE,Etisalat Services,ENTERPRISE-30511,20110-ENT-SUPPORT-CW30511,40 Hours Weekly,SMB-CCC & SOHO,16-AUG-2026,Sunday,,,,Weekly Off,,,,
OB60844,PT117644,HASSAN FAWZY HASSAN,OUTSOURCE,Etisalat Services,ENTERPRISE-30511,20110-ENT-SUPPORT-CW30511,40 Hours Weekly,SMB-CCC & SOHO,17-AUG-2026,Monday,17-AUG-2026 08:10:58 AM,17-AUG-2026 06:41:58 PM,10:31,Present,SHJ-HRB-L03-D040 LOBBY ENTRY,DXB-HQ-GF-GATE01 EXIT,,
OB60844,PT117644,HASSAN FAWZY HASSAN  ,OUTSOURCE,Etisalat Services,ENTERPRISE-30511,20110-ENT-SUPPORT-CW30511,40 Hours Weekly,SMB-CCC & SOHO,18-AUG-2026,Tuesday,18-AUG-2026 08:36:23 AM,18-AUG-2026 05:47:23 PM,09:11,Present,AUH-TWR-L01-D002 ENTRY,AUH-TWR-L01-D002 EXIT,,
OB60844,PT117644,HASSAN FAWZY HASSAN  ,OUTSOURCE,Etisalat Services,ENTERPRISE-30511,20110-ENT-SUPPORT-CW30511,40 Hours Weekly,SMB-CCC & SOHO,19-AUG-2026,Wednesday,19-AUG-2026 08:07:27 AM,19-AUG-2026 04:22:27 PM,08:15,Present,AUH-TWR-L01-D002 ENTRY,AUH-TWR-L01-D002 EXIT,,
OB60844,PT117644,HASSAN FAWZY HASSAN  ,OUTSOURCE,Etisalat Services,ENTERPRISE-30511,20110-ENT-SUPPORT-CW30511,40 Hours Weekly,SMB-CCC & SOHO,20-AUG-2026,Thursday,,,,Absent,,,Y,
OB60844,PT117644,HASSAN FAWZY HASSAN  ,OUTSOURCE,Etisalat Services,ENTERPRISE-30511,20110-ENT-SUPPORT-CW30511,40 Hours Weekly,SMB-CCC & SOHO,21-AUG-2026,Friday,21-AUG-2026 07:11:33 AM,21-AUG-2026 04:30:33 PM,09:19,Present,SHJ-HRB-L03-D040 LOBBY ENTRY,SHJ-MSCP-GF-GATE04-TS EXIT EXIT,,
OB60844,PT117644,HASSAN FAWZY HASSAN,OUTSOURCE,Etisalat Services,ENTERPRISE-30511,20110-ENT-SUPPORT-CW30511,40 Hours Weekly,SMB-CCC & SOHO,22-AUG-2026,Saturday,,,,Weekly Off,,,,
OB60844,PT117644,HASSAN FAWZY HASSAN,OUTSOURCE,Etisalat Services,ENTERPRISE-30511,20110-ENT-SUPPORT-CW30511,40 Hours Weekly,SMB-CCC & SOHO,23-AUG-2026,Sunday,,,,Weekly Off,,,,
OB60844,PT117644,HASSAN FAWZY HASSAN,OUTSOURCE,Etisalat Services,ENTERPRISE-30511,20110-ENT-SUPPORT-CW30511,40 Hours Weekly,SMB-CCC & SOHO,24-AUG-2026,Monday,24-AUG-2026 07:05:46 AM,24-AUG-2026 04:28:46 PM,09:23,Present,SHJ-HRB-L03-D040 LOBBY ENTRY,DXB-HQ-GF-GATE01 EXIT,,
OB60844,PT117644,HASSAN FAWZY HASSAN,OUTSOURCE,Etisalat Services,ENTERPRISE-30511,20110-ENT-SUPPORT-CW30511,40 Hours Weekly,SMB-CCC & SOHO,25-AUG-2026,Tuesday,25-AUG-2026 08:39:08 AM,25-AUG-2026 04:42:08 PM,08:03,Present,DXB-HQ-GF-GATE01 ENTRY,SHJ-MSCP-GF-GATE04-TS EXIT EXIT,,
OB60844,PT117644,HASSAN FAWZY HASSAN  ,OUTSOURCE,Etisalat Services,ENTERPRISE-30511,20110-ENT-SUPPORT-CW30511,40 Hours Weekly,SMB-CCC & SOHO,26-AUG-2026,Wednesday,26-AUG-2026 08:41:47 AM,26-AUG-2026 05:30:47 PM,08:49,Present,AUH-TWR-L01-D002 ENTRY,AUH-TWR-L01-D002 EXIT,,
OB60844,PT117644,HASSAN FAWZY HASSAN,OUTSOURCE,Etisalat Services,ENTERPRISE-30511,20110-ENT-SUPPORT-CW30511,40 Hours Weekly,SMB-CCC & SOHO,27-AUG-2026,Thursday,27-AUG-2026 08:17:10 AM,27-AUG-2026 04:31:10 PM,08:14,Present,DXB-HQ-GF-GATE01 ENTRY,AUH-TWR-L01-D002 EXIT,,
OB60844,PT117644,HASSAN FAWZY HASSAN  ,OUTSOURCE,Etisalat Services,ENTERPRISE-30511,20110-ENT-SUPPORT-CW30511,40 Hours Weekly,SMB-CCC & SOHO,28-AUG-2026,Friday,28-AUG-2026 08:18:47 AM,28-AUG-2026 07:17:47 PM,10:59,Present,SHJ-HRB-L03-D040 LOBBY ENTRY,AUH-TWR-L01-D002 EXIT,,
OB60844,PT117644,HASSAN FAWZY HASSAN,OUTSOURCE,Etisalat Services,ENTERPRISE-30511,20110-ENT-SUPPORT-CW30511,40 Hours Weekly,SMB-CCC & SOHO,29-AUG-2026,Saturday,,,,Weekly Off,,,,
OB60844,PT117644,HASSAN FAWZY HASSAN,OUTSOURCE,Etisalat Services,ENTERPRISE-30511,20110-ENT-SUPPORT-CW30511,40 Hours Weekly,SMB-CCC & SOHO,30-AUG-2026,Sunday,,,,Weekly Off,,,,
OB60844,PT117644,HASSAN FAWZY HASSAN,OUTSOURCE,Etisalat Services,ENTERPRISE-30511,20110-ENT-SUPPORT-CW30511,40 Hours Weekly,SMB-CCC & SOHO,31-AUG-2026,Monday,31-AUG-2026 07:44:35 AM,31-AUG-2026 05:09:35 PM,09:25,Present,DXB-HQ-GF-GATE01 ENTRY,SHJ-MSCP-GF-GATE04-TS EXIT EXIT,,
OB60845,PT117645,AHMED NABIL SAMIR,OUTSOURCE,eMinds,SMB-41984,20085-SMB-SALES-CW41984,48 Hours Weekly,SMB DIGITAL BACK OFFICE,01-AUG-2026,Saturday,,,,Weekly Off,,,,
OB60845,PT117645,AHMED NABIL SAMIR,OUTSOURCE,eMinds,SMB-41984,20085-SMB-SALES-CW41984,48 Hours Weekly,SMB DIGITAL BACK OFFICE,02-AUG-2026,Sunday,,,,Weekly Off,,,,
OB60845,PT117645,AHMED NABIL SAMIR,OUTSOURCE,eMinds,SMB-41984,20085-SMB-SALES-CW41984,48 Hours Weekly,SMB DIGITAL BACK OFFICE,03-AUG-2026,Monday,03-AUG-2026 09:09:14 AM,03-AUG-2026 06:34:14 PM,09:25,Present,AUH-TWR-L01-D002 ENTRY,AUH-TWR-L01-D002 EXIT,,
OB60845,PT117645,AHMED NABIL SAMIR  ,OUTSOURCE,eMinds,SMB-41984,20085-SMB-SALES-CW41984,48 Hours Weekly,SMB DIGITAL BACK OFFICE,04-AUG-2026,Tuesday,04-AUG-2026 07:39:40 AM,04-AUG-2026 04:39:40 PM,09:00,Present,SHJ-HRB-L03-D040 LOBBY ENTRY,AUH-TWR-L01-D002 EXIT,,
OB60845,PT117645,AHMED NABIL SAMIR,OUTSOURCE,eMinds,SMB-41984,20085-SMB-SALES-CW41984,48 Hours Weekly,SMB DIGITAL BACK OFFICE,05-AUG-2026,Wednesday,05-AUG-2026 09:54:30 AM,05-AUG-2026 06:55:30 PM,09:01,Present,AUH-TWR-L01-D002 ENTRY,SHJ-MSCP-GF-GATE04-TS EXIT EXIT,,
OB60845,PT117645,AHMED NABIL SAMIR,OUTSOURCE,eMinds,SMB-41984,20085-SMB-SALES-CW41984,48 Hours Weekly,SMB DIGITAL BACK OFFICE,06-AUG-2026,Thursday,,,,Annual Leave,,,,
OB60845,PT117645,AHMED NABIL SAMIR  ,OUTSOURCE,eMinds,SMB-41984,20085-SMB-SALES-CW41984,48 Hours Weekly,SMB DIGITAL BACK OFFICE,07-AUG-2026,Friday,07-AUG-2026 07:15:14 AM,07-AUG-2026 04:51:14 PM,09:36,Present,DXB-HQ-GF-GATE01 ENTRY,AUH-TWR-L01-D002 EXIT,,
OB60845,PT117645,AHMED NABIL SAMIR,OUTSOURCE,eMinds,SMB-41984,20085-SMB-SALES-CW41984,48 Hours Weekly,SMB DIGITAL BACK OFFICE,08-AUG-2026,Saturday,,,,Weekly Off,,,,
OB60845,PT117645,AHMED NABIL SAMIR  ,OUTSOURCE,eMinds,SMB-41984,20085-SMB-SALES-CW41984,48 Hours Weekly,SMB DIGITAL BACK OFFICE,09-AUG-2026,Sunday,,,,Weekly Off,,,,
OB60845,PT117645,AHMED NABIL SAMIR,OUTSOURCE,eMinds,SMB-41984,20085-SMB-SALES-CW41984,48 Hours Weekly,SMB DIGITAL BACK OFFICE,10-AUG-2026,Monday,10-AUG-2026 08:32:10 AM,10-AUG-2026 07:30:10 PM,10:58,Present,AUH-TWR-L01-D002 ENTRY,DXB-HQ-GF-GATE01 EXIT,,
OB60845,PT117645,AHMED NABIL SAMIR,OUTSOURCE,eMinds,SMB-41984,20085-SMB-SALES-CW41984,48 Hours Weekly,SMB DIGITAL BACK OFFICE,11-AUG-2026,Tuesday,11-AUG-2026 07:04:27 AM,11-AUG-2026 04:55:27 PM,09:51,Present,DXB-HQ-GF-GATE01 ENTRY,AUH-TWR-L01-D002 EXIT,,
OB60845,PT117645,AHMED NABIL SAMIR,OUTSOURCE,eMinds,SMB-41984,20085-SMB-SALES-CW41984,48 Hours Weekly,SMB DIGITAL BACK OFFICE,12-AUG-2026,Wednesday,12-AUG-2026 07:57:50 AM,12-AUG-2026 05:18:50 PM,09:21,Present,AUH-TWR-L01-D002 ENTRY,SHJ-MSCP-GF-GATE04-TS EXIT EXIT,,
OB60845,PT117645,AHMED NABIL SAMIR,OUTSOURCE,eMinds,SMB-41984,20085-SMB-SALES-CW41984,48 Hours Weekly,SMB DIGITAL BACK OFFICE,13-AUG-2026,Thursday,13-AUG-2026 08:58:11 AM,13-AUG-2026 06:33:11 PM,09:35,Present,AUH-TWR-L01-D002 ENTRY,DXB-HQ-GF-GATE01 EXIT,,
OB60845,PT117645,AHMED NABIL SAMIR,OUTSOURCE,eMinds,SMB-41984,20085-SMB-SALES-CW41984,48 Hours Weekly,SMB DIGITAL BACK OFFICE,14-AUG-2026,Friday,14-AUG-2026 07:22:38 AM,14-AUG-2026 03:55:38 PM,08:33,Present,SHJ-HRB-L03-D040 LOBBY ENTRY,SHJ-MSCP-GF-GATE04-TS EXIT EXIT,,
OB60845,PT117645,AHMED NABIL SAMIR,OUTSOURCE,eMinds,SMB-41984,20085-SMB-SALES-CW41984,48 Hours Weekly,SMB DIGITAL BACK OFFICE,15-AUG-2026,Saturday,,,,Weekly Off,,,,
OB60845,PT117645,AHMED NABIL SAMIR,OUTSOURCE,eMinds,SMB-41984,20085-SMB-SALES-CW41984,48 Hours Weekly,SMB DIGITAL BACK OFFICE,16-AUG-2026,Sunday,,,,Weekly Off,,,,
OB60845,PT117645,AHMED NABIL SAMIR,OUTSOURCE,eMinds,SMB-41984,20085-SMB-SALES-CW41984,48 Hours Weekly,SMB DIGITAL BACK OFFICE,17-AUG-2026,Monday,17-AUG-2026 08:46:28 AM,17-AUG-2026 06:34:28 PM,09:48,Present,DXB-HQ-GF-GATE01 ENTRY,DXB-HQ-GF-GATE01 EXIT,,
OB60845,PT117645,AHMED NABIL SAMIR,OUTSOURCE,eMinds,SMB-41984,20085-SMB-SALES-CW41984,48 Hours Weekly,SMB DIGITAL BACK OFFICE,18-AUG-2026,Tuesday,18-AUG-2026 08:19:12 AM,18-AUG-2026 05:31:12 PM,09:12,Present,DXB-HQ-GF-GATE01 ENTRY,AUH-TWR-L01-D002 EXIT,,
OB60845,PT117645,AHMED NABIL SAMIR,OUTSOURCE,eMinds,SMB-41984,20085-SMB-SALES-CW41984,48 Hours Weekly,SMB DIGITAL BACK OFFICE,19-AUG-2026,Wednesday,19-AUG-2026 09:31:10 AM,19-AUG-2026 08:26:10 PM,10:55,Present,DXB-HQ-GF-GATE01 ENTRY,DXB-HQ-GF-GATE01 EXIT,,
OB60845,PT117645,AHMED NABIL SAMIR  ,OUTSOURCE,eMinds,SMB-41984,20085-SMB-SALES-CW41984,48 Hours Weekly,SMB DIGITAL BACK OFFICE,20-AUG-2026,Thursday,20-AUG-2026 08:14:57 AM,20-AUG-2026 07:09:57 PM,10:55,Present,SHJ-HRB-L03-D040 LOBBY ENTRY,AUH-TWR-L01-D002 EXIT,,
OB60845,PT117645,AHMED NABIL SAMIR,OUTSOURCE,eMinds,SMB-41984,20085-SMB-SALES-CW41984,48 Hours Weekly,SMB DIGITAL BACK OFFICE,21-AUG-2026,Friday,21-AUG-2026 07:48:51 AM,21-AUG-2026 05:05:51 PM,09:17,Present,AUH-TWR-L01-D002 ENTRY,DXB-HQ-GF-GATE01 EXIT,,
OB60845,PT117645,AHMED NABIL SAMIR  ,OUTSOURCE,eMinds,SMB-41984,20085-SMB-SALES-CW41984,48 Hours Weekly,SMB DIGITAL BACK OFFICE,22-AUG-2026,Saturday,,,,Weekly Off,,,,
OB60845,PT117645,AHMED NABIL SAMIR,OUTSOURCE,eMinds,SMB-41984,20085-SMB-SALES-CW41984,48 Hours Weekly,SMB DIGITAL BACK OFFICE,23-AUG-2026,Sunday,,,,Weekly Off,,,,
OB60845,PT117645,AHMED NABIL SAMIR,OUTSOURCE,eMinds,SMB-41984,20085-SMB-SALES-CW41984,48 Hours Weekly,SMB DIGITAL BACK OFFICE,24-AUG-2026,Monday,24-AUG-2026 07:40:01 AM,24-AUG-2026 04:16:01 PM,08:36,Present,DXB-HQ-GF-GATE01 ENTRY,AUH-TWR-L01-D002 EXIT,,
OB60845,PT117645,AHMED NABIL SAMIR,OUTSOURCE,eMinds,SMB-41984,20085-SMB-SALES-CW41984,48 Hours Weekly,SMB DIGITAL BACK OFFICE,25-AUG-2026,Tuesday,25-AUG-2026 07:30:26 AM,25-AUG-2026 04:48:26 PM,09:18,Present,AUH-TWR-L01-D002 ENTRY,AUH-TWR-L01-D002 EXIT,,
OB60845,PT117645,AHMED NABIL SAMIR,OUTSOURCE,eMinds,SMB-41984,20085-SMB-SALES-CW41984,48 Hours Weekly,SMB DIGITAL BACK OFFICE,26-AUG-2026,Wednesday,26-AUG-2026 07:23:16 AM,26-AUG-2026 05:32:16 PM,10:09,Present,AUH-TWR-L01-D002 ENTRY,SHJ-MSCP-GF-GATE04-TS EXIT EXIT,,
OB60845,PT117645,AHMED NABIL SAMIR,OUTSOURCE,eMinds,SMB-41984,20085-SMB-SALES-CW41984,48 Hours Weekly,SMB DIGITAL BACK OFFICE,27-AUG-2026,Thursday,,,,Annual Leave,,,,
OB60845,PT117645,AHMED NABIL SAMIR  ,OUTSOURCE,eMinds,SMB-41984,20085-SMB-SALES-CW41984,48 Hours Weekly,SMB DIGITAL BACK OFFICE,28-AUG-2026,Friday,28-AUG-2026 07:58:06 AM,28-AUG-2026 05:07:06 PM,09:09,Present,AUH-TWR-L01-D002 ENTRY,SHJ-MSCP-GF-GATE04-TS EXIT EXIT,,
OB60845,PT117645,AHMED NABIL SAMIR,OUTSOURCE,eMinds,SMB-41984,20085-SMB-SALES-CW41984,48 Hours Weekly,SMB DIGITAL BACK OFFICE,29-AUG-2026,Saturday,,,,Weekly Off,,,,
OB60845,PT117645,AHMED NABIL SAMIR  ,OUTSOURCE,eMinds,SMB-41984,20085-SMB-SALES-CW41984,48 Hours Weekly,SMB DIGITAL BACK OFFICE,30-AUG-2026,Sunday,,,,Weekly Off,,,,
OB60845,PT117645,AHMED NABIL SAMIR,OUTSOURCE,eMinds,SMB-41984,20085-SMB-SALES-CW41984,48 Hours Weekly,SMB DIGITAL BACK OFFICE,31-AUG-2026,Monday,31-AUG-2026 08:58:04 AM,31-AUG-2026 06:29:04 PM,09:31,Present,AUH-TWR-L01-D002 ENTRY,SHJ-MSCP-GF-GATE04-TS EXIT EXIT,,
OB60846,PT117646,FATIMA NABIL FAWZY,OUTSOURCE,eMinds,SMB-41985,20085-SMB-SALES-CW41985,48 Hours Weekly,SMB-PRIME&BD-KAM-1,01-AUG-2026,Saturday,,,,Weekly Off,,,,
OB60846,PT117646,FATIMA NABIL FAWZY,OUTSOURCE,eMinds,SMB-41985,20085-SMB-SALES-CW41985,48 Hours Weekly,SMB-PRIME&BD-KAM-1,02-AUG-2026,Sunday,,,,Weekly Off,,,,
OB60846,PT117646,FATIMA NABIL FAWZY,OUTSOURCE,eMinds,SMB-41985,20085-SMB-SALES-CW41985,48 Hours Weekly,SMB-PRIME&BD-KAM-1,03-AUG-2026,Monday,03-AUG-2026 07:58:39 AM,03-AUG-2026 05:11:39 PM,09:13,Present,AUH-TWR-L01-D002 ENTRY,DXB-HQ-GF-GATE01 EXIT,,
OB60846,PT117646,FATIMA NABIL FAWZY,OUTSOURCE,eMinds,SMB-41985,20085-SMB-SALES-CW41985,48 Hours Weekly,SMB-PRIME&BD-KAM-1,04-AUG-2026,Tuesday,04-AUG-2026 08:10:10 AM,04-AUG-2026 06:44:10 PM,10:34,Present,AUH-TWR-L01-D002 ENTRY,DXB-HQ-GF-GATE01 EXIT,,
OB60846,PT117646,FATIMA NABIL FAWZY,OUTSOURCE,eMinds,SMB-41985,20085-SMB-SALES-CW41985,48 Hours Weekly,SMB-PRIME&BD-KAM-1,05-AUG-2026,Wednesday,05-AUG-2026 08:58:44 AM,05-AUG-2026 06:48:44 PM,09:50,Present,DXB-HQ-GF-GATE01 ENTRY,SHJ-MSCP-GF-GATE04-TS EXIT EXIT,,
OB60846,PT117646,FATIMA NABIL FAWZY  ,OUTSOURCE,eMinds,SMB-41985,20085-SMB-SALES-CW41985,48 Hours Weekly,SMB-PRIME&BD-KAM-1,06-AUG-2026,Thursday,06-AUG-2026 07:50:10 AM,06-AUG-2026 05:17:10 PM,09:27,Present,DXB-HQ-GF-GATE01 ENTRY,DXB-HQ-GF-GATE01 EXIT,,
OB60846,PT117646,FATIMA NABIL FAWZY  ,OUTSOURCE,eMinds,SMB-41985,20085-SMB-SALES-CW41985,48 Hours Weekly,SMB-PRIME&BD-KAM-1,07-AUG-2026,Friday,07-AUG-2026 07:25:20 AM,07-AUG-2026 03:27:20 PM,08:02,Present,AUH-TWR-L01-D002 ENTRY,SHJ-MSCP-GF-GATE04-TS EXIT EXIT,,
OB60846,PT117646,FATIMA NABIL FAWZY,OUTSOURCE,eMinds,SMB-41985,20085-SMB-SALES-CW41985,48 Hours Weekly,SMB-PRIME&BD-KAM-1,08-AUG-2026,Saturday,,,,Weekly Off,,,,
OB60846,PT117646,FATIMA NABIL FAWZY,OUTSOURCE,eMinds,SMB-41985,20085-SMB-SALES-CW41985,48 Hours Weekly,SMB-PRIME&BD-KAM-1,09-AUG-2026,Sunday,,,,Weekly Off,,,,
OB60846,PT117646,FATIMA NABIL FAWZY,OUTSOURCE,eMinds,SMB-41985,20085-SMB-SALES-CW41985,48 Hours Weekly,SMB-PRIME&BD-KAM-1,10-AUG-2026,Monday,10-AUG-2026 08:19:53 AM,10-AUG-2026 05:45:53 PM,09:26,Present,DXB-HQ-GF-GATE01 ENTRY,DXB-HQ-GF-GATE01 EXIT,,
OB60846,PT117646,FATIMA NABIL FAWZY,OUTSOURCE,eMinds,SMB-41985,20085-SMB-SALES-CW41985,48 Hours Weekly,SMB-PRIME&BD-KAM-1,11-AUG-2026,Tuesday,11-AUG-2026 09:31:15 AM,11-AUG-2026 06:51:15 PM,09:20,Present,AUH-TWR-L01-D002 ENTRY,DXB-HQ-GF-GATE01 EXIT,,
OB60846,PT117646,FATIMA NABIL FAWZY,OUTSOURCE,eMinds,SMB-41985,20085-SMB-SALES-CW41985,48 Hours Weekly,SMB-PRIME&BD-KAM-1,12-AUG-2026,Wednesday,12-AUG-2026 07:07:25 AM,12-AUG-2026 05:38:25 PM,10:31,Present,AUH-TWR-L01-D002 ENTRY,SHJ-MSCP-GF-GATE04-TS EXIT EXIT,,
OB60846,PT117646,FATIMA NABIL FAWZY  ,OUTSOURCE,eMinds,SMB-41985,20085-SMB-SALES-CW41985,48 Hours Weekly,SMB-PRIME&BD-KAM-1,13-AUG-2026,Thursday,13-AUG-2026 08:23:51 AM,13-AUG-2026 05:59:51 PM,09:36,Present,SHJ-HRB-L03-D040 LOBBY ENTRY,AUH-TWR-L01-D002 EXIT,,
OB60846,PT117646,FATIMA NABIL FAWZY,OUTSOURCE,eMinds,SMB-41985,20085-SMB-SALES-CW41985,48 Hours Weekly,SMB-PRIME&BD-KAM-1,14-AUG-2026,Friday,14-AUG-2026 09:01:17 AM,14-AUG-2026 06:55:17 PM,09:54,Present,AUH-TWR-L01-D002 ENTRY,SHJ-MSCP-GF-GATE04-TS EXIT EXIT,,
OB60846,PT117646,FATIMA NABIL FAWZY,OUTSOURCE,eMinds,SMB-41985,20085-SMB-SALES-CW41985,48 Hours Weekly,SMB-PRIME&BD-KAM-1,15-AUG-2026,Saturday,,,,Weekly Off,,,,
OB60846,PT117646,FATIMA NABIL FAWZY,OUTSOURCE,eMinds,SMB-41985,20085-SMB-SALES-CW41985,48 Hours Weekly,SMB-PRIME&BD-KAM-1,16-AUG-2026,Sunday,,,,Weekly Off,,,,
OB60846,PT117646,FATIMA NABIL FAWZY,OUTSOURCE,eMinds,SMB-41985,20085-SMB-SALES-CW41985,48 Hours Weekly,SMB-PRIME&BD-KAM-1,17-AUG-2026,Monday,17-AUG-2026 08:35:44 AM,17-AUG-2026 05:56:44 PM,09:21,Present,AUH-TWR-L01-D002 ENTRY,SHJ-MSCP-GF-GATE04-TS EXIT EXIT,,
OB60846,PT117646,FATIMA NABIL FAWZY,OUTSOURCE,eMinds,SMB-41985,20085-SMB-SALES-CW41985,48 Hours Weekly,SMB-PRIME&BD-KAM-1,18-AUG-2026,Tuesday,18-AUG-2026 07:01:59 AM,18-AUG-2026 04:15:59 PM,09:14,Present,AUH-TWR-L01-D002 ENTRY,SHJ-MSCP-GF-GATE04-TS EXIT EXIT,,
OB60846,PT117646,FATIMA NABIL FAWZY,OUTSOURCE,eMinds,SMB-41985,20085-SMB-SALES-CW41985,48 Hours Weekly,SMB-PRIME&BD-KAM-1,19-AUG-2026,Wednesday,,,,Annual Leave,,,,
OB60846,PT117646,FATIMA NABIL FAWZY,OUTSOURCE,eMinds,SMB-41985,20085-SMB-SALES-CW41985,48 Hours Weekly,SMB-PRIME&BD-KAM-1,20-AUG-2026,Thursday,20-AUG-2026 07:09:18 AM,20-AUG-2026 05:08:18 PM,09:59,Present,AUH-TWR-L01-D002 ENTRY,DXB-HQ-GF-GATE01 EXIT,,
OB60846,PT117646,FATIMA NABIL FAWZY,OUTSOURCE,eMinds,SMB-41985,20085-SMB-SALES-CW41985,48 Hours Weekly,SMB-PRIME&BD-KAM-1,21-AUG-2026,Friday,21-AUG-2026 08:10:03 AM,21-AUG-2026 05:24:03 PM,09:14,Present,SHJ-HRB-L03-D040 LOBBY ENTRY,DXB-HQ-GF-GATE01 EXIT,,
OB60846,PT117646,FATIMA NABIL FAWZY  ,OUTSOURCE,eMinds,SMB-41985,20085-SMB-SALES-CW41985,48 Hours Weekly,SMB-PRIME&BD-KAM-1,22-AUG-2026,Saturday,,,,Weekly Off,,,,
OB60846,PT117646,FATIMA NABIL FAWZY,OUTSOURCE,eMinds,SMB-41985,20085-SMB-SALES-CW41985,48 Hours Weekly,SMB-PRIME&BD-KAM-1,23-AUG-2026,Sunday,,,,Weekly Off,,,,
OB60846,PT117646,FATIMA NABIL FAWZY,OUTSOURCE,eMinds,SMB-41985,20085-SMB-SALES-CW41985,48 Hours Weekly,SMB-PRIME&BD-KAM-1,24-AUG-2026,Monday,24-AUG-2026 07:52:01 AM,24-AUG-2026 05:37:01 PM,09:45,Present,DXB-HQ-GF-GATE01 ENTRY,AUH-TWR-L01-D002 EXIT,,
OB60846,PT117646,FATIMA NABIL FAWZY  ,OUTSOURCE,eMinds,SMB-41985,20085-SMB-SALES-CW41985,48 Hours Weekly,SMB-PRIME&BD-KAM-1,25-AUG-2026,Tuesday,25-AUG-2026 07:51:37 AM,25-AUG-2026 05:31:37 PM,09:40,Present,SHJ-HRB-L03-D040 LOBBY ENTRY,SHJ-MSCP-GF-GATE04-TS EXIT EXIT,,
OB60846,PT117646,FATIMA NABIL FAWZY,OUTSOURCE,eMinds,SMB-41985,20085-SMB-SALES-CW41985,48 Hours Weekly,SMB-PRIME&BD-KAM-1,26-AUG-2026,Wednesday,26-AUG-2026 08:21:25 AM,26-AUG-2026 05:25:25 PM,09:04,Present,DXB-HQ-GF-GATE01 ENTRY,DXB-HQ-GF-GATE01 EXIT,,
OB60846,PT117646,FATIMA NABIL FAWZY,OUTSOURCE,eMinds,SMB-41985,20085-SMB-SALES-CW41985,48 Hours Weekly,SMB-PRIME&BD-KAM-1,27-AUG-2026,Thursday,27-AUG-2026 07:20:14 AM,27-AUG-2026 06:11:14 PM,10:51,Present,AUH-TWR-L01-D002 ENTRY,SHJ-MSCP-GF-GATE04-TS EXIT EXIT,,
OB60846,PT117646,FATIMA NABIL FAWZY,OUTSOURCE,eMinds,SMB-41985,20085-SMB-SALES-CW41985,48 Hours Weekly,SMB-PRIME&BD-KAM-1,28-AUG-2026,Friday,28-AUG-2026 07:52:46 AM,,,Present,SHJ-HRB-L03-D040 LOBBY ENTRY,,,
OB60846,PT117646,FATIMA NABIL FAWZY,OUTSOURCE,eMinds,SMB-41985,20085-SMB-SALES-CW41985,48 Hours Weekly,SMB-PRIME&BD-KAM-1,29-AUG-2026,Saturday,,,,Weekly Off,,,,
OB60846,PT117646,FATIMA NABIL FAWZY,OUTSOURCE,eMinds,SMB-41985,20085-SMB-SALES-CW41985,48 Hours Weekly,SMB-PRIME&BD-KAM-1,30-AUG-2026,Sunday,,,,Weekly Off,,,,
OB60846,PT117646,FATIMA NABIL FAWZY,OUTSOURCE,eMinds,SMB-41985,20085-SMB-SALES-CW41985,48 Hours Weekly,SMB-PRIME&BD-KAM-1,31-AUG-2026,Monday,31-AUG-2026 07:39:45 AM,31-AUG-2026 04:46:45 PM,09:07,Present,DXB-HQ-GF-GATE01 ENTRY,DXB-HQ-GF-GATE01 EXIT,,
OB60847,PT117647,MARIAM NABIL ABDALLA,OUTSOURCE,eMinds,CONSUMER-22011,20090-CONS-RETAIL-CW22011,45 Hours Weekly,SMB-GENERAL SHIFT,01-AUG-2026,Saturday,,,,Weekly Off,,,,
OB60847,PT117647,MARIAM NABIL ABDALLA  ,OUTSOURCE,eMinds,CONSUMER-22011,20090-CONS-RETAIL-CW22011,45 Hours Weekly,SMB-GENERAL SHIFT,02-AUG-2026,Sunday,,,,Weekly Off,,,,
OB60847,PT117647,MARIAM NABIL ABDALLA  ,OUTSOURCE,eMinds,CONSUMER-22011,20090-CONS-RETAIL-CW22011,45 Hours Weekly,SMB-GENERAL SHIFT,03-AUG-2026,Monday,03-AUG-2026 08:51:14 AM,03-AUG-2026 06:23:14 PM,09:32,Present,DXB-HQ-GF-GATE01 ENTRY,DXB-HQ-GF-GATE01 EXIT,,
OB60847,PT117647,MARIAM NABIL ABDALLA  ,OUTSOURCE,eMinds,CONSUMER-22011,20090-CONS-RETAIL-CW22011,45 Hours Weekly,SMB-GENERAL SHIFT,04-AUG-2026,Tuesday,04-AUG-2026 08:07:47 AM,04-AUG-2026 05:15:47 PM,09:08,Present,AUH-TWR-L01-D002 ENTRY,AUH-TWR-L01-D002 EXIT,,
OB60847,PT117647,MARIAM NABIL ABDALLA  ,OUTSOURCE,eMinds,CONSUMER-22011,20090-CONS-RETAIL-CW22011,45 Hours Weekly,SMB-GENERAL SHIFT,05-AUG-2026,Wednesday,05-AUG-2026 08:15:20 AM,05-AUG-2026 05:15:20 PM,09:00,Present,DXB-HQ-GF-GATE01 ENTRY,SHJ-MSCP-GF-GATE04-TS EXIT EXIT,,
OB60847,PT117647,MARIAM NABIL ABDALLA,OUTSOURCE,eMinds,CONSUMER-22011,20090-CONS-RETAIL-CW22011,45 Hours Weekly,SMB-GENERAL SHIFT,06-AUG-2026,Thursday,06-AUG-2026 08:09:03 AM,06-AUG-2026 05:47:03 PM,09:38,Present,DXB-HQ-GF-GATE01 ENTRY,AUH-TWR-L01-D002 EXIT,,
OB60847,PT117647,MARIAM NABIL ABDALLA,OUTSOURCE,eMinds,CONSUMER-22011,20090-CONS-RETAIL-CW22011,45 Hours Weekly,SMB-GENERAL SHIFT,07-AUG-2026,Friday,07-AUG-2026 09:28:29 AM,07-AUG-2026 05:47:29 PM,08:19,Present,DXB-HQ-GF-GATE01 ENTRY,SHJ-MSCP-GF-GATE04-TS EXIT EXIT,,
OB60847,PT117647,MARIAM NABIL ABDALLA,OUTSOURCE,eMinds,CONSUMER-22011,20090-CONS-RETAIL-CW22011,45 Hours Weekly,SMB-GENERAL SHIFT,08-AUG-2026,Saturday,,,,Weekly Off,,,,
OB60847,PT117647,MARIAM NABIL ABDALLA,OUTSOURCE,eMinds,CONSUMER-22011,20090-CONS-RETAIL-CW22011,45 Hours Weekly,SMB-GENERAL SHIFT,09-AUG-2026,Sunday,,,,Weekly Off,,,,
OB60847,PT117647,MARIAM NABIL ABDALLA,OUTSOURCE,eMinds,CONSUMER-22011,20090-CONS-RETAIL-CW22011,45 Hours Weekly,SMB-GENERAL SHIFT,10-AUG-2026,Monday,10-AUG-2026 09:02:06 AM,10-AUG-2026 05:07:06 PM,08:05,Present,DXB-HQ-GF-GATE01 ENTRY,AUH-TWR-L01-D002 EXIT,,
OB60847,PT117647,MARIAM NABIL ABDALLA,OUTSOURCE,eMinds,CONSUMER-22011,20090-CONS-RETAIL-CW22011,45 Hours Weekly,SMB-GENERAL SHIFT,11-AUG-2026,Tuesday,11-AUG-2026 07:46:13 AM,11-AUG-2026 05:55:13 PM,10:09,Present,AUH-TWR-L01-D002 ENTRY,AUH-TWR-L01-D002 EXIT,,
OB60847,PT117647,MARIAM NABIL ABDALLA,OUTSOURCE,eMinds,CONSUMER-22011,20090-CONS-RETAIL-CW22011,45 Hours Weekly,SMB-GENERAL SHIFT,12-AUG-2026,Wednesday,12-AUG-2026 09:13:02 AM,12-AUG-2026 07:04:02 PM,09:51,Present,SHJ-HRB-L03-D040 LOBBY ENTRY,DXB-HQ-GF-GATE01 EXIT,,
OB60847,PT117647,MARIAM NABIL ABDALLA,OUTSOURCE,eMinds,CONSUMER-22011,20090-CONS-RETAIL-CW22011,45 Hours Weekly,SMB-GENERAL SHIFT,13-AUG-2026,Thursday,13-AUG-2026 09:33:07 AM,13-AUG-2026 07:05:07 PM,09:32,Present,DXB-HQ-GF-GATE01 ENTRY,SHJ-MSCP-GF-GATE04-TS EXIT EXIT,,
OB60847,PT117647,MARIAM NABIL ABDALLA,OUTSOURCE,eMinds,CONSUMER-22011,20090-CONS-RETAIL-CW22011,45 Hours Weekly,SMB-GENERAL SHIFT,14-AUG-2026,Friday,14-AUG-2026 08:59:26 AM,14-AUG-2026 07:01:26 PM,10:02,Present,AUH-TWR-L01-D002 ENTRY,AUH-TWR-L01-D002 EXIT,,
OB60847,PT117647,MARIAM NABIL ABDALLA,OUTSOURCE,eMinds,CONSUMER-22011,20090-CONS-RETAIL-CW22011,45 Hours Weekly,SMB-GENERAL SHIFT,15-AUG-2026,Saturday,,,,Weekly Off,,,,
OB60847,PT117647,MARIAM NABIL ABDALLA,OUTSOURCE,eMinds,CONSUMER-22011,20090-CONS-RETAIL-CW22011,45 Hours Weekly,SMB-GENERAL SHIFT,16-AUG-2026,Sunday,,,,Weekly Off,,,,
OB60847,PT117647,MARIAM NABIL ABDALLA  ,OUTSOURCE,eMinds,CONSUMER-22011,20090-CONS-RETAIL-CW22011,45 Hours Weekly,SMB-GENERAL SHIFT,17-AUG-2026,Monday,17-AUG-2026 09:48:10 AM,17-AUG-2026 07:18:10 PM,09:30,Present,DXB-HQ-GF-GATE01 ENTRY,SHJ-MSCP-GF-GATE04-TS EXIT EXIT,,
OB60847,PT117647,MARIAM NABIL ABDALLA,OUTSOURCE,eMinds,CONSUMER-22011,20090-CONS-RETAIL-CW22011,45 Hours Weekly,SMB-GENERAL SHIFT,18-AUG-2026,Tuesday,18-AUG-2026 07:52:00 AM,18-AUG-2026 05:59:00 PM,10:07,Present,DXB-HQ-GF-GATE01 ENTRY,DXB-HQ-GF-GATE01 EXIT,,
OB60847,PT117647,MARIAM NABIL ABDALLA,OUTSOURCE,eMinds,CONSUMER-22011,20090-CONS-RETAIL-CW22011,45 Hours Weekly,SMB-GENERAL SHIFT,19-AUG-2026,Wednesday,19-AUG-2026 07:29:13 AM,19-AUG-2026 04:55:13 PM,09:26,Present,SHJ-HRB-L03-D040 LOBBY ENTRY,AUH-TWR-L01-D002 EXIT,,
OB60847,PT117647,MARIAM NABIL ABDALLA,OUTSOURCE,eMinds,CONSUMER-22011,20090-CONS-RETAIL-CW22011,45 Hours Weekly,SMB-GENERAL SHIFT,20-AUG-2026,Thursday,20-AUG-2026 07:34:14 AM,20-AUG-2026 04:23:14 PM,08:49,Present,AUH-TWR-L01-D002 ENTRY,AUH-TWR-L01-D002 EXIT,,
OB60847,PT117647,MARIAM NABIL ABDALLA,OUTSOURCE,eMinds,CONSUMER-22011,20090-CONS-RETAIL-CW22011,45 Hours Weekly,SMB-GENERAL SHIFT,21-AUG-2026,Friday,21-AUG-2026 09:23:06 AM,21-AUG-2026 06:45:06 PM,09:22,Present,SHJ-HRB-L03-D040 LOBBY ENTRY,DXB-HQ-GF-GATE01 EXIT,,
OB60847,PT117647,MARIAM NABIL ABDALLA,OUTSOURCE,eMinds,CONSUMER-22011,20090-CONS-RETAIL-CW22011,45 Hours Weekly,SMB-GENERAL SHIFT,22-AUG-2026,Saturday,,,,Weekly Off,,,,
OB60847,PT117647,MARIAM NABIL ABDALLA  ,OUTSOURCE,eMinds,CONSUMER-22011,20090-CONS-RETAIL-CW22011,45 Hours Weekly,SMB-GENERAL SHIFT,23-AUG-2026,Sunday,,,,Weekly Off,,,,
OB60847,PT117647,MARIAM NABIL ABDALLA,OUTSOURCE,eMinds,CONSUMER-22011,20090-CONS-RETAIL-CW22011,45 Hours Weekly,SMB-GENERAL SHIFT,24-AUG-2026,Monday,24-AUG-2026 08:36:02 AM,24-AUG-2026 06:00:02 PM,09:24,Present,DXB-HQ-GF-GATE01 ENTRY,DXB-HQ-GF-GATE01 EXIT,,
OB60847,PT117647,MARIAM NABIL ABDALLA,OUTSOURCE,eMinds,CONSUMER-22011,20090-CONS-RETAIL-CW22011,45 Hours Weekly,SMB-GENERAL SHIFT,25-AUG-2026,Tuesday,,,,Sick Leave,,,,
OB60847,PT117647,MARIAM NABIL ABDALLA,OUTSOURCE,eMinds,CONSUMER-22011,20090-CONS-RETAIL-CW22011,45 Hours Weekly,SMB-GENERAL SHIFT,26-AUG-2026,Wednesday,,,,Present,,,,
OB60847,PT117647,MARIAM NABIL ABDALLA,OUTSOURCE,eMinds,CONSUMER-22011,20090-CONS-RETAIL-CW22011,45 Hours Weekly,SMB-GENERAL SHIFT,27-AUG-2026,Thursday,27-AUG-2026 08:13:19 AM,27-AUG-2026 06:12:19 PM,09:59,Present,AUH-TWR-L01-D002 ENTRY,AUH-TWR-L01-D002 EXIT,,
OB60847,PT117647,MARIAM NABIL ABDALLA,OUTSOURCE,eMinds,CONSUMER-22011,20090-CONS-RETAIL-CW22011,45 Hours Weekly,SMB-GENERAL SHIFT,28-AUG-2026,Friday,,28-AUG-2026 06:45:09 PM,,Present,,DXB-HQ-GF-GATE01 EXIT,,
OB60847,PT117647,MARIAM NABIL ABDALLA,OUTSOURCE,eMinds,CONSUMER-22011,20090-CONS-RETAIL-CW22011,45 Hours Weekly,SMB-GENERAL SHIFT,29-AUG-2026,Saturday,,,,Weekly Off,,,,
OB60847,PT117647,MARIAM NABIL ABDALLA,OUTSOURCE,eMinds,CONSUMER-22011,20090-CONS-RETAIL-CW22011,45 Hours Weekly,SMB-GENERAL SHIFT,30-AUG-2026,Sunday,,,,Weekly Off,,,,
OB60847,PT117647,MARIAM NABIL ABDALLA,OUTSOURCE,eMinds,CONSUMER-22011,20090-CONS-RETAIL-CW22011,45 Hours Weekly,SMB-GENERAL SHIFT,31-AUG-2026,Monday,31-AUG-2026 08:45:30 AM,31-AUG-2026 06:35:30 PM,09:50,Present,SHJ-HRB-L03-D040 LOBBY ENTRY,DXB-HQ-GF-GATE01 EXIT,,
OB60848,PT117648,FATIMA HASSAN MAHMOUD,OUTSOURCE,Etisalat Services,ENTERPRISE-30510,20110-ENT-SUPPORT-CW30510,40 Hours Weekly,SMB-Elite Business,01-AUG-2026,Saturday,,,,Weekly Off,,,,
OB60848,PT117648,FATIMA HASSAN MAHMOUD,OUTSOURCE,Etisalat Services,ENTERPRISE-30510,20110-ENT-SUPPORT-CW30510,40 Hours Weekly,SMB-Elite Business,02-AUG-2026,Sunday,,,,Weekly Off,,,,
OB60848,PT117648,FATIMA HASSAN MAHMOUD,OUTSOURCE,Etisalat Services,ENTERPRISE-30510,20110-ENT-SUPPORT-CW30510,40 Hours Weekly,SMB-Elite Business,03-AUG-2026,Monday,03-AUG-2026 07:53:26 AM,03-AUG-2026 04:16:26 PM,08:23,Present,SHJ-HRB-L03-D040 LOBBY ENTRY,SHJ-MSCP-GF-GATE04-TS EXIT EXIT,,
OB60848,PT117648,FATIMA HASSAN MAHMOUD,OUTSOURCE,Etisalat Services,ENTERPRISE-30510,20110-ENT-SUPPORT-CW30510,40 Hours Weekly,SMB-Elite Business,04-AUG-2026,Tuesday,04-AUG-2026 07:16:42 AM,04-AUG-2026 03:24:42 PM,08:08,Present,DXB-HQ-GF-GATE01 ENTRY,DXB-HQ-GF-GATE01 EXIT,,
OB60848,PT117648,FATIMA HASSAN MAHMOUD,OUTSOURCE,Etisalat Services,ENTERPRISE-30510,20110-ENT-SUPPORT-CW30510,40 Hours Weekly,SMB-Elite Business,05-AUG-2026,Wednesday,05-AUG-2026 07:21:18 AM,05-AUG-2026 05:23:18 PM,10:02,Present,SHJ-HRB-L03-D040 LOBBY ENTRY,AUH-TWR-L01-D002 EXIT,,
OB60848,PT117648,FATIMA HASSAN MAHMOUD,OUTSOURCE,Etisalat Services,ENTERPRISE-30510,20110-ENT-SUPPORT-CW30510,40 Hours Weekly,SMB-Elite Business,06-AUG-2026,Thursday,06-AUG-2026 09:53:13 AM,06-AUG-2026 08:47:13 PM,10:54,Present,SHJ-HRB-L03-D040 LOBBY ENTRY,AUH-TWR-L01-D002 EXIT,,
OB60848,PT117648,FATIMA HASSAN MAHMOUD,OUTSOURCE,Etisalat Services,ENTERPRISE-30510,20110-ENT-SUPPORT-CW30510,40 Hours Weekly,SMB-Elite Business,07-AUG-2026,Friday,07-AUG-2026 07:19:24 AM,07-AUG-2026 03:44:24 PM,08:25,Present,DXB-HQ-GF-GATE01 ENTRY,SHJ-MSCP-GF-GATE04-TS EXIT EXIT,,
OB60848,PT117648,FATIMA HASSAN MAHMOUD,OUTSOURCE,Etisalat Services,ENTERPRISE-30510,20110-ENT-SUPPORT-CW30510,40 Hours Weekly,SMB-Elite Business,08-AUG-2026,Saturday,,,,Weekly Off,,,,
OB60848,PT117648,FATIMA HASSAN MAHMOUD,OUTSOURCE,Etisalat Services,ENTERPRISE-30510,20110-ENT-SUPPORT-CW30510,40 Hours Weekly,SMB-Elite Business,09-AUG-2026,Sunday,,,,Weekly Off,,,,
OB60848,PT117648,FATIMA HASSAN MAHMOUD,OUTSOURCE,Etisalat Services,ENTERPRISE-30510,20110-ENT-SUPPORT-CW30510,40 Hours Weekly,SMB-Elite Business,10-AUG-2026,Monday,,,,Annual Leave,,,,
OB60848,PT117648,FATIMA HASSAN MAHMOUD,OUTSOURCE,Etisalat Services,ENTERPRISE-30510,20110-ENT-SUPPORT-CW30510,40 Hours Weekly,SMB-Elite Business,11-AUG-2026,Tuesday,11-AUG-2026 08:10:39 AM,11-AUG-2026 05:49:39 PM,09:39,Present,DXB-HQ-GF-GATE01 ENTRY,AUH-TWR-L01-D002 EXIT,,
OB60848,PT117648,FATIMA HASSAN MAHMOUD,OUTSOURCE,Etisalat Services,ENTERPRISE-30510,20110-ENT-SUPPORT-CW30510,40 Hours Weekly,SMB-Elite Business,12-AUG-2026,Wednesday,12-AUG-2026 08:06:28 AM,12-AUG-2026 06:42:28 PM,10:36,Present,DXB-HQ-GF-GATE01 ENTRY,DXB-HQ-GF-GATE01 EXIT,,
OB60848,PT117648,FATIMA HASSAN MAHMOUD  ,OUTSOURCE,Etisalat Services,ENTERPRISE-30510,20110-ENT-SUPPORT-CW30510,40 Hours Weekly,SMB-Elite Business,13-AUG-2026,Thursday,13-AUG-2026 07:32:39 AM,13-AUG-2026 05:16:39 PM,09:44,Present,AUH-TWR-L01-D002 ENTRY,DXB-HQ-GF-GATE01 EXIT,,
OB60848,PT117648,FATIMA HASSAN MAHMOUD  ,OUTSOURCE,Etisalat Services,ENTERPRISE-30510,20110-ENT-SUPPORT-CW30510,40 Hours Weekly,SMB-Elite Business,14-AUG-2026,Friday,14-AUG-2026 08:09:28 AM,14-AUG-2026 05:49:28 PM,09:40,Present,SHJ-HRB-L03-D040 LOBBY ENTRY,SHJ-MSCP-GF-GATE04-TS EXIT EXIT,,
OB60848,PT117648,FATIMA HASSAN MAHMOUD  ,OUTSOURCE,Etisalat Services,ENTERPRISE-30510,20110-ENT-SUPPORT-CW30510,40 Hours Weekly,SMB-Elite Business,15-AUG-2026,Saturday,,,,Weekly Off,,,,
OB60848,PT117648,FATIMA HASSAN MAHMOUD,OUTSOURCE,Etisalat Services,ENTERPRISE-30510,20110-ENT-SUPPORT-CW30510,40 Hours Weekly,SMB-Elite Business,16-AUG-2026,Sunday,,,,Weekly Off,,,,
OB60848,PT117648,FATIMA HASSAN MAHMOUD,OUTSOURCE,Etisalat Services,ENTERPRISE-30510,20110-ENT-SUPPORT-CW30510,40 Hours Weekly,SMB-Elite Business,17-AUG-2026,Monday,17-AUG-2026 07:23:24 AM,17-AUG-2026 04:51:24 PM,09:28,Present,SHJ-HRB-L03-D040 LOBBY ENTRY,SHJ-MSCP-GF-GATE04-TS EXIT EXIT,,
OB60848,PT117648,FATIMA HASSAN MAHMOUD,OUTSOURCE,Etisalat Services,ENTERPRISE-30510,20110-ENT-SUPPORT-CW30510,40 Hours Weekly,SMB-Elite Business,18-AUG-2026,Tuesday,18-AUG-2026 08:33:36 AM,18-AUG-2026 05:25:36 PM,08:52,Present,AUH-TWR-L01-D002 ENTRY,SHJ-MSCP-GF-GATE04-TS EXIT EXIT,,
OB60848,PT117648,FATIMA HASSAN MAHMOUD,OUTSOURCE,Etisalat Services,ENTERPRISE-30510,20110-ENT-SUPPORT-CW30510,40 Hours Weekly,SMB-Elite Business,19-AUG-2026,Wednesday,19-AUG-2026 09:56:58 AM,19-AUG-2026 06:17:58 PM,08:21,Present,SHJ-HRB-L03-D040 LOBBY ENTRY,AUH-TWR-L01-D002 EXIT,,
OB60848,PT117648,FATIMA HASSAN MAHMOUD,OUTSOURCE,Etisalat Services,ENTERPRISE-30510,20110-ENT-SUPPORT-CW30510,40 Hours Weekly,SMB-Elite Business,20-AUG-2026,Thursday,20-AUG-2026 07:54:11 AM,20-AUG-2026 05:31:11 PM,09:37,Present,DXB-HQ-GF-GATE01 ENTRY,DXB-HQ-GF-GATE01 EXIT,,
OB60848,PT117648,FATIMA HASSAN MAHMOUD,OUTSOURCE,Etisalat Services,ENTERPRISE-30510,20110-ENT-SUPPORT-CW30510,40 Hours Weekly,SMB-Elite Business,21-AUG-2026,Friday,21-AUG-2026 09:02:37 AM,21-AUG-2026 07:26:37 PM,10:24,Present,DXB-HQ-GF-GATE01 ENTRY,SHJ-MSCP-GF-GATE04-TS EXIT EXIT,,
OB60848,PT117648,FATIMA HASSAN MAHMOUD,OUTSOURCE,Etisalat Services,ENTERPRISE-30510,20110-ENT-SUPPORT-CW30510,40 Hours Weekly,SMB-Elite Business,22-AUG-2026,Saturday,,,,Weekly Off,,,,
OB60848,PT117648,FATIMA HASSAN MAHMOUD,OUTSOURCE,Etisalat Services,ENTERPRISE-30510,20110-ENT-SUPPORT-CW30510,40 Hours Weekly,SMB-Elite Business,23-AUG-2026,Sunday,,,,Weekly Off,,,,
OB60848,PT117648,FATIMA HASSAN MAHMOUD,OUTSOURCE,Etisalat Services,ENTERPRISE-30510,20110-ENT-SUPPORT-CW30510,40 Hours Weekly,SMB-Elite Business,24-AUG-2026,Monday,24-AUG-2026 08:19:19 AM,24-AUG-2026 05:19:19 PM,09:00,Present,DXB-HQ-GF-GATE01 ENTRY,AUH-TWR-L01-D002 EXIT,,
OB60848,PT117648,FATIMA HASSAN MAHMOUD,OUTSOURCE,Etisalat Services,ENTERPRISE-30510,20110-ENT-SUPPORT-CW30510,40 Hours Weekly,SMB-Elite Business,25-AUG-2026,Tuesday,25-AUG-2026 08:34:34 AM,25-AUG-2026 05:46:34 PM,09:12,Present,DXB-HQ-GF-GATE01 ENTRY,SHJ-MSCP-GF-GATE04-TS EXIT EXIT,,
OB60848,PT117648,FATIMA HASSAN MAHMOUD,OUTSOURCE,Etisalat Services,ENTERPRISE-30510,20110-ENT-SUPPORT-CW30510,40 Hours Weekly,SMB-Elite Business,26-AUG-2026,Wednesday,26-AUG-2026 08:23:02 AM,26-AUG-2026 05:27:02 PM,09:04,Present,AUH-TWR-L01-D002 ENTRY,SHJ-MSCP-GF-GATE04-TS EXIT EXIT,,
OB60848,PT117648,FATIMA HASSAN MAHMOUD,OUTSOURCE,Etisalat Services,ENTERPRISE-30510,20110-ENT-SUPPORT-CW30510,40 Hours Weekly,SMB-Elite Business,27-AUG-2026,Thursday,27-AUG-2026 08:43:24 AM,27-AUG-2026 07:34:24 PM,10:51,Present,SHJ-HRB-L03-D040 LOBBY ENTRY,AUH-TWR-L01-D002 EXIT,,
OB60848,PT117648,FATIMA HASSAN MAHMOUD,OUTSOURCE,Etisalat Services,ENTERPRISE-30510,20110-ENT-SUPPORT-CW30510,40 Hours Weekly,SMB-Elite Business,28-AUG-2026,Friday,28-AUG-2026 09:26:00 AM,,,Present,SHJ-HRB-L03-D040 LOBBY ENTRY,,,
OB60848,PT117648,FATIMA HASSAN MAHMOUD,OUTSOURCE,Etisalat Services,ENTERPRISE-30510,20110-ENT-SUPPORT-CW30510,40 Hours Weekly,SMB-Elite Business,29-AUG-2026,Saturday,,,,Weekly Off,,,,
OB60848,PT117648,FATIMA HASSAN MAHMOUD,OUTSOURCE,Etisalat Services,ENTERPRISE-30510,20110-ENT-SUPPORT-CW30510,40 Hours Weekly,SMB-Elite Business,30-AUG-2026,Sunday,,,,Weekly Off,,,,
OB60848,PT117648,FATIMA HASSAN MAHMOUD,OUTSOURCE,Etisalat Services,ENTERPRISE-30510,20110-ENT-SUPPORT-CW30510,40 Hours Weekly,SMB-Elite Business,31-AUG-2026,Monday,31-AUG-2026 07:52:37 AM,31-AUG-2026 06:00:37 PM,10:08,Present,DXB-HQ-GF-GATE01 ENTRY,AUH-TWR-L01-D002 EXIT,,
OB60849,PT117649,KHALED KAMAL MOHSEN,OUTSOURCE,Etisalat Services,ENTERPRISE-30511,20110-ENT-SUPPORT-CW30511,40 Hours Weekly,SMB-CCC & SOHO,01-AUG-2026,Saturday,,,,Weekly Off,,,,
OB60849,PT117649,KHALED KAMAL MOHSEN  ,OUTSOURCE,Etisalat Services,ENTERPRISE-30511,20110-ENT-SUPPORT-CW30511,40 Hours Weekly,SMB-CCC & SOHO,02-AUG-2026,Sunday,,,,Weekly Off,,,,
OB60849,PT117649,KHALED KAMAL MOHSEN,OUTSOURCE,Etisalat Services,ENTERPRISE-30511,20110-ENT-SUPPORT-CW30511,40 Hours Weekly,SMB-CCC & SOHO,03-AUG-2026,Monday,03-AUG-2026 08:26:35 AM,03-AUG-2026 07:08:35 PM,10:42,Present,SHJ-HRB-L03-D040 LOBBY ENTRY,SHJ-MSCP-GF-GATE04-TS EXIT EXIT,,
OB60849,PT117649,KHALED KAMAL MOHSEN,OUTSOURCE,Etisalat Services,ENTERPRISE-30511,20110-ENT-SUPPORT-CW30511,40 Hours Weekly,SMB-CCC & SOHO,04-AUG-2026,Tuesday,04-AUG-2026 08:05:12 AM,04-AUG-2026 04:38:12 PM,08:33,Present,AUH-TWR-L01-D002 ENTRY,AUH-TWR-L01-D002 EXIT,,
OB60849,PT117649,KHALED KAMAL MOHSEN  ,OUTSOURCE,Etisalat Services,ENTERPRISE-30511,20110-ENT-SUPPORT-CW30511,40 Hours Weekly,SMB-CCC & SOHO,05-AUG-2026,Wednesday,05-AUG-2026 07:21:58 AM,05-AUG-2026 04:05:58 PM,08:44,Present,AUH-TWR-L01-D002 ENTRY,SHJ-MSCP-GF-GATE04-TS EXIT EXIT,,
OB60849,PT117649,KHALED KAMAL MOHSEN,OUTSOURCE,Etisalat Services,ENTERPRISE-30511,20110-ENT-SUPPORT-CW30511,40 Hours Weekly,SMB-CCC & SOHO,06-AUG-2026,Thursday,06-AUG-2026 09:42:00 AM,06-AUG-2026 07:01:00 PM,09:19,Present,DXB-HQ-GF-GATE01 ENTRY,SHJ-MSCP-GF-GATE04-TS EXIT EXIT,,
OB60849,PT117649,KHALED KAMAL MOHSEN,OUTSOURCE,Etisalat Services,ENTERPRISE-30511,20110-ENT-SUPPORT-CW30511,40 Hours Weekly,SMB-CCC & SOHO,07-AUG-2026,Friday,07-AUG-2026 08:50:03 AM,07-AUG-2026 06:19:03 PM,09:29,Present,AUH-TWR-L01-D002 ENTRY,DXB-HQ-GF-GATE01 EXIT,,
OB60849,PT117649,KHALED KAMAL MOHSEN,OUTSOURCE,Etisalat Services,ENTERPRISE-30511,20110-ENT-SUPPORT-CW30511,40 Hours Weekly,SMB-CCC & SOHO,08-AUG-2026,Saturday,,,,Weekly Off,,,,
OB60849,PT117649,KHALED KAMAL MOHSEN  ,OUTSOURCE,Etisalat Services,ENTERPRISE-30511,20110-ENT-SUPPORT-CW30511,40 Hours Weekly,SMB-CCC & SOHO,09-AUG-2026,Sunday,,,,Weekly Off,,,,
OB60849,PT117649,KHALED KAMAL MOHSEN,OUTSOURCE,Etisalat Services,ENTERPRISE-30511,20110-ENT-SUPPORT-CW30511,40 Hours Weekly,SMB-CCC & SOHO,10-AUG-2026,Monday,10-AUG-2026 08:51:51 AM,10-AUG-2026 06:39:51 PM,09:48,Present,DXB-HQ-GF-GATE01 ENTRY,SHJ-MSCP-GF-GATE04-TS EXIT EXIT,,
OB60849,PT117649,KHALED KAMAL MOHSEN  ,OUTSOURCE,Etisalat Services,ENTERPRISE-30511,20110-ENT-SUPPORT-CW30511,40 Hours Weekly,SMB-CCC & SOHO,11-AUG-2026,Tuesday,11-AUG-2026 07:29:20 AM,11-AUG-2026 05:07:20 PM,09:38,Present,AUH-TWR-L01-D002 ENTRY,DXB-HQ-GF-GATE01 EXIT,,
OB60849,PT117649,KHALED KAMAL MOHSEN,OUTSOURCE,Etisalat Services,ENTERPRISE-30511,20110-ENT-SUPPORT-CW30511,40 Hours Weekly,SMB-CCC & SOHO,12-AUG-2026,Wednesday,,,,Absent,,,Y,
OB60849,PT117649,KHALED KAMAL MOHSEN,OUTSOURCE,Etisalat Services,ENTERPRISE-30511,20110-ENT-SUPPORT-CW30511,40 Hours Weekly,SMB-CCC & SOHO,13-AUG-2026,Thursday,13-AUG-2026 08:16:39 AM,13-AUG-2026 06:55:39 PM,10:39,Present,SHJ-HRB-L03-D040 LOBBY ENTRY,AUH-TWR-L01-D002 EXIT,,
OB60849,PT117649,KHALED KAMAL MOHSEN,OUTSOURCE,Etisalat Services,ENTERPRISE-30511,20110-ENT-SUPPORT-CW30511,40 Hours Weekly,SMB-CCC & SOHO,14-AUG-2026,Friday,14-AUG-2026 07:38:06 AM,14-AUG-2026 05:03:06 PM,09:25,Present,DXB-HQ-GF-GATE01 ENTRY,SHJ-MSCP-GF-GATE04-TS EXIT EXIT,,
OB60849,PT117649,KHALED KAMAL MOHSEN  ,OUTSOURCE,Etisalat Services,ENTERPRISE-30511,20110-ENT-SUPPORT-CW30511,40 Hours Weekly,SMB-CCC & SOHO,15-AUG-2026,Saturday,,,,Weekly Off,,,,
OB60849,PT117649,KHALED KAMAL MOHSEN,OUTSOURCE,Etisalat Services,ENTERPRISE-30511,20110-ENT-SUPPORT-CW30511,40 Hours Weekly,SMB-CCC & SOHO,16-AUG-2026,Sunday,,,,Weekly Off,,,,
OB60849,PT117649,KHALED KAMAL MOHSEN,OUTSOURCE,Etisalat Services,ENTERPRISE-30511,20110-ENT-SUPPORT-CW30511,40 Hours Weekly,SMB-CCC & SOHO,17-AUG-2026,Monday,17-AUG-2026 07:00:53 AM,17-AUG-2026 04:01:53 PM,09:01,Present,DXB-HQ-GF-GATE01 ENTRY,DXB-HQ-GF-GATE01 EXIT,,
OB60849,PT117649,KHALED KAMAL MOHSEN,OUTSOURCE,Etisalat Services,ENTERPRISE-30511,20110-ENT-SUPPORT-CW30511,40 Hours Weekly,SMB-CCC & SOHO,18-AUG-2026,Tuesday,18-AUG-2026 07:44:41 AM,18-AUG-2026 05:46:41 PM,10:02,Present,DXB-HQ-GF-GATE01 ENTRY,SHJ-MSCP-GF-GATE04-TS EXIT EXIT,,
OB60849,PT117649,KHALED KAMAL MOHSEN,OUTSOURCE,Etisalat Services,ENTERPRISE-30511,20110-ENT-SUPPORT-CW30511,40 Hours Weekly,SMB-CCC & SOHO,19-AUG-2026,Wednesday,19-AUG-2026 07:05:01 AM,19-AUG-2026 05:43:01 PM,10:38,Present,DXB-HQ-GF-GATE01 ENTRY,SHJ-MSCP-GF-GATE04-TS EXIT EXIT,,
OB60849,PT117649,KHALED KAMAL MOHSEN  ,OUTSOURCE,Etisalat Services,ENTERPRISE-30511,20110-ENT-SUPPORT-CW30511,40 Hours Weekly,SMB-CCC & SOHO,20-AUG-2026,Thursday,20-AUG-2026 07:25:02 AM,20-AUG-2026 05:24:02 PM,09:59,Present,DXB-HQ-GF-GATE01 ENTRY,DXB-HQ-GF-GATE01 EXIT,,
OB60849,PT117649,KHALED KAMAL MOHSEN,OUTSOURCE,Etisalat Services,ENTERPRISE-30511,20110-ENT-SUPPORT-CW30511,40 Hours Weekly,SMB-CCC & SOHO,21-AUG-2026,Friday,21-AUG-2026 08:29:38 AM,21-AUG-2026 06:25:38 PM,09:56,Present,AUH-TWR-L01-D002 ENTRY,AUH-TWR-L01-D002 EXIT,,
OB60849,PT117649,KHALED KAMAL MOHSEN,OUTSOURCE,Etisalat Services,ENTERPRISE-30511,20110-ENT-SUPPORT-CW30511,40 Hours Weekly,SMB-CCC & SOHO,22-AUG-2026,Saturday,,,,Weekly Off,,,,
OB60849,PT117649,KHALED KAMAL MOHSEN,OUTSOURCE,Etisalat Services,ENTERPRISE-30511,20110-ENT-SUPPORT-CW30511,40 Hours Weekly,SMB-CCC & SOHO,23-AUG-2026,Sunday,,,,Weekly Off,,,,
OB60849,PT117649,KHALED KAMAL MOHSEN,OUTSOURCE,Etisalat Services,ENTERPRISE-30511,20110-ENT-SUPPORT-CW30511,40 Hours Weekly,SMB-CCC & SOHO,24-AUG-2026,Monday,24-AUG-2026 09:04:29 AM,24-AUG-2026 06:01:29 PM,08:57,Present,SHJ-HRB-L03-D040 LOBBY ENTRY,SHJ-MSCP-GF-GATE04-TS EXIT EXIT,,
OB60849,PT117649,KHALED KAMAL MOHSEN,OUTSOURCE,Etisalat Services,ENTERPRISE-30511,20110-ENT-SUPPORT-CW30511,40 Hours Weekly,SMB-CCC & SOHO,25-AUG-2026,Tuesday,25-AUG-2026 08:51:29 AM,25-AUG-2026 05:39:29 PM,08:48,Present,SHJ-HRB-L03-D040 LOBBY ENTRY,AUH-TWR-L01-D002 EXIT,,
OB60849,PT117649,KHALED KAMAL MOHSEN,OUTSOURCE,Etisalat Services,ENTERPRISE-30511,20110-ENT-SUPPORT-CW30511,40 Hours Weekly,SMB-CCC & SOHO,26-AUG-2026,Wednesday,26-AUG-2026 09:58:19 AM,26-AUG-2026 08:10:19 PM,10:12,Present,SHJ-HRB-L03-D040 LOBBY ENTRY,DXB-HQ-GF-GATE01 EXIT,,
OB60849,PT117649,KHALED KAMAL MOHSEN,OUTSOURCE,Etisalat Services,ENTERPRISE-30511,20110-ENT-SUPPORT-CW30511,40 Hours Weekly,SMB-CCC & SOHO,27-AUG-2026,Thursday,27-AUG-2026 07:59:56 AM,27-AUG-2026 04:27:56 PM,08:28,Present,DXB-HQ-GF-GATE01 ENTRY,SHJ-MSCP-GF-GATE04-TS EXIT EXIT,,
OB60849,PT117649,KHALED KAMAL MOHSEN,OUTSOURCE,Etisalat Services,ENTERPRISE-30511,20110-ENT-SUPPORT-CW30511,40 Hours Weekly,SMB-CCC & SOHO,28-AUG-2026,Friday,28-AUG-2026 08:39:01 AM,28-AUG-2026 06:38:01 PM,09:59,Present,SHJ-HRB-L03-D040 LOBBY ENTRY,DXB-HQ-GF-GATE01 EXIT,,
OB60849,PT117649,KHALED KAMAL MOHSEN,OUTSOURCE,Etisalat Services,ENTERPRISE-30511,20110-ENT-SUPPORT-CW30511,40 Hours Weekly,SMB-CCC & SOHO,29-AUG-2026,Saturday,,,,Weekly Off,,,,
OB60849,PT117649,KHALED KAMAL MOHSEN,OUTSOURCE,Etisalat Services,ENTERPRISE-30511,20110-ENT-SUPPORT-CW30511,40 Hours Weekly,SMB-CCC & SOHO,30-AUG-2026,Sunday,,,,Weekly Off,,,,
OB60849,PT117649,KHALED KAMAL MOHSEN,OUTSOURCE,Etisalat Services,ENTERPRISE-30511,20110-ENT-SUPPORT-CW30511,40 Hours Weekly,SMB-CCC & SOHO,31-AUG-2026,Monday,31-AUG-2026 07:14:14 AM,31-AUG-2026 05:33:14 PM,10:19,Present,AUH-TWR-L01-D002 ENTRY,DXB-HQ-GF-GATE01 EXIT,,
OB60850,PT117650,MARIAM FAWZY SALEH,OUTSOURCE,,SMB-41984,20085-SMB-SALES-CW41984,48 Hours Weekly,SMB DIGITAL BACK OFFICE,01-AUG-2026,Saturday,,,,Weekly Off,,,,
OB60850,PT117650,MARIAM FAWZY SALEH  ,OUTSOURCE,,SMB-41984,20085-SMB-SALES-CW41984,48 Hours Weekly,SMB DIGITAL BACK OFFICE,02-AUG-2026,Sunday,,,,Weekly Off,,,,
OB60850,PT117650,MARIAM FAWZY SALEH,OUTSOURCE,,SMB-41984,20085-SMB-SALES-CW41984,48 Hours Weekly,SMB DIGITAL BACK OFFICE,03-AUG-2026,Monday,03-AUG-2026 07:30:49 AM,03-AUG-2026 04:22:49 PM,08:52,Present,SHJ-HRB-L03-D040 LOBBY ENTRY,SHJ-MSCP-GF-GATE04-TS EXIT EXIT,,
OB60850,PT117650,MARIAM FAWZY SALEH,OUTSOURCE,,SMB-41984,20085-SMB-SALES-CW41984,48 Hours Weekly,SMB DIGITAL BACK OFFICE,04-AUG-2026,Tuesday,04-AUG-2026 07:19:39 AM,04-AUG-2026 05:56:39 PM,10:37,Present,DXB-HQ-GF-GATE01 ENTRY,SHJ-MSCP-GF-GATE04-TS EXIT EXIT,,
OB60850,PT117650,MARIAM FAWZY SALEH,OUTSOURCE,eMinds,SMB-41984,20085-SMB-SALES-CW41984,48 Hours Weekly,SMB DIGITAL BACK OFFICE,05-AUG-2026,Wednesday,05-AUG-2026 07:47:39 AM,05-AUG-2026 05:28:39 PM,09:41,Present,DXB-HQ-GF-GATE01 ENTRY,SHJ-MSCP-GF-GATE04-TS EXIT EXIT,,
OB60850,PT117650,MARIAM FAWZY SALEH,OUTSOURCE,eMinds,SMB-41984,20085-SMB-SALES-CW41984,48 Hours Weekly,SMB DIGITAL BACK OFFICE,06-AUG-2026,Thursday,06-AUG-2026 08:48:27 AM,06-AUG-2026 06:05:27 PM,09:17,Present,SHJ-HRB-L03-D040 LOBBY ENTRY,SHJ-MSCP-GF-GATE04-TS EXIT EXIT,,
OB60850,PT117650,MARIAM FAWZY SALEH,OUTSOURCE,eMinds,SMB-41984,20085-SMB-SALES-CW41984,48 Hours Weekly,SMB DIGITAL BACK OFFICE,07-AUG-2026,Friday,07-AUG-2026 09:52:22 AM,07-AUG-2026 08:16:22 PM,10:24,Present,SHJ-HRB-L03-D040 LOBBY ENTRY,AUH-TWR-L01-D002 EXIT,,
OB60850,PT117650,MARIAM FAWZY SALEH  ,OUTSOURCE,eMinds,SMB-41984,20085-SMB-SALES-CW41984,48 Hours Weekly,SMB DIGITAL BACK OFFICE,08-AUG-2026,Saturday,,,,Weekly Off,,,,
OB60850,PT117650,MARIAM FAWZY SALEH,OUTSOURCE,eMinds,SMB-41984,20085-SMB-SALES-CW41984,48 Hours Weekly,SMB DIGITAL BACK OFFICE,09-AUG-2026,Sunday,,,,Weekly Off,,,,
OB60850,PT117650,MARIAM FAWZY SALEH,OUTSOURCE,eMinds,SMB-41984,20085-SMB-SALES-CW41984,48 Hours Weekly,SMB DIGITAL BACK OFFICE,10-AUG-2026,Monday,10-AUG-2026 09:29:42 AM,10-AUG-2026 05:45:42 PM,08:16,Present,SHJ-HRB-L03-D040 LOBBY ENTRY,DXB-HQ-GF-GATE01 EXIT,,
OB60850,PT117650,MARIAM FAWZY SALEH,OUTSOURCE,eMinds,SMB-41984,20085-SMB-SALES-CW41984,48 Hours Weekly,SMB DIGITAL BACK OFFICE,11-AUG-2026,Tuesday,11-AUG-2026 07:57:48 AM,11-AUG-2026 05:55:48 PM,09:58,Present,SHJ-HRB-L03-D040 LOBBY ENTRY,DXB-HQ-GF-GATE01 EXIT,,
OB60850,PT117650,MARIAM FAWZY SALEH,OUTSOURCE,eMinds,SMB-41984,20085-SMB-SALES-CW41984,48 Hours Weekly,SMB DIGITAL BACK OFFICE,12-AUG-2026,Wednesday,,,,Absent,,,N,
OB60850,PT117650,MARIAM FAWZY SALEH,OUTSOURCE,eMinds,SMB-41984,20085-SMB-SALES-CW41984,48 Hours Weekly,SMB DIGITAL BACK OFFICE,13-AUG-2026,Thursday,13-AUG-2026 07:52:20 AM,13-AUG-2026 05:30:20 PM,09:38,Present,SHJ-HRB-L03-D040 LOBBY ENTRY,DXB-HQ-GF-GATE01 EXIT,,
OB60850,PT117650,MARIAM FAWZY SALEH,OUTSOURCE,eMinds,SMB-41984,20085-SMB-SALES-CW41984,48 Hours Weekly,SMB DIGITAL BACK OFFICE,14-AUG-2026,Friday,14-AUG-2026 07:25:44 AM,14-AUG-2026 06:00:44 PM,10:35,Present,DXB-HQ-GF-GATE01 ENTRY,DXB-HQ-GF-GATE01 EXIT,,
OB60850,PT117650,MARIAM FAWZY SALEH,OUTSOURCE,eMinds,SMB-41984,20085-SMB-SALES-CW41984,48 Hours Weekly,SMB DIGITAL BACK OFFICE,15-AUG-2026,Saturday,,,,Weekly Off,,,,
OB60850,PT117650,MARIAM FAWZY SALEH,OUTSOURCE,eMinds,SMB-41984,20085-SMB-SALES-CW41984,48 Hours Weekly,SMB DIGITAL BACK OFFICE,16-AUG-2026,Sunday,,,,Weekly Off,,,,
OB60850,PT117650,MARIAM FAWZY SALEH,OUTSOURCE,eMinds,SMB-41984,20085-SMB-SALES-CW41984,48 Hours Weekly,SMB DIGITAL BACK OFFICE,17-AUG-2026,Monday,17-AUG-2026 09:44:38 AM,17-AUG-2026 06:44:38 PM,09:00,Present,AUH-TWR-L01-D002 ENTRY,AUH-TWR-L01-D002 EXIT,,
OB60850,PT117650,MARIAM FAWZY SALEH,OUTSOURCE,eMinds,SMB-41984,20085-SMB-SALES-CW41984,48 Hours Weekly,SMB DIGITAL BACK OFFICE,18-AUG-2026,Tuesday,18-AUG-2026 08:00:54 AM,18-AUG-2026 05:38:54 PM,09:38,Present,SHJ-HRB-L03-D040 LOBBY ENTRY,DXB-HQ-GF-GATE01 EXIT,,
OB60850,PT117650,MARIAM FAWZY SALEH,OUTSOURCE,eMinds,SMB-41984,20085-SMB-SALES-CW41984,48 Hours Weekly,SMB DIGITAL BACK OFFICE,19-AUG-2026,Wednesday,19-AUG-2026 07:46:34 AM,19-AUG-2026 05:11:34 PM,09:25,Present,SHJ-HRB-L03-D040 LOBBY ENTRY,DXB-HQ-GF-GATE01 EXIT,,
OB60850,PT117650,MARIAM FAWZY SALEH,OUTSOURCE,eMinds,SMB-41984,20085-SMB-SALES-CW41984,48 Hours Weekly,SMB DIGITAL BACK OFFICE,20-AUG-2026,Thursday,20-AUG-2026 09:53:54 AM,,,Present,DXB-HQ-GF-GATE01 ENTRY,,,
OB60850,PT117650,MARIAM FAWZY SALEH,OUTSOURCE,eMinds,SMB-41984,20085-SMB-SALES-CW41984,48 Hours Weekly,SMB DIGITAL BACK OFFICE,21-AUG-2026,Friday,21-AUG-2026 07:03:42 AM,21-AUG-2026 03:53:42 PM,08:50,Present,AUH-TWR-L01-D002 ENTRY,AUH-TWR-L01-D002 EXIT,,
OB60850,PT117650,MARIAM FAWZY SALEH  ,OUTSOURCE,eMinds,SMB-41984,20085-SMB-SALES-CW41984,48 Hours Weekly,SMB DIGITAL BACK OFFICE,22-AUG-2026,Saturday,,,,Weekly Off,,,,
OB60850,PT117650,MARIAM FAWZY SALEH,OUTSOURCE,eMinds,SMB-41984,20085-SMB-SALES-CW41984,48 Hours Weekly,SMB DIGITAL BACK OFFICE,23-AUG-2026,Sunday,,,,Weekly Off,,,,
OB60850,PT117650,MARIAM FAWZY SALEH,OUTSOURCE,eMinds,SMB-41984,20085-SMB-SALES-CW41984,48 Hours Weekly,SMB DIGITAL BACK OFFICE,24-AUG-2026,Monday,24-AUG-2026 08:04:54 AM,24-AUG-2026 06:33:54 PM,10:29,Present,DXB-HQ-GF-GATE01 ENTRY,AUH-TWR-L01-D002 EXIT,,
OB60850,PT117650,MARIAM FAWZY SALEH  ,OUTSOURCE,eMinds,SMB-41984,20085-SMB-SALES-CW41984,48 Hours Weekly,SMB DIGITAL BACK OFFICE,25-AUG-2026,Tuesday,25-AUG-2026 09:05:08 AM,25-AUG-2026 05:59:08 PM,08:54,Present,AUH-TWR-L01-D002 ENTRY,AUH-TWR-L01-D002 EXIT,,
OB60850,PT117650,MARIAM FAWZY SALEH,OUTSOURCE,eMinds,SMB-41984,20085-SMB-SALES-CW41984,48 Hours Weekly,SMB DIGITAL BACK OFFICE,26-AUG-2026,Wednesday,26-AUG-2026 07:33:54 AM,26-AUG-2026 05:15:54 PM,09:42,Present,AUH-TWR-L01-D002 ENTRY,SHJ-MSCP-GF-GATE04-TS EXIT EXIT,,
OB60850,PT117650,MARIAM FAWZY SALEH,OUTSOURCE,eMinds,SMB-41984,20085-SMB-SALES-CW41984,48 Hours Weekly,SMB DIGITAL BACK OFFICE,27-AUG-2026,Thursday,27-AUG-2026 09:54:25 AM,27-AUG-2026 07:02:25 PM,09:08,Present,SHJ-HRB-L03-D040 LOBBY ENTRY,SHJ-MSCP-GF-GATE04-TS EXIT EXIT,,
OB60850,PT117650,MARIAM FAWZY SALEH,OUTSOURCE,eMinds,SMB-41984,20085-SMB-SALES-CW41984,48 Hours Weekly,SMB DIGITAL BACK OFFICE,28-AUG-2026,Friday,28-AUG-2026 08:33:07 AM,28-AUG-2026 06:16:07 PM,09:43,Present,AUH-TWR-L01-D002 ENTRY,SHJ-MSCP-GF-GATE04-TS EXIT EXIT,,
OB60850,PT117650,MARIAM FAWZY SALEH,OUTSOURCE,eMinds,SMB-41984,20085-SMB-SALES-CW41984,48 Hours Weekly,SMB DIGITAL BACK OFFICE,29-AUG-2026,Saturday,,,,Weekly Off,,,,
OB60850,PT117650,MARIAM FAWZY SALEH,OUTSOURCE,eMinds,SMB-41984,20085-SMB-SALES-CW41984,48 Hours Weekly,SMB DIGITAL BACK OFFICE,30-AUG-2026,Sunday,,,,Weekly Off,,,,
OB60850,PT117650,MARIAM FAWZY SALEH  ,OUTSOURCE,eMinds,SMB-41984,20085-SMB-SALES-CW41984,48 Hours Weekly,SMB DIGITAL BACK OFFICE,31-AUG-2026,Monday,31-AUG-2026 08:20:46 AM,31-AUG-2026 05:24:46 PM,09:04,Present,SHJ-HRB-L03-D040 LOBBY ENTRY,AUH-TWR-L01-D002 EXIT,,
OB60851,PT117651,FATIMA NABIL HASSAN,OUTSOURCE,eMinds,SMB-41985,20085-SMB-SALES-CW41985,48 Hours Weekly,SMB-PRIME&BD-KAM-1,01-AUG-2026,Saturday,,,,Weekly Off,,,,
OB60851,PT117651,FATIMA NABIL HASSAN,OUTSOURCE,eMinds,SMB-41985,20085-SMB-SALES-CW41985,48 Hours Weekly,SMB-PRIME&BD-KAM-1,02-AUG-2026,Sunday,,,,Weekly Off,,,,
OB60851,PT117651,FATIMA NABIL HASSAN,OUTSOURCE,eMinds,SMB-41985,20085-SMB-SALES-CW41985,48 Hours Weekly,SMB-PRIME&BD-KAM-1,03-AUG-2026,Monday,,,,Absent,,,Y,
OB60851,PT117651,FATIMA NABIL HASSAN,OUTSOURCE,eMinds,SMB-41985,20085-SMB-SALES-CW41985,48 Hours Weekly,SMB-PRIME&BD-KAM-1,04-AUG-2026,Tuesday,04-AUG-2026 08:52:18 AM,04-AUG-2026 05:22:18 PM,08:30,Present,AUH-TWR-L01-D002 ENTRY,AUH-TWR-L01-D002 EXIT,,
OB60851,PT117651,FATIMA NABIL HASSAN,OUTSOURCE,eMinds,SMB-41985,20085-SMB-SALES-CW41985,48 Hours Weekly,SMB-PRIME&BD-KAM-1,05-AUG-2026,Wednesday,05-AUG-2026 07:09:12 AM,05-AUG-2026 04:25:12 PM,09:16,Present,DXB-HQ-GF-GATE01 ENTRY,AUH-TWR-L01-D002 EXIT,,
OB60851,PT117651,FATIMA NABIL HASSAN,OUTSOURCE,eMinds,SMB-41985,20085-SMB-SALES-CW41985,48 Hours Weekly,SMB-PRIME&BD-KAM-1,06-AUG-2026,Thursday,06-AUG-2026 09:12:20 AM,06-AUG-2026 07:49:20 PM,10:37,Present,DXB-HQ-GF-GATE01 ENTRY,DXB-HQ-GF-GATE01 EXIT,,
OB60851,PT117651,FATIMA NABIL HASSAN  ,OUTSOURCE,eMinds,SMB-41985,20085-SMB-SALES-CW41985,48 Hours Weekly,SMB-PRIME&BD-KAM-1,07-AUG-2026,Friday,,,,Absent,,,Y,
OB60851,PT117651,FATIMA NABIL HASSAN,OUTSOURCE,eMinds,SMB-41985,20085-SMB-SALES-CW41985,48 Hours Weekly,SMB-PRIME&BD-KAM-1,08-AUG-2026,Saturday,,,,Weekly Off,,,,
OB60851,PT117651,FATIMA NABIL HASSAN,OUTSOURCE,eMinds,SMB-41985,20085-SMB-SALES-CW41985,48 Hours Weekly,SMB-PRIME&BD-KAM-1,09-AUG-2026,Sunday,,,,Weekly Off,,,,
OB60851,PT117651,FATIMA NABIL HASSAN,OUTSOURCE,eMinds,SMB-41985,20085-SMB-SALES-CW41985,48 Hours Weekly,SMB-PRIME&BD-KAM-1,10-AUG-2026,Monday,10-AUG-2026 07:42:11 AM,10-AUG-2026 04:50:11 PM,09:08,Present,AUH-TWR-L01-D002 ENTRY,DXB-HQ-GF-GATE01 EXIT,,
OB60851,PT117651,FATIMA NABIL HASSAN,OUTSOURCE,eMinds,SMB-41985,20085-SMB-SALES-CW41985,48 Hours Weekly,SMB-PRIME&BD-KAM-1,11-AUG-2026,Tuesday,11-AUG-2026 07:11:24 AM,11-AUG-2026 05:26:24 PM,10:15,Present,AUH-TWR-L01-D002 ENTRY,AUH-TWR-L01-D002 EXIT,,
OB60851,PT117651,FATIMA NABIL HASSAN,OUTSOURCE,eMinds,SMB-41985,20085-SMB-SALES-CW41985,48 Hours Weekly,SMB-PRIME&BD-KAM-1,12-AUG-2026,Wednesday,12-AUG-2026 07:59:11 AM,12-AUG-2026 05:10:11 PM,09:11,Present,DXB-HQ-GF-GATE01 ENTRY,DXB-HQ-GF-GATE01 EXIT,,
OB60851,PT117651,FATIMA NABIL HASSAN,OUTSOURCE,eMinds,SMB-41985,20085-SMB-SALES-CW41985,48 Hours Weekly,SMB-PRIME&BD-KAM-1,13-AUG-2026,Thursday,13-AUG-2026 09:17:48 AM,13-AUG-2026 07:08:48 PM,09:51,Present,AUH-TWR-L01-D002 ENTRY,AUH-TWR-L01-D002 EXIT,,
OB60851,PT117651,FATIMA NABIL HASSAN,OUTSOURCE,eMinds,SMB-41985,20085-SMB-SALES-CW41985,48 Hours Weekly,SMB-PRIME&BD-KAM-1,14-AUG-2026,Friday,14-AUG-2026 09:07:55 AM,14-AUG-2026 05:11:55 PM,08:04,Present,SHJ-HRB-L03-D040 LOBBY ENTRY,SHJ-MSCP-GF-GATE04-TS EXIT EXIT,,
OB60851,PT117651,FATIMA NABIL HASSAN,OUTSOURCE,eMinds,SMB-41985,20085-SMB-SALES-CW41985,48 Hours Weekly,SMB-PRIME&BD-KAM-1,15-AUG-2026,Saturday,,,,Weekly Off,,,,
OB60851,PT117651,FATIMA NABIL HASSAN  ,OUTSOURCE,eMinds,SMB-41985,20085-SMB-SALES-CW41985,48 Hours Weekly,SMB-PRIME&BD-KAM-1,16-AUG-2026,Sunday,,,,Weekly Off,,,,
OB60851,PT117651,FATIMA NABIL HASSAN,OUTSOURCE,eMinds,SMB-41985,20085-SMB-SALES-CW41985,48 Hours Weekly,SMB-PRIME&BD-KAM-1,17-AUG-2026,Monday,17-AUG-2026 07:20:35 AM,17-AUG-2026 04:50:35 PM,09:30,Present,AUH-TWR-L01-D002 ENTRY,DXB-HQ-GF-GATE01 EXIT,,
OB60851,PT117651,FATIMA NABIL HASSAN,OUTSOURCE,eMinds,SMB-41985,20085-SMB-SALES-CW41985,48 Hours Weekly,SMB-PRIME&BD-KAM-1,18-AUG-2026,Tuesday,18-AUG-2026 07:49:40 AM,18-AUG-2026 05:33:40 PM,09:44,Present,AUH-TWR-L01-D002 ENTRY,DXB-HQ-GF-GATE01 EXIT,,
OB60851,PT117651,FATIMA NABIL HASSAN  ,OUTSOURCE,eMinds,SMB-41985,20085-SMB-SALES-CW41985,48 Hours Weekly,SMB-PRIME&BD-KAM-1,19-AUG-2026,Wednesday,19-AUG-2026 07:10:59 AM,19-AUG-2026 04:46:59 PM,09:36,Present,AUH-TWR-L01-D002 ENTRY,AUH-TWR-L01-D002 EXIT,,
OB60851,PT117651,FATIMA NABIL HASSAN,OUTSOURCE,eMinds,SMB-41985,20085-SMB-SALES-CW41985,48 Hours Weekly,SMB-PRIME&BD-KAM-1,20-AUG-2026,Thursday,20-AUG-2026 08:15:29 AM,20-AUG-2026 05:22:29 PM,09:07,Present,DXB-HQ-GF-GATE01 ENTRY,DXB-HQ-GF-GATE01 EXIT,,
OB60851,PT117651,FATIMA NABIL HASSAN,OUTSOURCE,eMinds,SMB-41985,20085-SMB-SALES-CW41985,48 Hours Weekly,SMB-PRIME&BD-KAM-1,21-AUG-2026,Friday,21-AUG-2026 07:09:12 AM,21-AUG-2026 04:41:12 PM,09:32,Present,SHJ-HRB-L03-D040 LOBBY ENTRY,SHJ-MSCP-GF-GATE04-TS EXIT EXIT,,
OB60851,PT117651,FATIMA NABIL HASSAN,OUTSOURCE,eMinds,SMB-41985,20085-SMB-SALES-CW41985,48 Hours Weekly,SMB-PRIME&BD-KAM-1,22-AUG-2026,Saturday,,,,Weekly Off,,,,
OB60851,PT117651,FATIMA NABIL HASSAN,OUTSOURCE,eMinds,SMB-41985,20085-SMB-SALES-CW41985,48 Hours Weekly,SMB-PRIME&BD-KAM-1,23-AUG-2026,Sunday,,,,Weekly Off,,,,
OB60851,PT117651,FATIMA NABIL HASSAN,OUTSOURCE,eMinds,SMB-41985,20085-SMB-SALES-CW41985,48 Hours Weekly,SMB-PRIME&BD-KAM-1,24-AUG-2026,Monday,24-AUG-2026 09:31:29 AM,24-AUG-2026 07:17:29 PM,09:46,Present,AUH-TWR-L01-D002 ENTRY,SHJ-MSCP-GF-GATE04-TS EXIT EXIT,,
OB60851,PT117651,FATIMA NABIL HASSAN  ,OUTSOURCE,eMinds,SMB-41985,20085-SMB-SALES-CW41985,48 Hours Weekly,SMB-PRIME&BD-KAM-1,25-AUG-2026,Tuesday,25-AUG-2026 08:31:54 AM,25-AUG-2026 06:51:54 PM,10:20,Present,AUH-TWR-L01-D002 ENTRY,SHJ-MSCP-GF-GATE04-TS EXIT EXIT,,
OB60851,PT117651,FATIMA NABIL HASSAN,OUTSOURCE,eMinds,SMB-41985,20085-SMB-SALES-CW41985,48 Hours Weekly,SMB-PRIME&BD-KAM-1,26-AUG-2026,Wednesday,26-AUG-2026 08:17:43 AM,26-AUG-2026 04:21:43 PM,13:12,Present,DXB-HQ-GF-GATE01 ENTRY,DXB-HQ-GF-GATE01 EXIT,,
OB60851,PT117651,FATIMA NABIL HASSAN,OUTSOURCE,eMinds,SMB-41985,20085-SMB-SALES-CW41985,48 Hours Weekly,SMB-PRIME&BD-KAM-1,27-AUG-2026,Thursday,,,,Absent,,,,
OB60851,PT117651,FATIMA NABIL HASSAN  ,OUTSOURCE,eMinds,SMB-41985,20085-SMB-SALES-CW41985,48 Hours Weekly,SMB-PRIME&BD-KAM-1,28-AUG-2026,Friday,28-AUG-2026 08:25:41 AM,28-AUG-2026 06:20:41 PM,09:55,Present,DXB-HQ-GF-GATE01 ENTRY,AUH-TWR-L01-D002 EXIT,,
OB60851,PT117651,FATIMA NABIL HASSAN,OUTSOURCE,eMinds,SMB-41985,20085-SMB-SALES-CW41985,48 Hours Weekly,SMB-PRIME&BD-KAM-1,29-AUG-2026,Saturday,,,,Weekly Off,,,,
OB60851,PT117651,FATIMA NABIL HASSAN,OUTSOURCE,eMinds,SMB-41985,20085-SMB-SALES-CW41985,48 Hours Weekly,SMB-PRIME&BD-KAM-1,30-AUG-2026,Sunday,,,,Weekly Off,,,,
OB60851,PT117651,FATIMA NABIL HASSAN,OUTSOURCE,eMinds,SMB-41985,20085-SMB-SALES-CW41985,48 Hours Weekly,SMB-PRIME&BD-KAM-1,31-AUG-2026,Monday,31-AUG-2026 07:50:00 AM,31-AUG-2026 05:52:00 PM,10:02,Present,SHJ-HRB-L03-D040 LOBBY ENTRY,AUH-TWR-L01-D002 EXIT,,
OB60852,PT117652,NOUR SALEH ABDALLA,OUTSOURCE,eMinds,CONSUMER-22011,20090-CONS-RETAIL-CW22011,45 Hours Weekly,SMB-GENERAL SHIFT,01-AUG-2026,Saturday,,,,Weekly Off,,,,
OB60852,PT117652,NOUR SALEH ABDALLA,OUTSOURCE,eMinds,CONSUMER-22011,20090-CONS-RETAIL-CW22011,45 Hours Weekly,SMB-GENERAL SHIFT,02-AUG-2026,Sunday,,,,Weekly Off,,,,
OB60852,PT117652,NOUR SALEH ABDALLA,OUTSOURCE,eMinds,CONSUMER-22011,20090-CONS-RETAIL-CW22011,45 Hours Weekly,SMB-GENERAL SHIFT,03-AUG-2026,Monday,03-AUG-2026 07:40:16 AM,03-AUG-2026 05:48:16 PM,10:08,Present,SHJ-HRB-L03-D040 LOBBY ENTRY,SHJ-MSCP-GF-GATE04-TS EXIT EXIT,,
OB60852,PT117652,NOUR SALEH ABDALLA,OUTSOURCE,eMinds,CONSUMER-22011,20090-CONS-RETAIL-CW22011,45 Hours Weekly,SMB-GENERAL SHIFT,04-AUG-2026,Tuesday,,,,Absent,,,N,
OB60852,PT117652,NOUR SALEH ABDALLA,OUTSOURCE,eMinds,CONSUMER-22011,20090-CONS-RETAIL-CW22011,45 Hours Weekly,SMB-GENERAL SHIFT,05-AUG-2026,Wednesday,05-AUG-2026 07:05:10 AM,05-AUG-2026 04:19:10 PM,09:14,Present,DXB-HQ-GF-GATE01 ENTRY,AUH-TWR-L01-D002 EXIT,,
OB60852,PT117652,NOUR SALEH ABDALLA,OUTSOURCE,eMinds,CONSUMER-22011,20090-CONS-RETAIL-CW22011,45 Hours Weekly,SMB-GENERAL SHIFT,06-AUG-2026,Thursday,06-AUG-2026 07:00:30 AM,06-AUG-2026 04:00:30 PM,13:12,Present,SHJ-HRB-L03-D040 LOBBY ENTRY,AUH-TWR-L01-D002 EXIT,,
OB60852,PT117652,NOUR SALEH ABDALLA  ,OUTSOURCE,eMinds,CONSUMER-22011,20090-CONS-RETAIL-CW22011,45 Hours Weekly,SMB-GENERAL SHIFT,07-AUG-2026,Friday,07-AUG-2026 09:30:16 AM,07-AUG-2026 05:57:16 PM,08:27,Present,AUH-TWR-L01-D002 ENTRY,AUH-TWR-L01-D002 EXIT,,
OB60852,PT117652,NOUR SALEH ABDALLA,OUTSOURCE,eMinds,CONSUMER-22011,20090-CONS-RETAIL-CW22011,45 Hours Weekly,SMB-GENERAL SHIFT,08-AUG-2026,Saturday,,,,Weekly Off,,,,
OB60852,PT117652,NOUR SALEH ABDALLA,OUTSOURCE,eMinds,CONSUMER-22011,20090-CONS-RETAIL-CW22011,45 Hours Weekly,SMB-GENERAL SHIFT,09-AUG-2026,Sunday,,,,Weekly Off,,,,
OB60852,PT117652,NOUR SALEH ABDALLA,OUTSOURCE,eMinds,CONSUMER-22011,20090-CONS-RETAIL-CW22011,45 Hours Weekly,SMB-GENERAL SHIFT,10-AUG-2026,Monday,10-AUG-2026 08:04:10 AM,10-AUG-2026 06:50:10 PM,10:46,Present,SHJ-HRB-L03-D040 LOBBY ENTRY,AUH-TWR-L01-D002 EXIT,,
OB60852,PT117652,NOUR SALEH ABDALLA,OUTSOURCE,eMinds,CONSUMER-22011,20090-CONS-RETAIL-CW22011,45 Hours Weekly,SMB-GENERAL SHIFT,11-AUG-2026,Tuesday,11-AUG-2026 07:23:56 AM,11-AUG-2026 03:25:56 PM,08:02,Present,AUH-TWR-L01-D002 ENTRY,AUH-TWR-L01-D002 EXIT,,
OB60852,PT117652,NOUR SALEH ABDALLA  ,OUTSOURCE,eMinds,CONSUMER-22011,20090-CONS-RETAIL-CW22011,45 Hours Weekly,SMB-GENERAL SHIFT,12-AUG-2026,Wednesday,12-AUG-2026 07:08:27 AM,12-AUG-2026 04:21:27 PM,09:13,Present,DXB-HQ-GF-GATE01 ENTRY,SHJ-MSCP-GF-GATE04-TS EXIT EXIT,,
OB60852,PT117652,NOUR SALEH ABDALLA,OUTSOURCE,eMinds,CONSUMER-22011,20090-CONS-RETAIL-CW22011,45 Hours Weekly,SMB-GENERAL SHIFT,13-AUG-2026,Thursday,13-AUG-2026 07:08:15 AM,13-AUG-2026 04:10:15 PM,09:02,Present,SHJ-HRB-L03-D040 LOBBY ENTRY,SHJ-MSCP-GF-GATE04-TS EXIT EXIT,,
OB60852,PT117652,NOUR SALEH ABDALLA,OUTSOURCE,eMinds,CONSUMER-22011,20090-CONS-RETAIL-CW22011,45 Hours Weekly,SMB-GENERAL SHIFT,14-AUG-2026,Friday,14-AUG-2026 07:42:17 AM,14-AUG-2026 05:38:17 PM,09:56,Present,DXB-HQ-GF-GATE01 ENTRY,DXB-HQ-GF-GATE01 EXIT,,
OB60852,PT117652,NOUR SALEH ABDALLA,OUTSOURCE,eMinds,CONSUMER-22011,20090-CONS-RETAIL-CW22011,45 Hours Weekly,SMB-GENERAL SHIFT,15-AUG-2026,Saturday,,,,Weekly Off,,,,
OB60852,PT117652,NOUR SALEH ABDALLA,OUTSOURCE,eMinds,CONSUMER-22011,20090-CONS-RETAIL-CW22011,45 Hours Weekly,SMB-GENERAL SHIFT,16-AUG-2026,Sunday,,,,Weekly Off,,,,
OB60852,PT117652,NOUR SALEH ABDALLA  ,OUTSOURCE,eMinds,CONSUMER-22011,20090-CONS-RETAIL-CW22011,45 Hours Weekly,SMB-GENERAL SHIFT,17-AUG-2026,Monday,17-AUG-2026 09:09:54 AM,17-AUG-2026 07:10:54 PM,10:01,Present,DXB-HQ-GF-GATE01 ENTRY,AUH-TWR-L01-D002 EXIT,,
OB60852,PT117652,NOUR SALEH ABDALLA,OUTSOURCE,eMinds,CONSUMER-22011,20090-CONS-RETAIL-CW22011,45 Hours Weekly,SMB-GENERAL SHIFT,18-AUG-2026,Tuesday,18-AUG-2026 07:27:53 AM,18-AUG-2026 05:06:53 PM,09:39,Present,AUH-TWR-L01-D002 ENTRY,AUH-TWR-L01-D002 EXIT,,
OB60852,PT117652,NOUR SALEH ABDALLA,OUTSOURCE,eMinds,CONSUMER-22011,20090-CONS-RETAIL-CW22011,45 Hours Weekly,SMB-GENERAL SHIFT,19-AUG-2026,Wednesday,19-AUG-2026 07:13:54 AM,19-AUG-2026 03:29:54 PM,08:16,Present,SHJ-HRB-L03-D040 LOBBY ENTRY,SHJ-MSCP-GF-GATE04-TS EXIT EXIT,,
OB60852,PT117652,NOUR SALEH ABDALLA,OUTSOURCE,eMinds,CONSUMER-22011,20090-CONS-RETAIL-CW22011,45 Hours Weekly,SMB-GENERAL SHIFT,20-AUG-2026,Thursday,20-AUG-2026 08:25:16 AM,,,Present,DXB-HQ-GF-GATE01 ENTRY,,,
OB60852,PT117652,NOUR SALEH ABDALLA  ,OUTSOURCE,eMinds,CONSUMER-22011,20090-CONS-RETAIL-CW22011,45 Hours Weekly,SMB-GENERAL SHIFT,21-AUG-2026,Friday,21-AUG-2026 08:35:01 AM,21-AUG-2026 04:56:01 PM,08:21,Present,DXB-HQ-GF-GATE01 ENTRY,DXB-HQ-GF-GATE01 EXIT,,
OB60852,PT117652,NOUR SALEH ABDALLA  ,OUTSOURCE,eMinds,CONSUMER-22011,20090-CONS-RETAIL-CW22011,45 Hours Weekly,SMB-GENERAL SHIFT,22-AUG-2026,Saturday,,,,Weekly Off,,,,
OB60852,PT117652,NOUR SALEH ABDALLA,OUTSOURCE,eMinds,CONSUMER-22011,20090-CONS-RETAIL-CW22011,45 Hours Weekly,SMB-GENERAL SHIFT,23-AUG-2026,Sunday,,,,Weekly Off,,,,
OB60852,PT117652,NOUR SALEH ABDALLA  ,OUTSOURCE,eMinds,CONSUMER-22011,20090-CONS-RETAIL-CW22011,45 Hours Weekly,SMB-GENERAL SHIFT,24-AUG-2026,Monday,24-AUG-2026 07:33:00 AM,24-AUG-2026 05:41:00 PM,10:08,Present,SHJ-HRB-L03-D040 LOBBY ENTRY,DXB-HQ-GF-GATE01 EXIT,,
OB60852,PT117652,NOUR SALEH ABDALLA,OUTSOURCE,eMinds,CONSUMER-22011,20090-CONS-RETAIL-CW22011,45 Hours Weekly,SMB-GENERAL SHIFT,25-AUG-2026,Tuesday,25-AUG-2026 09:51:26 AM,25-AUG-2026 08:27:26 PM,10:36,Present,AUH-TWR-L01-D002 ENTRY,AUH-TWR-L01-D002 EXIT,,
OB60852,PT117652,NOUR SALEH ABDALLA  ,OUTSOURCE,eMinds,CONSUMER-22011,20090-CONS-RETAIL-CW22011,45 Hours Weekly,SMB-GENERAL SHIFT,26-AUG-2026,Wednesday,26-AUG-2026 07:21:53 AM,26-AUG-2026 05:06:53 PM,09:45,Present,SHJ-HRB-L03-D040 LOBBY ENTRY,AUH-TWR-L01-D002 EXIT,,
OB60852,PT117652,NOUR SALEH ABDALLA  ,OUTSOURCE,eMinds,CONSUMER-22011,20090-CONS-RETAIL-CW22011,45 Hours Weekly,SMB-GENERAL SHIFT,27-AUG-2026,Thursday,27-AUG-2026 09:59:03 AM,27-AUG-2026 07:31:03 PM,09:32,Present,DXB-HQ-GF-GATE01 ENTRY,AUH-TWR-L01-D002 EXIT,,
OB60852,PT117652,NOUR SALEH ABDALLA,OUTSOURCE,eMinds,CONSUMER-22011,20090-CONS-RETAIL-CW22011,45 Hours Weekly,SMB-GENERAL SHIFT,28-AUG-2026,Friday,28-AUG-2026 08:15:22 AM,28-AUG-2026 06:02:22 PM,ab:cd,Present,AUH-TWR-L01-D002 ENTRY,DXB-HQ-GF-GATE01 EXIT,,
OB60852,PT117652,NOUR SALEH ABDALLA,OUTSOURCE,eMinds,CONSUMER-22011,20090-CONS-RETAIL-CW22011,45 Hours Weekly,SMB-GENERAL SHIFT,29-AUG-2026,Saturday,,,,Weekly Off,,,,
OB60852,PT117652,NOUR SALEH ABDALLA,OUTSOURCE,eMinds,CONSUMER-22011,20090-CONS-RETAIL-CW22011,45 Hours Weekly,SMB-GENERAL SHIFT,30-AUG-2026,Sunday,,,,Weekly Off,,,,
OB60852,PT117652,NOUR SALEH ABDALLA  ,OUTSOURCE,eMinds,CONSUMER-22011,20090-CONS-RETAIL-CW22011,45 Hours Weekly,SMB-GENERAL SHIFT,31-AUG-2026,Monday,31-AUG-2026 07:38:23 AM,31-AUG-2026 04:27:23 PM,08:49,Present,DXB-HQ-GF-GATE01 ENTRY,SHJ-MSCP-GF-GATE04-TS EXIT EXIT,,
OB60853,PT117653,KHALED FAWZY FAWZY,OUTSOURCE,Etisalat Services,ENTERPRISE-30510,20110-ENT-SUPPORT-CW30510,40 Hours Weekly,SMB-Elite Business,01-AUG-2026,Saturday,,,,Weekly Off,,,,
OB60853,PT117653,KHALED FAWZY FAWZY,OUTSOURCE,Etisalat Services,ENTERPRISE-30510,20110-ENT-SUPPORT-CW30510,40 Hours Weekly,SMB-Elite Business,02-AUG-2026,Sunday,,,,Weekly Off,,,,
OB60853,PT117653,KHALED FAWZY FAWZY,OUTSOURCE,Etisalat Services,ENTERPRISE-30510,20110-ENT-SUPPORT-CW30510,40 Hours Weekly,SMB-Elite Business,03-AUG-2026,Monday,03-AUG-2026 07:29:28 AM,03-AUG-2026 06:04:28 PM,10:35,Present,SHJ-HRB-L03-D040 LOBBY ENTRY,SHJ-MSCP-GF-GATE04-TS EXIT EXIT,,
OB60853,PT117653,KHALED FAWZY FAWZY,OUTSOURCE,Etisalat Services,ENTERPRISE-30510,20110-ENT-SUPPORT-CW30510,40 Hours Weekly,SMB-Elite Business,04-AUG-2026,Tuesday,04-AUG-2026 08:34:37 AM,,,Present,DXB-HQ-GF-GATE01 ENTRY,,,
OB60853,PT117653,KHALED FAWZY FAWZY,OUTSOURCE,Etisalat Services,ENTERPRISE-30510,20110-ENT-SUPPORT-CW30510,40 Hours Weekly,SMB-Elite Business,05-AUG-2026,Wednesday,05-AUG-2026 09:57:51 AM,05-AUG-2026 07:57:51 PM,10:00,Present,SHJ-HRB-L03-D040 LOBBY ENTRY,AUH-TWR-L01-D002 EXIT,,
OB60853,PT117653,KHALED FAWZY FAWZY,OUTSOURCE,Etisalat Services,ENTERPRISE-30510,20110-ENT-SUPPORT-CW30510,40 Hours Weekly,SMB-Elite Business,06-AUG-2026,Thursday,06-AUG-2026 08:52:57 AM,06-AUG-2026 06:03:57 PM,09:11,Present,DXB-HQ-GF-GATE01 ENTRY,AUH-TWR-L01-D002 EXIT,,
OB60853,PT117653,KHALED FAWZY FAWZY  ,OUTSOURCE,Etisalat Services,ENTERPRISE-30510,20110-ENT-SUPPORT-CW30510,40 Hours Weekly,SMB-Elite Business,07-AUG-2026,Friday,07-AUG-2026 08:42:46 AM,07-AUG-2026 06:20:46 PM,09:38,Present,AUH-TWR-L01-D002 ENTRY,DXB-HQ-GF-GATE01 EXIT,,
OB60853,PT117653,KHALED FAWZY FAWZY,OUTSOURCE,Etisalat Services,ENTERPRISE-30510,20110-ENT-SUPPORT-CW30510,40 Hours Weekly,SMB-Elite Business,08-AUG-2026,Saturday,,,,Weekly Off,,,,
OB60853,PT117653,KHALED FAWZY FAWZY,OUTSOURCE,Etisalat Services,ENTERPRISE-30510,20110-ENT-SUPPORT-CW30510,40 Hours Weekly,SMB-Elite Business,09-AUG-2026,Sunday,,,,Weekly Off,,,,
OB60853,PT117653,KHALED FAWZY FAWZY,OUTSOURCE,Etisalat Services,ENTERPRISE-30510,20110-ENT-SUPPORT-CW30510,40 Hours Weekly,SMB-Elite Business,10-AUG-2026,Monday,10-AUG-2026 09:38:54 AM,10-AUG-2026 05:44:54 PM,08:06,Present,AUH-TWR-L01-D002 ENTRY,AUH-TWR-L01-D002 EXIT,,
OB60853,PT117653,KHALED FAWZY FAWZY,OUTSOURCE,Etisalat Services,ENTERPRISE-30510,20110-ENT-SUPPORT-CW30510,40 Hours Weekly,SMB-Elite Business,11-AUG-2026,Tuesday,11-AUG-2026 08:48:21 AM,11-AUG-2026 06:14:21 PM,09:26,Present,DXB-HQ-GF-GATE01 ENTRY,DXB-HQ-GF-GATE01 EXIT,,
OB60853,PT117653,KHALED FAWZY FAWZY,OUTSOURCE,Etisalat Services,ENTERPRISE-30510,20110-ENT-SUPPORT-CW30510,40 Hours Weekly,SMB-Elite Business,12-AUG-2026,Wednesday,12-AUG-2026 07:05:24 AM,12-AUG-2026 03:40:24 PM,08:35,Present,DXB-HQ-GF-GATE01 ENTRY,AUH-TWR-L01-D002 EXIT,,
OB60853,PT117653,KHALED FAWZY FAWZY,OUTSOURCE,Etisalat Services,ENTERPRISE-30510,20110-ENT-SUPPORT-CW30510,40 Hours Weekly,SMB-Elite Business,13-AUG-2026,Thursday,13-AUG-2026 07:51:48 AM,13-AUG-2026 04:47:48 PM,08:56,Present,SHJ-HRB-L03-D040 LOBBY ENTRY,SHJ-MSCP-GF-GATE04-TS EXIT EXIT,,
OB60853,PT117653,KHALED FAWZY FAWZY  ,OUTSOURCE,Etisalat Services,ENTERPRISE-30510,20110-ENT-SUPPORT-CW30510,40 Hours Weekly,SMB-Elite Business,14-AUG-2026,Friday,14-AUG-2026 07:12:24 AM,14-AUG-2026 05:50:24 PM,10:38,Present,AUH-TWR-L01-D002 ENTRY,SHJ-MSCP-GF-GATE04-TS EXIT EXIT,,
OB60853,PT117653,KHALED FAWZY FAWZY,OUTSOURCE,Etisalat Services,ENTERPRISE-30510,20110-ENT-SUPPORT-CW30510,40 Hours Weekly,SMB-Elite Business,15-AUG-2026,Saturday,,,,Weekly Off,,,,
OB60853,PT117653,KHALED FAWZY FAWZY,OUTSOURCE,Etisalat Services,ENTERPRISE-30510,20110-ENT-SUPPORT-CW30510,40 Hours Weekly,SMB-Elite Business,16-AUG-2026,Sunday,,,,Weekly Off,,,,
OB60853,PT117653,KHALED FAWZY FAWZY,OUTSOURCE,Etisalat Services,ENTERPRISE-30510,20110-ENT-SUPPORT-CW30510,40 Hours Weekly,SMB-Elite Business,17-AUG-2026,Monday,17-AUG-2026 07:42:32 AM,17-AUG-2026 06:38:32 PM,10:56,Present,SHJ-HRB-L03-D040 LOBBY ENTRY,SHJ-MSCP-GF-GATE04-TS EXIT EXIT,,
OB60853,PT117653,KHALED FAWZY FAWZY,OUTSOURCE,Etisalat Services,ENTERPRISE-30510,20110-ENT-SUPPORT-CW30510,40 Hours Weekly,SMB-Elite Business,18-AUG-2026,Tuesday,18-AUG-2026 08:17:24 AM,18-AUG-2026 05:04:24 PM,08:47,Present,AUH-TWR-L01-D002 ENTRY,AUH-TWR-L01-D002 EXIT,,
OB60853,PT117653,KHALED FAWZY FAWZY,OUTSOURCE,Etisalat Services,ENTERPRISE-30510,20110-ENT-SUPPORT-CW30510,40 Hours Weekly,SMB-Elite Business,19-AUG-2026,Wednesday,19-AUG-2026 08:36:56 AM,19-AUG-2026 06:44:56 PM,10:08,Present,DXB-HQ-GF-GATE01 ENTRY,AUH-TWR-L01-D002 EXIT,,
OB60853,PT117653,KHALED FAWZY FAWZY,OUTSOURCE,Etisalat Services,ENTERPRISE-30510,20110-ENT-SUPPORT-CW30510,40 Hours Weekly,SMB-Elite Business,20-AUG-2026,Thursday,20-AUG-2026 07:58:50 AM,20-AUG-2026 05:11:50 PM,09:13,Present,AUH-TWR-L01-D002 ENTRY,AUH-TWR-L01-D002 EXIT,,
OB60853,PT117653,KHALED FAWZY FAWZY,OUTSOURCE,Etisalat Services,ENTERPRISE-30510,20110-ENT-SUPPORT-CW30510,40 Hours Weekly,SMB-Elite Business,21-AUG-2026,Friday,21-AUG-2026 07:32:23 AM,21-AUG-2026 06:27:23 PM,10:55,Present,AUH-TWR-L01-D002 ENTRY,SHJ-MSCP-GF-GATE04-TS EXIT EXIT,,
OB60853,PT117653,KHALED FAWZY FAWZY,OUTSOURCE,Etisalat Services,ENTERPRISE-30510,20110-ENT-SUPPORT-CW30510,40 Hours Weekly,SMB-Elite Business,22-AUG-2026,Saturday,,,,Weekly Off,,,,
OB60853,PT117653,KHALED FAWZY FAWZY,OUTSOURCE,Etisalat Services,ENTERPRISE-30510,20110-ENT-SUPPORT-CW30510,40 Hours Weekly,SMB-Elite Business,23-AUG-2026,Sunday,,,,Weekly Off,,,,
OB60853,PT117653,KHALED FAWZY FAWZY,OUTSOURCE,Etisalat Services,ENTERPRISE-30510,20110-ENT-SUPPORT-CW30510,40 Hours Weekly,SMB-Elite Business,24-AUG-2026,Monday,24-AUG-2026 09:29:25 AM,24-AUG-2026 06:32:25 PM,09:03,Present,SHJ-HRB-L03-D040 LOBBY ENTRY,AUH-TWR-L01-D002 EXIT,,
OB60853,PT117653,KHALED FAWZY FAWZY,OUTSOURCE,Etisalat Services,ENTERPRISE-30510,20110-ENT-SUPPORT-CW30510,40 Hours Weekly,SMB-Elite Business,25-AUG-2026,Tuesday,,,,Absent,,,Y,
OB60853,PT117653,KHALED FAWZY FAWZY,OUTSOURCE,Etisalat Services,ENTERPRISE-30510,20110-ENT-SUPPORT-CW30510,40 Hours Weekly,SMB-Elite Business,26-AUG-2026,Wednesday,26-AUG-2026 09:39:54 AM,26-AUG-2026 07:29:54 PM,09:50,Present,AUH-TWR-L01-D002 ENTRY,AUH-TWR-L01-D002 EXIT,,
OB60853,PT117653,KHALED FAWZY FAWZY,OUTSOURCE,Etisalat Services,ENTERPRISE-30510,20110-ENT-SUPPORT-CW30510,40 Hours Weekly,SMB-Elite Business,27-AUG-2026,Thursday,27-AUG-2026 08:17:07 AM,27-AUG-2026 04:45:07 PM,08:28,Present,SHJ-HRB-L03-D040 LOBBY ENTRY,AUH-TWR-L01-D002 EXIT,,
OB60853,PT117653,KHALED FAWZY FAWZY,OUTSOURCE,Etisalat Services,ENTERPRISE-30510,20110-ENT-SUPPORT-CW30510,40 Hours Weekly,SMB-Elite Business,28-AUG-2026,Friday,28-AUG-2026 08:40:49 AM,28-AUG-2026 05:58:49 PM,09:18,Present,DXB-HQ-GF-GATE01 ENTRY,DXB-HQ-GF-GATE01 EXIT,,
OB60853,PT117653,KHALED FAWZY FAWZY,OUTSOURCE,Etisalat Services,ENTERPRISE-30510,20110-ENT-SUPPORT-CW30510,40 Hours Weekly,SMB-Elite Business,29-AUG-2026,Saturday,,,,Weekly Off,,,,
OB60853,PT117653,KHALED FAWZY FAWZY  ,OUTSOURCE,Etisalat Services,ENTERPRISE-30510,20110-ENT-SUPPORT-CW30510,40 Hours Weekly,SMB-Elite Business,30-AUG-2026,Sunday,,,,Weekly Off,,,,
OB60853,PT117653,KHALED FAWZY FAWZY,OUTSOURCE,Etisalat Services,ENTERPRISE-30510,20110-ENT-SUPPORT-CW30510,40 Hours Weekly,SMB-Elite Business,31-AUG-2026,Monday,31-AUG-2026 08:15:21 AM,31-AUG-2026 06:56:21 PM,10:41,Present,AUH-TWR-L01-D002 ENTRY,AUH-TWR-L01-D002 EXIT,,
OB60854,PT117654,AHMED YOUSSEF ABDALLA,OUTSOURCE,Etisalat Services,ENTERPRISE-30511,20110-ENT-SUPPORT-CW30511,40 Hours Weekly,SMB-CCC & SOHO,01-AUG-2026,Saturday,,,,Weekly Off,,,,
OB60854,PT117654,AHMED YOUSSEF ABDALLA,OUTSOURCE,Etisalat Services,ENTERPRISE-30511,20110-ENT-SUPPORT-CW30511,40 Hours Weekly,SMB-CCC & SOHO,02-AUG-2026,Sunday,,,,Weekly Off,,,,
OB60854,PT117654,AHMED YOUSSEF ABDALLA,OUTSOURCE,Etisalat Services,ENTERPRISE-30511,20110-ENT-SUPPORT-CW30511,40 Hours Weekly,SMB-CCC & SOHO,03-AUG-2026,Monday,03-AUG-2026 09:47:03 AM,03-AUG-2026 07:38:03 PM,09:51,Present,DXB-HQ-GF-GATE01 ENTRY,DXB-HQ-GF-GATE01 EXIT,,
OB60854,PT117654,AHMED YOUSSEF ABDALLA,OUTSOURCE,Etisalat Services,ENTERPRISE-30511,20110-ENT-SUPPORT-CW30511,40 Hours Weekly,SMB-CCC & SOHO,04-AUG-2026,Tuesday,04-AUG-2026 08:28:32 AM,04-AUG-2026 06:27:32 PM,09:59,Present,AUH-TWR-L01-D002 ENTRY,AUH-TWR-L01-D002 EXIT,,
OB60854,PT117654,AHMED YOUSSEF ABDALLA,OUTSOURCE,Etisalat Services,ENTERPRISE-30511,20110-ENT-SUPPORT-CW30511,40 Hours Weekly,SMB-CCC & SOHO,05-AUG-2026,Wednesday,,,,WFH,,,,
OB60854,PT117654,AHMED YOUSSEF ABDALLA,OUTSOURCE,Etisalat Services,ENTERPRISE-30511,20110-ENT-SUPPORT-CW30511,40 Hours Weekly,SMB-CCC & SOHO,06-AUG-2026,Thursday,06-AUG-2026 07:19:43 AM,06-AUG-2026 03:50:43 PM,08:31,Present,SHJ-HRB-L03-D040 LOBBY ENTRY,DXB-HQ-GF-GATE01 EXIT,,
OB60854,PT117654,AHMED YOUSSEF ABDALLA  ,OUTSOURCE,Etisalat Services,ENTERPRISE-30511,20110-ENT-SUPPORT-CW30511,40 Hours Weekly,SMB-CCC & SOHO,07-AUG-2026,Friday,07-AUG-2026 07:51:43 AM,07-AUG-2026 05:20:43 PM,09:29,Present,AUH-TWR-L01-D002 ENTRY,AUH-TWR-L01-D002 EXIT,,
OB60854,PT117654,AHMED YOUSSEF ABDALLA,OUTSOURCE,Etisalat Services,ENTERPRISE-30511,20110-ENT-SUPPORT-CW30511,40 Hours Weekly,SMB-CCC & SOHO,08-AUG-2026,Saturday,,,,Weekly Off,,,,
OB60854,PT117654,AHMED YOUSSEF ABDALLA,OUTSOURCE,Etisalat Services,ENTERPRISE-30511,20110-ENT-SUPPORT-CW30511,40 Hours Weekly,SMB-CCC & SOHO,09-AUG-2026,Sunday,,,,Weekly Off,,,,
OB60854,PT117654,AHMED YOUSSEF ABDALLA  ,OUTSOURCE,Etisalat Services,ENTERPRISE-30511,20110-ENT-SUPPORT-CW30511,40 Hours Weekly,SMB-CCC & SOHO,10-AUG-2026,Monday,,,,Absent,,,,
OB60854,PT117654,AHMED YOUSSEF ABDALLA,OUTSOURCE,Etisalat Services,ENTERPRISE-30511,20110-ENT-SUPPORT-CW30511,40 Hours Weekly,SMB-CCC & SOHO,11-AUG-2026,Tuesday,11-AUG-2026 07:24:37 AM,11-AUG-2026 04:33:37 PM,09:09,Present,AUH-TWR-L01-D002 ENTRY,DXB-HQ-GF-GATE01 EXIT,,
OB60854,PT117654,AHMED YOUSSEF ABDALLA,OUTSOURCE,Etisalat Services,ENTERPRISE-30511,20110-ENT-SUPPORT-CW30511,40 Hours Weekly,SMB-CCC & SOHO,12-AUG-2026,Wednesday,12-AUG-2026 07:57:12 AM,12-AUG-2026 05:34:12 PM,09:37,Present,AUH-TWR-L01-D002 ENTRY,DXB-HQ-GF-GATE01 EXIT,,
OB60854,PT117654,AHMED YOUSSEF ABDALLA,OUTSOURCE,Etisalat Services,ENTERPRISE-30511,20110-ENT-SUPPORT-CW30511,40 Hours Weekly,SMB-CCC & SOHO,13-AUG-2026,Thursday,13-AUG-2026 07:46:11 AM,13-AUG-2026 04:51:11 PM,09:05,Present,AUH-TWR-L01-D002 ENTRY,DXB-HQ-GF-GATE01 EXIT,,
OB60854,PT117654,AHMED YOUSSEF ABDALLA,OUTSOURCE,Etisalat Services,ENTERPRISE-30511,20110-ENT-SUPPORT-CW30511,40 Hours Weekly,SMB-CCC & SOHO,14-AUG-2026,Friday,14-AUG-2026 07:29:15 AM,14-AUG-2026 05:13:15 PM,09:44,Present,SHJ-HRB-L03-D040 LOBBY ENTRY,DXB-HQ-GF-GATE01 EXIT,,
OB60854,PT117654,AHMED YOUSSEF ABDALLA,OUTSOURCE,Etisalat Services,ENTERPRISE-30511,20110-ENT-SUPPORT-CW30511,40 Hours Weekly,SMB-CCC & SOHO,15-AUG-2026,Saturday,,,,Weekly Off,,,,
OB60854,PT117654,AHMED YOUSSEF ABDALLA  ,OUTSOURCE,Etisalat Services,ENTERPRISE-30511,20110-ENT-SUPPORT-CW30511,40 Hours Weekly,SMB-CCC & SOHO,16-AUG-2026,Sunday,,,,Weekly Off,,,,
OB60854,PT117654,AHMED YOUSSEF ABDALLA,OUTSOURCE,Etisalat Services,ENTERPRISE-30511,20110-ENT-SUPPORT-CW30511,40 Hours Weekly,SMB-CCC & SOHO,17-AUG-2026,Monday,17-AUG-2026 07:12:08 AM,17-AUG-2026 04:27:08 PM,09:15,Present,DXB-HQ-GF-GATE01 ENTRY,DXB-HQ-GF-GATE01 EXIT,,
OB60854,PT117654,AHMED YOUSSEF ABDALLA,OUTSOURCE,Etisalat Services,ENTERPRISE-30511,20110-ENT-SUPPORT-CW30511,40 Hours Weekly,SMB-CCC & SOHO,18-AUG-2026,Tuesday,18-AUG-2026 08:56:02 AM,18-AUG-2026 07:11:02 PM,10:15,Present,DXB-HQ-GF-GATE01 ENTRY,AUH-TWR-L01-D002 EXIT,,
OB60854,PT117654,AHMED YOUSSEF ABDALLA,OUTSOURCE,Etisalat Services,ENTERPRISE-30511,20110-ENT-SUPPORT-CW30511,40 Hours Weekly,SMB-CCC & SOHO,19-AUG-2026,Wednesday,19-AUG-2026 07:58:09 AM,19-AUG-2026 04:00:09 PM,08:02,Present,SHJ-HRB-L03-D040 LOBBY ENTRY,SHJ-MSCP-GF-GATE04-TS EXIT EXIT,,
OB60854,PT117654,AHMED YOUSSEF ABDALLA,OUTSOURCE,Etisalat Services,ENTERPRISE-30511,20110-ENT-SUPPORT-CW30511,40 Hours Weekly,SMB-CCC & SOHO,20-AUG-2026,Thursday,20-AUG-2026 08:16:59 AM,20-AUG-2026 05:52:59 PM,09:36,Present,DXB-HQ-GF-GATE01 ENTRY,SHJ-MSCP-GF-GATE04-TS EXIT EXIT,,
OB60854,PT117654,AHMED YOUSSEF ABDALLA  ,OUTSOURCE,Etisalat Services,ENTERPRISE-30511,20110-ENT-SUPPORT-CW30511,40 Hours Weekly,SMB-CCC & SOHO,21-AUG-2026,Friday,21-AUG-2026 07:35:36 AM,21-AUG-2026 05:34:36 PM,09:59,Present,AUH-TWR-L01-D002 ENTRY,SHJ-MSCP-GF-GATE04-TS EXIT EXIT,,
OB60854,PT117654,AHMED YOUSSEF ABDALLA,OUTSOURCE,Etisalat Services,ENTERPRISE-30511,20110-ENT-SUPPORT-CW30511,40 Hours Weekly,SMB-CCC & SOHO,22-AUG-2026,Saturday,,,,Weekly Off,,,,
OB60854,PT117654,AHMED YOUSSEF ABDALLA,OUTSOURCE,Etisalat Services,ENTERPRISE-30511,20110-ENT-SUPPORT-CW30511,40 Hours Weekly,SMB-CCC & SOHO,23-AUG-2026,Sunday,,,,Weekly Off,,,,
OB60854,PT117654,AHMED YOUSSEF ABDALLA,OUTSOURCE,Etisalat Services,ENTERPRISE-30511,20110-ENT-SUPPORT-CW30511,40 Hours Weekly,SMB-CCC & SOHO,24-AUG-2026,Monday,24-AUG-2026 08:20:01 AM,24-AUG-2026 06:07:01 PM,09:47,Present,SHJ-HRB-L03-D040 LOBBY ENTRY,SHJ-MSCP-GF-GATE04-TS EXIT EXIT,,
OB60854,PT117654,AHMED YOUSSEF ABDALLA,OUTSOURCE,Etisalat Services,ENTERPRISE-30511,20110-ENT-SUPPORT-CW30511,40 Hours Weekly,SMB-CCC & SOHO,25-AUG-2026,Tuesday,25-AUG-2026 09:41:15 AM,25-AUG-2026 06:04:15 PM,08:23,Present,AUH-TWR-L01-D002 ENTRY,AUH-TWR-L01-D002 EXIT,,
OB60854,PT117654,AHMED YOUSSEF ABDALLA,OUTSOURCE,Etisalat Services,ENTERPRISE-30511,20110-ENT-SUPPORT-CW30511,40 Hours Weekly,SMB-CCC & SOHO,26-AUG-2026,Wednesday,26-AUG-2026 07:59:16 AM,26-AUG-2026 05:22:16 PM,09:23,Present,AUH-TWR-L01-D002 ENTRY,DXB-HQ-GF-GATE01 EXIT,,
OB60854,PT117654,AHMED YOUSSEF ABDALLA,OUTSOURCE,Etisalat Services,ENTERPRISE-30511,20110-ENT-SUPPORT-CW30511,40 Hours Weekly,SMB-CCC & SOHO,27-AUG-2026,Thursday,,,,Sick Leave,,,,
OB60854,PT117654,AHMED YOUSSEF ABDALLA,OUTSOURCE,Etisalat Services,ENTERPRISE-30511,20110-ENT-SUPPORT-CW30511,40 Hours Weekly,SMB-CCC & SOHO,28-AUG-2026,Friday,28-AUG-2026 07:31:31 AM,28-AUG-2026 05:20:31 PM,09:49,Present,DXB-HQ-GF-GATE01 ENTRY,SHJ-MSCP-GF-GATE04-TS EXIT EXIT,,
OB60854,PT117654,AHMED YOUSSEF ABDALLA,OUTSOURCE,Etisalat Services,ENTERPRISE-30511,20110-ENT-SUPPORT-CW30511,40 Hours Weekly,SMB-CCC & SOHO,29-AUG-2026,Saturday,,,,Weekly Off,,,,
OB60854,PT117654,AHMED YOUSSEF ABDALLA  ,OUTSOURCE,Etisalat Services,ENTERPRISE-30511,20110-ENT-SUPPORT-CW30511,40 Hours Weekly,SMB-CCC & SOHO,30-AUG-2026,Sunday,,,,Weekly Off,,,,
OB60854,PT117654,AHMED YOUSSEF ABDALLA,OUTSOURCE,Etisalat Services,ENTERPRISE-30511,20110-ENT-SUPPORT-CW30511,40 Hours Weekly,SMB-CCC & SOHO,31-AUG-2026,Monday,31-AUG-2026 07:36:46 AM,31-AUG-2026 05:39:46 PM,10:03,Present,SHJ-HRB-L03-D040 LOBBY ENTRY,SHJ-MSCP-GF-GATE04-TS EXIT EXIT,,
OB60855,PT117655,DINA MOHSEN SAYED,OUTSOURCE,eMinds,SMB-41984,20085-SMB-SALES-CW41984,48 Hours Weekly,SMB DIGITAL BACK OFFICE,01-AUG-2026,Saturday,,,,Weekly Off,,,,
OB60855,PT117655,DINA MOHSEN SAYED,OUTSOURCE,eMinds,SMB-41984,20085-SMB-SALES-CW41984,48 Hours Weekly,SMB DIGITAL BACK OFFICE,02-AUG-2026,Sunday,,,,Weekly Off,,,,
OB60855,PT117655,DINA MOHSEN SAYED,OUTSOURCE,eMinds,SMB-41984,20085-SMB-SALES-CW41984,48 Hours Weekly,SMB DIGITAL BACK OFFICE,03-AUG-2026,Monday,03-AUG-2026 08:36:24 AM,03-AUG-2026 06:03:24 PM,09:27,Present,SHJ-HRB-L03-D040 LOBBY ENTRY,AUH-TWR-L01-D002 EXIT,,
OB60855,PT117655,DINA MOHSEN SAYED,OUTSOURCE,eMinds,SMB-41984,20085-SMB-SALES-CW41984,48 Hours Weekly,SMB DIGITAL BACK OFFICE,04-AUG-2026,Tuesday,04-AUG-2026 07:36:28 AM,04-AUG-2026 04:57:28 PM,09:21,Present,DXB-HQ-GF-GATE01 ENTRY,AUH-TWR-L01-D002 EXIT,,
OB60855,PT117655,DINA MOHSEN SAYED,OUTSOURCE,eMinds,SMB-41984,20085-SMB-SALES-CW41984,48 Hours Weekly,SMB DIGITAL BACK OFFICE,05-AUG-2026,Wednesday,,,,Absent,,,,
OB60855,PT117655,DINA MOHSEN SAYED,OUTSOURCE,eMinds,SMB-41984,20085-SMB-SALES-CW41984,48 Hours Weekly,SMB DIGITAL BACK OFFICE,06-AUG-2026,Thursday,,06-AUG-2026 03:32:43 PM,,Present,,SHJ-MSCP-GF-GATE04-TS EXIT EXIT,,
OB60855,PT117655,DINA MOHSEN SAYED  ,OUTSOURCE,eMinds,SMB-41984,20085-SMB-SALES-CW41984,48 Hours Weekly,SMB DIGITAL BACK OFFICE,07-AUG-2026,Friday,07-AUG-2026 09:02:29 AM,07-AUG-2026 06:40:29 PM,09:38,Present,SHJ-HRB-L03-D040 LOBBY ENTRY,DXB-HQ-GF-GATE01 EXIT,,
OB60855,PT117655,DINA MOHSEN SAYED  ,OUTSOURCE,eMinds,SMB-41984,20085-SMB-SALES-CW41984,48 Hours Weekly,SMB DIGITAL BACK OFFICE,08-AUG-2026,Saturday,,,,Weekly Off,,,,
OB60855,PT117655,DINA MOHSEN SAYED  ,OUTSOURCE,eMinds,SMB-41984,20085-SMB-SALES-CW41984,48 Hours Weekly,SMB DIGITAL BACK OFFICE,09-AUG-2026,Sunday,,,,Weekly Off,,,,
OB60855,PT117655,DINA MOHSEN SAYED,OUTSOURCE,eMinds,SMB-41984,20085-SMB-SALES-CW41984,48 Hours Weekly,SMB DIGITAL BACK OFFICE,10-AUG-2026,Monday,10-AUG-2026 07:48:43 AM,10-AUG-2026 05:25:43 PM,09:37,Present,SHJ-HRB-L03-D040 LOBBY ENTRY,AUH-TWR-L01-D002 EXIT,,
OB60855,PT117655,DINA MOHSEN SAYED,OUTSOURCE,eMinds,SMB-41984,20085-SMB-SALES-CW41984,48 Hours Weekly,SMB DIGITAL BACK OFFICE,11-AUG-2026,Tuesday,11-AUG-2026 09:58:24 AM,11-AUG-2026 08:07:24 PM,10:09,Present,SHJ-HRB-L03-D040 LOBBY ENTRY,SHJ-MSCP-GF-GATE04-TS EXIT EXIT,,
OB60855,PT117655,DINA MOHSEN SAYED,OUTSOURCE,eMinds,SMB-41984,20085-SMB-SALES-CW41984,48 Hours Weekly,SMB DIGITAL BACK OFFICE,12-AUG-2026,Wednesday,12-AUG-2026 07:11:58 AM,12-AUG-2026 04:13:58 PM,09:02,Present,SHJ-HRB-L03-D040 LOBBY ENTRY,SHJ-MSCP-GF-GATE04-TS EXIT EXIT,,
OB60855,PT117655,DINA MOHSEN SAYED  ,OUTSOURCE,eMinds,SMB-41984,20085-SMB-SALES-CW41984,48 Hours Weekly,SMB DIGITAL BACK OFFICE,13-AUG-2026,Thursday,13-AUG-2026 08:28:47 AM,13-AUG-2026 05:39:47 PM,09:11,Present,DXB-HQ-GF-GATE01 ENTRY,AUH-TWR-L01-D002 EXIT,,
OB60855,PT117655,DINA MOHSEN SAYED  ,OUTSOURCE,eMinds,SMB-41984,20085-SMB-SALES-CW41984,48 Hours Weekly,SMB DIGITAL BACK OFFICE,14-AUG-2026,Friday,14-AUG-2026 08:47:34 AM,14-AUG-2026 07:43:34 PM,10:56,Present,AUH-TWR-L01-D002 ENTRY,SHJ-MSCP-GF-GATE04-TS EXIT EXIT,,
OB60855,PT117655,DINA MOHSEN SAYED  ,OUTSOURCE,eMinds,SMB-41984,20085-SMB-SALES-CW41984,48 Hours Weekly,SMB DIGITAL BACK OFFICE,15-AUG-2026,Saturday,,,,Weekly Off,,,,
OB60855,PT117655,DINA MOHSEN SAYED  ,OUTSOURCE,eMinds,SMB-41984,20085-SMB-SALES-CW41984,48 Hours Weekly,SMB DIGITAL BACK OFFICE,16-AUG-2026,Sunday,,,,Weekly Off,,,,
OB60855,PT117655,DINA MOHSEN SAYED  ,OUTSOURCE,eMinds,SMB-41984,20085-SMB-SALES-CW41984,48 Hours Weekly,SMB DIGITAL BACK OFFICE,17-AUG-2026,Monday,17-AUG-2026 09:53:44 AM,17-AUG-2026 05:58:44 PM,08:05,Present,AUH-TWR-L01-D002 ENTRY,AUH-TWR-L01-D002 EXIT,,
OB60855,PT117655,DINA MOHSEN SAYED,OUTSOURCE,eMinds,SMB-41984,20085-SMB-SALES-CW41984,48 Hours Weekly,SMB DIGITAL BACK OFFICE,18-AUG-2026,Tuesday,,,,Sick Leave,,,,
OB60855,PT117655,DINA MOHSEN SAYED,OUTSOURCE,eMinds,SMB-41984,20085-SMB-SALES-CW41984,48 Hours Weekly,SMB DIGITAL BACK OFFICE,19-AUG-2026,Wednesday,19-AUG-2026 08:32:37 AM,19-AUG-2026 05:40:37 PM,09:08,Present,DXB-HQ-GF-GATE01 ENTRY,SHJ-MSCP-GF-GATE04-TS EXIT EXIT,,
OB60855,PT117655,DINA MOHSEN SAYED,OUTSOURCE,eMinds,SMB-41984,20085-SMB-SALES-CW41984,48 Hours Weekly,SMB DIGITAL BACK OFFICE,20-AUG-2026,Thursday,20-AUG-2026 08:52:44 AM,20-AUG-2026 05:33:44 PM,08:41,Present,DXB-HQ-GF-GATE01 ENTRY,DXB-HQ-GF-GATE01 EXIT,,
OB60855,PT117655,DINA MOHSEN SAYED,OUTSOURCE,eMinds,SMB-41984,20085-SMB-SALES-CW41984,48 Hours Weekly,SMB DIGITAL BACK OFFICE,21-AUG-2026,Friday,21-AUG-2026 08:58:52 AM,21-AUG-2026 06:09:52 PM,09:11,Present,AUH-TWR-L01-D002 ENTRY,DXB-HQ-GF-GATE01 EXIT,,
OB60855,PT117655,DINA MOHSEN SAYED,OUTSOURCE,eMinds,SMB-41984,20085-SMB-SALES-CW41984,48 Hours Weekly,SMB DIGITAL BACK OFFICE,22-AUG-2026,Saturday,,,,Weekly Off,,,,
OB60855,PT117655,DINA MOHSEN SAYED,OUTSOURCE,eMinds,SMB-41984,20085-SMB-SALES-CW41984,48 Hours Weekly,SMB DIGITAL BACK OFFICE,23-AUG-2026,Sunday,,,,Weekly Off,,,,
OB60855,PT117655,DINA MOHSEN SAYED,OUTSOURCE,eMinds,SMB-41984,20085-SMB-SALES-CW41984,48 Hours Weekly,SMB DIGITAL BACK OFFICE,24-AUG-2026,Monday,24-AUG-2026 09:16:00 AM,24-AUG-2026 06:16:00 PM,09:00,Present,DXB-HQ-GF-GATE01 ENTRY,DXB-HQ-GF-GATE01 EXIT,,
OB60855,PT117655,DINA MOHSEN SAYED,OUTSOURCE,eMinds,SMB-41984,20085-SMB-SALES-CW41984,48 Hours Weekly,SMB DIGITAL BACK OFFICE,25-AUG-2026,Tuesday,25-AUG-2026 08:29:49 AM,25-AUG-2026 04:56:49 PM,08:27,Present,AUH-TWR-L01-D002 ENTRY,AUH-TWR-L01-D002 EXIT,,
OB60855,PT117655,DINA MOHSEN SAYED,OUTSOURCE,eMinds,SMB-41984,20085-SMB-SALES-CW41984,48 Hours Weekly,SMB DIGITAL BACK OFFICE,26-AUG-2026,Wednesday,26-AUG-2026 07:34:19 AM,26-AUG-2026 04:59:19 PM,09:25,Present,SHJ-HRB-L03-D040 LOBBY ENTRY,AUH-TWR-L01-D002 EXIT,,
OB60855,PT117655,DINA MOHSEN SAYED,OUTSOURCE,eMinds,SMB-41984,20085-SMB-SALES-CW41984,48 Hours Weekly,SMB DIGITAL BACK OFFICE,27-AUG-2026,Thursday,27-AUG-2026 07:57:25 AM,27-AUG-2026 04:42:25 PM,08:45,Present,SHJ-HRB-L03-D040 LOBBY ENTRY,DXB-HQ-GF-GATE01 EXIT,,
OB60855,PT117655,DINA MOHSEN SAYED  ,OUTSOURCE,eMinds,SMB-41984,20085-SMB-SALES-CW41984,48 Hours Weekly,SMB DIGITAL BACK OFFICE,28-AUG-2026,Friday,,,,Absent,,,N,
OB60855,PT117655,DINA MOHSEN SAYED,OUTSOURCE,eMinds,SMB-41984,20085-SMB-SALES-CW41984,48 Hours Weekly,SMB DIGITAL BACK OFFICE,29-AUG-2026,Saturday,,,,Weekly Off,,,,
OB60855,PT117655,DINA MOHSEN SAYED,OUTSOURCE,eMinds,SMB-41984,20085-SMB-SALES-CW41984,48 Hours Weekly,SMB DIGITAL BACK OFFICE,30-AUG-2026,Sunday,,,,Weekly Off,,,,
OB60855,PT117655,DINA MOHSEN SAYED,OUTSOURCE,eMinds,SMB-41984,20085-SMB-SALES-CW41984,48 Hours Weekly,SMB DIGITAL BACK OFFICE,31-AUG-2026,Monday,31-AUG-2026 07:21:24 AM,31-AUG-2026 04:55:24 PM,09:34,Present,SHJ-HRB-L03-D040 LOBBY ENTRY,AUH-TWR-L01-D002 EXIT,,
OB60856,PT117656,RANIA HASSAN IBRAHIM,OUTSOURCE,eMinds,SMB-41985,20085-SMB-SALES-CW41985,48 Hours Weekly,SMB-PRIME&BD-KAM-1,01-AUG-2026,Saturday,,,,Weekly Off,,,,
OB60856,PT117656,RANIA HASSAN IBRAHIM,OUTSOURCE,eMinds,SMB-41985,20085-SMB-SALES-CW41985,48 Hours Weekly,SMB-PRIME&BD-KAM-1,02-AUG-2026,Sunday,,,,Weekly Off,,,,
OB60856,PT117656,RANIA HASSAN IBRAHIM,OUTSOURCE,eMinds,SMB-41985,20085-SMB-SALES-CW41985,48 Hours Weekly,SMB-PRIME&BD-KAM-1,03-AUG-2026,Monday,03-AUG-2026 08:55:36 AM,03-AUG-2026 06:35:36 PM,13:12,Present,AUH-TWR-L01-D002 ENTRY,SHJ-MSCP-GF-GATE04-TS EXIT EXIT,,
OB60856,PT117656,RANIA HASSAN IBRAHIM,OUTSOURCE,eMinds,SMB-41985,20085-SMB-SALES-CW41985,48 Hours Weekly,SMB-PRIME&BD-KAM-1,04-AUG-2026,Tuesday,04-AUG-2026 07:48:48 AM,04-AUG-2026 04:56:48 PM,09:08,Present,DXB-HQ-GF-GATE01 ENTRY,AUH-TWR-L01-D002 EXIT,,
OB60856,PT117656,RANIA HASSAN IBRAHIM  ,OUTSOURCE,eMinds,SMB-41985,20085-SMB-SALES-CW41985,48 Hours Weekly,SMB-PRIME&BD-KAM-1,05-AUG-2026,Wednesday,05-AUG-2026 07:53:25 AM,05-AUG-2026 03:58:25 PM,08:05,Present,AUH-TWR-L01-D002 ENTRY,AUH-TWR-L01-D002 EXIT,,
OB60856,PT117656,RANIA HASSAN IBRAHIM  ,OUTSOURCE,eMinds,SMB-41985,20085-SMB-SALES-CW41985,48 Hours Weekly,SMB-PRIME&BD-KAM-1,06-AUG-2026,Thursday,06-AUG-2026 09:01:33 AM,06-AUG-2026 06:01:33 PM,09:00,Present,SHJ-HRB-L03-D040 LOBBY ENTRY,AUH-TWR-L01-D002 EXIT,,
OB60856,PT117656,RANIA HASSAN IBRAHIM,OUTSOURCE,eMinds,SMB-41985,20085-SMB-SALES-CW41985,48 Hours Weekly,SMB-PRIME&BD-KAM-1,07-AUG-2026,Friday,07-AUG-2026 08:31:55 AM,07-AUG-2026 04:54:55 PM,08:23,Present,AUH-TWR-L01-D002 ENTRY,SHJ-MSCP-GF-GATE04-TS EXIT EXIT,,
OB60856,PT117656,RANIA HASSAN IBRAHIM,OUTSOURCE,eMinds,SMB-41985,20085-SMB-SALES-CW41985,48 Hours Weekly,SMB-PRIME&BD-KAM-1,08-AUG-2026,Saturday,,,,Weekly Off,,,,
OB60856,PT117656,RANIA HASSAN IBRAHIM  ,OUTSOURCE,eMinds,SMB-41985,20085-SMB-SALES-CW41985,48 Hours Weekly,SMB-PRIME&BD-KAM-1,09-AUG-2026,Sunday,,,,Weekly Off,,,,
OB60856,PT117656,RANIA HASSAN IBRAHIM,OUTSOURCE,eMinds,SMB-41985,20085-SMB-SALES-CW41985,48 Hours Weekly,SMB-PRIME&BD-KAM-1,10-AUG-2026,Monday,10-AUG-2026 07:18:14 AM,10-AUG-2026 04:45:14 PM,09:27,Present,AUH-TWR-L01-D002 ENTRY,DXB-HQ-GF-GATE01 EXIT,,
OB60856,PT117656,RANIA HASSAN IBRAHIM  ,OUTSOURCE,eMinds,SMB-41985,20085-SMB-SALES-CW41985,48 Hours Weekly,SMB-PRIME&BD-KAM-1,11-AUG-2026,Tuesday,11-AUG-2026 08:44:09 AM,11-AUG-2026 06:10:09 PM,09:26,Present,SHJ-HRB-L03-D040 LOBBY ENTRY,SHJ-MSCP-GF-GATE04-TS EXIT EXIT,,
OB60856,PT117656,RANIA HASSAN IBRAHIM,OUTSOURCE,eMinds,SMB-41985,20085-SMB-SALES-CW41985,48 Hours Weekly,SMB-PRIME&BD-KAM-1,12-AUG-2026,Wednesday,,,,Absent,,,,
OB60856,PT117656,RANIA HASSAN IBRAHIM  ,OUTSOURCE,eMinds,SMB-41985,20085-SMB-SALES-CW41985,48 Hours Weekly,SMB-PRIME&BD-KAM-1,13-AUG-2026,Thursday,,,,Sick Leave,,,,
OB60856,PT117656,RANIA HASSAN IBRAHIM,OUTSOURCE,eMinds,SMB-41985,20085-SMB-SALES-CW41985,48 Hours Weekly,SMB-PRIME&BD-KAM-1,14-AUG-2026,Friday,14-AUG-2026 09:47:23 AM,14-AUG-2026 06:33:23 PM,08:46,Present,SHJ-HRB-L03-D040 LOBBY ENTRY,DXB-HQ-GF-GATE01 EXIT,,
OB60856,PT117656,RANIA HASSAN IBRAHIM,OUTSOURCE,eMinds,SMB-41985,20085-SMB-SALES-CW41985,48 Hours Weekly,SMB-PRIME&BD-KAM-1,15-AUG-2026,Saturday,,,,Weekly Off,,,,
OB60856,PT117656,RANIA HASSAN IBRAHIM,OUTSOURCE,eMinds,SMB-41985,20085-SMB-SALES-CW41985,48 Hours Weekly,SMB-PRIME&BD-KAM-1,16-AUG-2026,Sunday,,,,Weekly Off,,,,
OB60856,PT117656,RANIA HASSAN IBRAHIM  ,OUTSOURCE,eMinds,SMB-41985,20085-SMB-SALES-CW41985,48 Hours Weekly,SMB-PRIME&BD-KAM-1,17-AUG-2026,Monday,,17-AUG-2026 05:56:43 PM,,Present,,AUH-TWR-L01-D002 EXIT,,
OB60856,PT117656,RANIA HASSAN IBRAHIM,OUTSOURCE,eMinds,SMB-41985,20085-SMB-SALES-CW41985,48 Hours Weekly,SMB-PRIME&BD-KAM-1,18-AUG-2026,Tuesday,18-AUG-2026 08:23:57 AM,18-AUG-2026 07:13:57 PM,10:50,Present,DXB-HQ-GF-GATE01 ENTRY,AUH-TWR-L01-D002 EXIT,,
OB60856,PT117656,RANIA HASSAN IBRAHIM,OUTSOURCE,eMinds,SMB-41985,20085-SMB-SALES-CW41985,48 Hours Weekly,SMB-PRIME&BD-KAM-1,19-AUG-2026,Wednesday,19-AUG-2026 08:40:14 AM,19-AUG-2026 07:07:14 PM,10:27,Present,DXB-HQ-GF-GATE01 ENTRY,AUH-TWR-L01-D002 EXIT,,
OB60856,PT117656,RANIA HASSAN IBRAHIM,OUTSOURCE,eMinds,SMB-41985,20085-SMB-SALES-CW41985,48 Hours Weekly,SMB-PRIME&BD-KAM-1,20-AUG-2026,Thursday,20-AUG-2026 07:22:09 AM,20-AUG-2026 05:04:09 PM,09:42,Present,AUH-TWR-L01-D002 ENTRY,DXB-HQ-GF-GATE01 EXIT,,
OB60856,PT117656,RANIA HASSAN IBRAHIM,OUTSOURCE,eMinds,SMB-41985,20085-SMB-SALES-CW41985,48 Hours Weekly,SMB-PRIME&BD-KAM-1,21-AUG-2026,Friday,21-AUG-2026 07:03:18 AM,21-AUG-2026 03:28:18 PM,08:25,Present,AUH-TWR-L01-D002 ENTRY,SHJ-MSCP-GF-GATE04-TS EXIT EXIT,,
OB60856,PT117656,RANIA HASSAN IBRAHIM,OUTSOURCE,eMinds,SMB-41985,20085-SMB-SALES-CW41985,48 Hours Weekly,SMB-PRIME&BD-KAM-1,22-AUG-2026,Saturday,,,,Weekly Off,,,,
OB60856,PT117656,RANIA HASSAN IBRAHIM  ,OUTSOURCE,eMinds,SMB-41985,20085-SMB-SALES-CW41985,48 Hours Weekly,SMB-PRIME&BD-KAM-1,23-AUG-2026,Sunday,,,,Weekly Off,,,,
OB60856,PT117656,RANIA HASSAN IBRAHIM,OUTSOURCE,eMinds,SMB-41985,20085-SMB-SALES-CW41985,48 Hours Weekly,SMB-PRIME&BD-KAM-1,24-AUG-2026,Monday,24-AUG-2026 08:05:57 AM,24-AUG-2026 05:20:57 PM,09:15,Present,AUH-TWR-L01-D002 ENTRY,SHJ-MSCP-GF-GATE04-TS EXIT EXIT,,
OB60856,PT117656,RANIA HASSAN IBRAHIM,OUTSOURCE,eMinds,SMB-41985,20085-SMB-SALES-CW41985,48 Hours Weekly,SMB-PRIME&BD-KAM-1,25-AUG-2026,Tuesday,25-AUG-2026 08:50:48 AM,25-AUG-2026 06:37:48 PM,09:47,Present,AUH-TWR-L01-D002 ENTRY,DXB-HQ-GF-GATE01 EXIT,,
OB60856,PT117656,RANIA HASSAN IBRAHIM,OUTSOURCE,eMinds,SMB-41985,20085-SMB-SALES-CW41985,48 Hours Weekly,SMB-PRIME&BD-KAM-1,26-AUG-2026,Wednesday,26-AUG-2026 07:47:43 AM,26-AUG-2026 05:36:43 PM,09:49,Present,DXB-HQ-GF-GATE01 ENTRY,DXB-HQ-GF-GATE01 EXIT,,
OB60856,PT117656,RANIA HASSAN IBRAHIM  ,OUTSOURCE,eMinds,SMB-41985,20085-SMB-SALES-CW41985,48 Hours Weekly,SMB-PRIME&BD-KAM-1,27-AUG-2026,Thursday,27-AUG-2026 07:51:50 AM,27-AUG-2026 05:10:50 PM,09:19,Present,DXB-HQ-GF-GATE01 ENTRY,AUH-TWR-L01-D002 EXIT,,
OB60856,PT117656,RANIA HASSAN IBRAHIM,OUTSOURCE,eMinds,SMB-41985,20085-SMB-SALES-CW41985,48 Hours Weekly,SMB-PRIME&BD-KAM-1,28-AUG-2026,Friday,28-AUG-2026 08:33:32 AM,28-AUG-2026 04:50:32 PM,08:17,Present,AUH-TWR-L01-D002 ENTRY,SHJ-MSCP-GF-GATE04-TS EXIT EXIT,,
OB60856,PT117656,RANIA HASSAN IBRAHIM,OUTSOURCE,eMinds,SMB-41985,20085-SMB-SALES-CW41985,48 Hours Weekly,SMB-PRIME&BD-KAM-1,29-AUG-2026,Saturday,,,,Weekly Off,,,,
OB60856,PT117656,RANIA HASSAN IBRAHIM,OUTSOURCE,eMinds,SMB-41985,20085-SMB-SALES-CW41985,48 Hours Weekly,SMB-PRIME&BD-KAM-1,30-AUG-2026,Sunday,,,,Weekly Off,,,,
OB60856,PT117656,RANIA HASSAN IBRAHIM,OUTSOURCE,eMinds,SMB-41985,20085-SMB-SALES-CW41985,48 Hours Weekly,SMB-PRIME&BD-KAM-1,31-AUG-2026,Monday,31-AUG-2026 08:10:18 AM,31-AUG-2026 04:53:18 PM,08:43,Present,DXB-HQ-GF-GATE01 ENTRY,SHJ-MSCP-GF-GATE04-TS EXIT EXIT,,
00123,PT117657,MOHAMED IBRAHIM YOUSSEF,OUTSOURCE,eMinds,CONSUMER-22011,20090-CONS-RETAIL-CW22011,45 Hours Weekly,SMB-GENERAL SHIFT,01-AUG-2026,Saturday,,,,Weekly Off,,,,
00123,PT117657,MOHAMED IBRAHIM YOUSSEF,OUTSOURCE,eMinds,CONSUMER-22011,20090-CONS-RETAIL-CW22011,45 Hours Weekly,SMB-GENERAL SHIFT,02-AUG-2026,Sunday,,,,Weekly Off,,,,
00123,PT117657,MOHAMED IBRAHIM YOUSSEF,OUTSOURCE,eMinds,CONSUMER-22011,20090-CONS-RETAIL-CW22011,45 Hours Weekly,SMB-GENERAL SHIFT,03-AUG-2026,Monday,03-AUG-2026 07:16:23 AM,03-AUG-2026 04:36:23 PM,09:20,Present,AUH-TWR-L01-D002 ENTRY,SHJ-MSCP-GF-GATE04-TS EXIT EXIT,,
00123,PT117657,MOHAMED IBRAHIM YOUSSEF,OUTSOURCE,eMinds,CONSUMER-22011,20090-CONS-RETAIL-CW22011,45 Hours Weekly,SMB-GENERAL SHIFT,04-AUG-2026,Tuesday,04-AUG-2026 07:05:44 AM,04-AUG-2026 04:03:44 PM,08:58,Present,AUH-TWR-L01-D002 ENTRY,SHJ-MSCP-GF-GATE04-TS EXIT EXIT,,
00123,PT117657,MOHAMED IBRAHIM YOUSSEF,OUTSOURCE,eMinds,CONSUMER-22011,20090-CONS-RETAIL-CW22011,45 Hours Weekly,SMB-GENERAL SHIFT,05-AUG-2026,Wednesday,05-AUG-2026 08:26:43 AM,05-AUG-2026 06:23:43 PM,09:57,Present,AUH-TWR-L01-D002 ENTRY,DXB-HQ-GF-GATE01 EXIT,,
00123,PT117657,MOHAMED IBRAHIM YOUSSEF  ,OUTSOURCE,eMinds,CONSUMER-22011,20090-CONS-RETAIL-CW22011,45 Hours Weekly,SMB-GENERAL SHIFT,06-AUG-2026,Thursday,06-AUG-2026 07:04:15 AM,06-AUG-2026 04:56:15 PM,09:52,Present,AUH-TWR-L01-D002 ENTRY,SHJ-MSCP-GF-GATE04-TS EXIT EXIT,,
00123,PT117657,MOHAMED IBRAHIM YOUSSEF,OUTSOURCE,eMinds,CONSUMER-22011,20090-CONS-RETAIL-CW22011,45 Hours Weekly,SMB-GENERAL SHIFT,07-AUG-2026,Friday,,,,Sick Leave,,,,
00123,PT117657,MOHAMED IBRAHIM YOUSSEF  ,OUTSOURCE,eMinds,CONSUMER-22011,20090-CONS-RETAIL-CW22011,45 Hours Weekly,SMB-GENERAL SHIFT,08-AUG-2026,Saturday,,,,Weekly Off,,,,
00123,PT117657,MOHAMED IBRAHIM YOUSSEF,OUTSOURCE,eMinds,CONSUMER-22011,20090-CONS-RETAIL-CW22011,45 Hours Weekly,SMB-GENERAL SHIFT,09-AUG-2026,Sunday,,,,Weekly Off,,,,
00123,PT117657,MOHAMED IBRAHIM YOUSSEF,OUTSOURCE,eMinds,CONSUMER-22011,20090-CONS-RETAIL-CW22011,45 Hours Weekly,SMB-GENERAL SHIFT,10-AUG-2026,Monday,10-AUG-2026 09:00:56 AM,10-AUG-2026 05:56:56 PM,08:56,Present,DXB-HQ-GF-GATE01 ENTRY,DXB-HQ-GF-GATE01 EXIT,,
00123,PT117657,MOHAMED IBRAHIM YOUSSEF,OUTSOURCE,eMinds,CONSUMER-22011,20090-CONS-RETAIL-CW22011,45 Hours Weekly,SMB-GENERAL SHIFT,11-AUG-2026,Tuesday,11-AUG-2026 09:31:42 AM,11-AUG-2026 06:31:42 PM,09:00,Present,AUH-TWR-L01-D002 ENTRY,SHJ-MSCP-GF-GATE04-TS EXIT EXIT,,
00123,PT117657,MOHAMED IBRAHIM YOUSSEF,OUTSOURCE,eMinds,CONSUMER-22011,20090-CONS-RETAIL-CW22011,45 Hours Weekly,SMB-GENERAL SHIFT,12-AUG-2026,Wednesday,12-AUG-2026 09:55:56 AM,12-AUG-2026 07:53:56 PM,09:58,Present,AUH-TWR-L01-D002 ENTRY,AUH-TWR-L01-D002 EXIT,,
00123,PT117657,MOHAMED IBRAHIM YOUSSEF,OUTSOURCE,eMinds,CONSUMER-22011,20090-CONS-RETAIL-CW22011,45 Hours Weekly,SMB-GENERAL SHIFT,13-AUG-2026,Thursday,13-AUG-2026 07:54:48 AM,13-AUG-2026 05:24:48 PM,09:30,Present,AUH-TWR-L01-D002 ENTRY,AUH-TWR-L01-D002 EXIT,,
00123,PT117657,MOHAMED IBRAHIM YOUSSEF,OUTSOURCE,eMinds,CONSUMER-22011,20090-CONS-RETAIL-CW22011,45 Hours Weekly,SMB-GENERAL SHIFT,14-AUG-2026,Friday,14-AUG-2026 08:24:00 AM,14-AUG-2026 05:35:00 PM,09:11,Present,SHJ-HRB-L03-D040 LOBBY ENTRY,DXB-HQ-GF-GATE01 EXIT,,
00123,PT117657,MOHAMED IBRAHIM YOUSSEF,OUTSOURCE,eMinds,CONSUMER-22011,20090-CONS-RETAIL-CW22011,45 Hours Weekly,SMB-GENERAL SHIFT,15-AUG-2026,Saturday,,,,Weekly Off,,,,
00123,PT117657,MOHAMED IBRAHIM YOUSSEF,OUTSOURCE,eMinds,CONSUMER-22011,20090-CONS-RETAIL-CW22011,45 Hours Weekly,SMB-GENERAL SHIFT,16-AUG-2026,Sunday,,,,Weekly Off,,,,
00123,PT117657,MOHAMED IBRAHIM YOUSSEF,OUTSOURCE,eMinds,CONSUMER-22011,20090-CONS-RETAIL-CW22011,45 Hours Weekly,SMB-GENERAL SHIFT,17-AUG-2026,Monday,17-AUG-2026 07:05:16 AM,17-AUG-2026 04:10:16 PM,09:05,Present,AUH-TWR-L01-D002 ENTRY,SHJ-MSCP-GF-GATE04-TS EXIT EXIT,,
00123,PT117657,MOHAMED IBRAHIM YOUSSEF,OUTSOURCE,eMinds,CONSUMER-22011,20090-CONS-RETAIL-CW22011,45 Hours Weekly,SMB-GENERAL SHIFT,18-AUG-2026,Tuesday,18-AUG-2026 08:51:09 AM,18-AUG-2026 07:44:09 PM,10:53,Present,DXB-HQ-GF-GATE01 ENTRY,AUH-TWR-L01-D002 EXIT,,
00123,PT117657,MOHAMED IBRAHIM YOUSSEF,OUTSOURCE,eMinds,CONSUMER-22011,20090-CONS-RETAIL-CW22011,45 Hours Weekly,SMB-GENERAL SHIFT,19-AUG-2026,Wednesday,19-AUG-2026 09:41:39 AM,19-AUG-2026 07:18:39 PM,09:37,Present,DXB-HQ-GF-GATE01 ENTRY,DXB-HQ-GF-GATE01 EXIT,,
00123,PT117657,MOHAMED IBRAHIM YOUSSEF  ,OUTSOURCE,eMinds,CONSUMER-22011,20090-CONS-RETAIL-CW22011,45 Hours Weekly,SMB-GENERAL SHIFT,20-AUG-2026,Thursday,20-AUG-2026 08:32:16 AM,20-AUG-2026 06:20:16 PM,09:48,Present,DXB-HQ-GF-GATE01 ENTRY,SHJ-MSCP-GF-GATE04-TS EXIT EXIT,,
00123,PT117657,MOHAMED IBRAHIM YOUSSEF,OUTSOURCE,eMinds,CONSUMER-22011,20090-CONS-RETAIL-CW22011,45 Hours Weekly,SMB-GENERAL SHIFT,21-AUG-2026,Friday,21-AUG-2026 09:59:08 AM,21-AUG-2026 08:43:08 PM,10:44,Present,SHJ-HRB-L03-D040 LOBBY ENTRY,AUH-TWR-L01-D002 EXIT,,
00123,PT117657,MOHAMED IBRAHIM YOUSSEF,OUTSOURCE,eMinds,CONSUMER-22011,20090-CONS-RETAIL-CW22011,45 Hours Weekly,SMB-GENERAL SHIFT,22-AUG-2026,Saturday,,,,Weekly Off,,,,
00123,PT117657,MOHAMED IBRAHIM YOUSSEF,OUTSOURCE,eMinds,CONSUMER-22011,20090-CONS-RETAIL-CW22011,45 Hours Weekly,SMB-GENERAL SHIFT,23-AUG-2026,Sunday,,,,Weekly Off,,,,
00123,PT117657,MOHAMED IBRAHIM YOUSSEF,OUTSOURCE,eMinds,CONSUMER-22011,20090-CONS-RETAIL-CW22011,45 Hours Weekly,SMB-GENERAL SHIFT,24-AUG-2026,Monday,24-AUG-2026 08:21:42 AM,24-AUG-2026 05:05:42 PM,08:44,Present,SHJ-HRB-L03-D040 LOBBY ENTRY,AUH-TWR-L01-D002 EXIT,,
00123,PT117657,MOHAMED IBRAHIM YOUSSEF,OUTSOURCE,eMinds,CONSUMER-22011,20090-CONS-RETAIL-CW22011,45 Hours Weekly,SMB-GENERAL SHIFT,25-AUG-2026,Tuesday,25-AUG-2026 07:09:53 AM,25-AUG-2026 05:02:53 PM,09:53,Present,DXB-HQ-GF-GATE01 ENTRY,DXB-HQ-GF-GATE01 EXIT,,
00123,PT117657,MOHAMED IBRAHIM YOUSSEF,OUTSOURCE,eMinds,CONSUMER-22011,20090-CONS-RETAIL-CW22011,45 Hours Weekly,SMB-GENERAL SHIFT,26-AUG-2026,Wednesday,26-AUG-2026 08:46:50 AM,26-AUG-2026 06:12:50 PM,09:26,Present,DXB-HQ-GF-GATE01 ENTRY,DXB-HQ-GF-GATE01 EXIT,,
00123,PT117657,MOHAMED IBRAHIM YOUSSEF,OUTSOURCE,eMinds,CONSUMER-22011,20090-CONS-RETAIL-CW22011,45 Hours Weekly,SMB-GENERAL SHIFT,27-AUG-2026,Thursday,27-AUG-2026 08:08:45 AM,27-AUG-2026 05:52:45 PM,09:44,Present,SHJ-HRB-L03-D040 LOBBY ENTRY,DXB-HQ-GF-GATE01 EXIT,,
00123,PT117657,MOHAMED IBRAHIM YOUSSEF,OUTSOURCE,eMinds,CONSUMER-22011,20090-CONS-RETAIL-CW22011,45 Hours Weekly,SMB-GENERAL SHIFT,28-AUG-2026,Friday,,,,Absent,,,N,
00123,PT117657,MOHAMED IBRAHIM YOUSSEF,OUTSOURCE,eMinds,CONSUMER-22011,20090-CONS-RETAIL-CW22011,45 Hours Weekly,SMB-GENERAL SHIFT,29-AUG-2026,Saturday,,,,Weekly Off,,,,
00123,PT117657,MOHAMED IBRAHIM YOUSSEF  ,OUTSOURCE,eMinds,CONSUMER-22011,20090-CONS-RETAIL-CW22011,45 Hours Weekly,SMB-GENERAL SHIFT,30-AUG-2026,Sunday,,,,Weekly Off,,,,
00123,PT117657,MOHAMED IBRAHIM YOUSSEF,OUTSOURCE,eMinds,CONSUMER-22011,20090-CONS-RETAIL-CW22011,45 Hours Weekly,SMB-GENERAL SHIFT,31-AUG-2026,Monday,31-AUG-2026 07:06:24 AM,31-AUG-2026 03:14:24 PM,08:08,Present,DXB-HQ-GF-GATE01 ENTRY,SHJ-MSCP-GF-GATE04-TS EXIT EXIT,,
OB60858,PT117658,SARA SAYED SAMIR,OUTSOURCE,Etisalat Services,ENTERPRISE-30510,20110-ENT-SUPPORT-CW30510,40 Hours Weekly,SMB-Elite Business,01-AUG-2026,Saturday,,,,Weekly Off,,,,
OB60858,PT117658,SARA SAYED SAMIR,OUTSOURCE,Etisalat Services,ENTERPRISE-30510,20110-ENT-SUPPORT-CW30510,40 Hours Weekly,SMB-Elite Business,02-AUG-2026,Sunday,,,,Weekly Off,,,,
OB60858,PT117658,SARA SAYED SAMIR,OUTSOURCE,Etisalat Services,ENTERPRISE-30510,20110-ENT-SUPPORT-CW30510,40 Hours Weekly,SMB-Elite Business,03-AUG-2026,Monday,03-AUG-2026 07:51:56 AM,03-AUG-2026 04:55:56 PM,09:04,Present,SHJ-HRB-L03-D040 LOBBY ENTRY,DXB-HQ-GF-GATE01 EXIT,,
OB60858,PT117658,SARA SAYED SAMIR  ,OUTSOURCE,Etisalat Services,ENTERPRISE-30510,20110-ENT-SUPPORT-CW30510,40 Hours Weekly,SMB-Elite Business,04-AUG-2026,Tuesday,04-AUG-2026 08:26:12 AM,04-AUG-2026 05:17:12 PM,08:51,Present,SHJ-HRB-L03-D040 LOBBY ENTRY,SHJ-MSCP-GF-GATE04-TS EXIT EXIT,,
OB60858,PT117658,SARA SAYED SAMIR,OUTSOURCE,Etisalat Services,ENTERPRISE-30510,20110-ENT-SUPPORT-CW30510,40 Hours Weekly,SMB-Elite Business,05-AUG-2026,Wednesday,05-AUG-2026 07:31:34 AM,05-AUG-2026 05:06:34 PM,09:35,Present,SHJ-HRB-L03-D040 LOBBY ENTRY,DXB-HQ-GF-GATE01 EXIT,,
OB60858,PT117658,SARA SAYED SAMIR,OUTSOURCE,Etisalat Services,ENTERPRISE-30510,20110-ENT-SUPPORT-CW30510,40 Hours Weekly,SMB-Elite Business,06-AUG-2026,Thursday,06-AUG-2026 08:44:56 AM,06-AUG-2026 06:06:56 PM,09:22,Present,AUH-TWR-L01-D002 ENTRY,DXB-HQ-GF-GATE01 EXIT,,
OB60858,PT117658,SARA SAYED SAMIR  ,OUTSOURCE,Etisalat Services,ENTERPRISE-30510,20110-ENT-SUPPORT-CW30510,40 Hours Weekly,SMB-Elite Business,07-AUG-2026,Friday,07-AUG-2026 08:27:20 AM,07-AUG-2026 05:32:20 PM,09:05,Present,AUH-TWR-L01-D002 ENTRY,AUH-TWR-L01-D002 EXIT,,
OB60858,PT117658,SARA SAYED SAMIR,OUTSOURCE,Etisalat Services,ENTERPRISE-30510,20110-ENT-SUPPORT-CW30510,40 Hours Weekly,SMB-Elite Business,08-AUG-2026,Saturday,,,,Weekly Off,,,,
OB60858,PT117658,SARA SAYED SAMIR  ,OUTSOURCE,Etisalat Services,ENTERPRISE-30510,20110-ENT-SUPPORT-CW30510,40 Hours Weekly,SMB-Elite Business,09-AUG-2026,Sunday,,,,Weekly Off,,,,
OB60858,PT117658,SARA SAYED SAMIR,OUTSOURCE,Etisalat Services,ENTERPRISE-30510,20110-ENT-SUPPORT-CW30510,40 Hours Weekly,SMB-Elite Business,10-AUG-2026,Monday,10-AUG-2026 07:58:42 AM,10-AUG-2026 06:43:42 PM,10:45,Present,SHJ-HRB-L03-D040 LOBBY ENTRY,DXB-HQ-GF-GATE01 EXIT,,
OB60858,PT117658,SARA SAYED SAMIR,OUTSOURCE,Etisalat Services,ENTERPRISE-30510,20110-ENT-SUPPORT-CW30510,40 Hours Weekly,SMB-Elite Business,11-AUG-2026,Tuesday,11-AUG-2026 09:17:24 AM,11-AUG-2026 08:16:24 PM,10:59,Present,DXB-HQ-GF-GATE01 ENTRY,SHJ-MSCP-GF-GATE04-TS EXIT EXIT,,
OB60858,PT117658,SARA SAYED SAMIR  ,OUTSOURCE,Etisalat Services,ENTERPRISE-30510,20110-ENT-SUPPORT-CW30510,40 Hours Weekly,SMB-Elite Business,12-AUG-2026,Wednesday,12-AUG-2026 07:44:53 AM,12-AUG-2026 06:02:53 PM,10:18,Present,SHJ-HRB-L03-D040 LOBBY ENTRY,SHJ-MSCP-GF-GATE04-TS EXIT EXIT,,
OB60858,PT117658,SARA SAYED SAMIR,OUTSOURCE,Etisalat Services,ENTERPRISE-30510,20110-ENT-SUPPORT-CW30510,40 Hours Weekly,SMB-Elite Business,13-AUG-2026,Thursday,13-AUG-2026 07:53:43 AM,13-AUG-2026 05:45:43 PM,09:52,Present,DXB-HQ-GF-GATE01 ENTRY,SHJ-MSCP-GF-GATE04-TS EXIT EXIT,,
OB60858,PT117658,SARA SAYED SAMIR,OUTSOURCE,Etisalat Services,ENTERPRISE-30510,20110-ENT-SUPPORT-CW30510,40 Hours Weekly,SMB-Elite Business,14-AUG-2026,Friday,14-AUG-2026 07:13:47 AM,,,Present,DXB-HQ-GF-GATE01 ENTRY,,,
OB60858,PT117658,SARA SAYED SAMIR,OUTSOURCE,Etisalat Services,ENTERPRISE-30510,20110-ENT-SUPPORT-CW30510,40 Hours Weekly,SMB-Elite Business,15-AUG-2026,Saturday,,,,Weekly Off,,,,
OB60858,PT117658,SARA SAYED SAMIR,OUTSOURCE,Etisalat Services,ENTERPRISE-30510,20110-ENT-SUPPORT-CW30510,40 Hours Weekly,SMB-Elite Business,16-AUG-2026,Sunday,,,,Weekly Off,,,,
OB60858,PT117658,SARA SAYED SAMIR,OUTSOURCE,Etisalat Services,ENTERPRISE-30510,20110-ENT-SUPPORT-CW30510,40 Hours Weekly,SMB-Elite Business,17-AUG-2026,Monday,17-AUG-2026 08:59:55 AM,17-AUG-2026 06:33:55 PM,09:34,Present,AUH-TWR-L01-D002 ENTRY,AUH-TWR-L01-D002 EXIT,,
OB60858,PT117658,SARA SAYED SAMIR,OUTSOURCE,Etisalat Services,ENTERPRISE-30510,20110-ENT-SUPPORT-CW30510,40 Hours Weekly,SMB-Elite Business,18-AUG-2026,Tuesday,18-AUG-2026 08:11:30 AM,18-AUG-2026 05:44:30 PM,09:33,Present,SHJ-HRB-L03-D040 LOBBY ENTRY,AUH-TWR-L01-D002 EXIT,,
OB60858,PT117658,SARA SAYED SAMIR,OUTSOURCE,Etisalat Services,ENTERPRISE-30510,20110-ENT-SUPPORT-CW30510,40 Hours Weekly,SMB-Elite Business,19-AUG-2026,Wednesday,19-AUG-2026 07:32:58 AM,19-AUG-2026 05:00:58 PM,09:28,Present,DXB-HQ-GF-GATE01 ENTRY,SHJ-MSCP-GF-GATE04-TS EXIT EXIT,,
OB60858,PT117658,SARA SAYED SAMIR,OUTSOURCE,Etisalat Services,ENTERPRISE-30510,20110-ENT-SUPPORT-CW30510,40 Hours Weekly,SMB-Elite Business,20-AUG-2026,Thursday,20-AUG-2026 07:26:11 AM,20-AUG-2026 05:40:11 PM,10:14,Present,AUH-TWR-L01-D002 ENTRY,DXB-HQ-GF-GATE01 EXIT,,
OB60858,PT117658,SARA SAYED SAMIR  ,OUTSOURCE,Etisalat Services,ENTERPRISE-30510,20110-ENT-SUPPORT-CW30510,40 Hours Weekly,SMB-Elite Business,21-AUG-2026,Friday,21-AUG-2026 08:30:15 AM,21-AUG-2026 06:27:15 PM,09:57,Present,AUH-TWR-L01-D002 ENTRY,SHJ-MSCP-GF-GATE04-TS EXIT EXIT,,
OB60858,PT117658,SARA SAYED SAMIR,OUTSOURCE,Etisalat Services,ENTERPRISE-30510,20110-ENT-SUPPORT-CW30510,40 Hours Weekly,SMB-Elite Business,22-AUG-2026,Saturday,,,,Weekly Off,,,,
OB60858,PT117658,SARA SAYED SAMIR,OUTSOURCE,Etisalat Services,ENTERPRISE-30510,20110-ENT-SUPPORT-CW30510,40 Hours Weekly,SMB-Elite Business,23-AUG-2026,Sunday,,,,Weekly Off,,,,
OB60858,PT117658,SARA SAYED SAMIR,OUTSOURCE,Etisalat Services,ENTERPRISE-30510,20110-ENT-SUPPORT-CW30510,40 Hours Weekly,SMB-Elite Business,24-AUG-2026,Monday,24-AUG-2026 07:03:16 AM,24-AUG-2026 04:16:16 PM,09:13,Present,AUH-TWR-L01-D002 ENTRY,DXB-HQ-GF-GATE01 EXIT,,
OB60858,PT117658,SARA SAYED SAMIR,OUTSOURCE,Etisalat Services,ENTERPRISE-30510,20110-ENT-SUPPORT-CW30510,40 Hours Weekly,SMB-Elite Business,25-AUG-2026,Tuesday,25-AUG-2026 07:49:29 AM,25-AUG-2026 05:36:29 PM,09:47,Present,SHJ-HRB-L03-D040 LOBBY ENTRY,AUH-TWR-L01-D002 EXIT,,
OB60858,PT117658,SARA SAYED SAMIR,OUTSOURCE,Etisalat Services,ENTERPRISE-30510,20110-ENT-SUPPORT-CW30510,40 Hours Weekly,SMB-Elite Business,26-AUG-2026,Wednesday,26-AUG-2026 08:59:58 AM,26-AUG-2026 05:18:58 PM,08:19,Present,SHJ-HRB-L03-D040 LOBBY ENTRY,AUH-TWR-L01-D002 EXIT,,
OB60858,PT117658,SARA SAYED SAMIR,OUTSOURCE,Etisalat Services,ENTERPRISE-30510,20110-ENT-SUPPORT-CW30510,40 Hours Weekly,SMB-Elite Business,27-AUG-2026,Thursday,27-AUG-2026 08:21:21 AM,27-AUG-2026 06:19:21 PM,09:58,Present,AUH-TWR-L01-D002 ENTRY,AUH-TWR-L01-D002 EXIT,,
OB60858,PT117658,SARA SAYED SAMIR  ,OUTSOURCE,Etisalat Services,ENTERPRISE-30510,20110-ENT-SUPPORT-CW30510,40 Hours Weekly,SMB-Elite Business,28-AUG-2026,Friday,,28-AUG-2026 07:31:28 PM,,Present,,DXB-HQ-GF-GATE01 EXIT,,
OB60858,PT117658,SARA SAYED SAMIR,OUTSOURCE,Etisalat Services,ENTERPRISE-30510,20110-ENT-SUPPORT-CW30510,40 Hours Weekly,SMB-Elite Business,29-AUG-2026,Saturday,,,,Weekly Off,,,,
OB60858,PT117658,SARA SAYED SAMIR,OUTSOURCE,Etisalat Services,ENTERPRISE-30510,20110-ENT-SUPPORT-CW30510,40 Hours Weekly,SMB-Elite Business,30-AUG-2026,Sunday,,,,Weekly Off,,,,
OB60858,PT117658,SARA SAYED SAMIR,OUTSOURCE,Etisalat Services,ENTERPRISE-30510,20110-ENT-SUPPORT-CW30510,40 Hours Weekly,SMB-Elite Business,31-AUG-2026,Monday,31-AUG-2026 07:23:50 AM,31-AUG-2026 05:49:50 PM,10:26,Present,DXB-HQ-GF-GATE01 ENTRY,AUH-TWR-L01-D002 EXIT,,
OB60859,PT117659,DINA SAYED FAWZY,OUTSOURCE,Etisalat Services,ENTERPRISE-30511,20110-ENT-SUPPORT-CW30511,40 Hours Weekly,SMB-CCC & SOHO,01-AUG-2026,Saturday,,,,Weekly Off,,,,
OB60859,PT117659,DINA SAYED FAWZY,OUTSOURCE,Etisalat Services,ENTERPRISE-30511,20110-ENT-SUPPORT-CW30511,40 Hours Weekly,SMB-CCC & SOHO,02-AUG-2026,Sunday,,,,Weekly Off,,,,
OB60859,PT117659,DINA SAYED FAWZY,OUTSOURCE,Etisalat Services,ENTERPRISE-30511,20110-ENT-SUPPORT-CW30511,40 Hours Weekly,SMB-CCC & SOHO,03-AUG-2026,Monday,03-AUG-2026 08:24:38 AM,03-AUG-2026 04:43:38 PM,08:19,Present,AUH-TWR-L01-D002 ENTRY,DXB-HQ-GF-GATE01 EXIT,,
OB60859,PT117659,DINA SAYED FAWZY  ,OUTSOURCE,Etisalat Services,ENTERPRISE-30511,20110-ENT-SUPPORT-CW30511,40 Hours Weekly,SMB-CCC & SOHO,04-AUG-2026,Tuesday,04-AUG-2026 08:31:47 AM,04-AUG-2026 05:44:47 PM,09:13,Present,SHJ-HRB-L03-D040 LOBBY ENTRY,AUH-TWR-L01-D002 EXIT,,
OB60859,PT117659,DINA SAYED FAWZY,OUTSOURCE,Etisalat Services,ENTERPRISE-30511,20110-ENT-SUPPORT-CW30511,40 Hours Weekly,SMB-CCC & SOHO,05-AUG-2026,Wednesday,05-AUG-2026 09:38:21 AM,05-AUG-2026 07:12:21 PM,09:34,Present,SHJ-HRB-L03-D040 LOBBY ENTRY,SHJ-MSCP-GF-GATE04-TS EXIT EXIT,,
OB60859,PT117659,DINA SAYED FAWZY,OUTSOURCE,Etisalat Services,ENTERPRISE-30511,20110-ENT-SUPPORT-CW30511,40 Hours Weekly,SMB-CCC & SOHO,06-AUG-2026,Thursday,06-AUG-2026 08:57:10 AM,06-AUG-2026 06:40:10 PM,09:43,Present,AUH-TWR-L01-D002 ENTRY,AUH-TWR-L01-D002 EXIT,,
OB60859,PT117659,DINA SAYED FAWZY  ,OUTSOURCE,Etisalat Services,ENTERPRISE-30511,20110-ENT-SUPPORT-CW30511,40 Hours Weekly,SMB-CCC & SOHO,07-AUG-2026,Friday,07-AUG-2026 08:10:26 AM,07-AUG-2026 05:12:26 PM,09:02,Present,AUH-TWR-L01-D002 ENTRY,AUH-TWR-L01-D002 EXIT,,
OB60859,PT117659,DINA SAYED FAWZY,OUTSOURCE,Etisalat Services,ENTERPRISE-30511,20110-ENT-SUPPORT-CW30511,40 Hours Weekly,SMB-CCC & SOHO,08-AUG-2026,Saturday,,,,Weekly Off,,,,
OB60859,PT117659,DINA SAYED FAWZY  ,OUTSOURCE,Etisalat Services,ENTERPRISE-30511,20110-ENT-SUPPORT-CW30511,40 Hours Weekly,SMB-CCC & SOHO,09-AUG-2026,Sunday,,,,Weekly Off,,,,
OB60859,PT117659,DINA SAYED FAWZY,OUTSOURCE,Etisalat Services,ENTERPRISE-30511,20110-ENT-SUPPORT-CW30511,40 Hours Weekly,SMB-CCC & SOHO,10-AUG-2026,Monday,10-AUG-2026 07:14:55 AM,10-AUG-2026 04:50:55 PM,09:36,Present,SHJ-HRB-L03-D040 LOBBY ENTRY,AUH-TWR-L01-D002 EXIT,,
OB60859,PT117659,DINA SAYED FAWZY,OUTSOURCE,Etisalat Services,ENTERPRISE-30511,20110-ENT-SUPPORT-CW30511,40 Hours Weekly,SMB-CCC & SOHO,11-AUG-2026,Tuesday,11-AUG-2026 08:05:55 AM,11-AUG-2026 05:14:55 PM,09:09,Present,DXB-HQ-GF-GATE01 ENTRY,AUH-TWR-L01-D002 EXIT,,
OB60859,PT117659,DINA SAYED FAWZY  ,OUTSOURCE,Etisalat Services,ENTERPRISE-30511,20110-ENT-SUPPORT-CW30511,40 Hours Weekly,SMB-CCC & SOHO,12-AUG-2026,Wednesday,12-AUG-2026 08:57:56 AM,12-AUG-2026 07:46:56 PM,10:49,Present,AUH-TWR-L01-D002 ENTRY,SHJ-MSCP-GF-GATE04-TS EXIT EXIT,,
OB60859,PT117659,DINA SAYED FAWZY,OUTSOURCE,Etisalat Services,ENTERPRISE-30511,20110-ENT-SUPPORT-CW30511,40 Hours Weekly,SMB-CCC & SOHO,13-AUG-2026,Thursday,13-AUG-2026 08:52:13 AM,13-AUG-2026 06:21:13 PM,09:29,Present,DXB-HQ-GF-GATE01 ENTRY,DXB-HQ-GF-GATE01 EXIT,,
OB60859,PT117659,DINA SAYED FAWZY,OUTSOURCE,Etisalat Services,ENTERPRISE-30511,20110-ENT-SUPPORT-CW30511,40 Hours Weekly,SMB-CCC & SOHO,14-AUG-2026,Friday,14-AUG-2026 07:40:41 AM,14-AUG-2026 05:11:41 PM,09:31,Present,SHJ-HRB-L03-D040 LOBBY ENTRY,DXB-HQ-GF-GATE01 EXIT,,
OB60859,PT117659,DINA SAYED FAWZY,OUTSOURCE,Etisalat Services,ENTERPRISE-30511,20110-ENT-SUPPORT-CW30511,40 Hours Weekly,SMB-CCC & SOHO,15-AUG-2026,Saturday,,,,Weekly Off,,,,
OB60859,PT117659,DINA SAYED FAWZY,OUTSOURCE,Etisalat Services,ENTERPRISE-30511,20110-ENT-SUPPORT-CW30511,40 Hours Weekly,SMB-CCC & SOHO,16-AUG-2026,Sunday,,,,Weekly Off,,,,
OB60859,PT117659,DINA SAYED FAWZY,OUTSOURCE,Etisalat Services,ENTERPRISE-30511,20110-ENT-SUPPORT-CW30511,40 Hours Weekly,SMB-CCC & SOHO,17-AUG-2026,Monday,17-AUG-2026 09:23:29 AM,17-AUG-2026 08:05:29 PM,10:42,Present,DXB-HQ-GF-GATE01 ENTRY,DXB-HQ-GF-GATE01 EXIT,,
OB60859,PT117659,DINA SAYED FAWZY,OUTSOURCE,Etisalat Services,ENTERPRISE-30511,20110-ENT-SUPPORT-CW30511,40 Hours Weekly,SMB-CCC & SOHO,18-AUG-2026,Tuesday,18-AUG-2026 09:36:23 AM,18-AUG-2026 06:37:23 PM,09:01,Present,AUH-TWR-L01-D002 ENTRY,SHJ-MSCP-GF-GATE04-TS EXIT EXIT,,
OB60859,PT117659,DINA SAYED FAWZY,OUTSOURCE,Etisalat Services,ENTERPRISE-30511,20110-ENT-SUPPORT-CW30511,40 Hours Weekly,SMB-CCC & SOHO,19-AUG-2026,Wednesday,19-AUG-2026 08:08:36 AM,19-AUG-2026 04:36:36 PM,08:28,Present,DXB-HQ-GF-GATE01 ENTRY,SHJ-MSCP-GF-GATE04-TS EXIT EXIT,,
OB60859,PT117659,DINA SAYED FAWZY,OUTSOURCE,Etisalat Services,ENTERPRISE-30511,20110-ENT-SUPPORT-CW30511,40 Hours Weekly,SMB-CCC & SOHO,20-AUG-2026,Thursday,20-AUG-2026 09:22:10 AM,20-AUG-2026 06:30:10 PM,09:08,Present,DXB-HQ-GF-GATE01 ENTRY,SHJ-MSCP-GF-GATE04-TS EXIT EXIT,,
OB60859,PT117659,DINA SAYED FAWZY  ,OUTSOURCE,Etisalat Services,ENTERPRISE-30511,20110-ENT-SUPPORT-CW30511,40 Hours Weekly,SMB-CCC & SOHO,21-AUG-2026,Friday,21-AUG-2026 07:29:57 AM,21-AUG-2026 06:10:57 PM,10:41,Present,SHJ-HRB-L03-D040 LOBBY ENTRY,DXB-HQ-GF-GATE01 EXIT,,
OB60859,PT117659,DINA SAYED FAWZY,OUTSOURCE,Etisalat Services,ENTERPRISE-30511,20110-ENT-SUPPORT-CW30511,40 Hours Weekly,SMB-CCC & SOHO,22-AUG-2026,Saturday,,,,Weekly Off,,,,
OB60859,PT117659,DINA SAYED FAWZY  ,OUTSOURCE,Etisalat Services,ENTERPRISE-30511,20110-ENT-SUPPORT-CW30511,40 Hours Weekly,SMB-CCC & SOHO,23-AUG-2026,Sunday,,,,Weekly Off,,,,
OB60859,PT117659,DINA SAYED FAWZY  ,OUTSOURCE,Etisalat Services,ENTERPRISE-30511,20110-ENT-SUPPORT-CW30511,40 Hours Weekly,SMB-CCC & SOHO,24-AUG-2026,Monday,,,,Annual Leave,,,,
OB60859,PT117659,DINA SAYED FAWZY,OUTSOURCE,Etisalat Services,ENTERPRISE-30511,20110-ENT-SUPPORT-CW30511,40 Hours Weekly,SMB-CCC & SOHO,25-AUG-2026,Tuesday,25-AUG-2026 08:31:18 AM,25-AUG-2026 05:51:18 PM,09:20,Present,SHJ-HRB-L03-D040 LOBBY ENTRY,AUH-TWR-L01-D002 EXIT,,
OB60859,PT117659,DINA SAYED FAWZY,OUTSOURCE,Etisalat Services,ENTERPRISE-30511,20110-ENT-SUPPORT-CW30511,40 Hours Weekly,SMB-CCC & SOHO,26-AUG-2026,Wednesday,26-AUG-2026 08:48:39 AM,26-AUG-2026 06:17:39 PM,09:29,Present,AUH-TWR-L01-D002 ENTRY,SHJ-MSCP-GF-GATE04-TS EXIT EXIT,,
OB60859,PT117659,DINA SAYED FAWZY  ,OUTSOURCE,Etisalat Services,ENTERPRISE-30511,20110-ENT-SUPPORT-CW30511,40 Hours Weekly,SMB-CCC & SOHO,27-AUG-2026,Thursday,27-AUG-2026 07:12:52 AM,27-AUG-2026 04:55:52 PM,09:43,Present,SHJ-HRB-L03-D040 LOBBY ENTRY,SHJ-MSCP-GF-GATE04-TS EXIT EXIT,,
OB60859,PT117659,DINA SAYED FAWZY,OUTSOURCE,Etisalat Services,ENTERPRISE-30511,20110-ENT-SUPPORT-CW30511,40 Hours Weekly,SMB-CCC & SOHO,28-AUG-2026,Friday,28-AUG-2026 08:56:18 AM,28-AUG-2026 05:43:18 PM,08:47,Present,DXB-HQ-GF-GATE01 ENTRY,SHJ-MSCP-GF-GATE04-TS EXIT EXIT,,
OB60859,PT117659,DINA SAYED FAWZY,OUTSOURCE,Etisalat Services,ENTERPRISE-30511,20110-ENT-SUPPORT-CW30511,40 Hours Weekly,SMB-CCC & SOHO,29-AUG-2026,Saturday,,,,Weekly Off,,,,
OB60859,PT117659,DINA SAYED FAWZY,OUTSOURCE,Etisalat Services,ENTERPRISE-30511,20110-ENT-SUPPORT-CW30511,40 Hours Weekly,SMB-CCC & SOHO,30-AUG-2026,Sunday,,,,Weekly Off,,,,
OB60859,PT117659,DINA SAYED FAWZY,OUTSOURCE,Etisalat Services,ENTERPRISE-30511,20110-ENT-SUPPORT-CW30511,40 Hours Weekly,SMB-CCC & SOHO,31-AUG-2026,Monday,31-AUG-2026 09:16:05 AM,31-AUG-2026 07:07:05 PM,09:51,Present,SHJ-HRB-L03-D040 LOBBY ENTRY,DXB-HQ-GF-GATE01 EXIT,,
OB60800,PT117600,FATIMA MOHSEN SAMIR,OUTSOURCE,eMinds,SMB-41984,20085-SMB-SALES-CW41984,48 Hours Weekly,SMB DIGITAL BACK OFFICE,11-AUG-2026,Tuesday,11-AUG-2026 07:00:03 AM,11-AUG-2026 03:01:03 PM,08:01,Present,DXB-HQ-GF-GATE01 ENTRY,AUH-TWR-L01-D002 EXIT,,
OB60800,PT117600,FATIMA MOHSEN SAMIR  ,OUTSOURCE,eMinds,SMB-41984,20085-SMB-SALES-CW41984,48 Hours Weekly,SMB DIGITAL BACK OFFICE,12-AUG-2026,Wednesday,12-AUG-2026 08:29:15 AM,12-AUG-2026 06:36:15 PM,10:07,Present,AUH-TWR-L01-D002 ENTRY,AUH-TWR-L01-D002 EXIT,,
OB60800,PT117600,FATIMA MOHSEN SAMIR  ,OUTSOURCE,eMinds,SMB-41984,20085-SMB-SALES-CW41984,48 Hours Weekly,SMB DIGITAL BACK OFFICE,13-AUG-2026,Thursday,13-AUG-2026 19:05:07 AM,13-AUG-2026 06:12:07 PM,02:00,Present,AUH-TWR-L01-D002 ENTRY,SHJ-MSCP-GF-GATE04-TS EXIT EXIT,,
,PT117600,FATIMA MOHSEN SAMIR,OUTSOURCE,eMinds,SMB-41984,20085-SMB-SALES-CW41984,48 Hours Weekly,SMB DIGITAL BACK OFFICE,14-AUG-2026,Friday,14-AUG-2026 07:52:15 AM,14-AUG-2026 05:35:15 PM,09:43,Present,AUH-TWR-L01-D002 ENTRY,AUH-TWR-L01-D002 EXIT,,
OB60800,PT117600,FATIMA MOHSEN SAMIR,OUTSOURCE,eMinds,SMB-41984,20085-SMB-SALES-CW41984,48 Hours Weekly,SMB DIGITAL BACK OFFICE,,Saturday,,,,Weekly Off,,,,
OB60800,PT117600,FATIMA MOHSEN SAMIR,OUTSOURCE,eMinds,SMB-41984,20085-SMB-SALES-CW41984,48 Hours Weekly,SMB DIGITAL BACK OFFICE,31-FEB-2026,Sunday,,,,Weekly Off,,,,
OB60800,PT117600,FATIMA MOHSEN SAMIR,OUTSOURCE,eMinds,SMB-41984,20085-SMB-SALES-CW41984,48 Hours Weekly,SMB DIGITAL BACK OFFICE,17-AUG-2026,Monday,7:07 AMM,17-AUG-2026 06:49:45 PM,10:02,Present,AUH-TWR-L01-D002 ENTRY,DXB-HQ-GF-GATE01 EXIT,,
